Nghị định Quy định về thành lập, tổ chức, hoạt động, giải thể và quản lý các cơ sở trợ giúp xã hội

Căn_cứ <L rel="CC"> Luật tổ_chức Chính_phủ ngày 19 tháng 6 năm 2015 </L> ;
Căn_cứ <L rel="CC"> Luật_phòng , chống bạo_lực gia_đình ngày 21 tháng 11 năm 2007 </L> ;
Căn_cứ <L rel="CC"> Luật người cao_tuổi ngày 23 tháng 11 năm 2009 </L> ;
Căn_cứ <L rel="CC"> Luật người khuyết_tật ngày 17 tháng 6 năm 2010 </L> ;
Căn_cứ <L rel="CC"> Luật xử_lý vi_phạm hành_chính ngày 20 tháng 6 năm 2012 </L> ;
Căn_cứ <L rel="CC"> Luật trẻ_em ngày 05 tháng 4 năm 2016 </L> ;
Điều 1 .  Phạm_vi điều_chỉnh 

Nghị_định này quy_định về thành_lập , tổ_chức , hoạt_động , giải_thể và quản_lý các cơ_sở trợ_giúp xã_hội . 

Điều 2 .  Đối_tượng áp_dụng 

1 . Cơ_sở trợ_giúp xã_hội công_lập do cơ_quan nhà_nước thành_lập , quản_lý , đầu_tư xây_dựng cơ_sở vật_chất và bảo_đảm kinh_phí cho các nhiệm_vụ của cơ_sở trợ_giúp xã_hội . 

2 . Cơ_sở trợ_giúp xã_hội ngoài công_lập do các cá_nhân , tổ_chức , doanh_nghiệp trong và ngoài nước đầu_tư xây_dựng cơ_sở vật_chất và bảo_đảm kinh_phí cho các nhiệm_vụ của cơ_sở trợ_giúp xã_hội . 

Điều 3 .  Chính_sách khuyến_khích xã_hội_hóa 

1 . Nhà_nước khuyến_khích các cá_nhân , tổ_chức trong và ngoài nước thành_lập cơ_sở trợ_giúp xã_hội để chăm_sóc , trợ_giúp đối_tượng có nhu_cầu trợ_giúp xã_hội trên lãnh_thổ Việt_Nam . 

2 . Cá_nhân , tổ_chức đầu_tư xây_dựng cơ_sở được hưởng chính_sách khuyến_khích xã_hội_hóa theo quy_định của pháp_luật . 

Điều 4 .  Tư_cách pháp_nhân , con_dấu , tài_khoản , tên , biểu_tượng và trụ_sở của cơ_sở 

1 . Cơ_sở có tư_cách pháp_nhân , con_dấu và tài_khoản riêng . 

2 . Cơ_sở có tên gọi bằng tiếng Việt và tiếng nước_ngoài , biểu_tượng riêng ( nếu có ) .  Tên và biểu_tượng của cơ_sở phải đáp_ứng các điều_kiện sau : 

a ) Không trùng_lắp hoặc gây nhầm_lẫn với tên hoặc biểu_tượng của cơ_sở khác đã được đăng_ký trước đó ; 

b ) Không vi_phạm truyền_thống lịch_sử , văn_hóa , đạo_đức và thuần_phong mỹ_tục của dân_tộc . 

3 . Trụ_sở hoạt_động của cơ_sở phải đặt trên lãnh_thổ Việt_Nam và có địa_chỉ cụ_thể . 

Điều 5 .  Các loại_hình cơ_sở trợ_giúp xã_hội 

1 . Cơ_sở bảo_trợ xã_hội chăm_sóc người cao_tuổi . 

2 . Cơ_sở bảo_trợ xã_hội chăm_sóc trẻ_em có hoàn_cảnh đặc_biệt . 

3 . Cơ_sở bảo_trợ xã_hội chăm_sóc người khuyết_tật . 

4 . Cơ_sở bảo_trợ xã_hội chăm_sóc và phục_hồi chức_năng cho người tâm_thần , người rối nhiễu tâm_trí . 

5 . Cơ_sở bảo_trợ xã_hội tổng_hợp thực_hiện việc chăm_sóc nhiều đối_tượng bảo_trợ xã_hội hoặc đối_tượng cần trợ_giúp xã_hội . 

6 . Trung_tâm công_tác xã_hội thực_hiện việc tư_vấn , chăm_sóc khẩn_cấp hoặc hỗ_trợ những điều_kiện cần_thiết khác cho đối_tượng cần trợ_giúp xã_hội . 

7 . Cơ_sở trợ_giúp xã_hội khác theo quy_định của pháp_luật . 

Chương_II 

NHIỆM_VỤ VÀ QUYỀN_HẠN CỦA CƠ_SỞ TRỢ_GIÚP XÃ_HỘI 

Điều 6 .  Đối_tượng phục_vụ của cơ_sở trợ_giúp xã_hội 

1 . Đối_tượng bảo_trợ xã_hội quy_định tại khoản 1 Điều 25 <NĐ rel="DaC"> Nghị_định số 136/2013/NĐ-CP ngày 21 tháng 10 năm 2013 </NĐ> của Chính_phủ quy_định chính_sách trợ_giúp xã_hội đối_với đối_tượng bảo_trợ xã_hội .
2 . Đối_tượng cần bảo_vệ khẩn_cấp bao_gồm : 

a ) Nạn_nhân của bạo_lực gia_đình ;  nạn_nhân bị xâm_hại tình_dục ;  nạn_nhân bị buôn_bán ;  nạn_nhân bị cưỡng_bức lao_động ; 

b ) Trẻ_em , người lang_thang xin ăn trong thời_gian chờ đưa về nơi cư_trú . 

3 . Người chưa thành_niên không có nơi cư_trú ổn_định bị áp_dụng biện_pháp giáo_dục tại xã , phường , thị_trấn theo quy_định tại <L rel="DaC"> Luật xử_lý vi_phạm hành_chính ngày 20 tháng 6 năm 2012 </L> , <NĐ rel="DaC"> Nghị_định số 111/2013/NĐ-CP ngày 30 tháng 9 năm 2013 </NĐ> của Chính_phủ quy_định_chế_độ áp_dụng biện_pháp xử_lý hành_chính giáo_dục tại xã , phường , thị_trấn và <NĐ rel="DaC"> Nghị_định số 56/2016/NĐ-CP ngày 29 tháng 6 năm 2016 </NĐ> của Chính_phủ sửa_đổi , bổ_sung một_số điều của <NĐ rel="none"> Nghị_định số 111/2013/NĐ-CP ngày 30 tháng 9 năm 2013 </NĐ> của Chính_phủ quy_định_chế_độ áp_dụng biện_pháp xử_lý hành_chính giáo_dục tại xã , phường , thị_trấn .
4 . Những người không thuộc diện đối_tượng bảo_trợ xã_hội quy_định tại khoản 1 , khoản 2 , khoản 3 Điều này nhưng có nhu_cầu được trợ_giúp xã_hội , tự_nguyện đóng_góp kinh_phí hoặc có người_thân , người nhận bảo_trợ đóng_góp kinh_phí ( sau đây gọi chung là đối_tượng tự_nguyện ) . 

5 . Các đối_tượng khác theo chương_trình , đề_án hỗ_trợ hoặc do Chủ_tịch Ủy_ban nhân_dân tỉnh , thành_phố trực_thuộc trung_ương quyết_định . 

Điều 7 .  Nhiệm_vụ của cơ_sở trợ_giúp xã_hội 

1 . Cung_cấp các dịch_vụ khẩn_cấp 

a ) Tiếp_nhận đối_tượng cần sự bảo_vệ khẩn_cấp ; 

b ) Đánh_giá các nhu_cầu của đối_tượng ;  sàng_lọc và phân_loại đối_tượng .  Trường_hợp cần_thiết thì chuyển gửi đối_tượng tới các cơ_sở y_tế , giáo_dục , cơ_quan công_an , tư_pháp hoặc các cơ_quan , tổ_chức phù_hợp khác ; 

c ) Bảo_đảm sự an_toàn và đáp_ứng các nhu_cầu khẩn_cấp của đối_tượng như : Nơi cư_trú tạm_thời , thức_ăn , quần_áo và đi_lại . 

2 . Tham_vấn , trị_liệu rối nhiễu tâm_trí , khủng_hoảng tâm_lý và phục_hồi thể_chất cho đối_tượng . 

3 . Tư_vấn và trợ_giúp đối_tượng thụ_hưởng các chính_sách trợ_giúp xã_hội ;  phối_hợp với các cơ_quan , tổ_chức phù_hợp khác để bảo_vệ , trợ_giúp đối_tượng ;  tìm_kiếm , sắp_xếp các hình_thức chăm_sóc . 

4 . Xây_dựng kế_hoạch can_thiệp và trợ_giúp đối_tượng ;  giám_sát và rà_soát lại các hoạt_động can_thiệp , trợ_giúp và điều_chỉnh kế_hoạch . 

5 . Tiếp_nhận , quản_lý , chăm_sóc , nuôi_dưỡng các đối_tượng bảo_trợ xã_hội thuộc diện đặc_biệt khó_khăn , không tự lo được cuộc_sống và không có điều_kiện sinh_sống tại gia_đình , cộng_đồng . 

6 . Cung_cấp dịch_vụ điều_trị y_tế ban_đầu . 

7 . Tổ_chức hoạt_động phục_hồi chức_năng , trợ_giúp các đối_tượng trong các hoạt_động tự_quản , văn_hóa , thể_thao , các hoạt_động khác phù_hợp với lứa tuổi và sức_khỏe của từng nhóm đối_tượng lao_động_sản_xuất theo quy_định của pháp_luật . 

8 . Chủ_trì , phối_hợp với các đơn_vị , tổ_chức để dạy văn_hóa , dạy nghề , giáo_dục hướng_nghiệp nhằm giúp đối_tượng phát_triển về thể_chất , trí_tuệ , nhân_cách và hòa_nhập cộng_đồng . 

9 . Cung_cấp các dịch_vụ về giáo_dục xã_hội và nâng cao năng_lực 

a ) Cung_cấp các dịch_vụ về giáo_dục xã_hội để giúp đối_tượng phát_triển khả_năng tự giải_quyết các vấn_đề , bao_gồm cả giáo_dục kỹ_năng làm cha_mẹ cho những đối_tượng có nhu_cầu ;  đào_tạo kỹ_năng sống cho trẻ_em và người chưa thành_niên ; 

b ) Hợp_tác với các cơ_sở đào_tạo tổ_chức đào_tạo , tập_huấn về công_tác xã_hội cho đội_ngũ nhân_viên , cộng_tác_viên công_tác xã_hội hoặc làm_việc tại các cơ_sở cung_cấp dịch_vụ công_tác xã_hội ; 

c ) Tổ_chức các khóa tập_huấn , hội_thảo cung_cấp kiến_thức , kỹ_năng cho các nhóm đối_tượng có nhu_cầu . 

10 .  Quản_lý đối_tượng được cung_cấp dịch_vụ công_tác xã_hội . 

11 .  Thực_hiện các biện_pháp phòng_ngừa đối_tượng rơi vào hoàn_cảnh khó_khăn và bị xâm_hại , bạo_lực , ngược_đãi . 

12 .  Phát_triển cộng_đồng 

a ) Liên_hệ với người dân , chính_quyền các cấp trong việc xác_định các vấn_đề của cộng_đồng để xây_dựng chương_trình , kế_hoạch trợ_giúp cộng_đồng ; 

b ) Đề_xuất chính_sách với các cơ_quan có thẩm_quyền ; 

c ) Xây_dựng mạng_lưới nhân_viên , tình_nguyện viên công_tác xã_hội . 

13 .  Tổ_chức các hoạt_động truyền_thông , nâng cao nhận_thức . 

14 .  Chủ_trì , phối_hợp với chính_quyền địa_phương đưa đối_tượng đủ điều_kiện hoặc tự_nguyện xin ra khỏi cơ_sở trở về với gia_đình , tái_hòa_nhập cộng_đồng ;  hỗ_trợ , tạo điều_kiện cho đối_tượng ổn_định cuộc_sống . 

15 .  Quản_lý_tài_chính , tài_sản , công_chức , viên_chức và người lao_động theo quy_định của pháp_luật . 

16 .  Tổ_chức vận_động và tiếp_nhận sự hỗ_trợ tài_chính , hiện_vật của cơ_quan , tổ_chức , cá_nhân ở trong nước và nước_ngoài để thực_hiện các hoạt_động của cơ_sở . 

17 .  Thực_hiện các hoạt_động cung_cấp dịch_vụ theo yêu_cầu và các nhiệm_vụ khác do cấp có thẩm_quyền quyết_định . 

Điều 8 .  Quyền_hạn của cơ_sở trợ_giúp xã_hội 

1 . Tổ_chức các hoạt_động cung_cấp dịch_vụ trợ_giúp xã_hội cho người có nhu_cầu theo quy_định . 

2 . Từ_chối yêu_cầu cung_cấp dịch_vụ trợ_giúp xã_hội cho đối_tượng nếu không phù_hợp với chức_năng , nhiệm_vụ của cơ_sở , trừ trường_hợp có quyết_định của cơ_quan hoặc người có thẩm_quyền . 

3 . Lựa_chọn các biện_pháp nghiệp_vụ trợ_giúp xã_hội để trợ_giúp đối_tượng theo quy_định của pháp_luật , 

4 . Các quyền khác theo quy_định của pháp_luật . 

Điều 9 .  Kinh_phí hoạt_động của cơ_sở trợ_giúp xã_hội 

1 . Đối_với cơ_sở trợ_giúp xã_hội công_lập , bao_gồm : 

a ) Nguồn ngân_sách nhà_nước cấp ; 

b ) Nguồn thu phí dịch_vụ từ các đối_tượng tự_nguyện ; 

c ) Nguồn thu từ hoạt_động lao_động_sản_xuất , dịch_vụ của cơ_sở trợ_giúp xã_hội ; 

d ) Nguồn trợ_giúp từ các tổ_chức , cá_nhân trong nước và nước_ngoài ; 

đ ) Nguồn khác theo quy_định của pháp_luật . 

2 . Đối_với cơ_sở trợ_giúp xã_hội ngoài công_lập , bao_gồm : 

a ) Nguồn tự có của chủ cơ_sở trợ_giúp xã_hội ; 

b ) Nguồn trợ_giúp từ các tổ_chức , cá_nhân trong nước và nước_ngoài ; 

c ) Nguồn thu phí dịch_vụ từ đối_tượng tự_nguyện ; 

d ) Nguồn thu khác theo quy_định của pháp_luật ; 

đ ) Hỗ_trợ từ ngân_sách nhà_nước để cung_cấp dịch_vụ trợ_giúp xã_hội . 

Điều 10 .  Quản_lý_tài_chính , tài_sản 

1 . Cơ_sở thực_hiện quản_lý_tài_chính , tài_sản theo các quy_định của pháp_luật . 

2 . Việc sử_dụng và quản_lý các nguồn kinh_phí phải thực_hiện công_khai , minh_bạch và theo Quy_chế hoạt_động , Quy_chế chi_tiêu của cơ_sở . 

3 . Cơ_sở có trách_nhiệm báo_cáo kết_quả tài_chính định_kỳ và hàng năm theo quy_định của pháp_luật . 

I 

THÀNH_LẬP , TỔ_CHỨC LẠI VÀ GIẢI_THỂ CƠ_SỞ TRỢ_GIÚP XÃ_HỘI CÔNG_LẬP VÀ NGOÀI CÔNG_LẬP 

Mục 1 .  THÀNH_LẬP , TỔ_CHỨC LẠI VÀ GIẢI_THỂ CƠ_SỞ TRỢ_GIÚP XÃ_HỘI CÔNG_LẬP 

Điều 11 .  Thành_lập , tổ_chức lại và giải_thể 

Điều_kiện , trình_tự , thủ_tục , hồ_sơ , thẩm_quyền thành_lập , tổ_chức lại , giải_thể đơn_vị cơ_sở trợ_giúp xã_hội công_lập ; phân_loại cơ_sở trợ_giúp xã_hội công_lập thực_hiện theo quy_định tại <NĐ rel="DaC"> Nghị_định số 55/2012/NĐ-CP ngày 28 tháng 6 năm 2012 </NĐ> của Chính_phủ quy_định về thành_lập , tổ_chức lại , giải_thể đơn_vị sự_nghiệp công_lập ( sau đây gọi tắt là <NĐ rel="DaC"> Nghị_định số 55/2012/NĐ-CP </NĐ> ) .
Điều 12 .  Hồ_sơ thành_lập 

1 . Tờ_trình đề_nghị thành_lập theo Mẫu_số 01 tại Phụ_lục ban_hành kèm theo Nghị_định này . 

2 . Đề_án thành_lập theo Mẫu_số 02 tại Phụ_lục ban_hành kèm theo Nghị_định này . 

3 . Dự_thảo quy_chế hoạt_động của cơ_sở theo Mẫu_số 03a tại Phụ_lục ban_hành kèm theo Nghị_định này . 

Điều 13 .  Hồ_sơ tổ_chức lại , giải_thể 

1 . Tờ_trình tổ_chức lại , giải_thể cơ_sở theo Mẫu_số 04a tại Phụ_lục ban_hành kèm theo Nghị_định này . 

2 . Đề_án tổ_chức lại , giải_thể cơ_sở theo Mẫu_số 05 tại Phụ_lục ban_hành kèm theo Nghị_định này . 

Mục 2 .  THÀNH_LẬP VÀ GIẢI_THỂ CƠ_SỞ TRỢ_GIÚP XÃ_HỘI NGOÀI CÔNG_LẬP 

Điều 14 .  Quyền thành_lập và quản_lý cơ_sở 

1 . Tổ_chức , cá_nhân có quyền , nghĩa_vụ thành_lập và quản_lý cơ_sở theo quy_định của Nghị_định này . 

2 . Tổ_chức , cá_nhân tự kê_khai hồ_sơ đăng_ký thành_lập và phải chịu trách_nhiệm trước pháp_luật về tính đầy_đủ , hợp_pháp , trung_thực và chính_xác của các thông_tin kê_khai trong hồ_sơ đăng_ký thành_lập cơ_sở . 

3 . Cơ_quan hoặc người có thẩm_quyền cấp giấy chứng_nhận đăng_ký thành_lập ( sau đây gọi tắt là cơ_quan cấp giấy chứng_nhận đăng_ký thành_lập ) chịu trách_nhiệm về tính hợp_lệ của hồ_sơ đăng_ký thành_lập , không chịu trách_nhiệm về những hoạt_động vi_phạm pháp_luật của cơ_sở xảy ra trước và sau đăng_ký thành_lập . 

4 . Cơ_quan cấp giấy chứng_nhận đăng_ký thành_lập không giải_quyết tranh_chấp giữa các thành_viên của cơ_sở với nhau hoặc với tổ_chức , cá_nhân khác trong quá_trình hoạt_động . 

Điều 15 .  Hồ_sơ đăng_ký thành_lập 

1 . Tờ khai đăng_ký thành_lập theo Mẫu_số 06 tại Phụ_lục ban_hành kèm theo Nghị_định này . 

2 . Phương_án thành_lập cơ_sở . 

3 . Dự_thảo Quy_chế hoạt_động của cơ_sở theo Mẫu_số 03b tại Phụ_lục ban_hành kèm theo Nghị_định này . 

4 . Bản_sao có chứng_thực đối_với giấy_tờ hợp_pháp về quyền sử_dụng đất , quyền sở_hữu nhà ở hoặc hợp_đồng cho thuê , mượn đất_đai , cơ_sở vật_chất và tài_sản gắn liền với đất phục_vụ cho hoạt_động của cơ_sở . 

5 . Phiếu lý_lịch tư_pháp của các sáng_lập viên . 

6 . Bản_sao các giấy_tờ sau đây : 

a ) Thẻ căn_cước công_dân hoặc giấy chứng_minh nhân_dân .  Đối_với sáng_lập viên là cá_nhân nước_ngoài , hộ_chiếu hoặc chứng_thực cá_nhân hợp_pháp khác của các sáng_lập viên ; 

b ) Quyết_định thành_lập hoặc tài_liệu tương_đương khác của tổ_chức và văn_bản ủy_quyền ;  thẻ căn_cước công_dân hoặc giấy chứng_minh nhân_dân hoặc hộ_chiếu , chứng_thực cá_nhân hợp_pháp khác của người đại_diện theo ủy_quyền của tổ_chức . 

Đối_với sáng_lập viên là tổ_chức nước_ngoài thì bản_sao quyết_định thành_lập hoặc tài_liệu tương_đương phải được hợp_pháp hóa_lãnh_sự . 

Điều 16 .  Quy_chế hoạt_động của cơ_sở 

1 . Quy_chế hoạt_động của cơ_sở phải có các nội_dung chủ_yếu sau đây : 

a ) Tên cơ_sở , địa_chỉ trụ_sở , số điện_thoại , số fax . 

b ) Các nhiệm_vụ của cơ_sở ; 

c ) Vốn điều_lệ ; 

d ) Họ và tên , địa_chỉ thường_trú , quốc_tịch , số thẻ căn_cước công_dân hoặc giấy chứng_minh nhân_dân hoặc hộ_chiếu hoặc chứng_thực cá_nhân hợp_pháp khác của các sáng_lập viên ;  phần vốn góp và giá_trị vốn góp của mỗi thành_viên sáng_lập ; 

đ ) Quyền và nghĩa_vụ của thành_viên sáng_lập ; 

e ) Cơ_cấu tổ_chức quản_lý ; 

g ) Người đại_diện theo pháp_luật của cơ_sở ; 

h ) Thể_thức thông_qua quyết_định của cơ_sở ;  nguyên_tắc giải_quyết tranh_chấp nội_bộ ; 

i ) Căn_cứ và phương_pháp xác_định thù_lao , tiền_lương và thưởng cho cán_bộ và nhân_viên tại cơ_sở ; 

k ) Những trường_hợp_thành_viên có quyền yêu_cầu cơ_sở mua lại phần vốn góp ; 

l ) Nguyên_tắc phân_chia lợi_nhuận sau thuế và xử_lý lỗ ; 

m ) Các trường_hợp giải_thể , trình_tự giải_thể và thủ_tục thanh_lý_tài_sản của cơ_sở ; 

n ) Thể_thức sửa_đổi , bổ_sung Quy_chế của cơ_sở . 

2 . Dự_thảo Quy_chế hoạt_động của cơ_sở khi đăng_ký thành_lập phải có họ , tên và chữ_ký của các sáng_lập viên . 

3 . Quy_chế hoạt_động của cơ_sở được sửa_đổi , bổ_sung phải có họ , tên và chữ_ký của các sáng_lập viên . 

Điều 17 .  Đăng_ký thành_lập 

1 . Tổ_chức , cá_nhân thành_lập cơ_sở gửi 01 bộ hồ_sơ quy_định tại Điều 15 Nghị_định này đến cơ_quan cấp giấy chứng_nhận đăng_ký thành_lập . 

2 . Cơ_quan cấp giấy chứng_nhận đăng_ký thành_lập có trách_nhiệm xem_xét tính hợp_lệ của hồ_sơ và cấp giấy chứng_nhận đăng_ký thành_lập cơ_sở trong thời_hạn 05 ngày làm_việc , kể từ ngày nhận hồ_sơ .  Trường_hợp từ_chối cấp giấy chứng_nhận đăng_ký thành_lập cơ_sở thì phải thông_báo bằng văn_bản cho người thành_lập cơ_sở biết và nêu rõ lý_do . 

3 . Cơ_sở được thành_lập theo quy_định của pháp_luật về doanh_nghiệp hoặc cơ_sở được thành_lập theo quy_định của pháp_luật về tổ_chức , hoạt_động và quản_lý hội và cơ_sở trợ_giúp xã_hội dưới 10 đối_tượng có hoàn_cảnh khó_khăn không phải thực_hiện trình_tự , thủ_tục đăng_ký thành_lập theo quy_định tại Mục 2 Chương III Nghị_định này . 

Điều 18 .  Điều_kiện , nội_dung giấy chứng_nhận đăng_ký thành_lập 

1 . Điều_kiện cấp giấy chứng_nhận đăng_ký thành_lập 

a ) Tên của cơ_sở được đặt theo đúng quy_định tại Điều 5 Nghị_định này ; 

b ) Có hồ_sơ đăng_ký thành_lập hợp_lệ quy_định tại Điều 15 Nghị_định này . 

2 . Giấy chứng_nhận đăng_ký thành_lập 

Giấy chứng_nhận đăng_ký thành_lập cơ_sở có nội_dung chính theo Mẫu_số 07 tại Phụ_lục ban_hành kèm theo Nghị_định này : 

a ) Tên cơ_sở , địa_chỉ trụ_sở , số điện_thoại , số fax ; 

b ) Họ và tên , địa_chỉ thường_trú , quốc_tịch , số thẻ căn_cước công_dân hoặc giấy chứng_minh nhân_dân hoặc hộ_chiếu hoặc chứng_thực cá_nhân hợp_pháp khác của các sáng_lập viên ; 

c ) Loại_hình cơ_sở ; 

d ) Các nhiệm_vụ của cơ_sở ( Ghi cụ_thể một nhiệm_vụ hay nhiều nhiệm_vụ quy_định tại Điều 7 Nghị_định này ) ; 

đ ) Vốn điều_lệ ;  vốn của doanh_nghiệp thành_lập ( Vốn đầu_tư ) ; 

e ) Thông_tin đăng_ký thuế . 

Điều 19 .  Thẩm_quyền cấp , thu_hồi giấy chứng_nhận đăng_ký thành_lập và giải_thể cơ_sở 

1 . Sở Lao_động-Thương_binh và Xã_hội cấp giấy chứng_nhận đăng_ký thành_lập cơ_sở hoạt_động trên phạm_vi liên tỉnh hoặc liên_huyện , quận , thị_xã , thành_phố thuộc tỉnh , thành_phố , có trụ_sở chính đặt tại địa_phương . 

2 . Phòng Lao_động-Thương_binh và Xã_hội cấp giấy chứng_nhận đăng_ký thành_lập cơ_sở hoạt_động trên phạm_vi cấp huyện , có trụ_sở chính đặt tại địa_phương . 

3 . Cơ_quan cấp giấy chứng_nhận đăng_ký thành_lập là cơ_quan có thẩm_quyền thu_hồi giấy chứng_nhận đăng_ký thành_lập và giải_thể cơ_sở . 

Điều 20 .  Đăng_ký thay_đổi nội_dung giấy chứng_nhận đăng_ký thành_lập 

1 . Khi thay_đổi nội_dung giấy chứng_nhận đăng_ký thành_lập cơ_sở phải đăng_ký với cơ_quan cấp giấy chứng_nhận đăng_ký thành_lập . 

2 . Hồ_sơ đề_nghị đăng_ký thay_đổi nội_dung giấy chứng_nhận đăng_ký thành_lập của cơ_sở , gồm : 

a ) Văn_bản đề_nghị về việc đăng_ký thay_đổi nội_dung giấy chứng_nhận đăng_ký thành_lập ; 

b ) Bản_chính đăng_ký thành_lập cơ_sở đã được cấp ; 

c ) Giấy_tờ có liên_quan chứng_minh sự thay_đổi nội_dung giấy chứng_nhận đăng_ký thành_lập . 

3 . Trình_tự , thủ_tục đăng_ký thay_đổi nội_dung giấy chứng_nhận đăng_ký thành_lập như sau : 

a ) Cơ_sở gửi 01 bộ hồ_sơ đề_nghị đăng_ký thay_đổi đến cơ_quan cấp giấy chứng_nhận đăng_ký thành_lập ; 

b ) Cơ_quan cấp giấy chứng_nhận đăng_ký thành_lập có trách_nhiệm xem_xét hồ_sơ và cấp giấy chứng_nhận đăng_ký thành_lập mới theo đề_nghị của cơ_sở trong thời_hạn 05 ngày làm_việc , kể từ ngày nhận được đề_nghị đăng_ký . 

Trường_hợp từ_chối thì phải thông_báo bằng văn_bản cho cơ_sở đề_nghị đăng_ký thay_đổi biết và phải nêu rõ lý_do hoặc các yêu_cầu sửa_đổi , bổ_sung hồ_sơ . 

Điều 21 .  Thu_hồi giấy chứng_nhận đăng_ký thành_lập 

1 . Cơ_sở bị thu_hồi giấy chứng , nhận đăng_ký thành_lập trong các trường_hợp sau : 

a ) Giấy chứng_nhận đăng_ký thành_lập được cấp cho cơ_sở không đúng quy_định của pháp_luật ; 

b ) Sau 12 tháng , kể từ ngày được cấp giấy chứng_nhận đăng_ký thành_lập nhưng cơ_sở chưa nộp hồ_sơ đề_nghị cấp giấy_phép hoạt_động cho cơ_quan có thẩm_quyền ; 

c ) Các trường_hợp khác theo quy_định của pháp_luật . 

2 . Cơ_sở phải có trách_nhiệm giải_quyết quyền_lợi cho đối_tượng , người lao_động và các bên liên_quan khi bị thu_hồi giấy chứng_nhận đăng_ký thành_lập . 

Điều 22 .  Giải_thể 

1 . Cơ_sở bị giải_thể trong các trường_hợp sau : 

a ) Cơ_sở bị thu_hồi giấy chứng_nhận đăng_ký thành_lập ; 

b ) Cơ_sở không đủ điều_kiện hoạt_động theo quy_định của pháp_luật và có kiến_nghị của cơ_quan Lao_động-Thương_binh và Xã_hội địa_phương ; 

c ) Tổ_chức , cá_nhân đăng_ký thành_lập cơ_sở có đơn đề_nghị giải_thể ; 

d ) Trường_hợp khác theo quy_định của pháp_luật . 

2 . Hồ_sơ đề_nghị giải_thể gồm : 

a ) Đơn đề_nghị giải_thể cơ_sở của tổ_chức , cá_nhân đăng_ký thành_lập cơ_sở , trong đó có nêu rõ lý_do đề_nghị giải_thể theo Mẫu_số 04b tại Phụ_lục ban_hành kèm theo Nghị_định này ; 

b ) Bản kê_khai tài_sản , tài_chính và phương_án xử_lý ; 

c ) Danh_sách đối_tượng và phương_án giải_quyết khi cơ_sở giải_thể ; 

d ) Các tài_liệu liên_quan khác ( nếu có ) ; 

đ ) Kiến_nghị giải_thể cơ_sở của cơ_quan có thẩm_quyền ( nếu có ) . 

3 . Trình_tự , thủ_tục giải_thể : 

a ) Đối_với các trường_hợp quy_định tại điểm a , điểm b và điểm d khoản 1 Điều 22 Nghị_định này , cơ_quan Lao_động-Thương_binh và Xã_hội địa_phương phối_hợp với cơ_sở có văn_bản đề_nghị giải_thể cơ_sở gửi đến cơ_quan có thẩm_quyền quyết_định giải_thể kèm theo hồ_sơ đề_nghị giải_thể quy_định tại khoản 2 Điều 22 Nghị_định này .  Đối_với trường_hợp quy_định tại điểm c khoản 1 Điều 22 Nghị_định này , tổ_chức cá_nhân nộp 01 bộ hồ_sơ giải_thể cơ_sở quy_định tại khoản 2 Điều 22 Nghị_định này đến cơ_quan có thẩm_quyền quyết_định giải_thể . 

b ) Trong thời_hạn 15 ngày làm_việc , kể từ ngày nhận đủ hồ_sơ , cơ_quan có thẩm_quyền phải có quyết_định giải_thể .  Trường_hợp cơ_quan có thẩm_quyền không đồng_ý việc giải_thể cơ_sở thì phải có văn_bản trả_lời và nêu rõ lý_do .  Cơ_sở trợ_giúp xã_hội không được tự_động giải_thể khi chưa nhận được quyết_định giải_thể của cơ_quan có thẩm_quyền . 

Chương_IV 

HOẠT_ĐỘNG CỦA CƠ_SỞ TRỢ_GIÚP XÃ_HỘI CÔNG_LẬP VÀ NGOÀI CÔNG_LẬP 

Mục 1 .  ĐIỀU_KIỆN VỀ CƠ_SỞ VẬT_CHẤT VÀ NHÂN_LỰC 

Điều 23 .  Môi_trường và vị_trí 

Cơ_sở phải đặt tại địa_điểm thuận_tiện về tiếp_cận giao_thông , trường_học , bệnh_viện , không_khí trong_lành có lợi cho sức_khỏe của đối_tượng ;  có điện , nước_sạch phục_vụ cho sinh_hoạt . 

Điều 24 .  Cơ_sở vật_chất 

1 . Diện_tích đất tự_nhiên : Bình_quân 30 m2/đối_tượng ở khu_vực nông_thôn , 10 m2/đối_tượng ở khu_vực thành_thị .  Đối_với cơ_sở chăm_sóc và phục_hồi chức_năng cho người tâm_thần , diện_tích đất tự_nhiên phải đảm_bảo tối_thiểu 80 m2/đối_tượng ở khu_vực thành_thị , 100 m2/đối_tượng ở khu_vực nông_thôn , 120 m2/đối_tượng ở khu_vực miền núi . 

2 . Diện_tích phòng ở của đối_tượng bình_quân tối_thiểu 6 m2/đối_tượng .  Đối_với đối_tượng phải chăm_sóc 24/24 giờ một ngày , diện_tích phòng ở bình_quân tối_thiểu 8 m2/đối_tượng .  Phòng ở phải được trang_bị đồ_dùng cần_thiết phục_vụ cho sinh_hoạt hàng ngày của đối_tượng . 

3 . Cơ_sở phải có khu nhà ở , khu nhà_bếp , khu làm_việc của cán_bộ nhân_viên , khu vui_chơi giải_trí , hệ_thống cấp , thoát nước , điện , đường đi nội_bộ ;  khu sản_xuất và lao_động trị_liệu ( nếu có điều_kiện ) . 

4 . Các công_trình , các trang_thiết_bị phải bảo_đảm cho người cao_tuổi , người khuyết_tật và trẻ_em tiếp_cận và sử_dụng thuận_tiện . 

Điều 25 .  Nhân_viên trợ_giúp xã_hội 

1 . Nhân_viên trợ_giúp xã_hội phải bảo_đảm tiêu_chuẩn sau đây : 

a ) Có sức_khỏe để thực_hiện trợ_giúp xã_hội đối_tượng ; 

b ) Có năng_lực hành_vi dân_sự đầy_đủ ; 

c ) Có phẩm_chất đạo_đức tốt , không mắc tệ_nạn xã_hội và không thuộc đối_tượng bị truy_cứu trách_nhiệm hình_sự hoặc đã bị kết_án mà chưa được xóa_án tích ; 

d ) Có kỹ_năng để trợ_giúp xã_hội đối_tượng . 

2 . Có đội_ngũ nhân_viên trợ_giúp xã_hội bảo_đảm đủ về số_lượng , trình_độ chuyên_môn đạt tiêu_chuẩn phù_hợp để thực_hiện các nhiệm_vụ của cơ_sở . 

Mục 2 .  HOẠT_ĐỘNG 

Điều 26 .  Điều_kiện cấp giấy_phép hoạt_động 

1 . Cơ_sở trợ_giúp xã_hội công_lập được thành_lập theo quy_định tại Mục 1 Chương III Nghị_định này ;  cơ_sở trợ_giúp xã_hội ngoài công_lập được cấp giấy chứng_nhận đăng_ký thành_lập theo quy_định tại Mục 2 Chương III Nghị_định này hoặc cơ_sở trợ_giúp xã_hội được thành_lập hợp_pháp theo quy_định của pháp_luật về tổ_chức , hoạt_động và quản_lý hội hoặc cơ_sở trợ_giúp xã_hội được thành_lập theo quy_định của pháp_luật về doanh_nghiệp . 

2 . Người đứng đầu_cơ_sở phải có năng_lực hành_vi dân_sự đầy_đủ ;  có phẩm_chất đạo_đức tốt , không mắc tệ_nạn xã_hội và không thuộc đối_tượng bị truy_cứu trách_nhiệm hình_sự hoặc đã bị kết_án mà chưa được xóa_án tích . 

3 . Có_nhân_viên trực_tiếp tư_vấn , chăm_sóc đối_tượng . 

4 . Trường_hợp cơ_sở có chăm_sóc , nuôi_dưỡng đối_tượng thì ngoài các điều_kiện quy_định tại khoản 1 , khoản 2 và khoản 3 Điều 26 Nghị_định này còn phải bảo_đảm các điều_kiện về cơ_sở vật_chất và nhân_lực quy_định tại Mục 1 Chương IV Nghị_định này . 

Điều 27 .  Giấy_phép hoạt_động 

1 . Giấy_phép hoạt_động theo Mẫu_số 08 tại Phụ_lục ban_hành kèm theo Nghị_định này : 

b ) Họ và tên người đứng đầu_cơ_sở ; 

d ) Địa_bàn hoạt_động , các nhiệm_vụ của cơ_sở được cấp phép hoạt_động . 

2 . Khi thay_đổi tên gọi , địa_chỉ trụ_sở , người đứng đầu , loại_hình cơ_sở , nhiệm_vụ và địa_bàn hoạt_động , cơ_sở phải làm thủ_tục đề_nghị điều_chỉnh giấy_phép .  Trường_hợp thay_đổi hình_thức tổ_chức , chia , tách , hợp_nhất , sáp_nhập phải làm thủ_tục đề_nghị cấp lại giấy_phép hoạt_động . 

3 . Khi giấy_phép hoạt_động bị mất , bị hư_hỏng thì cơ_sở phải đề_nghị cấp lại giấy_phép . 

Điều 28 .  Thẩm_quyền cấp , đình_chỉ , thu_hồi giấy_phép hoạt_động 

1 . Sở Lao_động-Thương_binh và Xã_hội cấp giấy_phép hoạt_động đối_với các trường_hợp sau đây : 

a ) Cơ_sở_thuộc bộ , cơ_quan ngang bộ , cơ_quan thuộc Chính_phủ ;  cơ_quan trung_ương của tổ_chức chính_trị-xã_hội và cơ_quan trung_ương của tổ_chức xã_hội-nghề_nghiệp có trụ_sở của cơ_sở đặt tại địa_phương ; 

b ) Cơ_sở do cơ_quan , tổ_chức cấp tỉnh_thành_lập hoặc cấp giấy chứng_nhận đăng_ký thành_lập . 

2 . Phòng Lao_động-Thương_binh và Xã_hội cấp giấy_phép hoạt_động đối_với các cơ_sở có trụ_sở tại địa_phương do các tổ_chức , cá_nhân thành_lập mà không thuộc các trường_hợp quy_định tại khoản 1 Điều 28 Nghị_định này . 

3 . Cơ_quan có thẩm_quyền cấp giấy_phép hoạt_động là cơ_quan có thẩm_quyền cấp lại , điều_chỉnh , tạm đình_chỉ hoặc thu_hồi giấy_phép hoạt_động . 

Điều 29 .  Hồ_sơ cấp giấy_phép hoạt_động 

1 . Hồ_sơ đề_nghị cấp giấy_phép hoạt_động bao_gồm : 

a ) Tờ khai đề_nghị cấp giấy_phép hoạt_động của cơ_sở theo Mẫu_số 09 tại Phụ_lục ban_hành kèm theo Nghị_định này ; 

b ) Bản_sao công_chứng giấy chứng_nhận đăng_ký thành_lập cơ_sở hoặc quyết_định thành_lập theo quy_định của pháp_luật . 

2 . Hồ_sơ điều_chỉnh , cấp lại giấy_phép hoạt_động gồm : 

a ) Văn_bản đề_nghị điều_chỉnh , cấp lại giấy_phép ; 

b ) Giấy_phép hoạt_động ; 

c ) Giấy_tờ chứng_minh thay_đổi tên gọi , địa_chỉ trụ_sở , người đứng đầu , loại_hình cơ_sở , nhiệm_vụ và địa_bàn hoạt_động . 

Điều 30 .  Trình_tự , thủ_tục cấp giấy_phép hoạt_động 

1 . Trình_tự , thủ_tục cấp , cấp lại và điều_chỉnh giấy_phép hoạt_động đối_với các trường_hợp quy_định tại khoản 1 Điều 28 Nghị_định này thực_hiện theo quy_định sau : 

a ) Cơ_sở nộp 1 bộ hồ_sơ quy_định tại Điều 29 Nghị_định này gửi Sở Lao_động-Thương_binh và Xã_hội_thẩm_định các điều_kiện để cấp gi ấp phép hoạt_động trong thời_hạn 10 ngày làm_việc ; 

b ) Trong thời_hạn 05 ngày làm_việc , kể từ ngày có kết_quả thẩm_định , Sở Lao_động-Thương_binh và Xã_hội có trách_nhiệm cấp , cấp lại hoặc điều_chỉnh giấy_phép hoạt_động . 

2 . Trình_tự , thủ_tục cấp , cấp lại và điều_chỉnh giấy_phép hoạt_động đối_với các trường_hợp quy_định tại khoản 2 Điều 28 Nghị_định này được thực_hiện theo quy_định sau : 

a ) Cơ_sở nộp 01 bộ hồ_sơ quy_định tại Điều 29 Nghị_định này gửi Phòng Lao_động-Thương_binh và Xã_hội ; 

b ) Trong thời_hạn 15 ngày làm_việc , kể từ ngày nhận đủ hồ_sơ theo quy_định , Phòng Lao_động-Thương_binh và Xã_hội có trách_nhiệm cấp , cấp lại hoặc điều_chỉnh giấy_phép hoạt_động .  Trường_hợp không đồng_ý thì phải trả_lời bằng văn_bản và nêu rõ lý_do . 

3 . Trong thời_hạn 30 ngày làm_việc , kể từ ngày cơ_sở được cấp giấy_phép hoạt_động , giám_đốc cơ_sở có trách_nhiệm ban_hành và công_bố , niêm_yết công_khai Quy_chế hoạt_động và Quy_chế chi_tiêu tại cơ_sở . 

Điều 31 .  Công_bố hoạt_động của cơ_sở trợ_giúp xã_hội công_lập và ngoài công_lập 

1 . Trong thời_hạn 30 ngày làm_việc , kể từ ngày được cơ_quan có thẩm_quyền cấp giấy_phép hoạt_động , cơ_sở phải công_bố việc hoạt_động của cơ_sở liên_tiếp trên 03 số báo nơi cơ_sở đặt trụ_sở về các nội_dung chủ_yếu sau đây : 

a ) Tên cơ_sở bằng tiếng Việt và tiếng nước_ngoài ( nếu có ) ; 

b ) Địa_chỉ trụ_sở , điện_thoại , email hoặc website ( nếu có ) ; 

c ) Đối_tượng phục_vụ của cơ_sở ; 

d ) Loại_hình cơ_sở ; 

đ ) Các nhiệm_vụ của cơ_sở ; 

e ) Địa_bàn hoạt_động ; 

g ) Số tài_khoản , tên , địa_chỉ ngân_hàng nơi cơ_sở mở tài_khoản ; 

h ) Họ tên , số giấy chứng_minh nhân_dân hoặc thẻ căn_cước công_dân hoặc hộ_chiếu của người đại_diện theo pháp_luật ; 

i ) Số , ký_hiệu , ngày , tháng , năm và cơ_quan quyết_định thành_lập hoặc giấy chứng_nhận đăng_ký thành_lập . 

2 . Trường_hợp thay_đổi quyết_định thành_lập hoặc giấy chứng_nhận đăng_ký thành_lập hoặc giấy_phép hoạt_động , cơ_sở phải công_bố nội_dung những thay_đổi đó trong thời_hạn và theo phương_thức quy_định tại khoản 1 Điều này . 

Điều 32 .  Tạm đình_chỉ , thu_hồi giấy_phép hoạt_động 

1 . Trong quá_trình hoạt_động , cơ_sở không bảo_đảm đủ một trong các điều_kiện quy_định tại Điều 26 Nghị_định này thì bị tạm đình_chỉ hoạt_động trong thời_gian tối_đa 6 tháng để kiện_toàn các điều_kiện hoạt_động . 

2 . Giấy_phép hoạt_động bị thu_hồi trong các trường_hợp sau đây : 

a ) Giấy_phép hoạt_động được cấp cho cơ_sở không đúng thẩm_quyền hoặc không đúng quy_định của pháp_luật ; 

b ) Sau 12 tháng , kể từ ngày được cấp giấy_phép hoạt_động nhưng cơ_sở không hoạt_động ; 

c ) Cơ_sở thay_đổi mục_đích hoạt_động không theo quy_định của pháp_luật ; 

d ) Hết thời_hạn tạm đình_chỉ mà cơ_sở vẫn không bảo_đảm đủ điều_kiện theo quy_định ; 

đ ) Cơ_sở vi_phạm nghiêm_trọng các hoạt_động được ghi trong giấy_phép hoạt_động . 

3 . Cơ_sở phải có trách_nhiệm giải_quyết quyền_lợi của đối_tượng khi cơ_sở bị tạm đình_chỉ hoặc thu_hồi giấy_phép hoạt_động . 

Điều 33 .  Trách_nhiệm tạm đình_chỉ , thu_hồi giấy_phép hoạt_động 

1 . Khi phát_hiện cơ_sở không còn bảo_đảm các điều_kiện quy_định , tùy theo tính_chất , mức_độ , cơ_quan có thẩm_quyền quy_định tại Điều 28 Nghị_định này ra quyết_định tạm đình_chỉ có thời_hạn một phần hoặc toàn_bộ hoạt_động theo quy_định trong giấy_phép đã cấp . 

2 . Khi phát_hiện một trong các trường_hợp quy_định tại khoản 2 Điều 32 Nghị_định này , cơ_quan có thẩm_quyền quy_định tại Điều 28 Nghị_định này quyết_định thu_hồi giấy_phép hoạt_động đã cấp . 

Mục 3 .  TIÊU_CHUẨN TRỢ_GIÚP XÃ_HỘI 

Điều 34 .  Quy_trình trợ_giúp xã_hội 

Cơ_sở thực_hiện quy_trình trợ_giúp đối_tượng theo các bước : Tiếp_nhận thông_tin , yêu_cầu của đối_tượng ;  tổ_chức sàng_lọc và phân_loại đối_tượng ;  đánh_giá tâm sinh_lý , tình_trạng sức_khỏe và các nhu_cầu của đối_tượng ;  xây_dựng và thực_hiện kế_hoạch trợ_giúp ;  phân_tích , đánh_giá sự tiến_triển của đối_tượng ;  lập kế_hoạch dừng trợ_giúp và hỗ_trợ hòa_nhập cộng_đồng cho các đối_tượng . 

Điều 35 .  Tiêu_chuẩn về môi_trường , khuôn_viên và nhà ở 

1 . Cơ_sở bảo_đảm có địa_điểm thuận_tiện , môi_trường xanh , sạch và bảo_đảm khuôn_viên và nhà ở có yếu_tố đặc_thù , phù_hợp với cơ_sở ở khu_vực nông_thôn , miền núi và khu_vực đô_thị . 

2 . Cơ_sở vật_chất của cơ_sở bảo_đảm đạt các tiêu_chuẩn về xây_dựng , phù_hợp với đặc_điểm của đối_tượng . 

Điều 36 .  Tiêu_chuẩn về y_tế , vệ_sinh , quần_áo và dinh_dưỡng 

Cơ_sở bảo_đảm các tiêu_chuẩn tối_thiểu về y_tế , vệ_sinh , quần_áo và dinh_dưỡng để chăm_sóc đối_tượng , phù_hợp với những đối_tượng có nhu_cầu đặc_biệt như trẻ sơ_sinh , trẻ khuyết_tật , trẻ nhiễm HIV , trẻ bị ốm hoặc suy_dinh_dưỡng , người cao_tuổi và những đối_tượng có chế_độ ăn_kiêng theo bệnh_tật , theo tôn_giáo hay tín_ngưỡng . 

Điều 37 .  Tiêu_chuẩn về giáo_dục và học nghề 

Cơ_sở bảo_đảm cho đối_tượng được học văn_hóa , học nghề phù_hợp với khả_năng , nhu_cầu và theo quy_định của pháp_luật . 

Điều 38 .  Tiêu_chuẩn về văn_hóa , thể_thao , thể_dục và giải_trí 

Cơ_sở bảo_đảm cho đối_tượng chăm_sóc tại cơ_sở tiếp_cận về văn_hóa , thể_thao , thể_dục và giải_trí phù_hợp với truyền_thống , tín_ngưỡng , tôn_giáo trong khuôn_khổ pháp_luật Việt_Nam , phù_hợp với lứa tuổi và đặc_điểm của đối_tượng . 

Điều 39 .  Các hành_vi vi_phạm 

1 . Lợi_dụng việc thành_lập cơ_sở để thực_hiện các hành_vi sau : 

a ) Vi_phạm quyền và lợi_ích hợp_pháp của cá_nhân , tổ_chức và cộng_đồng ; 

b ) Vi_phạm đạo_đức xã_hội , thuần_phong , mỹ_tục , truyền_thống và bản_sắc văn_hóa dân_tộc ; 

c ) Thực_hiện các hành_vi vi_phạm pháp_luật khác . 

2 . Làm giả , tẩy xóa , chuyển_nhượng , cho thuê , cho mượn , cầm_cố , thế_chấp giấy chứng_nhận đăng_ký thành_lập , giấy_phép hoạt_động dưới bất_kỳ hình_thức nào . 

3 . Đánh_đập , nhốt đối_tượng , trói đối_tượng . 

4 . Không cho đối_tượng ăn , uống hoặc ngủ . 

5 . Buộc đối_tượng mặc những loại quần_áo dị_thường hoặc không phù_hợp . 

6 . Ngừng chăm_sóc y_tế cho đối_tượng . 

7 . Dùng đối_tượng này để kỷ_luật đối_tượng khác ;  đe_dọa hoặc mắng_nhiếc , xúc_phạm đối_tượng bằng những từ_ngữ thiếu lịch_sự , thô_tục . 

8 . Buộc đối_tượng làm những việc quá_sức . 

9 . Ép_buộc theo hoặc không theo các tôn_giáo . 

Chương_V 

THỦ_TỤC , HỒ_SƠ QUẢN_LÝ ĐỐI_TƯỢNG 

Điều 40 .  Thẩm_quyền , hồ_sơ tiếp_nhận vào cơ_sở trợ_giúp xã_hội 

1 . Thẩm_quyền tiếp_nhận vào cơ_sở trợ_giúp xã_hội : Người đứng đầu_cơ_sở trợ_giúp xã_hội quyết_định tiếp_nhận đối_tượng vào cơ_sở trợ_giúp xã_hội . 

2 . Hồ_sơ tiếp_nhận vào cơ_sở đối_với đối_tượng bảo_trợ xã_hội có hoàn_cảnh đặc_biệt khó_khăn quy_định tại khoản 1 Điều 25 <NĐ rel="DaC"> Nghị_định số 136/2013/NĐ-CP </NĐ> , gồm :
a ) Đơn của đối_tượng hoặc người giám_hộ theo Mẫu_số 10 tại Phụ_lục ban_hành kèm theo Nghị_định này ; 

b ) Bản_sao giấy khai_sinh đối_với trẻ_em , trường_hợp trẻ_em bị bỏ_rơi phải làm thủ_tục đăng_ký khai_sinh theo quy_định của pháp_luật về đăng_ký hộ_tịch ; 

c ) Xác_nhận của cơ_quan y_tế có thẩm_quyền đối_với trường_hợp bị nhiễm HIV ; 

d ) Biên_bản của Hội_đồng xét_duyệt theo Mẫu_số 11 tại Phụ_lục ban_hành kèm theo Nghị_định này và văn_bản đề_nghị của Ủy_ban nhân_dân cấp xã ; 

đ ) Giấy_tờ liên_quan khác ( nếu có ) ; 

e ) Văn_bản đề_nghị của Chủ_tịch Ủy_ban nhân_dân cấp huyện gửi cơ_quan quản_lý cơ_sở ( nếu vào cơ_sở của tỉnh ) ; 

g ) Quyết_định tiếp_nhận của người đứng đầu_cơ_sở . 

3 . Hồ_sơ tiếp_nhận vào cơ_sở đối_với đối_tượng cần bảo_vệ khẩn_cấp quy_định tại khoản 2 Điều 25 <NĐ rel="DaC"> Nghị_định số 136/2013/NĐ-CP </NĐ> , bao_gồm :
a ) Đơn của đối_tượng hoặc người giám_hộ ; 

b ) Bản_sao chứng_minh nhân_dân hoặc giấy_tờ tùy_thân của đối_tượng ( nếu có ) ; 

c ) Biên_bản đối_với trường_hợp khẩn_cấp có nguy_cơ đe_dọa đến tính_mạng của đối_tượng ; 

d ) Văn_bản đề_nghị của Chủ_tịch Ủy_ban nhân_dân cấp xã , nơi đối_tượng đang ở hoặc nơi phát_hiện thấy cần sự bảo_vệ khẩn_cấp ; 

đ ) Văn_bản đề_nghị của Chủ_tịch Ủy_ban nhân_dân cấp huyện gửi cơ_quan quản_lý cơ_sở ( nếu vào cơ_sở của tỉnh ) ; 

e ) Quyết_định tiếp_nhận của người đứng đầu_cơ_sở . 

4 . Hồ_sơ tiếp_nhận vào cơ_sở đối_với đối_tượng tự_nguyện , bao_gồm : 

a ) Hợp_đồng cung_cấp dịch_vụ trợ_giúp xã_hội theo Mẫu_số 12 tại Phụ_lục ban_hành kèm theo Nghị_định này ; 

b ) Bản_sao giấy chứng_minh nhân_dân hoặc thẻ căn_cước công_dân hoặc hộ_chiếu hoặc chứng_thực cá_nhân hợp_pháp khác của đối_tượng . 

Điều 41 .  Thủ_tục tiếp_nhận vào cơ_sở trợ_giúp xã_hội 

1 . Thủ_tục tiếp_nhận vào cơ_sở đối_với đối_tượng bảo_trợ xã_hội có hoàn_cảnh đặc_biệt khó_khăn quy_định tại khoản 1 Điều 25 <NĐ rel="DaC"> Nghị_định số 136/2013/NĐ-CP </NĐ> thực_hiện theo quy_định sau đây :
a ) Đối_tượng hoặc người giám_hộ có giấy_tờ theo quy_định tại các điểm a , b , c khoản 2 Điều 40 Nghị_định này gửi Chủ_tịch Ủy_ban nhân_dân cấp xã ; 

b ) Trong thời_hạn 15 ngày làm_việc , kể từ ngày nhận được hồ_sơ của đối_tượng , Hội_đồng xét_duyệt cấp xã có trách_nhiệm xét_duyệt và niêm_yết công_khai kết_quả xét_duyệt tại trụ_sở Ủy_ban nhân_dân cấp xã trong thời_gian 07 ngày làm_việc , trừ những thông_tin về HIV của đối_tượng ; 

c ) Trong thời_hạn 07 ngày làm_việc , kể từ ngày nhận được hồ_sơ của đối_tượng và văn_bản đề_nghị của Chủ_tịch Ủy_ban nhân_dân cấp xã , Phòng Lao_động-Thương_binh và Xã_hội_thẩm_định , trình Chủ_tịch Ủy_ban nhân_dân cấp huyện quyết_định ; 

d ) Trong thời_hạn 03 ngày làm_việc , kể từ ngày nhận được văn_bản trình của Phòng Lao_động-Thương_binh và Xã_hội , Chủ_tịch Ủy_ban nhân_dân cấp huyện quyết_định tiếp_nhận đối_tượng vào cơ_sở_thuộc thẩm_quyền quản_lý hoặc có văn_bản đề_nghị người đứng đầu_cơ_sở tiếp_nhận đối_tượng vào cơ_sở ; 

đ ) Trong thời_hạn 07 ngày làm_việc , kể từ khi nhận được hồ_sơ của đối_tượng và văn_bản đề_nghị của Chủ_tịch Ủy_ban nhân_dân cấp huyện , người đứng đầu_cơ_sở quyết_định tiếp_nhận đối_tượng vào cơ_sở_thuộc thẩm_quyền quản_lý ; 

e ) Trường_hợp đối_tượng không được tiếp_nhận vào cơ_sở thì người đứng đầu_cơ_sở phải trả_lời ngay bằng văn_bản và nêu rõ lý_do . 

2 . Thủ_tục tiếp_nhận vào cơ_sở đối_với đối_tượng cần bảo_vệ khẩn_cấp quy_định tại khoản 2 Điều 25 <NĐ rel="DaC"> Nghị_định số 136/2013/NĐ-CP </NĐ> thực_hiện theo quy_định sau đây :
a ) Cơ_sở có trách_nhiệm tiếp_nhận ngay các đối_tượng cần sự bảo_vệ khẩn_cấp để chăm_sóc , nuôi_dưỡng và hoàn_thiện các thủ_tục theo quy_trình sau : 

Bước 1 .  Lập biên_bản tiếp_nhận có chữ_ký của cá_nhân hoặc đại_diện cơ_quan , đơn_vị phát_hiện ra đối_tượng ( nếu có ) , chính_quyền ( hoặc công_an ) cấp xã , đại_diện cơ_sở .  Đối_với đối_tượng là nạn_nhân của bạo_lực gia_đình , nạn_nhân bị xâm_hại tình_dục , nạn_nhân bị buôn_bán và nạn_nhân bị cưỡng_bức lao_động , biên_bản tiếp_nhận có chữ_ký của đối_tượng ( nếu có_thể ) ; 

Bước 2 .  Đánh_giá về mức_độ tổn_thương , khả_năng phục_hồi và nhu_cầu trợ_giúp của đối_tượng để có kế_hoạch trợ_giúp đối_tượng ; 

Bước 3 .  Bảo_đảm an_toàn và chữa_trị những tổn_thương về thân_thể hoặc tinh_thần cho đối_tượng kịp_thời ;  đối_với trẻ_em bị bỏ_rơi , thông_báo trên các phương_tiện thông_tin đại_chúng trong thời_hạn 25 ngày làm_việc ; 

Bước 4 .  Quyết_định trợ_giúp đối_tượng tại cơ_sở trợ_giúp xã_hội hoặc chuyển đối_tượng về gia_đình , cộng_đồng ; 

Bước 5 .  Hoàn_thành các thủ_tục , hồ_sơ của đối_tượng theo quy_định , Trường_hợp là trẻ_em bị bỏ_rơi , cơ_sở thực_hiện các thủ_tục khai_sinh cho trẻ theo quy_định của pháp_luật về hộ_tịch , 

b ) Tiếp_nhận ngay các đối_tượng cần sự bảo_vệ khẩn_cấp vào cơ_sở .  Các thủ_tục , hồ_sơ phải hoàn_thiện trong 10 ngày làm_việc , kể từ khi tiếp_nhận đối_tượng , Trường_hợp kéo_dài quá 10 ngày làm_việc , phải do cơ_quan quản_lý cấp trên xem_xét quyết_định . 

3 . Thủ_tục quyết_định tiếp_nhận đối_với đối_tượng tự_nguyện thực_hiện theo quy_định sau đây : 

Đối_tượng tự_nguyện ký hợp_đồng cung_cấp dịch_vụ trợ_giúp xã_hội với người đứng đầu_cơ_sở và nộp bản_sao giấy chứng_minh nhân_dân hoặc thẻ căn_cước công_dân hoặc hộ_chiếu hoặc chứng_thực cá_nhân hợp_pháp khác . 

Điều 42 .  Lập hồ_sơ quản_lý đối_tượng tại cơ_sở 

1 . Hồ_sơ tiếp_nhận vào cơ_sở quy_định tại Điều 40 Nghị_định này . 

2 . Kế_hoạch trợ_giúp xã_hội và các tài_liệu liên_quan . 

3 . Quyết_định dừng trợ_giúp xã_hội hoặc thanh_lý hợp_đồng dịch_vụ trợ_giúp xã_hội . 

4 . Các văn_bản có liên_quan đến đối_tượng . 

Điều 43 .  Thẩm_quyền , điều_kiện , thủ_tục dừng trợ_giúp xã_hội 

1 . Thẩm_quyền dừng trợ_giúp xã_hội : Người đứng đầu_cơ_sở trợ_giúp xã_hội quyết_định dừng trợ_giúp xã_hội đối_với đối_tượng . 

2 . Điều_kiện dừng trợ_giúp xã_hội 

a ) Kết_thúc quản_lý trường_hợp theo quyết_định của người đứng đầu_cơ_sở ; 

b ) Người giám_hộ , gia_đình hoặc gia_đình , cá_nhân nhận chăm_sóc , nuôi_dưỡng có đơn đề_nghị ; 

c ) Đối_tượng được nhận làm con_nuôi theo quy_định của pháp_luật con_nuôi ; 

d ) Đối_tượng đủ 18 tuổi .  Trường_hợp từ 18 tuổi trở lên đang học các cấp học phổ_thông , học nghề , trung_học chuyên_nghiệp , cao_đẳng , đại_học thì tiếp_tục được chăm_sóc , nuôi_dưỡng tại cơ_sở cho đến khi tốt_nghiệp văn_bằng thứ nhất nhưng không quá 22 tuổi ; 

đ ) Cơ_sở không có khả_năng cung_cấp dịch_vụ trợ_giúp xã_hội phù_hợp cho đối_tượng ; 

e ) Đối_tượng không liên_hệ trong vòng 1 tháng ; 

g ) Đối_tượng đề_nghị dừng hoạt_động trợ_giúp xã_hội ; 

h ) Đối_tượng chết hoặc mất_tích theo quy_định của pháp_luật ; 

i ) Kết_thúc hợp_đồng cung_cấp dịch_vụ trợ_giúp xã_hội ; 

k ) Trường_hợp khác theo quy_định của pháp_luật . 

3 . Thủ_tục dừng trợ_giúp xã_hội 

a ) Đối_tượng sử_dụng dịch_vụ hoặc người giám_hộ , thân_nhân hoặc gia_đình , cá_nhân nhận chăm_sóc , nuôi_dưỡng hoặc cha_mẹ nuôi quy_định tại điểm b , c , d , g khoản 2 Điều này có đơn đề_nghị theo Mẫu_số 13 tại Phụ_lục ban_hành kèm theo Nghị_định này gửi người đứng đầu_cơ_sở dừng trợ_giúp xã_hội ( nếu có ) ; 

b ) Trong thời_hạn 07 ngày làm_việc , kể từ khi nhận được đơn , người đứng đầu_cơ_sở quyết_định dừng trợ_giúp xã_hội ; 

c ) Lập biên_bản bàn_giao đối_tượng về gia_đình , cộng_đồng có xác_nhận của Ủy_ban nhân_dân cấp xã hoặc thanh_lý hợp_đồng dịch_vụ trợ_giúp xã_hội . 

I 

CƠ_SỞ TRỢ_GIÚP XÃ_HỘI DƯỚI 10 ĐỐI_TƯỢNG CÓ HOÀN_CẢNH KHÓ_KHĂN 

Điều 44 .  Điều_kiện đăng_ký hoạt_động trợ_giúp xã_hội 

1 . Người đứng đầu , nhân_viên của cơ_sở phải có năng_lực hành_vi dân_sự đầy_đủ ;  có phẩm_chất đạo_đức tốt , không mắc tệ_nạn xã_hội ;  không thuộc đối_tượng bị truy_cứu trách_nhiệm hình_sự hoặc đã bị kết_án mà chưa được xóa_án tích ; 

2 . Có_nhân_viên trợ_giúp xã_hội cho đối_tượng ; 

3 . Đáp_ứng các điều_kiện cơ_bản về nhà ở , nhà_bếp , điện , nước phục_vụ sinh_hoạt hàng ngày cho đối_tượng . 

Điều 45 .  Thẩm_quyền đăng_ký hoạt_động trợ_giúp xã_hội 

Chủ_tịch Ủy_ban nhân_dân cấp xã có thẩm_quyền cấp giấy chứng_nhận đăng_ký hoạt_động trợ_giúp xã_hội đối_với cơ_sở có trụ_sở trên địa_bàn . 

Điều 46 .  Hồ_sơ đăng_ký hoạt_động trợ_giúp xã_hội 

1 . Tờ khai đăng_ký hoạt_động trợ_giúp xã_hội theo Mẫu_số 14 tại Phụ_lục ban_hành kèm theo Nghị_định này . 

2 . Phiếu lý_lịch tư_pháp của người đứng đầu_cơ_sở , nhân_viên của cơ_sở . 

3 . Bản_sao giấy chứng_minh nhân_dân hoặc thẻ căn_cước công_dân hoặc hộ_chiếu hoặc chứng_thực cá_nhân hợp_pháp khác của người đứng đầu , nhân_viên của cơ_sở . 

Điều 47 .  Trình_tự , thủ_tục đăng_ký hoạt_động trợ_giúp xã_hội 

1 . Người đứng đầu_cơ_sở nộp 01 bộ hồ_sơ đăng_ký hoạt_động trợ_giúp xã_hội quy_định tại Điều 46 Nghị_định này đến Ủy_ban nhân_dân cấp xã nơi cơ_sở có trụ_sở . 

2 . Ủy_ban nhân_dân cấp xã có trách_nhiệm xem_xét , cấp giấy chứng_nhận đăng_ký hoạt_động trợ_giúp xã_hội theo Mẫu_số 15 tại Phụ_lục ban_hành kèm theo Nghị_định này cho cơ_sở trong thời_hạn 10 ngày làm_việc , kể từ ngày nhận hồ_sơ .  Trường_hợp từ_chối cấp giấy chứng_nhận đăng_ký hoạt_động trợ_giúp xã_hội thì phải thông_báo bằng văn_bản và nêu rõ lý_do . 

Điều 48 .  Thu_hồi giấy chứng_nhận đăng_ký hoạt_động trợ_giúp xã_hội 

1 . Giấy chứng_nhận đăng_ký hoạt_động trợ_giúp xã_hội bị thu_hồi trong các trường_hợp sau đây : 

a ) Giấy chứng_nhận đăng_ký hoạt_động trợ_giúp xã_hội được cấp không đúng quy_định của pháp_luật ; 

b ) Cơ_sở vi_phạm nghiêm_trọng các hoạt_động được ghi trong giấy chứng_nhận đăng_ký hoạt_động ; 

c ) Các trường_hợp khác theo quy_định của pháp_luật 

2 . Khi phát_hiện một trong các trường_hợp quy_định tại khoản 1 Điều 48 Nghị_định này , cán_bộ Lao_động-Thương_binh và Xã_hội cấp xã có trách_nhiệm trình Ủy_ban nhân_dân cấp xã quyết_định thu_hồi giấy chứng_nhận đăng_ký hoạt_động trợ_giúp xã_hội của cơ_sở . 

3 . Ủy_ban nhân_dân cấp xã có thẩm_quyền quyết_định thu_hồi giấy chứng_nhận đăng_ký hoạt_động trợ_giúp xã_hội . 

I 

THẨM_QUYỀN VÀ TRÁCH_NHIỆM QUẢN_LÝ NHÀ_NƯỚC 

Điều 49 .  Trách_nhiệm các bộ , ngành 

1 . Bộ Lao_động-Thương_binh và Xã_hội chịu trách_nhiệm giúp Chính_phủ thực_hiện thống_nhất quản_lý nhà_nước đối_với cơ_sở trợ_giúp xã_hội trong phạm_vi cả nước và có trách_nhiệm : 

a ) Hướng_dẫn về cơ_cấu tổ_chức và định_mức nhân_viên tại cơ_sở trợ_giúp xã_hội ;  tiêu_chuẩn các chức_danh nghề_nghiệp và cộng_tác_viên làm_việc tại cơ_sở trợ_giúp xã_hội ;  quy_trình , tiêu_chuẩn trợ_giúp xã_hội của cơ_sở và các quy_định khác tại Nghị_định này . 

b ) Quy_hoạch , phát_triển mạng_lưới và xây_dựng mô_hình điểm cơ_sở trợ_giúp xã_hội ; 

c ) Ứng_dụng công_nghệ thông_tin trong việc quản_lý các cơ_sở trợ_giúp xã_hội ; 

d ) Đào_tạo , bồi_dưỡng , nâng cao năng_lực cho viên_chức và cộng_tác_viên của cơ_sở trợ_giúp xã_hội ; 

đ ) Kiểm_tra , thanh_tra hoạt_động cơ_sở trợ_giúp xã_hội ; 

e ) Tổng_hợp và báo_cáo Thủ_tướng Chính_phủ về hoạt_động cơ_sở trợ_giúp xã_hội . 

2 . Bộ Nội_vụ có trách_nhiệm hướng_dẫn việc thành_lập , tổ_chức lại , giải_thể đơn_vị sự_nghiệp công_lập . 

3 . Bộ Y_tế có trách_nhiệm hướng_dẫn về chăm_sóc y_tế , chỉnh_hình-phục_hồi chức_năng đối_với các đối_tượng bị khuyết_tật , tâm_thần , trẻ_em có hoàn_cảnh đặc_biệt và đối_tượng khác trong cơ_sở trợ_giúp xã_hội . 

4 . Bộ Giáo_dục và Đào_tạo có trách_nhiệm hướng_dẫn miễn học_phí , các khoản đóng_góp ;  chỉ_đạo , hướng_dẫn tổ_chức lớp_học_hòa_nhập cho học_sinh là đối_tượng trong cơ_sở trợ_giúp xã_hội . 

5 . Bộ Tài_chính có trách_nhiệm bố_trí kinh_phí hoạt_động của các cơ_sở trợ_giúp xã_hội theo quy_định của <L rel="DaC"> Luật ngân_sách nhà_nước </L> và các văn_bản quy_phạm pháp_luật .
6 . Bộ Kế_hoạch và Đầu_tư có trách_nhiệm chủ_trì thẩm_định nguồn vốn đầu_tư và khả_năng cân_đối vốn đầu_tư các dự_án cơ_sở trợ_giúp xã_hội sử_dụng vốn ngân_sách trung_ương , vốn công_trái quốc_gia , vốn trái_phiếu chính_phủ , vốn ODA và vốn vay ưu_đãi của các nhà tài_trợ nước_ngoài ; chủ_trì cân_đối , bố_trí vốn đầu_tư phát_triển theo kế_hoạch trung_hạn và hàng năm để thực_hiện dự_án đã thẩm_định sau khi hoàn_thiện thủ_tục đầu_tư theo quy_định của <L rel="DaC"> Luật đầu_tư công </L> .
7 . Các bộ , cơ_quan ngang bộ , cơ_quan thuộc Chính_phủ có trách_nhiệm tổ_chức thực_hiện Nghị_định này theo chức_năng , nhiệm_vụ được giao và quản_lý nhà_nước đối_với cơ_sở_thuộc phạm_vi quản_lý và tổng_hợp , báo_cáo Bộ Lao_động-Thương_binh và Xã_hội về tình_hình hoạt_động của các cơ_sở trước ngày 15 tháng 12 hàng năm . 

Điều 50 .  Trách_nhiệm của Ủy_ban nhân_dân các cấp 

1 . Bố_trí kinh_phí hoạt_động của các cơ_sở trợ_giúp xã_hội công_lập theo quy_định của <L rel="DaC"> Luật ngân_sách nhà_nước </L> và các văn_bản quy_phạm pháp_luật hướng_dẫn .
2 . Bố_trí kinh_phí nuôi_dưỡng các đối_tượng bảo_trợ xã_hội được tiếp_nhận vào cơ_sở trợ_giúp xã_hội công_lập và ngoài công_lập theo quy_định của pháp_luật . 

3 . Rà_soát , sắp_xếp , kiện_toàn các cơ_sở trợ_giúp xã_hội trên địa_bàn bảo_đảm các tiêu_chuẩn , điều_kiện hoạt_động theo quy_định tại Nghị_định này . 

4 . Chỉ_đạo các cơ_quan_chức_năng cấp giấy_phép hoạt_động cho các cơ_sở trợ_giúp xã_hội công_lập và ngoài công_lập đủ điều_kiện . 

5 . Trong thời_hạn 01 năm , nếu cơ_sở không đáp_ứng các tiêu_chuẩn , điều_kiện hoạt_động theo quy_định thì thực_hiện thủ_tục sáp_nhập hoặc giải_thể cơ_sở . 

Điều 51 .  Trách_nhiệm của cơ_sở 

1 . Tổ_chức , sắp_xếp , kiện_toàn tổ_chức bộ_máy , đội_ngũ nhân_lực và bảo_đảm các điều_kiện về cơ_sở vật_chất , trang_thiết_bị theo quy_định tại Nghị_định này . 

2 . Kiến_nghị cơ_quan cấp trên trực_tiếp_quản_lý về phương_án kiện_toàn cơ_sở . 

3 . Thực_hiện chế_độ báo_cáo định_kỳ 6 tháng ( trước ngày 15 tháng 6 ) , hàng năm ( trước ngày 15 tháng 12 ) và đột_xuất với cơ_quan Lao_động-Thương_binh và Xã_hội cùng cấp về hoạt_động của cơ_sở trợ_giúp xã_hội . 

I 

ĐIỀU_KHOẢN THI_HÀNH 

Điều 52 .  Hiệu_lực thi_hành 

1 . Nghị_định này có hiệu_lực thi_hành từ ngày 01 tháng 11 năm 2017 . 

2 . <NĐ rel="HHL"> Nghị_định số 68/2008/NĐ-CP ngày 30 tháng 5 năm 2008 </NĐ> của Chính_phủ quy_định điều_kiện , thủ_tục thành_lập , tổ_chức , hoạt_động và giải_thể cơ_sở bảo_trợ xã_hội ; Điều 1 <NĐ rel="HHL1"> Nghị_định số 81/2012/NĐ-CP ngày 08 tháng 10 năm 2012 </NĐ> của Chính_phủ sửa_đổi , bổ_sung một_số điều <NĐ rel="none"> Nghị_định số 68/2008/NĐ-CP ngày 30 tháng 5 năm 2008 </NĐ> của Chính_phủ quy_định điều_kiện , thủ_tục thành_lập , tổ_chức , hoạt_động và giải_thể cơ_sở bảo_trợ xã_hội và <NĐ rel="none"> Nghị_định số 109/2002/NĐ-CP ngày 27 tháng 12 năm 2002 </NĐ> của Chính_phủ sửa_đổi , bổ_sung một_số điều của <NĐ rel="none"> Nghị_định số 195/CP ngày 31 tháng 12 năm 1994 </NĐ> của Chính_phủ quy_định chi_tiết và hướng_dẫn thi_hành một_số điều của <BL rel="none"> Bộ_luật lao_động </BL> về thời_giờ làm_việc , thời_giờ nghỉ_ngơi ; Điều 28 , Điều 30 , Điều 31 <NĐ rel="HHL1"> Nghị_định số 136/2013/NĐ-CP ngày 21 tháng 10 năm 2013 </NĐ> của Chính_phủ quy_định chính_sách trợ_giúp xã_hội đối_với đối_tượng bảo_trợ xã_hội ; Chương V_Nghị_định số 28/2012/NĐ-CP ngày 10 tháng 4 năm 2012 của Chính_phủ quy_định chi_tiết và hướng_dẫn thi_hành một_số điều của <L rel="none"> Luật người khuyết_tật </L> ; Chương II <NĐ rel="HHL"> Nghị_định số 06/2011/NĐ-CP ngày 14 tháng 01 năm 2011 </NĐ> của Chính_phủ quy_định chi_tiết và hướng_dẫn thi_hành một_số điều của <L rel="none"> Luật người cao_tuổi </L> hết hiệu_lực từ ngày Nghị_định này có hiệu_lực .
Điều 53 .  Trách_nhiệm thi_hành 

Các Bộ_trưởng , Thủ_trưởng cơ_quan ngang bộ , Thủ_trưởng cơ_quan thuộc Chính_phủ , Chủ_tịch Ủy_ban nhân_dân các tỉnh , thành_phố trực_thuộc trung_ương chịu trách_nhiệm thi_hành Nghị_định này ./. 