Nghị định Cơ chế đặc thù trong quản lý đầu tư xây dựng đối với một số dự án thuộc các chương trình mục tiêu quốc gia giai đoạn 2016 - 2020.

Căn_cứ <L rel="CC"> Luật Tổ_chức Chính_phủ ngày 19 tháng 6 năm 2015 </L> ;
Căn_cứ <L rel="CC"> Luật_Đấu_thầu ngày 26 tháng 11 năm 2013 </L> ;
Căn_cứ <L rel="CC"> Luật_Đầu_tư công ngày 18 tháng 6 năm 2014 </L> ;
Căn_cứ <L rel="CC"> Luật Xây_dựng ngày 18 tháng 6 năm 2014 </L> ;
Căn_cứ <NQ rel="CC"> Nghị_quyết số 100/2015/QH13 của Quốc_hội Khóa XIII ngày 12 tháng 11 năm 2015 </NQ> về phê_duyệt chủ_trương đầu_tư các chương_trình mục_tiêu quốc_gia giai_đoạn 2016-2020 ;
Căn_cứ ý_kiến thẩm_định , Ủy_ban nhân_dân xã chỉ_đạo hoàn_thiện và phê_duyệt hồ_sơ xây_dựng công_trình . 

Điều 1 .  Phạm_vi điều_chỉnh và đối_tượng áp_dụng 

1 . Nghị_định này quy_định cơ_chế đặc_thù trong quản_lý đầu_tư xây_dựng đối_với một_số dự_án thuộc các chương_trình mục_tiêu quốc_gia giai_đoạn 2016-2020 có quy_mô nhỏ , kỹ_thuật không phức_tạp , Nhà_nước hỗ_trợ đầu_tư một phần , phần còn lại do nhân_dân đóng_góp ( gọi tắt là dự_án nhóm C quy_mô nhỏ ) . 

2 . Nghị_định này áp_dụng đối_với các cơ_quan , tổ_chức , cá_nhân có liên_quan trong thực_hiện các chương_trình mục_tiêu quốc_gia giai_đoạn 2016-2020 . 

Điều 2 .  Tiêu_chí dự_án nhóm C quy_mô nhỏ 

1 . Thuộc nội_dung đầu_tư của các chương_trình mục_tiêu quốc_gia giai_đoạn 2016-2020 . 

2 . Tổng_mức đầu_tư dưới 05 tỷ đồng . 

3 . Dự_án nằm trên địa_bàn 01 xã và do Ủy_ban nhân_dân xã quản_lý . 

4 . Kỹ_thuật không phức_tạp , có thiết_kế mẫu , thiết_kế điển_hình . 

5 . Sử_dụng một phần ngân_sách Nhà_nước , phần kinh_phí còn lại do nhân_dân đóng_góp và các nguồn khác , có sự tham_gia thực_hiện và giám_sát của người dân .  Phần kinh_phí đóng_góp của nhân_dân có_thể bằng tiền hoặc hiện_vật , ngày_công_lao_động được quy_đổi thành tiền . 

6 . Thuộc danh_mục loại dự_án được áp_dụng cơ_chế đặc_thù do Ủy_ban nhân_dân cấp tỉnh ban_hành . 

Chương_II 

QUY_ĐỊNH CỤ_THỂ 

Điều 3 .  Thẩm_định nguồn vốn và khả_năng cân_đối vốn ngân_sách Trung_ương , vốn trái_phiếu Chính_phủ , vốn công_trái quốc_gia , vốn ODA ( gọi tắt là vốn ngân_sách Trung_ương ) đối_với dự_án nhóm C quy_mô nhỏ 

1 . Căn_cứ thông_báo của Trung_ương về số vốn trung_hạn hoặc hàng năm , Ủy_ban nhân_dân cấp tỉnh tổ_chức thẩm_định nguồn vốn và khả_năng cân_đối vốn ngân_sách Trung_ương đối_với danh_mục các dự_án nhóm C quy_mô nhỏ , không thẩm_định từng dự_án riêng_lẻ .  Căn_cứ báo_cáo thẩm_định nguồn vốn và khả_năng cân_đối vốn của Sở Kế_hoạch và Đầu_tư , Ủy_ban nhân_dân cấp tỉnh quyết_định chủ_trương đầu_tư của toàn_bộ danh_mục dự_án . 

2 . Cân_đối mức vốn cho dự_án khởi_công mới phải đáp_ứng các yêu_cầu tại Khoản 5 , Điều 54 , <L rel="DaC"> Luật_Đầu_tư công </L> .
3 . Ủy_ban nhân_dân cấp tỉnh gửi báo_cáo tổng_hợp kết_quả thẩm_định nguồn vốn và khả_năng cân_đối vốn ngân_sách Trung_ương các dự_án khởi_công mới của từng chương_trình mục_tiêu quốc_gia ( gọi tắt là báo_cáo tổng_hợp kết_quả thẩm_định ) tới Bộ Kế_hoạch và Đầu_tư , Bộ Tài_chính và Chủ chương_trình mục_tiêu quốc_gia để theo_dõi và giám_sát .  Thời_gian báo_cáo chậm nhất không quá 30 ngày sau khi Ủy_ban nhân_dân cấp tỉnh phân_bổ vốn ngân_sách Trung_ương cho các dự_án khởi_công mới trong kế_hoạch hàng năm .  Nội_dung báo_cáo tổng_hợp kết_quả thẩm_định gồm các nội_dung sau : 

a ) Về nguồn vốn : Sự phù_hợp của các dự_án đối_với nguồn vốn đầu_tư , mục_tiêu , đối_tượng của chương_trình ; 

b ) Về cân_đối vốn : Khả_năng bố_trí vốn cho các dự_án trong tổng_số vốn kế_hoạch đầu_tư trung_hạn hoặc hàng năm của chương_trình , sắp_xếp thứ_tự ưu_tiên theo quy_định của pháp_luật ; 

c ) Danh_mục các dự_án được thẩm_định : Tên dự_án , địa_điểm , quy_mô , tổng mức đầu_tư ( ngân_sách Trung_ương , ngân_sách địa_phương , dân góp , các nguồn khác ... ) , thời_gian và hình_thức thực_hiện . 

Điều 4 .  Lập hồ_sơ xây_dựng công_trình 

1 . Các dự_án được áp_dụng cơ_chế đầu_tư đặc_thù lập hồ_sơ xây_dựng công_trình đơn_giản ( gọi tắt là hồ_sơ xây_dựng công_trình ) thay cho báo_cáo kinh_tế-kỹ_thuật đầu_tư xây_dựng . 

2 . Nội_dung của hồ_sơ xây_dựng công_trình : 

a ) Tên dự_án , mục_tiêu đầu_tư , địa_điểm xây_dựng , chủ đầu_tư , quy_mô , tiêu_chuẩn kỹ_thuật theo thiết_kế mẫu , thiết_kế điển_hình đã được cơ_quan nhà_nước có thẩm_quyền ban_hành , thời_gian thực_hiện ; 

b ) Tổng_mức đầu_tư , trong đó gồm kinh_phí Nhà_nước hỗ_trợ ( ngân_sách Trung_ương , ngân_sách địa_phương các cấp ) , đóng_góp của nhân_dân , huy_động khác .  Bảng kê các chi_phí , trong đó , ưu_tiên sử_dụng vật_liệu tại_chỗ và đơn_giá lập hồ_sơ xây_dựng công_trình được phép áp_dụng theo giá thị_trường ; 

c ) Bản_vẽ thi_công ( nếu có ) theo thiết_kế mẫu , thiết_kế điển_hình ; 

d ) Khả_năng tự thực_hiện của nhân_dân , cộng_đồng hưởng lợi . 

3 . Ban quản_lý thực_hiện Chương_trình mục_tiêu quốc_gia ( gọi tắt là Ban quản_lý ) xã có trách_nhiệm lập hồ_sơ xây_dựng công_trình gửi Ủy_ban nhân_dân xã thẩm_định và phê_duyệt .  Trường_hợp Ủy_ban nhân_dân xã_giao cho thôn thực_hiện công_trình , Ban quản_lý cấp thôn ( hoặc các tổ_chức tương_đương được Ủy_ban nhân_dân xã công_nhận ) có trách_nhiệm lập hồ_sơ xây_dựng công_trình gửi Ủy_ban nhân_dân xã thẩm_định và phê_duyệt . 

Điều 5 .  Thẩm_định hồ_sơ xây_dựng công_trình 

1 . Hồ_sơ thẩm_định gồm : Hồ_sơ xây_dựng công_trình với nội_dung quy_định tại Khoản 2 , Điều 4 , Nghị_định này ;  biên_bản các cuộc họp của cộng_đồng và các văn_bản pháp_lý liên_quan đến xây_dựng công_trình ( nếu có ) . 

2 . Cơ_quan thẩm_định : 

a ) Ủy_ban nhân_dân xã có trách_nhiệm thẩm_định hồ_sơ xây_dựng công_trình .  Chủ_tịch Ủy_ban nhân_dân xã thành_lập tổ thẩm_định , gồm : Lãnh_đạo Ủy_ban nhân_dân xã làm Tổ_trưởng , đại_diện ban giám_sát đầu_tư của cộng_đồng xã , tài_chính-kế_toán xã , chuyên_gia hoặc những người có trình_độ chuyên_môn do cộng_đồng bình_chọn ; 

b ) Trường_hợp Ủy_ban nhân_dân xã không đủ năng_lực thì Ủy_ban nhân_dân cấp huyện giao cơ_quan chuyên_môn của huyện thẩm_định . 

3 . Nội_dung thẩm_định : 

a ) Đánh_giá sự phù_hợp của dự_án với quy_hoạch xây_dựng , quy_hoạch sử_dụng đất của địa_phương , các quy_hoạch xây_dựng và đề_án xây_dựng nông_thôn mới cấp xã ; 

b ) Đánh_giá sự phù_hợp của thiết_kế mẫu , thiết_kế điển_hình với điều_kiện thực_tế của mặt_bằng thi_công công_trình ; 

c ) Tính_khả_thi về kỹ_thuật , khả_năng tự thực_hiện của nhân_dân và cộng_đồng được giao thi_công ; 

d ) Chủ_trương đầu_tư và khả_năng huy_động vốn ( Nhà_nước , đóng_góp của nhân_dân , các nguồn_lực khác ) theo quyết_định phê_duyệt chủ_trương đầu_tư và báo_cáo thẩm_định nguồn vốn và mức vốn ngân_sách Nhà_nước ( đối_với dự_án được đầu_tư từ phần vốn ngân_sách Nhà_nước không thuộc ngân_sách cấp xã trực_tiếp đầu_tư ) ; 

đ ) Tính hợp_lý của các chi_phí so với mặt_bằng giá của địa_phương ( giá thị_trường ) , với các dự_án tương_tự khác đã và đang thực_hiện ( nếu có ) . 

4 . Thời_gian thẩm_định và báo_cáo kết_quả thẩm_định : Cơ_quan thẩm_định có báo_cáo kết_quả thẩm_định bằng văn_bản tới Ủy_ban nhân_dân xã ;  thời_gian không quá 10 ngày làm_việc kể từ ngày nhận đủ hồ_sơ hợp_lệ . 

Điều 6 .  Phê_duyệt hồ_sơ xây_dựng công_trình 

Điều_kiện về thời_hạn phê_duyệt hồ_sơ xây_dựng công_trình đối_với các dự_án khởi_công mới được bố_trí vốn hàng năm : Trước thời_điểm giao kế_hoạch vốn chi_tiết cho dự_án . 

Điều 7 .  Lựa_chọn nhà_thầu theo hình_thức tham_gia thực_hiện của cộng_đồng 

1 . Hình_thức lựa_chọn nhà_thầu đối_với gói_thầu thực_hiện bởi cộng_đồng được phê_duyệt trong kế_hoạch lựa_chọn nhà_thầu là : tham_gia thực_hiện của cộng_đồng . 

2 . Tư_cách hợp_lệ của cộng_đồng dân_cư , tổ_chức đoàn_thể , tổ , nhóm thợ tại địa_phương thực_hiện gói_thầu : 

a ) Cộng_đồng dân_cư , tổ_chức đoàn_thể , tổ , nhóm thợ tại địa_phương được coi là có tư_cách hợp_lệ để tham_gia thực_hiện các gói_thầu quy_định tại Điều 27 của <L rel="DaC"> Luật_Đấu_thầu </L> khi người dân thuộc cộng_đồng dân_cư hoặc tổ , nhóm thợ , tổ_chức đoàn_thể sinh_sống , cư_trú trên địa_bàn triển_khai gói_thầu và được hưởng lợi từ gói_thầu ;
b ) Người đại_diện của cộng_đồng dân_cư , tổ_chức đoàn_thể , tổ , nhóm thợ phải có năng_lực hành_vi dân_sự đầy_đủ theo quy_định pháp_luật , không thuộc đối_tượng đang bị truy_cứu trách_nhiệm hình_sự , được cộng_đồng dân_cư , tổ_chức đoàn_thể , tổ , nhóm thợ lựa_chọn để thay_mặt cộng_đồng dân_cư , tổ_chức đoàn_thể , tổ , nhóm thợ ký_kết_hợp_đồng . 

3 . Quy_trình lựa_chọn nhà_thầu là cộng_đồng dân_cư , tổ_chức đoàn_thể , tổ , nhóm thợ : 

a ) Ban quản_lý xã dự_thảo hợp_đồng trong đó bao_gồm các yêu_cầu về phạm_vi , nội_dung công_việc cần thực_hiện , chất_lượng , tiến_độ công_việc cần đạt được , giá hợp_đồng , quyền và nghĩa_vụ của các bên ; 

b ) Ban quản_lý xã niêm_yết thông_báo công_khai ( tối_thiểu 3 ngày làm_việc ) về việc mời tham_gia thực_hiện gói_thầu tại trụ_sở Ủy_ban nhân_dân xã và thông_báo trên các phương_tiện truyền_thông cấp xã , các nơi sinh_hoạt cộng_đồng để các cộng_đồng dân_cư , tổ_chức đoàn_thể và tổ , nhóm thợ trên địa_bàn biết .  Thông_báo cần ghi rõ thời_gian họp bàn về phương_án thực_hiện gói_thầu ; 

c ) Cộng_đồng dân_cư , tổ_chức đoàn_thể , tổ , nhóm thợ quan_tâm nhận dự_thảo hợp_đồng để nghiên_cứu và chuẩn bị_đơn đăng_ký thực_hiện gói_thầu hoặc dự_án gồm : Họ tên , độ tuổi , năng_lực và kinh_nghiệm phù_hợp với tính_chất gói_thầu của các thành_viên tham_gia thực_hiện gói_thầu ;  giá nhận_thầu và tiến_độ thực_hiện ; 

d ) Ban quản_lý xã xem_xét , đánh_giá lựa_chọn cộng_đồng dân_cư hoặc tổ_chức đoàn_thể tốt nhất và mời đại_diện vào đàm_phán và ký_kết_hợp_đồng .  Chỉ giao tổ , nhóm thợ địa_phương thực_hiện khi cộng_đồng dân_cư , tổ_chức đoàn_thể không có đơn đăng_ký thực_hiện gói_thầu , dự_án hoặc không đáp_ứng yêu_cầu ; 

đ ) Thời_gian tối_đa từ khi thông_báo công_khai về việc mời tham_gia thực_hiện gói_thầu đến khi ký_kết_hợp_đồng là 30 ngày . 

Điều 8 .  Tổ_chức , giám_sát thi_công và nghiệm_thu công_trình 

1 . Căn_cứ hồ_sơ xây_dựng công_trình được duyệt , kết_quả lựa_chọn đơn_vị thi_công và kế_hoạch giao vốn chi_tiết cho dự_án , ban quản_lý xã tiến_hành ký_kết_hợp_đồng với đại_diện của cộng_đồng , tổ_chức được giao để tổ_chức thi_công . 

2 . Ủy_ban nhân_dân cấp huyện ( đối_với công_trình do Ủy_ban nhân_dân xã thực_hiện ) và xã ( đối_với công_trình do thôn thực_hiện ) có trách_nhiệm cử cán_bộ chuyên_môn hỗ_trợ thi_công ;  Ban quản_lý xã , Ban giám_sát đầu_tư của cộng_đồng xã có trách_nhiệm giám_sát trong quá_trình thi_công công_trình . 

3 . Ban quản_lý xã tổ_chức nghiệm_thu công_trình , thành_phần gồm : đại_diện Ủy_ban nhân_dân xã , Ban quản_lý xã ;  Ban giám_sát đầu_tư của cộng_đồng xã ;  đại_diện cộng_đồng dân_cư , tổ_chức đoàn_thể , tổ , nhóm thợ thi_công ;  các thành_phần có liên_quan khác do Ủy_ban nhân_dân xã quyết_định . 

Điều 9 .  Chi_phí hỗ_trợ chuẩn_bị và quản_lý thực_hiện dự_án 

Nội_dung và định_mức hỗ_trợ do Ủy_ban nhân_dân cấp tỉnh trình Hội_đồng nhân_dân cấp tỉnh ban_hành theo các quy_định hiện_hành và điều_kiện cụ_thể của địa_phương nhưng không cao hơn các định_mức chi_phí theo cơ_chế đầu_tư_thông_thường . 

Điều 10 .  Tổ_chức thực_hiện 

1 . Ủy_ban nhân_dân các tỉnh , thành_phố trực_thuộc Trung_ương : 

a ) Ban_hành thiết_kế mẫu , thiết_kế điển_hình ; 

b ) Ban_hành danh_mục loại dự_án được áp_dụng cơ_chế đặc_thù ; 

c ) Tổ_chức thẩm_định nguồn vốn và khả_năng cân_đối vốn ngân_sách Trung_ương theo quy_định tại Điều 3 Nghị_định này ; 

d ) Hướng_dẫn thực_hiện cơ_chế phù_hợp với đặc_điểm , tình_hình_cụ_thể của địa_phương . 

2 . Bộ Tài_chính hướng_dẫn thực_hiện cơ_chế thanh quyết_toán đối_với các dự_án áp_dụng cơ_chế này theo hướng đặc_thù rút_gọn . 

Đối_với các dự_án thực_hiện theo hình_thức Ngân_sách nhà_nước hỗ_trợ vật_liệu xây_dựng , Ủy_ban nhân_dân cấp tỉnh quy_định cụ_thể việc quản_lý , thanh quyết_toán phần vốn ngân_sách Nhà_nước hỗ_trợ cho phù_hợp với điều_kiện thực_tế của địa_phương . 

3 . Bộ Kế_hoạch và Đầu_tư chủ_trì , phối_hợp với các cơ_quan liên_quan theo_dõi , kiểm_tra , sơ_kết và tổng_kết việc thực_hiện Nghị_định này ;  báo_cáo Chính_phủ xem_xét sửa_đổi , bổ_sung Nghị_định nếu cần . 

I 

HIỆU_LỰC THI_HÀNH 

Điều 11 .  Hiệu_lực thi_hành 

1 . Nghị_định này có hiệu_lực thi_hành từ ngày ký ban_hành . 

2 . Bãi_bỏ <QĐ rel="HHL"> Quyết_định số 498/QĐ-TTg ngày 21 tháng 3 năm 2013 </QĐ> của Thủ_tướng Chính_phủ phê_duyệt bổ_sung cơ_chế đầu_tư Chương_trình mục_tiêu quốc_gia về xây_dựng nông_thôn mới giai_đoạn 2010-2020 .
3 . Đối_với các nội_dung khác liên_quan đến quản_lý đầu_tư xây_dựng không được quy_định trong Nghị_định này thì thực_hiện theo các quy_định của pháp_luật hiện_hành . 

Điều 12 .  Trách_nhiệm thi_hành 

Các Bộ_trưởng , Thủ_trưởng cơ_quan ngang Bộ , Thủ_trưởng các cơ_quan thuộc Chính_phủ , Chủ_tịch Ủy_ban nhân_dân các tỉnh , thành_phố trực_thuộc Trung_ương và các tổ_chức , cá_nhân có liên_quan chịu trách_nhiệm thi_hành Nghị_định này . 