Nghị định Về sửa đổi, bổ sung một số điều Nghị định số 59/2015/NĐ-CP ngày 18 tháng 6 năm 2015 của Chính phủ về quản lý dự án đầu tư xây dựng.

Căn_cứ <L rel="CC"> Luật tổ_chức Chính_phủ ngày 19 tháng 6 năm 2015 </L> ;
Căn_cứ <L rel="CC"> Luật xây_dựng ngày 18 tháng 6 năm 2014 </L> ;
Căn_cứ <L rel="CC"> Luật đầu_tư công ngày 18 tháng 6 năm 2014 </L> ;
Căn_cứ <L rel="CC"> Luật quy_hoạch đô_thị ngày 17 tháng 6 năm 2009 </L> ;
Điều 1 . Sửa_đổi , bổ_sung một_số điều <NĐ rel="DSD"> Nghị_định số 59/2015/NĐ-CP ngày 18 tháng 6 năm 2015 </NĐ> của Chính_phủ về quản_lý dự_án đầu_tư
xây_dựng , bao_gồm : 

1 . Sửa_đổi , bổ_sung khoản 1 Điều 5 như sau : 

“ 1 .  Dự_án đầu_tư xây_dựng được phân_loại theo quy_mô , tính_chất , loại công_trình chính của dự_án .  Dự_án theo tiêu_chí quy_định của pháp_luật về đầu_tư công , bao_gồm : Dự_án quan_trọng quốc_gia , dự_án nhóm A , dự_án nhóm B và dự_án nhóm C ” . 

2 . Sửa_đổi , bổ_sung khoản 2 Điều 7 như sau : 

“ 2 . Nội_dung Báo_cáo nghiên_cứu tiền khả_thi được thực_hiện theo quy_định tại Điều 53 của <L rel="DaC"> Luật xây_dựng năm 2014 </L> , trong đó phương_án thiết_kế sơ_bộ bao_gồm các nội_dung sau :
a ) Sơ_bộ về địa_điểm xây_dựng ;  quy_mô dự_án ;  vị_trí , loại và cấp công_trình chính của dự_án ; 

b ) Bản_vẽ thiết_kế sơ_bộ tổng mặt_bằng dự_án ;  bản_vẽ thể_hiện giải_pháp thiết_kế sơ_bộ công_trình chính của dự_án ; 

c ) Sơ_bộ về dây_chuyền công_nghệ và thiết_bị công_nghệ ( nếu có ) ” . 

3 . Sửa_đổi , bổ_sung khoản 1 Điều 8 như sau : 

“ 1 .  Thẩm_quyền lập , thẩm_định Báo_cáo nghiên_cứu tiền khả_thi và quyết_định chủ_trương đầu_tư được thực_hiện theo quy_định của pháp_luật về đầu_tư , pháp_luật về đầu_tư công ” . 

4 . Sửa_đổi , bổ_sung khoản 2 , khoản 3 , khoản 5 và bổ_sung khoản 8 vào Điều 10 như sau : 

“ 2 .  Đối_với dự_án đầu_tư xây_dựng sử_dụng vốn ngân_sách nhà_nước : 

a ) Trừ các dự_án quy_định tại điểm c khoản này , cơ_quan chuyên_môn về xây_dựng thuộc Bộ Xây_dựng , Bộ quản_lý công_trình xây_dựng chuyên_ngành theo quy_định tại Điều 76 Nghị_định này ( sau đây gọi chung là Bộ quản_lý xây_dựng chuyên_ngành ) chủ_trì thẩm_định các nội_dung quy_định tại Điều 58 của <L rel="DaC"> Luật xây_dựng năm 2014 </L> đối_với các dự_án sau đây : Dự_án do Thủ_tướng Chính_phủ giao ; dự_án nhóm A ; các dự_án nhóm B , nhóm C ( trừ các dự_án có yêu_cầu lập báo_cáo kinh_tế kỹ_thuật ) do các bộ , cơ_quan ngang bộ , cơ_quan thuộc Chính_phủ , cơ_quan trung_ương của tổ_chức chính_trị , tổ_chức chính_trị-xã_hội ( sau đây gọi chung là cơ_quan ở trung_ương ) quyết_định đầu_tư ; dự_án được đầu_tư xây_dựng trên địa_bàn hành_chính từ 02 tỉnh trở lên ;
b ) Trừ các dự_án quy_định tại điểm a khoản này , Sở Xây_dựng , Sở quản_lý công_trình xây_dựng chuyên_ngành theo quy_định tại Điều 76 Nghị_định này ( sau đây gọi chung là Sở quản_lý xây_dựng chuyên_ngành ) chủ_trì thẩm_định các nội_dung quy_định tại Điều 58 của <L rel="DaC"> Luật xây_dựng năm 2014 </L> đối_với các dự_án nhóm B , dự_án nhóm C được đầu_tư xây_dựng trên địa_bàn hành_chính của tỉnh ;
c ) Sở quản_lý xây_dựng chuyên_ngành trực_thuộc thành_phố Hà_Nội , Thành_phố Hồ_Chí_Minh chủ_trì tổ_chức thẩm_định các dự_án do Ủy_ban nhân_dân thành_phố quyết_định đầu_tư ; 

d ) Trường_hợp cơ_quan chủ_trì thẩm_định dự_án là cơ_quan chuyên_môn về xây_dựng trực_thuộc người quyết_định đầu_tư thì cơ_quan này có trách_nhiệm tổng_hợp kết_quả thẩm_định và trình phê_duyệt dự_án ;  các trường_hợp còn lại do người quyết_định đầu_tư xem_xét , giao cơ_quan chuyên_môn trực_thuộc tổng_hợp kết_quả thẩm_định và trình phê_duyệt . 

3 . Đối_với dự_án đầu_tư xây_dựng sử_dụng vốn nhà_nước_ngoài ngân_sách : 

a ) Cơ_quan chuyên_môn về xây_dựng thuộc Bộ quản_lý xây_dựng chuyên_ngành chủ_trì thẩm_định thiết_kế cơ_sở về các nội_dung quy_định tại khoản 2 Điều 58 của <L rel="DaC"> Luật xây_dựng năm 2014 </L> ( trừ phần thiết_kế công_nghệ ) đối_với dự_án do Thủ_tướng Chính_phủ giao , dự_án nhóm A ; dự_án nhóm B , dự_án nhóm C ( trừ các dự_án có yêu_cầu lập báo_cáo kinh_tế kỹ_thuật ) do các cơ_quan ở
trung_ương , tập_đoàn kinh_tế , tổng công_ty nhà_nước do Thủ_tướng Chính_phủ quyết_định thành_lập ( sau đây gọi chung là tập_đoàn kinh_tế , tổng công_ty nhà_nước ) hoặc tổng công_ty trực_thuộc bộ quyết_định đầu_tư ;  dự_án được đầu_tư xây_dựng trên địa_bàn hành_chính từ 02 tỉnh trở lên , trừ các dự_án quy_định tại điểm c , đ khoản này ; 

b ) Sở quản_lý công_trình xây_dựng chuyên_ngành chủ_trì thẩm_định thiết_kế cơ_sở về các nội_dung quy_định tại khoản 2 Điều 58 của <L rel="DaC"> Luật xây_dựng năm 2014 </L> ( trừ phần thiết_kế công_nghệ ) đối_với các dự_án nhóm B , dự_án nhóm C được đầu_tư xây_dựng trên địa_bàn hành_chính của tỉnh , trừ các dự_án quy_định tại các điểm a , d và đ khoản này ;
c ) Sở quản_lý xây_dựng chuyên_ngành trực_thuộc thành_phố Hà_Nội , Thành_phố Hồ_Chí_Minh chủ_trì tổ_chức thẩm_định thiết_kế cơ_sở của dự_án do Ủy_ban nhân_dân thành_phố quyết_định đầu_tư ; 

d ) Cơ_quan chuyên_môn trực_thuộc người quyết_định đầu_tư chủ_trì tổ_chức thẩm_định thiết_kế công_nghệ ( nếu có ) và các nội_dung khác của Báo_cáo nghiên_cứu_khả_thi theo quy_định tại Điều 58 của <L rel="DaC"> Luật xây_dựng năm 2014 </L> , tổng_hợp kết_quả thẩm_định , trình phê_duyệt dự_án ; chủ_trì thẩm_định dự_án có nội_dung chủ_yếu về mua_sắm hàng_hóa , cung_cấp dịch_vụ nhưng có cấu phần xây_dựng gồm các hạng_mục công_trình , công_việc không quyết_định đến mục_tiêu đầu_tư , an_toàn trong vận_hành , sử_dụng và có giá_trị chi_phí phần xây_dựng dưới 05 tỷ đồng ;
đ ) Trường_hợp tập_đoàn kinh_tế , tổng công_ty nhà_nước có đủ điều_kiện năng_lực và có đề_nghị được tự tổ_chức thẩm_định , Bộ_trưởng Bộ quản_lý xây_dựng chuyên_ngành quyết_định việc phân_cấp , ủy quyền cho tập_đoàn kinh_tế , tổng công_ty nhà_nước chủ_trì tổ_chức thẩm_định dự_án đầu_tư xây_dựng đối_với dự_án nhóm B , dự_án nhóm C có công_trình xây_dựng từ cấp II trở xuống do tập_đoàn kinh_tế , tổng công_ty nhà_nước quyết_định đầu_tư thuộc chuyên_ngành do Bộ quản_lý xây_dựng chuyên_ngành quản_lý . 

Việc phân_cấp , ủy quyền phải đảm_bảo các nguyên_tắc , điều_kiện theo quy_định của pháp_luật .  Người được phân_cấp , ủy quyền thẩm_định chịu trách_nhiệm về kết_quả thẩm_định do mình thực_hiện .  Kết_quả thẩm_định phải được gửi đến cơ_quan chuyên_môn về xây_dựng thuộc Bộ quản_lý xây_dựng chuyên_ngành để theo_dõi , quản_lý theo quy_định . 

5 . Đối_với dự_án đầu_tư xây_dựng sử_dụng vốn khác : 

a ) Cơ_quan chuyên_môn về xây_dựng thuộc Bộ quản_lý xây_dựng chuyên_ngành chủ_trì tổ_chức thẩm_định thiết_kế cơ_sở về các nội_dung theo quy_định tại khoản 2 Điều 58 của <L rel="DaC"> Luật xây_dựng năm 2014 </L> ( trừ phần thiết_kế công_nghệ ) của dự_án đầu_tư xây_dựng có công_trình cấp I trở lên ( trừ dự_án đầu_tư xây_dựng công_trình nhà ở quy_mô dưới 25 tầng có chiều cao không quá
75 m ) ;  dự_án đầu_tư xây_dựng công_trình công_cộng , công_trình có ảnh_hưởng lớn đến cảnh_quan , môi_trường và an_toàn cộng_đồng được đầu_tư xây_dựng trên địa_bàn hành_chính của 02 tỉnh trở lên ; 

b ) Sở quản_lý xây_dựng chuyên_ngành chủ_trì tổ_chức thẩm_định thiết_kế cơ_sở về các nội_dung quy_định tại khoản 2 Điều 58 của <L rel="DaC"> Luật xây_dựng </L>
năm 2014 ( trừ phần thiết_kế công_nghệ ) của dự_án đầu_tư xây_dựng công_trình nhà ở quy_mô dưới 25 tầng có chiều cao không quá 75 m ;  dự_án đầu_tư xây_dựng công_trình công_cộng , công_trình có ảnh_hưởng lớn đến cảnh_quan , môi_trường và an_toàn của cộng_đồng đối_với công_trình cấp II , cấp III được xây_dựng trên địa_bàn hành_chính của tỉnh ; 

c ) Người quyết_định đầu_tư tổ_chức thẩm_định toàn_bộ nội_dung dự_án theo quy_định tại Điều 58 của <L rel="DaC"> Luật xây_dựng năm 2014 </L> , trừ các nội_dung thẩm_định thiết_kế cơ_sở do cơ_quan chuyên_môn về xây_dựng thực_hiện được quy_định tại các điểm a và b khoản này .
8 . Cơ_quan nhà_nước có thẩm_quyền được thực_hiện việc phân_cấp , ủy quyền thẩm_định dự_án , thiết_kế cơ_sở đảm_bảo các nguyên_tắc , điều_kiện theo quy_định tại khoản 6 Điều 34 của <L rel="DaC"> Luật tổ_chức Chính_phủ </L> và Điều 13 ,
Điều 14 của <L rel="DaC"> Luật tổ_chức chính_quyền địa_phương </L> , cụ_thể như sau :
a ) Cơ_quan chuyên_môn về xây_dựng trực_thuộc Bộ quản_lý xây_dựng chuyên_ngành được phân_cấp hoặc ủy_quyền các Sở quản_lý xây_dựng chuyên_ngành thẩm_định dự_án , thẩm_định thiết_kế cơ_sở của các dự_án cụ_thể thuộc thẩm_quyền thẩm_định của mình sau khi được Bộ_trưởng Bộ quản_lý xây_dựng chuyên_ngành chấp_thuận ; 

b ) Căn_cứ điều_kiện cụ_thể của địa_phương , Ủy_ban nhân_dân cấp tỉnh quyết_định việc thực_hiện phân_cấp hoặc ủy_quyền cho phòng có chức_năng quản_lý xây_dựng thuộc Ủy_ban nhân_dân cấp huyện , Ban quản_lý khu công_nghiệp , khu chế_xuất , khu công_nghệ_cao , khu kinh_tế thẩm_định dự_án , thiết_kế cơ_sở đối_với các dự_án thuộc thẩm_quyền thẩm_định của các Sở quản_lý công_trình xây_dựng chuyên_ngành ” . 

5 . Sửa_đổi , bổ_sung Điều 13 như sau : 

“ Điều 13 .  Báo_cáo kinh_tế-kỹ_thuật đầu_tư xây_dựng 

Dự_án đầu_tư xây_dựng chỉ yêu_cầu lập Báo_cáo kinh_tế-kỹ_thuật đầu_tư xây_dựng thực_hiện theo quy_định tại khoản 2 Điều 5 Nghị_định này .  Thẩm_quyền thẩm_định , phê_duyệt Báo_cáo kinh_tế-kỹ_thuật đầu_tư xây_dựng được thực_hiện như sau : 

1 . Đối_với dự_án có yêu_cầu lập Báo_cáo kinh_tế-kỹ_thuật đầu_tư xây_dựng sử_dụng vốn ngân_sách nhà_nước : 

a ) Cơ_quan chuyên_môn về xây_dựng trực_thuộc Bộ quản_lý xây_dựng chuyên_ngành chủ_trì thẩm_định các nội_dung quy_định tại khoản 4 Điều 58 của <L rel="DaC"> Luật xây_dựng năm 2014 </L> đối_với Báo_cáo kinh_tế-kỹ_thuật đầu_tư xây_dựng có công_trình cấp I trở lên do các cơ_quan ở trung_ương quyết_định đầu_tư ;
b ) Sở quản_lý xây_dựng chuyên_ngành chủ_trì thẩm_định các nội_dung quy_định tại khoản 4 Điều 58 của <L rel="DaC"> Luật xây_dựng năm 2014 </L> đối_với Báo_cáo kinh_tế-kỹ_thuật đầu_tư xây_dựng do Ủy_ban nhân_dân cấp tỉnh quyết_định đầu_tư ;
c ) Theo phân_cấp của Ủy_ban nhân_dân cấp tỉnh , phòng có chức_năng quản_lý xây_dựng thuộc Ủy_ban nhân_dân cấp huyện chủ_trì thẩm_định các nội_dung quy_định tại khoản 4 Điều 58 của <L rel="DaC"> Luật xây_dựng năm 2014 </L> đối_với các dự_án có yêu_cầu lập Báo_cáo kinh_tế-kỹ_thuật đầu_tư xây_dựng do Ủy_ban nhân_dân cấp huyện , cấp xã quyết_định đầu_tư ;
d ) Cơ_quan chuyên_môn trực_thuộc người quyết_định đầu_tư chủ_trì tổ_chức thẩm_định các nội_dung quy_định tại khoản 4 Điều 58 của <L rel="DaC"> Luật xây_dựng năm 2014 </L> đối_với các dự_án có yêu_cầu lập Báo_cáo kinh_tế-kỹ_thuật đầu_tư xây_dựng do các bộ , cơ_quan ở trung_ương quyết_định đầu_tư trừ các dự_án quy_định tại điểm a khoản này . Kết_quả thẩm_định phải được gửi đến cơ_quan chuyên_môn về xây_dựng thuộc Bộ quản_lý xây_dựng chuyên_ngành để theo_dõi , quản_lý theo quy_định .
Trường_hợp cơ_quan chuyên_môn thuộc người quyết_định đầu_tư không đủ điều_kiện thực_hiện công_tác thẩm_định thì yêu_cầu chủ đầu_tư trình thẩm_định tại cơ_quan chuyên_môn thuộc Bộ quản_lý xây_dựng chuyên_ngành hoặc Sở quản_lý xây_dựng chuyên_ngành nơi thực_hiện đầu_tư xây_dựng dự_án . 

2 . Đối_với dự_án có yêu_cầu lập Báo_cáo kinh_tế-kỹ_thuật đầu_tư xây_dựng sử_dụng vốn nhà_nước_ngoài ngân_sách : 

a ) Cơ_quan chuyên_môn về xây_dựng thuộc Bộ quản_lý xây_dựng chuyên_ngành chủ_trì thẩm_định các nội_dung quy_định tại các điểm c , d , đ và e khoản 4 Điều 58 của <L rel="DaC"> Luật xây_dựng năm 2014 </L> đối_với thiết_kế bản_vẽ thi_công và dự_toán xây_dựng ( trừ phần thiết_kế công_nghệ ) của Báo_cáo kinh_tế-kỹ_thuật đầu_tư xây_dựng có công_trình cấp I trở lên do các cơ_quan ở trung_ương , tập_đoàn kinh_tế , tổng công_ty nhà_nước quyết_định đầu_tư ;
b ) Sở quản_lý xây_dựng chuyên_ngành chủ_trì thẩm_định các nội_dung quy_định tại các điểm c , d , đ và e khoản 4 Điều 58 của <L rel="DaC"> Luật xây_dựng </L>
năm 2014 đối_với thiết_kế bản_vẽ thi_công và dự_toán xây_dựng của Báo_cáo kinh_tế-kỹ_thuật đầu_tư xây_dựng do Ủy_ban nhân_dân cấp tỉnh quyết_định đầu_tư ; 

c ) Theo phân_cấp của Ủy_ban nhân_dân cấp tỉnh , phòng có chức_năng quản_lý xây_dựng thuộc Ủy_ban nhân_dân cấp huyện chủ_trì thẩm_định các nội_dung quy_định tại các điểm c , d , đ và e khoản 4 Điều 58 của <L rel="DaC"> Luật xây_dựng năm 2014 </L> đối_với thiết_kế bản_vẽ thi_công , dự_toán xây_dựng ( trừ phần thiết_kế công_nghệ ) đối_với dự_án có yêu_cầu lập Báo_cáo kinh_tế-kỹ_thuật đầu_tư xây_dựng do Ủy_ban nhân_dân cấp huyện , cấp xã quyết_định đầu_tư ;
d ) Người quyết_định đầu_tư tổ_chức thẩm_định các nội_dung quy_định tại các điểm a và b khoản 4 Điều 58 của <L rel="DaC"> Luật xây_dựng năm 2014 </L> và phần thiết_kế công_nghệ ( nếu có ) đối_với các dự_án quy_định tại các khoản a , b và c
Điều này ; 

đ ) Cơ_quan chuyên_môn trực_thuộc người quyết_định đầu_tư chủ_trì tổ_chức thẩm_định các nội_dung quy_định tại khoản 4 Điều 58 của <L rel="DaC"> Luật xây_dựng năm 2014 </L> đối_với các dự_án có yêu_cầu lập Báo_cáo kinh_tế-kỹ_thuật đầu_tư xây_dựng do các bộ , cơ_quan ở trung_ương , tập_đoàn kinh_tế , tổng công_ty nhà_nước quyết_định đầu_tư , trừ các dự_án quy_định tại điểm a khoản này . Kết_quả thẩm_định phải được gửi đến cơ_quan chuyên_môn về xây_dựng thuộc Bộ quản_lý xây_dựng chuyên_ngành để theo_dõi , quản_lý theo quy_định .
Trường_hợp cơ_quan chuyên_môn thuộc người quyết_định đầu_tư không đủ điều_kiện thực_hiện công_tác thẩm_định thì yêu_cầu chủ đầu_tư trình thẩm_định thiết_kế bản_vẽ thi_công , dự_toán xây_dựng tại cơ_quan chuyên_môn thuộc Bộ quản_lý xây_dựng chuyên_ngành hoặc Sở quản_lý xây_dựng chuyên_ngành nơi đầu_tư xây_dựng dự_án . 

3 . Đối_với dự_án có yêu_cầu lập Báo_cáo kinh_tế-kỹ_thuật đầu_tư xây_dựng sử_dụng vốn khác : 

a ) Cơ_quan chuyên_môn về xây_dựng thuộc Bộ quản_lý công_trình xây_dựng chuyên_ngành này chủ_trì tổ_chức thẩm_định các nội_dung theo quy_định tại các điểm c và d khoản 4 Điều 58 của <L rel="DaC"> Luật xây_dựng năm 2014 </L> đối_với thiết_kế bản_vẽ thi_công ( trừ phần thiết_kế công_nghệ ) của Báo_cáo kinh_tế-kỹ_thuật đầu_tư xây_dựng công_trình cấp I trở lên ( trừ công_trình thuộc dự_án đầu_tư xây_dựng công_trình nhà ở có quy_mô dưới 25 tầng chiều cao không quá 75 m ) ; công_trình công_cộng , công_trình có ảnh_hưởng lớn đến cảnh_quan , môi_trường và an_toàn của cộng_đồng nằm trên địa_bàn hành_chính của hai tỉnh trở lên ;
b ) Sở quản_lý công_trình xây_dựng chuyên_ngành chủ_trì tổ_chức thẩm_định các nội_dung theo quy_định tại các điểm c và d khoản 4 Điều 58 của <L rel="DaC"> Luật xây_dựng năm 2014 </L> đối_với thiết_kế bản_vẽ thi_công ( trừ phần thiết_kế công_nghệ ) của Báo_cáo kinh_tế-kỹ_thuật đầu_tư xây_dựng công_trình thuộc dự_án đầu_tư xây_dựng công_trình nhà ở có quy_mô dưới 25 tầng chiều cao không quá 75 m ; công_trình công_cộng , công_trình có ảnh_hưởng lớn đến cảnh_quan , môi_trường và an_toàn của cộng_đồng đối_với công_trình cấp II , cấp III nằm trên địa_bàn hành_chính của tỉnh , trừ các dự_án quy_định tại điểm a
khoản này ; 

c ) Người quyết_định đầu_tư tổ_chức thẩm_định toàn_bộ nội_dung Báo_cáo kinh_tế kỹ_thuật theo quy_định tại khoản 4 Điều 58 của <L rel="DaC"> Luật xây_dựng </L>
năm 2014 , trừ các nội_dung thẩm_định do cơ_quan chuyên_môn về xây_dựng thực_hiện được quy_định tại các điểm a và b khoản này . 

4 . Người quyết_định đầu_tư phê_duyệt thiết_kế bản_vẽ thi_công và dự_toán xây_dựng công_trình của Báo_cáo kinh_tế-kỹ_thuật đầu_tư xây_dựng ” . 

6 . Sửa_đổi , bổ_sung Điều 15 như sau : 

“ 1 .  Việc tổ_chức thi_tuyển , tuyển_chọn phương_án thiết_kế kiến_trúc được đề_xuất trong chủ_trương đầu_tư hoặc báo_cáo nghiên_cứu tiền khả_thi . 

2 . Công_trình công_cộng có quy_mô lớn , có yêu_cầu kiến_trúc đặc_thù phải tổ_chức thi_tuyển , tuyển_chọn phương_án thiết_kế kiến_trúc gồm : 

a ) Công_trình công_cộng có quy_mô cấp I , cấp đặc_biệt ; 

b ) Công_trình có yêu_cầu kiến_trúc đặc_thù gồm : Nhà_ga đường_sắt trung_tâm cấp tỉnh , nhà_ga hàng_không dân_dụng ;  cầu trong đô_thị từ cấp II trở lên , ga đường_sắt nội_đô từ cấp II trở lên ;  công_trình tượng_đài , công_trình là biểu_tượng về truyền_thống , văn_hóa và lịch_sử của địa_phương ;  công_trình có ý_nghĩa quan_trọng , điểm nhấn trong đô_thị và trên các tuyến đường chính được xác_định trong đồ_án quy_hoạch xây_dựng , thiết_kế đô_thị , quy_chế quản_lý quy_hoạch , kiến_trúc đô_thị được cấp có thẩm_quyền phê_duyệt . 

3 . Bộ Xây_dựng hướng_dẫn chi_tiết về Hội_đồng tổ_chức thi_tuyển , tuyển_chọn phương_án thiết_kế kiến_trúc ;  hình_thức thi_tuyển , tuyển_chọn phương_án thiết_kế kiến_trúc ;  trình_tự , thủ_tục , quyền_hạn và trách_nhiệm của cơ_quan , tổ_chức , cá_nhân liên_quan đến thi_tuyển , tuyển_chọn phương_án thiết_kế kiến_trúc và chi_phí cho việc thi_tuyển , tuyển_chọn phương_án thiết_kế kiến_trúc công_trình xây_dựng . 

4 . Khi có đủ điều_kiện năng_lực thực_hiện theo quy_định thì tổ_chức , cá_nhân có phương_án thiết_kế kiến_trúc được lựa_chọn được ưu_tiên thực_hiện các bước thiết_kế_tiếp_theo của dự_án ” . 

7 . Sửa_đổi , bổ_sung khoản 1 , khoản 3 Điều 17 như sau : 

“ 1 .  Bộ_trưởng , Thủ_trưởng cơ_quan ở trung_ương , Chủ_tịch Ủy_ban nhân_dân cấp tỉnh , cấp huyện , Chủ_tịch Hội_đồng thành_viên , Chủ_tịch Hội_đồng quản_trị tập_đoàn kinh_tế , tổng công_ty nhà_nước quyết_định thành_lập Ban quản_lý dự_án đầu_tư xây_dựng chuyên_ngành , Ban quản_lý dự_án đầu_tư xây_dựng khu_vực ( sau đây gọi là Ban quản_lý dự_án chuyên_ngành , Ban quản_lý dự_án khu_vực ) để giao làm_chủ đầu_tư một_số dự_án và thực_hiện nhiệm_vụ quản_lý đồng_thời nhiều dự_án sử_dụng vốn ngân_sách nhà_nước , vốn nhà_nước_ngoài ngân_sách , tham_gia_tư_vấn quản_lý các dự_án khác khi cần_thiết . 

Tùy_thuộc số_lượng , quy_mô dự_án được phân_cấp quản_lý và điều_kiện tổ_chức thực_hiện cụ_thể , Bộ_trưởng có_thể ủy_quyền cho Tổng_cục_trưởng trực_thuộc Bộ thành_lập Ban quản_lý dự_án trực_thuộc để quản_lý các dự_án được phân_cấp cho Tổng_cục quyết_định đầu_tư . 

3 . Cơ_chế hoạt_động của Ban quản_lý dự_án chuyên_ngành , Ban quản_lý dự_án khu_vực : 

a ) Ban quản_lý dự_án chuyên_ngành , Ban quản_lý dự_án khu_vực do 

Bộ_trưởng , Thủ_trưởng cơ_quan ở trung_ương , Chủ_tịch Ủy_ban nhân_dân cấp tỉnh , cấp huyện thành_lập là đơn_vị sự_nghiệp đặc_thù , áp_dụng cơ_chế tự_chủ tài_chính tự đảm_bảo chi thường_xuyên theo quy_định tại Nghị_định 

số 16/2015/NĐ-CP ngày 14 tháng 02 năm 2015 của Chính_phủ quy_định cơ_chế tự_chủ của đơn_vị sự_nghiệp công_lập ; 

b ) Ban quản_lý dự_án chuyên_ngành , Ban quản_lý dự_án khu_vực do người đại_diện có thẩm_quyền của tập_đoàn kinh_tế , tổng công_ty nhà_nước quyết_định thành_lập là đơn_vị thành_viên hạch_toán độc_lập hoặc là đơn_vị hạch_toán phụ_thuộc sử_dụng tư_cách pháp_nhân của công_ty_mẹ để quản_lý thực_hiện dự_án .  Ban quản_lý dự_án chuyên_ngành , Ban quản_lý dự_án khu_vực được tổ_chức lại , thành_lập theo Nghị_quyết của Hội_đồng thành_viên , Hội_đồng quản_trị và hoạt_động theo cơ_chế tự đảm_bảo kinh_phí hoặc được cấp kinh_phí hoạt_động trong trường_hợp là đơn_vị hạch_toán phụ_thuộc công 

ty mẹ . 

c ) Ban quản_lý dự_án chuyên_ngành , Ban quản_lý dự_án khu_vực có tư_cách pháp_nhân đầy_đủ , được sử_dụng con_dấu riêng , được mở tài_khoản tại kho_bạc nhà_nước và ngân_hàng thương_mại theo quy_định ;  thực_hiện các chức_năng , nhiệm_vụ và quyền_hạn của chủ đầu_tư và trực_tiếp tổ_chức quản_lý thực_hiện các dự_án được giao ;  chịu trách_nhiệm trước pháp_luật và người quyết_định đầu_tư về các hoạt_động của mình ;  quản_lý vận_hành , khai_thác sử_dụng công_trình hoàn_thành khi được người quyết_định đầu_tư giao ” . 

8 . Sửa_đổi , bổ_sung khoản 1 Điều 21 như sau : 

“ 1 .  Chủ đầu_tư sử_dụng tư_cách pháp_nhân của mình và bộ_máy chuyên_môn trực_thuộc có đủ điều_kiện , năng_lực để trực_tiếp_quản_lý dự_án đầu_tư xây_dựng công_trình có tổng mức đầu_tư dưới 15 tỷ đồng ;  trường_hợp không đủ điều_kiện thực_hiện , chủ đầu_tư được thuê tổ_chức , cá_nhân có đủ điều_kiện năng_lực theo quy_định tại Nghị_định này để thực_hiện ” . 

9 . Sửa_đổi , bổ_sung khoản 1 Điều 24 như sau : 

“ 1 .  Thẩm_quyền thẩm_định thiết_kế , dự_toán : 

a ) Cơ_quan chuyên_môn về xây_dựng thuộc Bộ quản_lý xây_dựng chuyên_ngành chủ_trì tổ_chức thẩm_định thiết_kế kỹ_thuật , dự_toán xây_dựng ( trường_hợp thiết_kế ba bước ) ;  thiết_kế bản_vẽ thi_công , dự_toán xây_dựng ( trường_hợp thiết_kế hai bước ) của công_trình cấp đặc_biệt , cấp I ( trừ công_trình nhà ở có quy_mô dưới 25 tầng chiều cao không quá 75 m ) ;  công_trình do Thủ_tướng Chính_phủ giao ;  các công_trình thuộc dự_án chuyên_ngành do mình quyết_định đầu_tư ;  các công_trình thuộc dự_án được đầu_tư xây_dựng trên địa_bàn hành_chính từ hai tỉnh trở lên , trừ các công_trình quy_định tại điểm c khoản này ; 

b ) Sở quản_lý xây_dựng chuyên_ngành chủ_trì tổ_chức thẩm_định thiết_kế kỹ_thuật , dự_toán xây_dựng ( trường_hợp thiết_kế ba bước ) ;  thiết_kế bản_vẽ thi_công , dự_toán xây_dựng ( trường_hợp thiết_kế hai bước ) của công_trình nhà ở có quy_mô dưới 25 tầng chiều cao không quá 75 m ;  công_trình từ cấp II trở xuống được đầu_tư xây_dựng trên địa_bàn hành_chính của tỉnh , trừ các công_trình quy_định tại điểm a khoản này ; 

c ) Sở quản_lý xây_dựng chuyên_ngành trực_thuộc thành_phố Hà_Nội , Thành_phố Hồ_Chí_Minh chủ_trì thẩm_định thiết_kế kỹ_thuật , dự_toán xây_dựng ( trường_hợp thiết_kế ba bước ) ;  thiết_kế bản_vẽ thi_công , dự_toán xây_dựng ( trường_hợp thiết_kế hai bước ) công_trình thuộc dự_án do Ủy_ban nhân_dân thành_phố quyết_định đầu_tư ” . 

10 .  Sửa_đổi , bổ_sung khoản 1 Điều 25 như sau : 

“ 1 .  Thẩm_quyền thẩm_định thiết_kế , dự_toán xây_dựng : 

a ) Cơ_quan chuyên_môn về xây_dựng thuộc Bộ quản_lý xây_dựng chuyên_ngành chủ_trì tổ_chức thẩm_định thiết_kế kỹ_thuật , dự_toán xây_dựng ( trường_hợp thiết_kế ba bước ) và thiết_kế bản_vẽ thi_công , dự_toán xây_dựng ( trường_hợp thiết_kế hai bước ) của công_trình cấp đặc_biệt , cấp I ( trừ công_trình nhà ở có quy_mô dưới 25 tầng chiều cao không quá 75 m ) ;  công_trình từ cấp III trở lên của dự_án thuộc chuyên_ngành do tập_đoàn kinh_tế , tổng công_ty nhà_nước thuộc phạm_vi quản_lý của mình quyết_định đầu_tư ;  công_trình do Thủ_tướng Chính_phủ giao và các công_trình của dự_án thuộc chuyên_ngành do mình quyết_định đầu_tư , các công_trình thuộc dự_án được đầu_tư xây_dựng trên địa_bàn hành_chính từ hai tỉnh trở lên , trừ các công_trình quy_định tại các điểm c và d khoản này ; 

b ) Sở quản_lý xây_dựng chuyên_ngành chủ_trì tổ_chức thẩm_định thiết_kế kỹ_thuật , dự_toán xây_dựng ( trường_hợp thiết_kế ba bước ) và thiết_kế bản_vẽ thi_công , dự_toán xây_dựng ( trường_hợp thiết_kế hai bước ) của công_trình nhà ở có quy_mô dưới 25 tầng chiều cao không quá 75 m ;  công_trình từ cấp III trở lên được đầu_tư xây_dựng trên địa_bàn hành_chính của tỉnh , trừ các công_trình quy_định tại các điểm a và d khoản này ; 

c ) Sở quản_lý xây_dựng chuyên_ngành trực_thuộc thành_phố Hà_Nội , Thành_phố Hồ_Chí_Minh chủ_trì thẩm_định thiết_kế kỹ_thuật , dự_toán xây_dựng ( trường_hợp thiết_kế ba bước ) ;  thiết_kế bản_vẽ thi_công , dự_toán xây_dựng ( trường_hợp thiết_kế hai bước ) công_trình thuộc dự_án do Ủy_ban nhân_dân thành_phố quyết_định đầu_tư ; 

d ) Trường_hợp tập_đoàn kinh_tế , tổng công_ty nhà_nước có đủ điều_kiện năng_lực và có đề_nghị được tự tổ_chức thẩm_định , Bộ_trưởng Bộ quản_lý xây_dựng chuyên_ngành quyết_định việc phân_cấp , ủy quyền cho tập_đoàn kinh_tế , tổng công_ty nhà_nước chủ_trì tổ_chức thẩm_định thiết_kế kỹ_thuật , dự_toán xây_dựng ( trường_hợp thiết_kế ba bước ) và thiết_kế bản_vẽ thi_công , dự_toán xây_dựng ( trường_hợp thiết_kế hai bước ) , phần thiết_kế công_nghệ ( nếu có ) của công_trình từ cấp II trở xuống của dự_án do tập_đoàn kinh_tế , tổng công_ty nhà_nước quyết_định đầu_tư thuộc chuyên_ngành do Bộ quản_lý xây_dựng chuyên_ngành quản_lý . 

Việc phân_cấp , ủy quyền phải đảm_bảo các nguyên_tắc , điều_kiện theo quy_định pháp_luật .  Người được phân_cấp , ủy_quyền chịu trách_nhiệm về kết_quả thẩm_định do mình thực_hiện .  Kết_quả thẩm_định phải được gửi đến cơ_quan chuyên_môn về xây_dựng thuộc Bộ quản_lý xây_dựng chuyên_ngành để theo_dõi , quản_lý ; 

đ ) Người quyết_định đầu_tư tổ_chức thẩm_định thiết_kế , dự_toán xây_dựng của các công_trình còn lại ;  tổ_chức thẩm_định phần thiết_kế , dự_toán phần công_nghệ ( nếu có ) đối_với các công_trình quy_định tại các điểm a , b và c 

khoản này ” . 

11 .  Sửa_đổi , bổ_sung khoản 1 Điều 26 như sau : 

a ) Cơ_quan chuyên_môn về xây_dựng thuộc Bộ quản_lý xây_dựng chuyên_ngành chủ_trì tổ_chức thẩm_định thiết_kế kỹ_thuật ( trường_hợp thiết_kế ba bước ) , thiết_kế bản_vẽ thi_công ( trường_hợp thiết_kế hai bước ) của công_trình cấp đặc_biệt , cấp I ( trừ công_trình nhà ở có quy_mô dưới 25 tầng chiều cao không quá 75 m ) , các công_trình công_cộng , công_trình có ảnh_hưởng lớn đến cảnh_quan , môi_trường và an_toàn của cộng_đồng thuộc dự_án được đầu_tư xây_dựng trên địa_bàn hành_chính từ 2 tỉnh trở lên ; 

b ) Sở quản_lý xây_dựng chuyên_ngành chủ_trì tổ_chức thẩm_định thiết_kế kỹ_thuật ( trường_hợp thiết_kế ba bước ) , thiết_kế bản_vẽ thi_công ( trường_hợp thiết_kế hai bước ) của công_trình nhà ở có quy_mô dưới 25 tầng chiều cao không quá 75 m ;  công_trình công_cộng , công_trình xây_dựng có ảnh_hưởng lớn đến cảnh_quan , môi_trường và an_toàn cộng_đồng đối_với công_trình cấp II , III được xây_dựng trên địa_bàn hành_chính của tỉnh , trừ các công_trình quy_định tại điểm a khoản này ; 

c ) Người quyết_định đầu_tư tổ_chức thẩm_định thiết_kế , dự_toán xây_dựng của các công_trình còn lại ;  tổ_chức thẩm_định phần thiết_kế công_nghệ ( nếu có ) và dự_toán xây_dựng đối_với các công_trình quy_định tại các điểm a và b khoản này ” . 

12 .  Sửa_đổi , bổ_sung khoản 5 và bổ_sung khoản 9 , khoản 10 vào Điều 30 như sau : 

“ 5 .  Trường_hợp dự_án đầu_tư xây_dựng công_trình gồm nhiều công_trình có loại , cấp công_trình khác nhau , cơ_quan chủ_trì thẩm_định là cơ_quan có trách_nhiệm thẩm_định công_trình chính có cấp cao nhất của dự_án . 

9 . Cơ_quan nhà_nước có thẩm_quyền được thực_hiện việc phân_cấp , ủy quyền thẩm_định thiết_kế , dự_toán xây_dựng trên cơ_sở đảm_bảo các nguyên_tắc , điều_kiện theo quy_định tại khoản 6 Điều 34 của <L rel="DaC"> Luật tổ_chức Chính_phủ </L> và Điều 13 , Điều 14 của <L rel="DaC"> Luật tổ_chức chính_quyền địa_phương </L> , cụ_thể
như sau : 

a ) Cơ_quan chuyên_môn về xây_dựng thuộc Bộ quản_lý xây_dựng chuyên_ngành được phân_cấp hoặc ủy quyền thẩm_định thiết_kế , dự_toán xây_dựng các công_trình cụ_thể thuộc thẩm_quyền thẩm_định của mình cho các Sở quản_lý xây_dựng chuyên_ngành sau khi được Bộ_trưởng Bộ quản_lý xây_dựng chuyên_ngành chấp_thuận ; 

b ) Căn_cứ điều_kiện cụ_thể của địa_phương , Ủy_ban nhân_dân cấp tỉnh quyết_định việc thực_hiện phân_cấp hoặc ủy quyền thẩm_định thiết_kế , dự_toán xây_dựng đối_với công_trình thuộc thẩm_quyền thẩm_định của Sở quản_lý xây_dựng chuyên_ngành cho phòng có chức_năng quản_lý xây_dựng thuộc Ủy_ban nhân_dân cấp huyện , Ban quản_lý khu công_nghiệp , khu chế_xuất , khu công_nghệ_cao , khu kinh_tế . 

10 .  Đối_với dự_án thực_hiện theo hình_thức tổng_thầu EPC , giao Bộ Xây_dựng quy_định chi_tiết về thẩm_định thiết_kế xây_dựng ” . 

13 .  Sửa_đổi , bổ_sung Điều 47 như sau : 

“ Điều 47 .  Chứng_chỉ hành_nghề thiết_kế quy_hoạch xây_dựng 

1 . Cá_nhân được xét cấp chứng_chỉ hành_nghề thiết_kế quy_hoạch xây_dựng phải có trình_độ đại_học trở lên thuộc chuyên_ngành kiến_trúc , quy_hoạch hoặc các chuyên_ngành phù_hợp với yêu_cầu của đồ_án quy_hoạch và đáp_ứng các điều_kiện tương_ứng với các hạng sau : 

a ) Hạng I : Đã làm chủ_trì thiết_kế hoặc chủ_trì thẩm_định thiết_kế bộ_môn chuyên_ngành ít_nhất 05 đồ_án quy_hoạch thuộc thẩm_quyền phê_duyệt của Thủ_tướng Chính_phủ hoặc 10 đồ_án quy_hoạch ( trong đó ít_nhất 05 đồ_án là quy_hoạch_vùng hoặc quy_hoạch chung ) thuộc thẩm_quyền phê_duyệt của Ủy_ban nhân_dân cấp tỉnh ;  các đồ_án quy_định tại điểm này đều đã được cấp có thẩm_quyền phê_duyệt ; 

b ) Hạng II : Đã chủ_trì thiết_kế hoặc chủ_trì thẩm_định thiết_kế bộ_môn chuyên_ngành ít_nhất 06 đồ_án quy_hoạch thuộc thẩm_quyền phê_duyệt của Ủy_ban nhân_dân cấp tỉnh hoặc 12 đồ_án quy_hoạch ( trong đó , ít_nhất có 03 đồ_án quy_hoạch chung xây_dựng xã ) thuộc thẩm_quyền phê_duyệt của Ủy_ban nhân_dân cấp huyện ;  các đồ_án quy_định tại điểm này đều đã được cấp có thẩm_quyền phê_duyệt ; 

c ) Hạng III : Đã tham_gia thiết_kế hoặc tham_gia thẩm_định thiết_kế bộ_môn chuyên_ngành ít_nhất 01 đồ_án thuộc thẩm_quyền phê_duyệt của Thủ_tướng Chính_phủ 03 đồ_án thuộc thẩm_quyền phê_duyệt của Ủy_ban nhân_dân cấp tỉnh hoặc 05 đồ_án quy_hoạch thuộc thẩm_quyền phê_duyệt của Ủy_ban nhân_dân cấp huyện ;  các đồ_án quy_định tại điểm này đều đã được cấp có thẩm_quyền phê_duyệt . 

2 . Phạm_vi hoạt_động 

a ) Hạng I : Được làm_chủ_nhiệm đồ_án , chủ_trì thiết_kế các bộ_môn chuyên_ngành của tất_cả các đồ_án quy_hoạch xây_dựng ; 

b ) Hạng II : Được làm_chủ_nhiệm đồ_án , chủ_trì thiết_kế các bộ_môn chuyên_ngành của tất_cả các đồ_án quy_hoạch xây_dựng , trừ chủ_nhiệm các đồ_án quy_hoạch xây_dựng vùng liên tỉnh ; 

c ) Hạng III : Được làm_chủ_nhiệm các đồ_án quy_hoạch xây_dựng thuộc thẩm_quyền phê_duyệt của Ủy_ban nhân_dân cấp huyện , chủ_trì thiết_kế các bộ_môn chuyên_ngành của các đồ_án quy_hoạch xây_dựng thuộc thẩm_quyền phê_duyệt của Ủy_ban nhân_dân cấp tỉnh và cấp huyện ; 

d ) Các cá_nhân chưa được cấp chứng_chỉ hành_nghề thiết_kế quy_hoạch xây_dựng được tham_gia lập tất_cả các loại đồ_án quy_hoạch theo đúng chuyên_ngành của mình , không được đảm_nhận các vai_trò chủ_nhiệm đồ_án , chủ_trì thiết_kế ” . 

14 .  Sửa_đổi , bổ_sung khoản 1 Điều 48 như sau : 

“ 1 .  Các lĩnh_vực cấp chứng_chỉ hành_nghề thiết_kế xây_dựng công_trình bao_gồm : 

a ) Thiết_kế kiến_trúc công_trình ; 

b ) Thiết_kế kết_cấu công_trình ; 

c ) Thiết_kế điện-cơ_điện công_trình ; 

d ) Thiết_kế cấp-thoát nước ; 

đ ) Thiết_kế thông_gió-cấp thoát nhiệt ; 

e ) Thiết_kế an_toàn phòng_chống cháy nổ công_trình ” . 

15 .  Sửa_đổi , bổ_sung khoản 2 Điều 49 như sau : 

“ 2 .  Điều_kiện cấp chứng_chỉ hành_nghề giám_sát thi_công xây_dựng : 

a ) Hạng I : Đã làm giám_sát trưởng hoặc đã trực_tiếp giám_sát thi_công phần việc liên_quan đến nội_dung đề_nghị cấp chứng_chỉ hành_nghề của ít_nhất 01 công_trình cấp I hoặc 02 công_trình cấp II cùng loại với công_trình đề_nghị cấp chứng_chỉ hành_nghề ; 

b ) Hạng II : Đã làm giám_sát trưởng hoặc đã trực_tiếp giám_sát thi_công phần việc liên_quan đến nội_dung đề_nghị cấp chứng_chỉ hành_nghề của ít_nhất 01 công_trình cấp II hoặc 02 công_trình cấp III cùng loại với công_trình đề_nghị cấp chứng_chỉ hành_nghề ; 

c ) Hạng III : Đã trực_tiếp giám_sát thi_công phần việc liên_quan đến nội_dung đề_nghị cấp chứng_chỉ hành_nghề của ít_nhất 01 công_trình cấp III hoặc 02 công_trình cấp IV cùng loại với công_trình đề_nghị cấp chứng_chỉ 

hành_nghề ” . 

16 .  Sửa_đổi , bổ_sung Điều 50 như sau : 

“ 1 .  Điều_kiện cấp chứng_chỉ hành_nghề kiểm_định xây_dựng : 

a ) Hạng I : Đã làm chủ_trì kiểm_định hoặc chủ_trì thiết_kế ít_nhất 01 công_trình cấp I hoặc 02 công_trình cấp II cùng loại với công_trình đề_nghị cấp chứng_chỉ hành_nghề ; 

b ) Hạng II : Đã làm chủ_trì kiểm_định hoặc chủ_trì thiết_kế ít_nhất 01 công_trình cấp II hoặc 02 công_trình cấp III cùng loại với công_trình đề_nghị cấp chứng_chỉ hành_nghề ; 

c ) Hạng III : Đã tham_gia kiểm_định hoặc tham_gia thiết_kế ít_nhất 02 công_trình cấp III hoặc 03 công_trình cấp IV cùng loại với công_trình đề_nghị cấp chứng_chỉ hành_nghề . 

: 

a ) Hạng I : Được làm chủ_trì kiểm_định chất_lượng , xác_định nguyên_nhân hư_hỏng , nguyên_nhân sự_cố , thời_hạn sử_dụng của bộ_phận , công_trình tất_cả các cấp cùng loại với công_trình được ghi trong chứng_chỉ hành_nghề ;  được làm chủ_trì kiểm_định chất_lượng vật_liệu xây_dựng , sản_phẩm xây_dựng , cấu_kiện xây_dựng ; 

b ) Hạng II : Được làm chủ_trì kiểm_định chất_lượng , xác_định nguyên_nhân hư_hỏng , nguyên_nhân sự_cố , thời_hạn sử_dụng của bộ_phận , công_trình từ cấp II trở xuống cùng loại với công_trình được ghi trong chứng_chỉ hành_nghề ;  được làm chủ_trì kiểm_định chất_lượng vật_liệu xây_dựng , sản_phẩm xây_dựng , cấu_kiện xây_dựng ; 

c ) Hạng III : Được làm chủ_trì kiểm_định chất_lượng , xác_định nguyên_nhân hư_hỏng , nguyên_nhân sự_cố , thời_hạn sử_dụng của bộ_phận , công_trình cấp III , cấp IV cùng loại với công_trình được ghi trong chứng_chỉ hành_nghề ;  được làm chủ_trì kiểm_định chất_lượng vật_liệu xây_dựng , sản_phẩm xây_dựng , cấu_kiện xây_dựng ” . 

17 .  Sửa_đổi , bổ_sung Điều 51 như sau : 

“ Điều 51 .  Điều_kiện năng_lực đối_với cá_nhân phụ_trách công_tác an_toàn lao_động 

Cá_nhân phụ_trách công_tác an_toàn lao_động hoặc làm cán_bộ chuyên_trách về an_toàn lao_động trong thi_công xây_dựng công_trình tuân_thủ quy_định về điều_kiện hành_nghề của pháp_luật về an_toàn , vệ_sinh lao_động ” . 

18 .  Sửa_đổi , bổ_sung Điều 54 như sau : 

“ Điều 54 .  Chứng_chỉ hành_nghề quản_lý dự_án 

1 . Cá_nhân đảm_nhận chức_danh Giám_đốc quản_lý dự_án phải có chứng_chỉ hành_nghề quản_lý dự_án phù_hợp với loại và quy_mô dự_án theo quy_định tại Điều này . 

2 . Cá_nhân có trình_độ chuyên_môn thuộc chuyên_ngành xây_dựng phù_hợp với yêu_cầu của dự_án được cấp chứng_chỉ hành_nghề quản_lý dự_án khi đáp_ứng các điều_kiện tương_ứng với mỗi hạng dưới đây : 

a ) Hạng I : Đã làm Giám_đốc quản_lý dự_án của 01 dự_án nhóm A hoặc 02 dự_án nhóm B cùng loại ; 

b ) Hạng II : Đã làm Giám_đốc quản_lý dự_án của 01 dự_án nhóm B hoặc 02 dự_án nhóm C cùng loại ; 

c ) Hạng III : Đã trực_tiếp tham_gia quản_lý dự_án của 01 dự_án nhóm C cùng loại . 

3 . Phạm_vi hoạt_động : 

a ) Hạng I : Được làm Giám_đốc quản_lý dự_án tất_cả các nhóm dự_án tương_ứng với loại dự_án được ghi trong chứng_chỉ hành_nghề ; 

b ) Hạng II : Được làm Giám_đốc quản_lý dự_án nhóm B , nhóm C tương_ứng với loại dự_án được ghi trong chứng_chỉ hành_nghề ; 

c ) Hạng III : Được làm Giám_đốc quản_lý dự_án nhóm C và các dự_án chỉ yêu_cầu lập Báo_cáo kinh_tế-kỹ_thuật đầu_tư xây_dựng tương_ứng với loại dự_án được ghi trong chứng_chỉ hành_nghề ” . 

19 .  Sửa_đổi , bổ_sung Điều 57 như sau : 

“ Điều 57 .  Quy_định chung về chứng_chỉ năng_lực hoạt_động xây_dựng 

1 . Tổ_chức khi tham_gia các lĩnh_vực sau đây phải có chứng_chỉ năng_lực hoạt_động xây_dựng : 

a ) Khảo_sát xây_dựng ; 

b ) Lập quy_hoạch xây_dựng ; 

c ) Thiết_kế , thẩm_tra thiết_kế xây_dựng công_trình ; 

d ) Lập , thẩm_tra dự_án đầu_tư xây_dựng ; 

đ ) Tư_vấn quản_lý dự_án ; 

e ) Thi_công xây_dựng công_trình ; 

g ) Giám_sát thi_công xây_dựng ; 

h ) Kiểm_định xây_dựng ; 

i ) Quản_lý chi_phí đầu_tư xây_dựng . 

2 . Điều_kiện chung để được cấp chứng_chỉ năng_lực hoạt_động xây_dựng : 

a ) Có giấy đăng_ký kinh_doanh hoặc quyết_định thành_lập của cơ_quan có thẩm_quyền theo quy_định của pháp_luật ; 

b ) Những cá_nhân đảm_nhận chức_danh chủ_chốt phải có hợp_đồng lao_động với tổ_chức đề_nghị cấp chứng_chỉ năng_lực hoạt_động xây_dựng ; 

c ) Đối_với các dự_án , công_trình có tính_chất đặc_thù như : Nhà_máy_điện hạt_nhân , nhà_máy sản_xuất_hóa chất độc_hại , sản_xuất vật_liệu nổ , những cá_nhân đảm_nhận chức_danh chủ_chốt thì ngoài yêu_cầu phải có chứng_chỉ hành_nghề tương_ứng với loại công_việc thực_hiện còn phải được bồi_dưỡng chuyên_môn nghiệp_vụ về lĩnh_vực đặc_thù của dự_án . 

3 . Chứng_chỉ năng_lực hoạt_động xây_dựng có hiệu_lực tối_đa trong thời_hạn 05 năm .  Tổ_chức phải làm thủ_tục cấp lại khi chứng_chỉ năng_lực hết hiệu_lực hoặc khi có nhu_cầu .  Trường_hợp có thay_đổi nội_dung chứng_chỉ năng_lực phải làm thủ_tục cấp lại trong thời_hạn 20 ngày kể từ ngày có thay_đổi . 

4 . Bộ Xây_dựng thống_nhất quản_lý về chứng_chỉ năng_lực hoạt_động xây_dựng trên toàn_quốc thông_qua việc cấp , quản_lý mã_số chứng_chỉ năng_lực hoạt_động xây_dựng ;  công_khai danh_sách tổ_chức được cấp chứng_chỉ hoạt_động xây_dựng trên trang thông_tin điện_tử của mình ” . 

20 .  Sửa_đổi , bổ_sung Điều 66 như sau : 

“ Điều 66 .  Chứng_chỉ năng_lực của tổ_chức giám_sát thi_công xây_dựng 

1 . Hạng I : 

a ) Có ít_nhất 10 người có chứng_chỉ hành_nghề giám_sát thi_công xây_dựng hạng I phù_hợp với loại công_trình đăng_ký cấp chứng_chỉ năng_lực ; 

b ) Có ít_nhất 15 người trong hệ_thống quản_lý chất_lượng của tổ_chức giám_sát thi_công xây_dựng công_trình có chuyên_môn , nghiệp_vụ phù_hợp với loại công_trình đăng_ký cấp chứng_chỉ năng_lực ; 

c ) Đã giám_sát thi_công xây_dựng ít_nhất 01 công_trình cấp I hoặc 02 công_trình cấp II cùng loại công_trình đăng_ký cấp chứng_chỉ năng_lực . 

2 . Hạng II : 

a ) Có ít_nhất 10 người có chứng_chỉ hành_nghề giám_sát thi_công xây_dựng hạng II phù_hợp với loại công_trình đăng_ký cấp chứng_chỉ năng_lực ; 

c ) Đã giám_sát thi_công xây_dựng ít_nhất 01 công_trình cấp II hoặc 02 công_trình cấp III cùng loại công_trình đăng_ký cấp chứng_chỉ năng_lực . 

3 . Hạng III : 

a ) Có ít_nhất 05 người có chứng_chỉ hành_nghề giám_sát thi_công xây_dựng hạng III phù_hợp với loại công_trình đăng_ký cấp chứng_chỉ năng_lực ; 

b ) Có ít_nhất 10 người trong hệ_thống quản_lý chất_lượng của tổ_chức giám_sát thi_công xây_dựng công_trình có chuyên_môn , nghiệp_vụ phù_hợp với loại công_trình đăng_ký cấp chứng_chỉ năng_lực . 

4 . Phạm_vi hoạt_động : 

a ) Hạng I : Được giám_sát thi_công xây_dựng công_trình tất_cả các cấp cùng loại được ghi trong chứng_chỉ năng_lực ; 

b ) Hạng II : Được giám_sát thi_công xây_dựng các công_trình từ cấp II trở xuống cùng loại được ghi trong chứng_chỉ năng_lực ; 

c ) Hạng III : Được giám_sát thi_công xây_dựng các công_trình từ cấp III trở xuống cùng loại được ghi trong chứng_chỉ năng_lực ” . 

21 .  Bổ_sung Điều 66a vào sau Điều 66 như sau : 

a ) Có ít_nhất 10 người có chứng_chỉ hành_nghề kiểm_định xây_dựng hạng I phù_hợp với loại công_trình đăng_ký cấp chứng_chỉ năng_lực ; 

b ) Có ít_nhất 15 người trong hệ_thống quản_lý chất_lượng của tổ_chức kiểm_định xây_dựng công_trình có chuyên_môn , nghiệp_vụ phù_hợp với loại công_trình đăng_ký cấp chứng_chỉ năng_lực ; 

c ) Đã thực_hiện kiểm_định xây_dựng ít_nhất 01 công_trình cấp I hoặc 02 công_trình cấp II cùng loại . 

a ) Có ít_nhất 10 người có chứng_chỉ hành_nghề kiểm_định xây_dựng hạng II phù_hợp với loại công_trình đăng_ký cấp chứng_chỉ năng_lực ; 

b ) Có ít_nhất 10 người trong hệ_thống quản_lý chất_lượng của tổ_chức kiểm_định xây_dựng công_trình có chuyên_môn , nghiệp_vụ phù_hợp với loại công_trình đăng_ký cấp chứng_chỉ năng_lực ; 

c ) Đã thực_hiện kiểm_định xây_dựng ít_nhất 01 công_trình cấp II hoặc 02 công_trình cấp III cùng loại . 

a ) Có ít_nhất 05 người có chứng_chỉ hành_nghề kiểm_định xây_dựng hạng III phù_hợp với loại công_trình đăng_ký cấp chứng_chỉ năng_lực ; 

b ) Có ít_nhất 05 người trong hệ_thống quản_lý chất_lượng của tổ_chức kiểm_định xây_dựng công_trình có chuyên_môn , nghiệp_vụ phù_hợp với loại công_trình đăng_ký cấp chứng_chỉ năng_lực . 

a ) Hạng I : Được kiểm_định chất_lượng , xác_định nguyên_nhân hư_hỏng , nguyên_nhân sự_cố , thời_hạn sử_dụng của bộ_phận , công_trình tất_cả các cấp cùng loại với công_trình được ghi trong chứng_chỉ năng_lực ;  được kiểm_định chất_lượng vật_liệu , sản_phẩm xây_dựng , cấu_kiện xây_dựng ; 

b ) Hạng II : Được kiểm_định chất_lượng , xác_định nguyên_nhân hư_hỏng , nguyên_nhân sự_cố , thời_hạn sử_dụng của bộ_phận , công_trình từ cấp II trở xuống cùng loại với công_trình được ghi trong chứng_chỉ năng_lực ;  được kiểm_định chất_lượng vật_liệu xây_dựng , sản_phẩm xây_dựng , cấu_kiện xây_dựng ; 

c ) Hạng III : Được kiểm_định chất_lượng , xác_định nguyên_nhân hư_hỏng , nguyên_nhân sự_cố , thời_hạn sử_dụng của bộ_phận , công_trình cấp III , cấp IV cùng loại với công_trình được ghi trong chứng_chỉ năng_lực ;  được kiểm_định chất_lượng vật_liệu xây_dựng , sản_phẩm xây_dựng , cấu_kiện xây_dựng ” . 

22 .  Sửa_đổi , bổ_sung Điều 74 như sau : 

“ 1 .  Nhà_thầu nước_ngoài có các quyền sau : 

a ) Được quyền yêu_cầu các cơ_quan có chức_năng hướng_dẫn việc lập hồ_sơ xin cấp giấy_phép hoạt_động xây_dựng và các vấn_đề khác liên_quan đến hoạt_động của nhà_thầu theo quy_định của Nghị_định này ; 

b ) Được quyền tố_cáo , khiếu_nại những hành_vi vi_phạm của tổ_chức , cá_nhân thực_hiện các công_việc theo quy_định của Nghị_định này ; 

c ) Được bảo_vệ quyền_lợi hợp_pháp trong kinh_doanh tại Việt_Nam theo giấy_phép thầu được cấp ; 

d ) Được trực_tiếp làm thủ_tục xuất_nhập_khẩu , tạm nhập tái_xuất , tạm xuất tái_nhập , thanh_lý hàng_hóa liên_quan đến hợp_đồng nhận_thầu tại cơ_quan hải_quan theo quy_định của pháp_luật về quản_lý xuất_nhập_khẩu . 

2 . Nhà_thầu nước_ngoài có các nghĩa_vụ sau : 

a ) Đăng_ký địa_chỉ , số điện_thoại , fax , e-mail của văn_phòng điều_hành và người đại_diện thực_hiện hợp_đồng tại các cơ_quan có liên_quan đến các nội_dung nêu trên theo quy_định của Ủy_ban nhân_dân cấp tỉnh nơi có dự_án nhận_thầu .  Đối_với nhà_thầu thực_hiện các gói_thầu lập quy_hoạch xây_dựng , lập dự_án đầu_tư xây_dựng , khảo_sát xây_dựng , thiết_kế xây_dựng công_trình có_thể đăng_ký các nội_dung nêu trên tại địa_phương khác không phải là nơi có dự_án nhận_thầu . 

Sau khi thực_hiện xong việc đăng_ký các nội_dung nêu trên , nhà_thầu thông_báo các thông_tin này trực_tiếp hoặc qua đường bưu_điện tới Bộ Xây_dựng , Bộ Công_an , Bộ Tài_chính , Ngân_hàng Nhà_nước Việt_Nam , Ủy_ban nhân_dân tỉnh , thành_phố trực_thuộc trung_ương nơi có công_trình xây_dựng biết , theo hướng_dẫn của Bộ Xây_dựng ; 

b ) Đăng_ký sử_dụng con_dấu của văn_phòng điều_hành công_trình tại Công_an tỉnh , thành_phố trực_thuộc trung_ương nơi có công_trình xây_dựng .  Nhà_thầu nước_ngoài chỉ sử_dụng con_dấu này trong công_việc phục_vụ thực_hiện hợp_đồng tại Việt_Nam theo quy_định tại giấy_phép thầu .  Khi kết_thúc hợp_đồng , nhà_thầu nước_ngoài phải nộp lại con_dấu cho cơ_quan đã cấp ; 

c ) Đăng_ký và nộp thuế theo quy_định của pháp_luật Việt_Nam , thực_hiện chế_độ kế_toán , mở tài_khoản , thanh_toán theo hướng_dẫn của Bộ Tài_chính và Ngân_hàng Nhà_nước Việt_Nam để phục_vụ hoạt_động kinh_doanh theo 

hợp_đồng ; 

d ) Thực_hiện việc tuyển lao_động , sử_dụng lao_động Việt_Nam và lao_động là người nước_ngoài theo quy_định của pháp_luật Việt_Nam về lao_động . 

Chỉ được phép đăng_ký đưa vào Việt_Nam những chuyên_gia quản_lý kinh_tế , quản_lý kỹ_thuật và người có tay_nghề cao mà Việt_Nam không đủ khả_năng đáp_ứng . 

Người nước_ngoài làm_việc cho nhà_thầu nước_ngoài tại Việt_Nam phải tuân_thủ pháp_luật Việt_Nam về xuất-nhập_cảnh , đăng_ký tạm_trú hoặc thường_trú và đăng_ký để được cấp giấy_phép lao_động theo quy_định của pháp_luật Việt_Nam về lao_động ; 

đ ) Thực_hiện hợp_đồng liên_danh đã ký_kết với nhà_thầu Việt_Nam hoặc sử_dụng nhà_thầu phụ Việt_Nam đã được xác_định trong hồ_sơ đề_nghị cấp Giấy_phép hoạt_động xây_dựng ; 

e ) Mua bảo_hiểm theo quy_định của pháp_luật Việt_Nam đối_với công_việc của nhà_thầu gồm : Bảo_hiểm_trách_nhiệm nghề_nghiệp đối_với nhà_thầu tư_vấn đầu_tư xây_dựng ;  bảo_hiểm tài_sản hàng_hóa đối_với nhà_thầu mua_sắm ;  các loại bảo_hiểm đối_với nhà_thầu thi_công xây_dựng và các chế_độ bảo_hiểm khác theo quy_định của pháp_luật Việt_Nam ; 

g ) Đăng_kiểm chất_lượng vật_tư , thiết_bị nhập_khẩu_cung_cấp theo hợp_đồng nhận_thầu ; 

h ) Đăng_kiểm an_toàn thiết_bị thi_công xây_dựng và phương_tiện giao_thông liên_quan đến hoạt_động kinh_doanh của nhà_thầu nước_ngoài theo quy_định của pháp_luật Việt_Nam ; 

i ) Tuân_thủ các quy_định về quy_chuẩn , tiêu_chuẩn , về quản_lý chất_lượng công_trình xây_dựng , an_toàn lao_động và bảo_vệ môi_trường cũng như các quy_định khác của pháp_luật Việt_Nam có liên_quan ; 

k ) Thực_hiện các chế_độ báo_cáo theo quy_định trong Giấy_phép hoạt_động xây_dựng ; 

l ) Khi hoàn_thành công_trình , nhà_thầu nước_ngoài phải lập hồ_sơ hoàn_thành công_trình ;  chịu trách_nhiệm bảo_hành ;  quyết_toán vật_tư , thiết_bị nhập_khẩu ;  xử_lý vật_tư , thiết_bị còn dư trong hợp_đồng thi_công xây_dựng công_trình theo quy_định về xuất_nhập_khẩu ;  tái_xuất các vật_tư , thiết_bị thi_công đã đăng_ký theo chế_độ tạm_nhập-tái_xuất ;  thanh_lý hợp_đồng ;  đồng_thời , thông_báo tới các cơ_quan quản_lý nhà_nước có liên_quan về việc kết_thúc hợp_đồng , chấm_dứt sự hoạt_động của văn_phòng điều_hành công_trình ” . 

23 .  Sửa_đổi , bổ_sung khoản 1 Điều 75 như sau : 

“ 1 .  Chỉ được ký hợp_đồng giao nhận_thầu khi đã có Giấy_phép hoạt_động xây_dựng do cơ_quan nhà_nước có thẩm_quyền cấp cho nhà_thầu nước_ngoài ;  hướng_dẫn nhà_thầu nước_ngoài tuân_thủ các quy_định tại Nghị_định này và các quy_định khác của pháp_luật có liên_quan ;  hỗ_trợ nhà_thầu nước_ngoài trong việc chuẩn_bị các tài_liệu có liên_quan đến công_trình nhận_thầu mà nhà_thầu nước_ngoài phải kê_khai trong hồ_sơ đề_nghị cấp giấy_phép thầu và các thủ_tục khác có liên_quan theo quy_định của pháp_luật Việt_Nam .  ” 

24 .  Sửa_đổi , bổ_sung khoản 8 Điều 76 như sau : 

“ 8 .  Các Bộ quản_lý công_trình xây_dựng chuyên_ngành , Ủy_ban nhân_dân các tỉnh , thành_phố trực_thuộc trung_ương , các tập_đoàn kinh_tế , tổng công_ty nhà_nước có trách_nhiệm gửi báo_cáo định_kỳ , hàng năm về nội_dung quản_lý hoạt_động đầu_tư xây_dựng về Bộ Xây_dựng để tổng_hợp , theo_dõi .  Bộ Xây_dựng hướng_dẫn nội_dung , biểu_mẫu và thời_gian thực_hiện của các báo_cáo .  ” 

Điều 2 .  Bãi_bỏ các quy_định sau : 

1 . Quy_định tại các khoản 6 và 7 Điều 34 , khoản 3 Điều 69 và Phụ_lục I ban_hành kèm theo <NĐ rel="HHL1"> Nghị_định số 59/2015/NĐ-CP ngày 18 tháng 6 năm 2015 </NĐ> về quản_lý dự_án đầu_tư xây_dựng .
2 . Quy_định tại khoản 3 Điều 38 <NĐ rel="HHL1"> Nghị_định số 117/2007/NĐ-CP ngày 11 tháng 7 năm 2007 </NĐ> về sản_xuất , cung_cấp và tiêu_thụ nước_sạch .
Điều 3 .  Quy_định chuyển_tiếp 

1 . Đối_với các dự_án đầu_tư xây_dựng và thiết_kế , dự_toán xây_dựng công_trình , hạng_mục công_trình của dự_án đã trình cơ_quan có thẩm_quyền thẩm_định trước ngày Nghị_định này có hiệu_lực thi_hành thì tiếp_tục được thực_hiện theo quy_định tại <NĐ rel="DaC"> Nghị_định số 59/2015/NĐ-CP ngày 18 tháng 6 năm 2015 </NĐ> về quản_lý dự_án đầu_tư xây_dựng ; việc điều_chỉnh dự_án , thiết_kế và dự_toán xây_dựng công_trình của các dự_án này nếu được thực_hiện sau ngày Nghị_định này có hiệu_lực thi_hành thì phải thực_hiện đầy_đủ các quy_định tại Nghị
định này . 

2 . Chứng_chỉ năng_lực , chứng_chỉ hành_nghề hoạt_động xây_dựng đã được cơ_quan có thẩm_quyền cấp theo quy_định trước thời_điểm có hiệu_lực thi_hành của Nghị_định này thì tiếp_tục được sử_dụng cho đến khi hết thời_hạn ghi trong các chứng_chỉ đó .  Tổ_chức , cá_nhân đã nộp hồ_sơ trước thời_điểm Nghị_định này có hiệu_lực thi_hành nhưng chưa được cấp chứng_chỉ năng_lực , chứng_chỉ hành_nghề hoạt_động xây_dựng thì tiếp_tục cập_nhật , bổ_sung hồ_sơ ( nếu có ) theo quy_định của Nghị_định này để thực_hiện xét cấp chứng_chỉ . 

Điều 4 .  Hiệu_lực thi_hành và tổ_chức thực_hiện 

1 . Nghị_định này có hiệu_lực thi_hành từ ngày 01 tháng 6 năm 2017 . 

2 . Các Bộ_trưởng , Thủ_trưởng cơ_quan ngang bộ , Thủ_trưởng cơ_quan thuộc Chính_phủ , Chủ_tịch Ủy_ban nhân_dân các tỉnh , thành_phố trực_thuộc trung_ương chịu trách_nhiệm thi_hành Nghị_định này ./. 