Nghị định Quy định về quản lý và tổ chức lễ hội

Căn_cứ <L rel="CC"> Luật tổ_chức Chính_phủ ngày 19 tháng 6 năm 2015 </L> ;
Căn_cứ <L rel="CC"> Luật di_sản văn_hóa ngày 29 tháng 6 năm 2001 </L> và <L rel="CC"> Luật sửa_đổi , bổ_sung một_số Điều của <L rel="none"> Luật di_sản văn_hóa </L> ngày 18 tháng 6 năm 2009 </L> ;
Căn_cứ <L rel="CC"> Luật tín_ngưỡng , tôn_giáo ngày 18 tháng 11 năm 2016 </L> ;
Điều 1 .  Phạm_vi Điều_chỉnh 

1 . Nghị_định này quy_định về quản_lý và tổ_chức lễ_hội trên lãnh_thổ Việt_Nam . 

2 . Về thẩm_quyền , thời_hạn , trình_tự , thủ_tục đăng_ký hoặc thông_báo việc tổ_chức lễ_hội tín_ngưỡng được thực_hiện theo quy_định của pháp_luật tín_ngưỡng , tôn_giáo . 

Điều 2 .  Đối_tượng áp_dụng 

Nghị_định này áp_dụng đối_với tổ_chức , cá_nhân là người Việt_Nam ;  tổ_chức , cá_nhân là người nước_ngoài tham_gia hoạt_động lễ_hội trên lãnh_thổ Việt_Nam . 

Điều 3 .  Giải_thích từ_ngữ 

1 . Lễ_hội truyền_thống ( bao_gồm cả lễ_hội tại các di_tích lịch_sử-văn_hóa , lễ_hội dân_gian ) là hình_thức sinh_hoạt văn_hóa cộng_đồng được tổ_chức theo nghi_lễ truyền_thống , nhằm đáp_ứng nhu_cầu tinh_thần của nhân_dân . 

2 . Lễ_hội văn_hóa là hoạt_động giới_thiệu , quảng_bá giá_trị văn_hóa , thể_thao tiêu_biểu , đặc_sắc ;  tiềm_năng du_lịch về đất_nước , con_người Việt_Nam . 

3 . Lễ_hội ngành_nghề là hoạt_động quảng_bá về đặc_trưng , thế mạnh của các ngành_nghề ;  tôn_vinh các tổ_chức , nghệ_nhân tiêu_biểu có nhiều đóng_góp trong việc giữ_gìn và phát_triển ngành_nghề . 

4 . Lễ_hội có nguồn_gốc từ nước_ngoài là những hoạt_động giới_thiệu văn_hóa , kinh_tế , xã_hội của nước_ngoài với công_chúng Việt_Nam . 

Điều 4 .  Chính_sách của Nhà_nước về lễ_hội 

1 . Hỗ_trợ hoạt_động phục_dựng , bảo_vệ lễ_hội truyền_thống nhằm duy_trì các giá_trị văn_hóa đặc_sắc , tiêu_biểu , đáp_ứng đời_sống tinh_thần của nhân_dân . 

2 . Khuyến_khích các hoạt_động văn_hóa , văn_nghệ , thể_thao dân_gian truyền_thống ;  ứng_dụng khoa_học , công_nghệ hiện_đại trong tổ_chức lễ_hội văn_hóa , lễ_hội ngành_nghề , lễ_hội có nguồn_gốc từ nước_ngoài . 

3 . Nâng cao chất_lượng đào_tạo , bồi_dưỡng cán_bộ chuyên_môn , nghiệp_vụ về quản_lý hoạt_động lễ_hội . 

4 . Mở_rộng hợp_tác quốc_tế trong hoạt_động lễ_hội . 

Điều 5 .  Nguyên_tắc tổ_chức lễ_hội 

1 . Việc tổ_chức lễ_hội nhằm giáo_dục truyền_thống yêu nước , lòng tự_hào dân_tộc , đạo_lý “ Uống nước nhớ nguồn ” , tôn_vinh công_lao các bậc tiền nhân , nhân_vật lịch_sử , những người có nhiều đóng_góp trong quá_trình hình_thành , phát_triển đất_nước ;  tuyên_truyền giá_trị về lịch_sử , văn_hóa , kiến_trúc của di_tích , truyền_thống tốt_đẹp của lễ_hội . 

2 . Lễ_hội phải được tổ_chức trang_trọng , thiết_thực , hiệu_quả ;  phù_hợp với quy_mô , nội_dung của lễ_hội ;  tổ_chức lễ_hội truyền_thống theo đúng bản_chất , ý_nghĩa lịch_sử văn_hóa ;  giảm tần_suất , thời_gian tổ_chức lễ_hội văn_hóa . 

3 . Nghi_lễ của lễ_hội phải trang_nghiêm , bảo_đảm truyền_thống ;  không thực_hiện nghi_lễ có tính bạo_lực , phản_cảm , trái với truyền_thống yêu hòa_bình , nhân_đạo của dân_tộc Việt_Nam . 

4 . Giáo_dục , định_hướng con_người hình_thành các hành_vi , thái_độ , nhận_thức cao_đẹp ;  loại_bỏ xu_hướng chạy theo lợi_ích vật_chất , lòng tham và các lợi_ích cá_nhân . 

5 . Phải thực_hiện các biện_pháp bảo_vệ di_tích , danh_lam thắng_cảnh ;  bảo_đảm an_ninh , trật_tự , an_toàn xã_hội , phòng_chống cháy nổ , an_toàn giao_thông và vệ_sinh môi_trường . 

6 . Không lợi_dụng việc tổ_chức lễ_hội nhằm mục_đích trục_lợi cá_nhân , phục_vụ lợi_ích nhóm ;  không ép_buộc tổ_chức , cá_nhân tham_gia đóng_góp kinh_phí tổ_chức lễ_hội . 

7 . Hạn_chế sử_dụng ngân_sách nhà_nước , đẩy_mạnh xã_hội_hóa các nguồn_lực trong việc tổ_chức lễ_hội ;  thực_hành tiết_kiệm , chống lãng_phí . 

Điều 6 .  Quyền và trách_nhiệm của người tham_gia lễ_hội 

1 . Người tham_gia lễ_hội có các quyền sau 

a ) Thể_hiện lòng_thành_kính , biết_ơn đối_với bậc tiền nhân , nhân_vật lịch_sử , tôn_trọng những giá_trị đạo_đức , văn_hóa , tâm_linh , tín_ngưỡng ; 

b ) Thể_hiện mong_muốn Điều tốt_đẹp , may_mắn đến với cá_nhân , gia_đình , quê_hương và đất_nước ; 

c ) Được giao_lưu , sinh_hoạt văn_hóa và hưởng_thụ những giá_trị văn_hóa tinh_thần . 

2 . Người tham_gia lễ_hội có các trách_nhiệm sau 

a ) Chấp_hành nghiêm các quy_định của pháp_luật ;  nội_quy thực_hiện nếp sống văn_minh trong lễ_hội ; 

b ) Ứng_xử có văn_hóa trong hoạt_động lễ_hội ;  trang_phục lịch_sự , phù_hợp với thuần_phong mỹ_tục của dân_tộc Việt_Nam ;  không nói_tục , chửi thề xúc_phạm tâm_linh , gây ảnh_hưởng xấu tới không_khí trang_nghiêm của lễ_hội ; 

c ) Thắp hương , đốt vàng_mã đúng nơi quy_định ;  không chen_lấn , xô_đẩy gây mất trật_tự an_ninh ;  giữ_gìn vệ_sinh môi_trường ; 

d ) Không tổ_chức hoặc tham_gia các hoạt_động mê_tín , dị_đoan , cờ_bạc và các hành_vi vi_phạm pháp_luật khác . 

đ ) Không thực_hiện việc đổi tiền có chênh_lệch giá trong khu_vực di_tích , lễ_hội ; 

e ) Cán_bộ , công_chức , viên_chức , người lao_động ngoài việc chấp_hành nghiêm quy_định tại các điểm a , b , c , d và đ Khoản 2 Điều này còn phải thực_hiện các quy_định sau : không đi lễ_hội trong giờ hành_chính ;  không dùng xe công và các phương_tiện công ( hoặc thuê khoán phương_tiện ) tham_gia lễ_hội ( trừ trường_hợp thuộc thành_phần tham_gia tổ_chức lễ_hội hoặc được giao thực_thi nhiệm_vụ ) . 

Điều 7 .  Trách_nhiệm của cơ_quan , đơn_vị tổ_chức lễ_hội ;  trách_nhiệm của Ban Tổ_chức lễ_hội 

1 . Cơ_quan , đơn_vị tổ_chức lễ_hội thực_hiện trách_nhiệm sau 

a ) Thực_hiện thủ_tục đăng_ký hoặc thông_báo tổ_chức lễ_hội theo quy_định tại Nghị_định này và thực_hiện theo nội_dung đã được cơ_quan quản_lý nhà_nước có thẩm_quyền chấp_thuận ; 

b ) Thành_lập , phê_duyệt quy_chế làm_việc của Ban tổ_chức lễ_hội ;  chịu trách_nhiệm về hoạt_động của Ban tổ_chức lễ_hội ; 

c ) Chịu trách_nhiệm về công_tác quản_lý và tổ_chức lễ_hội theo quy_định của Nghị_định này ; 

d ) Báo_cáo bằng văn_bản kết_quả tổ_chức lễ_hội đến cơ_quan quản_lý nhà_nước có thẩm_quyền tiếp_nhận đăng_ký hoặc thông_báo chậm nhất 20 ngày kể từ ngày kết_thúc lễ_hội . 

2 . Ban tổ_chức lễ_hội thực_hiện trách_nhiệm sau 

a ) Ban_hành , phổ_biến quy_chế làm_việc và phân_công trách_nhiệm của các thành_viên Ban tổ_chức lễ_hội ;  nội_quy thực_hiện nếp sống văn_minh trong lễ_hội ; 

b ) Tuyên_truyền , giới_thiệu mục_đích , ý_nghĩa , giá_trị của lễ_hội trên hệ_thống loa phát_thanh , bảng , biển và các hình_thức tuyên_truyền khác ;  thông_báo số điện_thoại đường_dây_nóng để tiếp_nhận thông_tin phản_ánh của người tham_gia lễ_hội ; 

c ) Xây_dựng và triển_khai phương_án bảo_đảm an_ninh trật_tự , an_toàn xã_hội , vệ_sinh môi_trường theo quy_định của pháp_luật ; 

d ) Quy_định khu_vực vui_chơi giải_trí và khu_vực tổ_chức các hoạt_động dịch_vụ , bảo_đảm không lấn_chiếm khuôn_viên di_tích ;  treo , đặt bảng phổ_biến nội_dung , biển hướng_dẫn ở vị_trí phù_hợp , thuận_tiện cho việc tiếp_nhận thông_tin của người tham_gia lễ_hội ; 

đ ) Yêu_cầu người cung_ứng dịch_vụ , hàng_hóa tại khu_vực lễ_hội phải niêm_yết công_khai và bán đúng giá niêm_yết ;  không chèo_kéo và ép_giá ;  không bày bán hàng giả , hàng nhái , hàng kém chất_lượng , hàng không rõ nguồn_gốc ;  không bày bán động_vật quý_hiếm , các thực_phẩm không đảm_bảo an_toàn vệ_sinh theo quy_định của pháp_luật ; 

e ) Không bán vé , thu tiền tham_dự lễ_hội ;  hướng_dẫn việc đặt tiền lễ đúng nơi quy_định ;  quản_lý và sử_dụng nguồn thu từ hoạt_động lễ_hội hiệu_quả , công_khai , minh_bạch , đúng mục_đích . 

Điều 8 .  Tạm ngừng tổ_chức lễ_hội 

1 . Cơ_quan có thẩm_quyền tiếp_nhận đăng_ký hoặc thông_báo được quyền yêu_cầu bằng văn_bản tạm ngừng tổ_chức lễ_hội trong các trường_hợp sau đây : 

a ) Tổ_chức lễ_hội sai_lệch nội_dung , giá_trị của lễ_hội ; 

b ) Tổ_chức lễ_hội gây mất an_ninh trật_tự , an_toàn xã_hội ;  vi_phạm các quy_định về an_toàn giao_thông , bảo_vệ môi_trường gây hậu_quả nghiêm_trọng ;  gây cháy nổ , làm chết người ; 

c ) Xảy ra thiên_tai , dịch_bệnh có ảnh_hưởng xấu đến đời_sống xã_hội ở địa_phương ; 

d ) Có hoạt_động phát_tán hoặc tuyên_truyền_thông_tin , tài_liệu , vật_phẩm có nội_dung bịa_đặt về giá_trị di_sản , truyền_thống của lễ_hội gây hoang_mang trong nhân_dân . 

2 . Ban tổ_chức lễ_hội tự ngừng hoặc ngừng ngay các hoạt_động tổ_chức lễ_hội theo yêu_cầu của cơ_quan quản_lý nhà_nước có thẩm_quyền ;  kịp_thời khắc_phục hậu_quả , đề_xuất phương_án tiếp_tục tổ_chức lễ_hội trình cơ_quan quản_lý nhà_nước có thẩm_quyền xem_xét , quyết_định . 

Chương_II 

ĐĂNG_KÝ , THÔNG_BÁO TỔ_CHỨC LỄ_HỘI 

Điều 9 .  Đăng_ký tổ_chức lễ_hội 

1 . Lễ_hội phải đăng_ký với Bộ Văn_hóa , Thể_thao và Du_lịch trước khi tổ_chức gồm : 

a ) Lễ_hội văn_hóa , lễ_hội ngành_nghề do cơ_quan trung_ương tổ_chức ( sau đây gọi là lễ_hội cấp quốc_gia ) được tổ_chức lần đầu . 

b ) Lễ_hội văn_hóa , lễ_hội ngành_nghề có từ 02 tỉnh trở lên tham_gia tổ_chức ( sau đây gọi là lễ_hội cấp khu_vực ) được tổ_chức lần đầu . 

c ) Lễ_hội có nguồn_gốc từ nước_ngoài được tổ_chức lần đầu hoặc khôi_phục sau thời_gian gián_đoạn từ 02 năm trở lên . 

2 . Lễ_hội phải đăng_ký với Ủy_ban nhân_dân cấp tỉnh trước khi tổ_chức gồm : 

a ) Lễ_hội truyền_thống , lễ_hội văn_hóa , lễ_hội ngành_nghề cấp tỉnh được tổ_chức lần đầu hoặc khôi_phục sau thời_gian gián_đoạn từ 02 năm trở lên ; 

b ) Lễ_hội truyền_thống , lễ_hội văn_hóa , lễ_hội ngành_nghề có nhiều huyện thuộc một tỉnh , thành_phố trực_thuộc trung_ương tham_gia tổ_chức ( sau đây gọi là lễ_hội cấp tỉnh ) được tổ_chức lần đầu hoặc khôi_phục sau thời_gian gián_đoạn từ 02 năm trở lên . 

3 . Lễ_hội phải đăng_ký với Ủy_ban nhân_dân cấp huyện trước khi tổ_chức gồm : 

a ) Lễ_hội truyền_thống , lễ_hội văn_hóa , lễ_hội ngành_nghề cấp huyện được tổ_chức lần đầu hoặc khôi_phục sau thời_gian gián_đoạn 02 năm trở lên . 

b ) Lễ_hội truyền_thống , lễ_hội văn_hóa , lễ_hội ngành_nghề có nhiều xã thuộc một huyện , quận , thị_xã , thành_phố thuộc tỉnh , thành_phố thuộc thành_phố trực_thuộc trung_ương tham_gia tổ_chức ( sau đây gọi là lễ_hội cấp huyện ) được tổ_chức lần đầu hoặc khôi_phục sau thời_gian gián_đoạn từ 02 năm trở lên . 

c ) Lễ_hội truyền_thống , lễ_hội văn_hóa , lễ_hội ngành_nghề cấp xã được tổ_chức lần đầu hoặc khôi_phục sau thời_gian gián_đoạn 02 năm trở lên . 

d ) Lễ_hội truyền_thống cấp huyện , cấp xã được tổ_chức hàng năm nhưng có thay_đổi về cách_thức tổ_chức , nội_dung , địa_điểm so với truyền_thống . 

Điều 10 .  Hồ_sơ đăng_ký tổ_chức lễ_hội 

1 . Văn_bản đăng_ký nêu rõ tên lễ_hội , sự cần_thiết , thời_gian , địa_điểm , quy_mô , nội_dung hoạt_động lễ_hội , dự_kiến thành_phần số_lượng khách mời . 

2 . Phương_án bảo_đảm an_ninh trật_tự , an_toàn xã_hội , phòng_chống cháy nổ , bảo_vệ môi_trường . 

3 . Dự_kiến thành_phần Ban tổ_chức lễ_hội . 

4 . Các tài_liệu hoặc văn_bản chứng_minh về nguồn_gốc lễ_hội ( đối_với lễ_hội truyền_thống ) . 

5 . Văn_bản đồng_ý tổ_chức lễ_hội tại Việt_Nam của Đại_sứ_quán hoặc Lãnh_sự hoặc Tổng_Lãnh_sự quốc_gia , vùng lãnh_thổ và văn_bản đồng_ý của Bộ Ngoại_giao ( đối_với lễ_hội có nguồn_gốc từ nước_ngoài ) . 

Điều 11 .  Trình_tự tiếp_nhận hồ_sơ đăng_ký tổ_chức lễ_hội quy_mô cấp quốc_gia , cấp khu_vực , lễ_hội có nguồn_gốc từ nước_ngoài 

1 . Đơn_vị tổ_chức lễ_hội gửi hồ_sơ đăng_ký đến Bộ Văn_hóa , Thể_thao và Du_lịch ( trực_tiếp , qua bưu_điện hoặc nộp trực_tuyến ) trước ngày dự_kiến tổ_chức lễ_hội ít_nhất 30 ngày . 

2 . Trong thời_hạn 20 ngày , kể từ ngày nhận được hồ_sơ đăng_ký hợp_lệ , Bộ Văn_hóa , Thể_thao và Du_lịch có trách_nhiệm thẩm_định nội_dung sau : 

a ) Sự đầy_đủ , hợp_pháp của hồ_sơ ; 

b ) Các chương_trình , hoạt_động trong khuôn_khổ lễ_hội ; 

c ) Phương_án bảo_đảm an_ninh trật_tự , an_toàn xã_hội , phòng_chống cháy nổ , bảo_vệ môi_trường ; 

3 . Trường_hợp hoạt_động lễ_hội có nội_dung liên_quan đến các bộ , ngành , Bộ Văn_hóa , Thể_thao và Du_lịch phải có văn_bản xin ý_kiến , tổng_hợp , hoàn_chỉnh hồ_sơ và quyết_định việc chấp_thuận tổ_chức hoạt_động lễ_hội . 

4 . Trường_hợp không đồng_ý phải có văn_bản trả_lời và nêu rõ lý_do .  Chỉ được tổ_chức lễ_hội sau khi có văn_bản chấp_thuận của Bộ Văn_hóa , Thể_thao và Du_lịch . 

5 . Trường_hợp hồ_sơ chưa đầy_đủ theo quy_định tại Điều 10 Nghị_định này , cơ_quan tiếp_nhận đăng_ký phải có văn_bản thông_báo những nội_dung cần bổ_sung .  Đơn_vị tổ_chức lễ_hội bổ_sung hồ_sơ và thực_hiện lại trình_tự đăng_ký theo quy_định tại Điều này . 

Điều 12 .  Trình_tự tiếp_nhận hồ_sơ đăng_ký đối_với lễ_hội quy_mô cấp tỉnh 

1 . Đơn_vị tổ_chức lễ_hội gửi hồ_sơ đăng_ký đến Ủy_ban nhân_dân cấp tỉnh ( trực_tiếp , qua bưu_điện hoặc nộp trực_tuyến ) trước ngày dự_kiến tổ_chức lễ_hội ít_nhất 30 ngày . 

2 . Trong thời_hạn 20 ngày , kể từ ngày nhận được hồ_sơ đăng_ký hợp_lệ , Ủy_ban nhân_dân cấp tỉnh có trách_nhiệm thẩm_định nội_dung sau : 

b ) Phương_án bảo_đảm an_ninh trật_tự , an_toàn xã_hội , phòng_chống cháy nổ , bảo_vệ môi_trường ; 

c ) Tính xác_thực của tài_liệu hoặc văn_bản chứng_minh ;  nội_dung thực_hành nghi_lễ truyền_thống ( đối_với lễ_hội truyền_thống ) . 

3 . Trường_hợp hoạt_động lễ_hội có nội_dung liên_quan đến các bộ , ngành trung_ương hoặc các cơ_quan , đơn_vị ở địa_phương , Ủy_ban nhân_dân cấp tỉnh phải có văn_bản xin ý_kiến , tổng_hợp , hoàn_chỉnh hồ_sơ và quyết_định việc chấp_thuận tổ_chức hoạt_động lễ_hội . 

4 . Trường_hợp không đồng_ý phải có văn_bản trả_lời và nêu rõ lý_do .  Chỉ được tổ_chức lễ_hội sau khi có văn_bản chấp_thuận của Ủy_ban nhân_dân cấp tỉnh . 

Điều 13 .  Trình_tự tiếp_nhận hồ_sơ đăng_ký đối_với lễ_hội cấp huyện 

1 . Đơn_vị tổ_chức lễ_hội gửi hồ_sơ đăng_ký đến Ủy_ban nhân_dân cấp huyện ( trực_tiếp , qua bưu_điện hoặc nộp trực_tuyến ) trước ngày dự_kiến tổ_chức lễ_hội ít_nhất 30 ngày . 

2 . Trong thời_hạn 20 ngày , kể từ ngày nhận được hồ_sơ đăng_ký hợp_lệ , Ủy_ban nhân_dân cấp huyện có trách_nhiệm thẩm_định nội_dung sau : 

3 . Trường_hợp hoạt_động lễ_hội có nội_dung liên_quan đến các cơ_quan chuyên_môn hoặc các đơn_vị ở địa_phương , Ủy_ban nhân_dân cấp huyện phải có văn_bản xin ý_kiến , tổng_hợp , hoàn_chỉnh hồ_sơ và quyết_định việc chấp_thuận tổ_chức hoạt_động lễ_hội . 

4 . Trường_hợp không đồng_ý phải có văn_bản trả_lời và nêu rõ lý_do .  Chỉ được tổ_chức lễ_hội sau khi có văn_bản chấp_thuận của Ủy_ban nhân_dân cấp huyện . 

Điều 14 .  Thông_báo tổ_chức lễ_hội 

1 . Lễ_hội văn_hóa , lễ_hội ngành_nghề cấp quốc_gia hoặc cấp khu_vực , lễ_hội có nguồn_gốc từ nước_ngoài được tổ_chức hàng năm phải thông_báo với Bộ Văn_hóa , Thể_thao và Du_lịch trước khi tổ_chức lễ_hội . 

2 . Lễ_hội truyền_thống , lễ_hội văn_hóa , lễ_hội ngành_nghề cấp tỉnh , cấp huyện , cấp xã được tổ_chức hàng năm phải thông_báo với Ủy_ban nhân_dân cùng cấp trước khi tổ_chức lễ_hội . 

Điều 15 .  Nội_dung văn_bản thông_báo tổ_chức lễ_hội 

1 . Tên lễ_hội , sự cần_thiết về việc tổ_chức lễ_hội ; 

2 . Thời_gian , địa_điểm , quy_mô và các hoạt_động của lễ_hội ; 

3 . Dự_kiến thành_phần , số_lượng khách mời ; 

4 . Dự_kiến thành_phần Ban tổ_chức lễ_hội ; 

5 . Phương_án bảo_đảm an_ninh trật_tự , an_toàn xã_hội , phòng_chống cháy nổ , bảo_vệ môi_trường . 

Điều 16 .  Trình_tự tiếp_nhận thông_báo tổ_chức lễ_hội cấp quốc_gia , cấp khu_vực , lễ_hội có nguồn_gốc từ nước_ngoài ;  lễ_hội cấp tỉnh 

1 . Trình_tự tiếp_nhận thông_báo đối_với lễ_hội cấp quốc_gia , cấp khu_vực , lễ_hội có nguồn_gốc từ nước_ngoài được thực_hiện như sau : 

a ) Đơn_vị tổ_chức lễ_hội gửi văn_bản thông_báo đến Bộ Văn_hóa , Thể_thao và Du_lịch ( trực_tiếp , qua bưu_điện hoặc nộp trực_tuyến ) trước ngày dự_kiến tổ_chức lễ_hội ít_nhất 20 ngày ; 

b ) Trong thời_hạn 15 ngày , kể từ ngày Bộ Văn_hóa , Thể_thao và Du_lịch nhận được văn_bản thông_báo , nếu không có ý_kiến trả_lời thì đơn_vị gửi thông_báo được tổ_chức lễ_hội theo nội_dung đã thông_báo .  Trường_hợp không đồng_ý với nội_dung thông_báo , cơ_quan tiếp_nhận phải trả_lời bằng văn_bản và nêu rõ lý_do ; 

c ) Sau khi nhận được văn_bản không đồng_ý của Bộ Văn_hóa , Thể_thao và Du_lịch , đơn_vị tổ_chức lễ_hội phải tiến_hành chỉnh_sửa , bổ_sung hoàn_thiện nội_dung của hoạt_động lễ_hội . 

2 . Trình_tự tiếp_nhận thông_báo đối_với lễ_hội cấp tỉnh được thực_hiện như sau : 

a ) Đơn_vị tổ_chức lễ_hội gửi văn_bản thông_báo đến Ủy_ban nhân_dân cấp tỉnh ( trực_tiếp , qua bưu_điện hoặc nộp trực_tuyến ) trước ngày dự_kiến tổ_chức lễ_hội ít_nhất 20 ngày ; 

b ) Trong thời_hạn 15 ngày , kể từ ngày Ủy_ban nhân_dân cấp tỉnh nhận được văn_bản thông_báo , nếu không có ý_kiến trả_lời thì đơn_vị gửi thông_báo được tổ_chức lễ_hội theo nội_dung đã thông_báo .  Trường_hợp không đồng_ý với nội_dung thông_báo , cơ_quan tiếp_nhận phải trả_lời bằng văn_bản và nêu rõ lý_do . 

c ) Sau khi nhận được văn_bản không đồng_ý của Ủy_ban nhân_dân cấp tỉnh , đơn_vị tổ_chức lễ_hội phải tiến_hành chỉnh_sửa , bổ_sung hoàn_thiện nội_dung của hoạt_động lễ_hội . 

Điều 17 .  Trình_tự tiếp_nhận thông_báo tổ_chức lễ_hội cấp huyện , cấp xã 

1 . Trình_tự tiếp_nhận thông_báo đối_với lễ_hội có cấp huyện được thực_hiện như sau : 

a ) Đơn_vị tổ_chức lễ_hội gửi văn_bản thông_báo đến Ủy_ban nhân_dân cấp huyện trước ngày dự_kiến tổ_chức lễ_hội ít_nhất 20 ngày . 

b ) Trong thời_hạn 15 ngày , kể từ ngày Ủy_ban nhân_dân cấp huyện nhận được văn_bản thông_báo , nếu không có ý_kiến trả_lời thì đơn_vị gửi thông_báo được tổ_chức lễ_hội theo nội_dung đã thông_báo .  Trường_hợp không đồng_ý với nội_dung thông_báo , cơ_quan tiếp_nhận phải trả_lời bằng văn_bản và nêu rõ lý_do . 

2 . Trình_tự tiếp_nhận thông_báo đối_với lễ_hội cấp xã được thực_hiện như sau : 

a ) Đơn_vị tổ_chức lễ_hội gửi văn_bản thông_báo đến Ủy_ban nhân_dân cấp xã trước ngày dự_kiến tổ_chức lễ_hội ít_nhất 20 ngày . 

b ) Trong thời_hạn 15 ngày , kể từ ngày Ủy_ban nhân_dân cấp xã nhận được văn_bản thông_báo , nếu không có ý_kiến trả_lời thì đơn_vị gửi thông_báo được tổ_chức lễ_hội theo nội_dung đã thông_báo .  Trường_hợp không đồng_ý với nội_dung thông_báo , cơ_quan tiếp_nhận phải trả_lời bằng văn_bản và nêu rõ lý_do . 

I 

TRÁCH_NHIỆM QUẢN_LÝ NHÀ_NƯỚC VỀ LỄ_HỘI 

Điều 18 .  Trách_nhiệm quản_lý nhà_nước về lễ_hội của Bộ Văn_hóa , Thể_thao và Du_lịch 

1 . Xây_dựng trình cơ_quan có thẩm_quyền ban_hành hoặc ban_hành theo thẩm_quyền cơ_chế , chính_sách , pháp_luật về hoạt_động lễ_hội . 

2 . Hướng_dẫn , đôn_đốc công_tác kiểm_kê , lập hồ_sơ khoa_học di_sản văn_hóa lễ_hội của các địa_phương . 

3 . Quản_lý , chỉ_đạo công_tác nghiên_cứu khoa_học về lễ_hội ;  tổ_chức , bồi_dưỡng về chuyên_môn nghiệp_vụ quản_lý và tổ_chức hoạt_động lễ_hội . 

4 . Tổ_chức thực_hiện giao_lưu , hợp_tác quốc_tế trong hoạt_động lễ_hội . 

5 . Hướng_dẫn , kiểm_tra việc thực_hiện các văn_bản quy_phạm pháp_luật , chiến_lược , quy_hoạch , kế_hoạch , chương_trình , đề_án về quản_lý và tổ_chức hoạt_động lễ_hội . 

6 . Thanh_tra , kiểm_tra , giải_quyết khiếu_nại , tố_cáo và xử_lý vi_phạm trong hoạt_động lễ_hội . 

7 . Các nhiệm_vụ , quyền_hạn khác theo quy_định của pháp_luật . 

Điều 19 .  Trách_nhiệm quản_lý nhà_nước về lễ_hội của các bộ , ngành liên_quan 

1 . Bộ Thông_tin và Truyền_thông có trách_nhiệm : 

a ) Phối_hợp với Bộ Văn_hóa , Thể_thao và Du_lịch chỉ_đạo , hướng_dẫn các cơ_quan thông_tấn báo_chí và hệ_thống thông_tin cơ_sở trong công_tác tuyên_truyền về lễ_hội ; 

b ) Định_hướng dư_luận xã_hội trong việc bảo_tồn , phát_huy các giá_trị di_sản của lễ_hội . 

2 . Bộ Ngoại_giao có trách_nhiệm thực_hiện chức_năng quản_lý các cơ_quan đại_diện ngoại_giao nước_ngoài tại Việt_Nam , phối_hợp với Bộ Văn_hóa , Thể_thao và Du_lịch trong việc quản_lý nội_dung hoạt_động lễ_hội nước_ngoài tại Việt_Nam . 

3 . Bộ Y_tế có trách_nhiệm chỉ_đạo , hướng_dẫn công_tác bảo_đảm an_toàn vệ_sinh thực_phẩm ;  công_tác bảo_đảm y_tế trong hoạt_động lễ_hội . 

4 . Bộ Công_an có trách_nhiệm chỉ_đạo , hướng_dẫn các biện_pháp nhằm bảo_đảm an_toàn , an_ninh , trật_tự xã_hội cho hoạt_động lễ_hội . 

5 . Bộ Công_Thương có trách_nhiệm chỉ_đạo tăng_cường kiểm_tra , kiểm_soát , ngăn_chặn việc buôn_bán , kinh_doanh hàng giả , hàng kém chất_lượng , hàng không rõ nguồn_gốc trong hoạt_động lễ_hội . 

6 . Bộ Tài_chính hướng_dẫn sử_dụng việc quản_lý , thu_chi tài_chính cho công_tác tổ_chức lễ_hội và tiền công_đức , tài_trợ cho di_tích và hoạt_động lễ_hội . 

7 . Các bộ , cơ_quan ngang bộ , cơ_quan thuộc Chính_phủ có trách_nhiệm phối_hợp với Bộ Văn_hóa , Thể_thao và Du_lịch thực_hiện quản_lý nhà_nước về lễ_hội trong nhiệm_vụ , quyền_hạn của mình . 

Điều 20 .  Trách_nhiệm quản_lý nhà_nước về lễ_hội của Ủy_ban nhân_dân các cấp 

1 . Ủy_ban nhân_dân cấp tỉnh có trách_nhiệm quản_lý nhà_nước đối_với hoạt_động lễ_hội trên địa_bàn theo thẩm_quyền , có các nhiệm_vụ sau đây : 

a ) Chỉ_đạo thực_hiện kiểm_kê , phân_loại lễ_hội , lập hồ_sơ khoa_học di_sản văn_hóa lễ_hội ;  xây_dựng đề_án , đề_tài nghiên_cứu khoa_học nhằm bảo_tồn và phát_huy giá_trị văn_hóa của lễ_hội ; 

b ) Bảo_đảm hoạt_động lễ_hội được tiến_hành_trang_trọng , đúng nghi_lễ truyền_thống ;  loại_bỏ hoặc thay_thế những tập_tục không còn phù_hợp với xu_thế hội_nhập và phát_triển ; 

c ) Chỉ_đạo các sở , ban , ngành địa_phương trong việc phối_hợp quản_lý và tổ_chức lễ_hội ;  bảo_đảm trật_tự an_toàn xã_hội và thực_hiện nếp sống văn_minh trong lễ_hội ; 

d ) Tổ_chức , hướng_dẫn thực_hiện các quy_định của pháp_luật về hoạt_động lễ_hội tại địa_phương ; 

đ ) Thanh_tra , kiểm_tra , giải_quyết khiếu_nại , tố_cáo và xử_lý vi_phạm trong hoạt_động lễ_hội theo thẩm_quyền ; 

e ) Báo_cáo định_kỳ việc quản_lý và tổ_chức lễ_hội trên địa_bàn gửi về Bộ Văn_hóa , Thể_thao và Du_lịch trước ngày 31 tháng 12 hàng năm và báo_cáo đột_xuất theo yêu_cầu của cơ_quan quản_lý nhà_nước có thẩm_quyền ; 

g ) Các nhiệm_vụ , quyền_hạn khác theo quy_định của pháp_luật . 

2 . Ủy_ban nhân_dân cấp huyện , cấp xã thực_hiện chức_năng quản_lý nhà_nước về lễ_hội trên địa_bàn ;  tiếp_nhận nội_dung đăng_ký hoặc thông_báo tổ_chức lễ_hội quy_mô cấp huyện hoặc cấp xã ;  kiểm_kê , phân_loại lễ_hội và tổ_chức thực_hiện các quy_định của pháp_luật về hoạt_động lễ_hội tại địa_phương . 

Điều 21 .  Xử_lý vi_phạm trong hoạt_động lễ_hội 

1 . Tổ_chức có hành_vi vi_phạm_quy_định của Nghị_định này và các quy_định của pháp_luật khác có liên_quan thì tùy theo tính_chất , mức_độ vi_phạm mà bị xử_phạt vi_phạm hành_chính ;  nếu gây thiệt_hại thì phải bồi_thường theo quy_định của pháp_luật . 

2 . Cá_nhân có hành_vi vi_phạm_quy_định của Nghị_định này và các quy_định của pháp_luật có liên_quan thì tùy theo tính_chất , mức_độ vi_phạm mà bị xử_lý kỷ_luật , xử_phạt vi_phạm hành_chính hoặc bị truy_cứu trách_nhiệm hình_sự ;  nếu gây thiệt_hại thì phải bồi_thường theo quy_định của pháp_luật . 

Chương_IV 

ĐIỀU_KHOẢN THI_HÀNH 

Điều 22 .  Hiệu_lực thi_hành 

1 . Nghị_định này có hiệu_lực thi_hành từ ngày 15 tháng 10 năm 2018 . 

2 . Các quy_định về tổ_chức lễ_hội tại mục 3 , Chương 2 Quy_chế thực_hiện nếp sống văn_minh trong việc cưới , việc tang và lễ_hội ban_hành kèm theo <QĐ rel="HHL"> Quyết_định số 308/2005/QĐ-TTg ngày 25 tháng 11 năm 2005 </QĐ> của Thủ_tướng Chính_phủ ; Chương_V Quy_chế hoạt_động văn_hóa và kinh_doanh dịch_vụ văn_hóa công_cộng ban_hành kèm theo <NĐ rel="DaC"> Nghị_định số 103/2009/NĐ-CP ngày 06 tháng 11 năm 2009 </NĐ> của Chính_phủ hết hiệu_lực kể từ ngày Nghị_định này có hiệu_lực thi_hành .
Điều 23 .  Điều_Khoản chuyển_tiếp 

1 . Đối_với những lễ_hội đã được cơ_quan có thẩm_quyền cấp phép trước ngày Nghị_định này có hiệu_lực thi_hành thì không phải thực_hiện trình_tự đăng_ký lại . 

2 . Đối_với các lễ_hội không phải xin phép trước khi Nghị_định này có hiệu_lực thi_hành thì phải thực_hiện thủ_tục thông_báo theo quy_định tại Nghị_định này . 

Điều 24 .  Trách_nhiệm thi_hành 

Bộ_trưởng , Thủ_trưởng cơ_quan ngang bộ , Thủ_trưởng cơ_quan thuộc Chính_phủ , Chủ_tịch Ủy_ban nhân_dân các tỉnh , thành_phố trực_thuộc trung_ương và tổ_chức , cá_nhân có liên_quan chịu trách_nhiệm thi_hành Nghị_định này ./. 

Nơi nhận : 

- Ban_Bí_thư Trung_ương Đảng ; 

- Thủ_tướng , các Phó_Thủ_tướng Chính_phủ ; 

- Các bộ , Cơ_quan ngang bộ , cơ_quan thuộc Chính_phủ ; 

- HĐND , UBND các tỉnh , thành_phố trực_thuộc trung_ương ; 

- Văn_phòng Trung_ương và các Ban của Đảng ; 

- Văn_phòng Tổng_Bí_thư ; 

- Văn_phòng Chủ_tịch nước ; 

- Hội_đồng dân_tộc và các Ủy_ban của Quốc_hội ; 

- Văn_phòng Quốc_hội ; 

- Tòa_án nhân_dân tối_cao ; 

- Viện kiểm_sát nhân_dân tối_cao ; 

- Kiểm_toán nhà_nước ; 

- Ủy_ban Giám_sát tài_chính Quốc_gia ; 

- Ngân_hàng Chính_sách xã_hội ; 

- Ngân_hàng Phát_triển Việt_Nam ; 

- Ủy_ban trung_ương Mặt_trận Tổ_quốc Việt_Nam ; 

- Cơ_quan trung_ương của các đoàn_thể ; 

- VPCP : BTCN , các PCN , Trợ_lý ttg , TGĐ cổng TTĐT , 

các Vụ , Cục , đơn_vị trực_thuộc , Công_báo ; 

- Lưu : VT , KGVX ( 2 ) .  XH205 

TM .  CHÍNH_PHỦ 

THỦ_TƯỚNG 

Nguyễn_Xuân_Phúc 