Nghị định Quy định chi tiết Luật Thương mại về hoạt động xúc tiến thương mại

Căn_cứ <L rel="CC"> Luật Tổ_chức Chính_phủ ngày 25 tháng 12 năm 2001 </L> ;
Căn_cứ <L rel="CC"> Luật Thương_mại ngày 14 tháng 6 năm 2005 </L> ;
Điều 1 .  Phạm_vi điều_chỉnh 

Nghị_định này quy_định chi_tiết thi_hành <L rel="DHD"> Luật Thương_mại </L> về một_số hoạt_động xúc_tiến thương_mại , bao_gồm khuyến_mại ; quảng_cáo thương_mại ; hội_chợ , triển_lãm thương_mại .
Điều 2 .  Đối_tượng áp_dụng 

1 . Thương_nhân trực_tiếp thực_hiện hoạt_động xúc_tiến thương_mại và thương_nhân kinh_doanh dịch_vụ xúc_tiến thương_mại . 

2 . Các tổ_chức hoạt_động có liên_quan đến thương_mại , các đối_tượng có quyền hoạt_động xúc_tiến thương_mại quy_định tại Điều 91 , Điều 103 , Điều 131 <L rel="DaC"> Luật Thương_mại </L> khi thực_hiện hoạt_động xúc_tiến thương_mại phải tuân_thủ các quy_định tại Nghị_định này .
3 . Cá_nhân hoạt_động thương_mại độc_lập , thường_xuyên không phải đăng_ký kinh_doanh quy_định tại khoản 3 Điều 2 của <L rel="DaC"> Luật Thương_mại </L> được thực_hiện các hoạt_động xúc_tiến thương_mại quy_định tại Nghị_định này như thương_nhân , trừ các hoạt_động được quy_định tại Điều 11 , Điều 12 , Điều 13 , Điều 34 và Điều 36 Nghị_định này .
Điều 3 .  Quản_lý nhà_nước về hoạt_động xúc_tiến thương_mại 

1 . Bộ Thương_mại chịu trách_nhiệm trước Chính_phủ thực_hiện chức_năng quản_lý nhà_nước về hoạt_động xúc_tiến thương_mại được quy_định tại <L rel="DaC"> Luật Thương_mại </L> và Nghị_định này .
2 . Các Bộ , cơ_quan ngang Bộ , cơ_quan thuộc Chính_phủ trong phạm_vi nhiệm_vụ và quyền_hạn của mình có trách_nhiệm phối_hợp với Bộ Thương_mại thực_hiện quản_lý nhà_nước về hoạt_động xúc_tiến thương_mại . 

3 . Ủy_ban nhân_dân tỉnh , thành_phố trực_thuộc Trung_ương ( sau đây gọi chung là Ủy_ban nhân_dân cấp tỉnh ) , trong phạm_vi nhiệm_vụ và quyền_hạn của mình , chỉ_đạo Sở Thương_mại , Sở Thương_mại-Du_lịch ( sau đây gọi chung là Sở Thương_mại ) thực_hiện quản_lý Nhà_nước về hoạt_động xúc_tiến thương_mại theo quy_định của pháp_luật . 

Điều 4 .  Nguyên_tắc thực_hiện khuyến_mại 

1 . Chương_trình khuyến_mại phải được thực_hiện hợp_pháp , trung_thực , công_khai , minh_bạch và không được xâm_hại đến lợi_ích hợp_pháp của người tiêu_dùng , của các thương_nhân , tổ_chức hoặc cá_nhân khác . 

2 . Không được phân_biệt đối_xử giữa các khách_hàng tham_gia chương_trình khuyến_mại trong cùng một chương_trình khuyến_mại . 

3 . Thương_nhân thực_hiện chương_trình khuyến_mại phải bảo_đảm những điều_kiện thuận_lợi cho khách_hàng trúng thưởng nhận giải_thưởng và có nghĩa_vụ giải_quyết rõ_ràng , nhanh_chóng các khiếu_nại liên_quan đến chương_trình khuyến_mại ( nếu có ) . 

4 . Thương_nhân thực_hiện khuyến_mại có trách_nhiệm bảo_đảm về chất_lượng hàng_hóa , dịch_vụ được khuyến_mại và hàng_hóa , dịch_vụ dùng để khuyến_mại . 

5 . Không được lợi_dụng lòng tin và sự thiếu hiểu_biết , thiếu kinh_nghiệm của khách_hàng để thực_hiện khuyến_mại nhằm phục_vụ cho mục_đích riêng của bất_kỳ thương_nhân , tổ_chức hoặc cá_nhân nào . 

6 . Việc thực_hiện khuyến_mại không được tạo ra sự so_sánh trực_tiếp hàng_hóa , dịch_vụ của mình với hàng_hóa , dịch_vụ của thương_nhân , tổ_chức hoặc cá_nhân khác nhằm mục_đích cạnh_tranh không lành_mạnh . 

7 . Không được dùng thuốc chữa bệnh cho người ( kể_cả các loại thuốc đã được phép lưu_thông ) để khuyến_mại . 

Điều 5 .  Hạn_mức tối_đa về giá_trị hàng_hóa , dịch_vụ dùng để khuyến_mại 

1 . Giá_trị vật_chất dùng để khuyến_mại cho một đơn_vị hàng_hóa , dịch_vụ được khuyến_mại không được vượt quá 50 % giá của đơn_vị hàng_hóa , dịch_vụ được khuyến_mại đó trước thời_gian khuyến_mại , trừ trường_hợp khuyến_mại bằng các hình_thức quy_định tại Điều 7 , Điều 8 , Điều 11 , Điều 12 , Điều 13 Nghị_định này . 

2 . Tổng_giá_trị của hàng_hóa , dịch_vụ dùng để khuyến_mại mà thương_nhân thực_hiện trong một chương_trình khuyến_mại không được vượt quá 50 % tổng giá_trị của hàng_hóa , dịch_vụ được khuyến_mại , trừ trường_hợp khuyến_mại bằng hình_thức quy_định tại Điều 7 Nghị_định này . 

3 . Giá_trị hàng_hóa , dịch_vụ dùng để khuyến_mại là chi_phí mà thương_nhân thực_hiện khuyến_mại phải bỏ ra để có được hàng_hóa , dịch_vụ dùng để khuyến_mại tại thời_điểm khuyến_mại , thuộc một trong các trường_hợp sau đây : 

a ) Thương_nhân thực_hiện khuyến_mại không trực_tiếp sản_xuất , nhập_khẩu hàng_hóa hoặc không trực_tiếp cung_ứng dịch_vụ dùng để khuyến_mại , chi_phí này được tính bằng giá thanh_toán của thương_nhân thực_hiện khuyến_mại để mua hàng_hóa , dịch_vụ dùng để khuyến_mại . 

b ) Hàng_hóa , dịch_vụ dùng để khuyến_mại là hàng_hóa của thương_nhân đó trực_tiếp sản_xuất , nhập_khẩu hoặc cung_ứng dịch_vụ , chi_phí này được tính bằng giá_thành hoặc giá nhập_khẩu của hàng_hóa , dịch_vụ dùng để khuyến_mại . 

Điều 6 .  Mức giảm_giá tối_đa đối_với hàng_hóa , dịch_vụ được khuyến_mại 

Mức giảm_giá tối_đa đối_với hàng_hóa , dịch_vụ được khuyến_mại không được vượt quá 50 % giá hàng_hóa , dịch_vụ đó ngay trước thời_gian khuyến_mại . 

Mục 2 

CÁC HÌNH_THỨC KHUYẾN_MẠI 

Điều 7 .  Đưa hàng mẫu , cung_ứng dịch_vụ mẫu để khách_hàng dùng thử không phải trả tiền 

1 . Hàng mẫu đưa cho khách_hàng , dịch_vụ mẫu cung_ứng cho khách_hàng dùng thử phải là hàng_hóa , dịch_vụ được kinh_doanh hợp_pháp mà thương_nhân đang hoặc sẽ bán , cung_ứng trên thị_trường . 

2 . Khi nhận hàng mẫu , dịch_vụ mẫu , khách_hàng không phải thực_hiện bất_kỳ nghĩa_vụ thanh_toán nào . 

3 . Thương_nhân thực_hiện chương_trình khuyến_mại theo hình_thức đưa hàng mẫu , cung_ứng dịch_vụ mẫu phải chịu trách_nhiệm về chất_lượng của hàng mẫu , dịch_vụ mẫu và phải thông_báo cho khách_hàng đầy_đủ thông_tin liên_quan đến việc sử_dụng hàng mẫu , dịch_vụ mẫu . 

Điều 8 .  Tặng hàng_hóa cho khách_hàng , cung_ứng dịch_vụ không thu tiền ;  không kèm theo việc mua , bán hàng_hóa , cung_ứng dịch_vụ 

Thương_nhân thực_hiện chương_trình khuyến_mại bằng hình_thức tặng hàng_hóa cho khách_hàng , cung_ứng dịch_vụ không thu tiền , không kèm theo việc mua , bán hàng_hóa , cung_ứng dịch_vụ .  Phải chịu trách_nhiệm về chất_lượng của hàng_hóa , tặng cho khách_hàng , dịch_vụ không thu tiền và phải thông_báo cho khách_hàng đầy_đủ thông_tin liên_quan đến việc sử_dụng hàng_hóa , dịch_vụ đó . 

Điều 9 .  Bán_hàng , cung_ứng dịch_vụ với giá thấp hơn giá bán hàng , cung_ứng dịch_vụ trước đó 

1 . Trong trường_hợp thực_hiện khuyến_mại bằng hình_thức giảm_giá thì mức giảm_giá hàng_hóa , dịch_vụ được khuyến_mại trong thời_gian khuyến_mại tại bất_kỳ thời_điểm nào phải tuân_thủ quy_định tại Điều 6 Nghị_định này . 

2 . Không được giảm_giá bán hàng_hóa , giá cung_ứng dịch_vụ trong trường_hợp giá bán hàng_hóa , dịch_vụ thuộc diện Nhà_nước quy_định_giá cụ_thể . 

3 . Không được giảm_giá bán hàng_hóa , giá cung_ứng dịch_vụ xuống thấp hơn mức giá tối_thiểu trong trường_hợp giá bán hàng_hóa , giá cung_ứng dịch_vụ thuộc diện Nhà_nước quy_định khung_giá hoặc quy_định_giá tối_thiểu . 

4 . Tổng thời_gian thực_hiện chương_trình khuyến_mại bằng cách giảm_giá đối_với một loại nhãn_hiệu hàng_hóa , dịch_vụ không được vượt quá 90 ( chín mươi ) ngày trong một năm ;  một chương_trình khuyến_mại không được vượt quá 45 ( bốn mươi lăm ) ngày . 

5 . Nghiêm_cấm việc lợi_dụng hình_thức khuyến_mại này để bán phá_giá hàng_hóa , dịch_vụ . 

Điều 10 .  Bán_hàng , cung_ứng dịch_vụ có kèm theo phiếu mua hàng , phiếu sử_dụng dịch_vụ 

1 . Phiếu mua hàng , phiếu sử_dụng dịch_vụ kèm theo hàng_hóa được bán , dịch_vụ được cung_ứng là phiếu để mua hàng_hóa , nhận cung_ứng dịch_vụ của chính thương_nhân đó hoặc để mua hàng_hóa , nhận cung_ứng dịch_vụ của thương_nhân , tổ_chức khác . 

2 . Giá_trị tối_đa của phiếu mua hàng , phiếu sử_dụng dịch_vụ được tặng kèm theo một đơn_vị hàng_hóa được bán , dịch_vụ được cung_ứng trong thời_gian khuyến_mại phải tuân_thủ quy_định hạn_mức tối_đa về giá_trị vật_chất dùng để khuyến_mại quy_định tại Điều 5 Nghị_định này . 

3 . Nội_dung của phiếu mua hàng , phiếu sử_dụng dịch_vụ phải bao_gồm các thông_tin liên_quan được quy_định tại Điều 97 <L rel="DaC"> Luật Thương_mại </L> .
Điều 11 .  Bán_hàng , cung_ứng dịch_vụ có kèm theo phiếu dự thi cho khách_hàng để chọn người trao thưởng theo thể_lệ và giải_thưởng đã công_bố 

1 . Nội_dung của phiếu dự thi phải bao_gồm các thông_tin liên_quan được quy_định tại Điều 97 <L rel="DaC"> Luật Thương_mại </L> .
2 . Nội_dung của chương_trình thi không được trái với truyền_thống lịch_sử , văn_hóa , đạo_đức , thuần_phong mỹ_tục Việt_Nam . 

3 . Việc tổ_chức thi và mở thưởng phải được tổ_chức công_khai , có sự chứng_kiến của đại_diện khách_hàng và phải được thông_báo cho Sở Thương_mại nơi tổ_chức thi , mở thưởng . 

4 . Thương_nhân thực_hiện khuyến_mại phải tổ_chức thi và trao giải_thưởng theo thể_lệ và giải_thưởng mà thương_nhân đã công_bố . 

Điều 12 .  Bán_hàng , cung_ứng dịch_vụ kèm theo việc tham_dự chương_trình khuyến_mại mang tính may_rủi 

1 . Việc mở thưởng chương_trình khuyến_mại mang tính may_rủi phải được tổ_chức công_khai , theo thể_lệ đã công_bố , có sự chứng_kiến của khách_hàng .  Trong trường_hợp giá_trị giải_thưởng từ 100 triệu đồng trở lên , thương_nhân phải thông_báo cho cơ_quan quản_lý nhà_nước về thương_mại có thẩm_quyền theo quy_định tại khoản 1 Điều 15 Nghị_định này . 

2 . Trong trường_hợp việc trúng thưởng được xác_định trên cơ_sở bằng_chứng trúng thưởng kèm theo hàng_hóa , thương_nhân thực_hiện khuyến_mại phải thông_báo về thời_gian và địa_điểm thực_hiện việc đưa bằng_chứng trúng thưởng vào hàng_hóa cho cơ_quan quản_lý nhà_nước về thương_mại có thẩm_quyền theo quy_định tại khoản 1 Điều 15 Nghị_định này . 

3 . Chương_trình khuyến_mại mang tính may_rủi có phát_hành vé_số dự thưởng phải tuân_thủ các quy_định sau đây : 

a ) Vé_số dự thưởng phải có hình_thức khác với xổ_số do nhà_nước độc_quyền phát_hành và không được sử_dụng kết_quả xổ_số của nhà_nước để làm kết_quả xác_định trúng thưởng ; 

b ) Vé_số dự thưởng phải in đủ các nội_dung về số_lượng vé_số phát_hành , số_lượng giải_thưởng , giá_trị từng loại giải_thưởng , địa_điểm phát thưởng , thời_gian , địa_điểm mở thưởng và các nội_dung liên_quan quy_định tại Điều 97 <L rel="DaC"> Luật Thương_mại </L> ;
c ) Việc mở thưởng chỉ áp_dụng cho các vé_số đã được phát_hành . 

4 . Tổng thời_gian thực_hiện khuyến_mại đối_với một loại nhãn_hiệu hàng_hóa , dịch_vụ không được vượt quá 180 ( một trăm tám mươi ) ngày trong một năm , một chương_trình khuyến_mại không được vượt quá 90 ( chín mươi ) ngày . 

5 . Trong thời_hạn 30 ( ba mươi ) ngày kể từ ngày hết thời_hạn trao giải_thưởng , giải_thưởng không có người trúng thưởng của chương_trình khuyến_mại mang tính may_rủi phải được trích nộp 50 % giá_trị đã công_bố vào ngân_sách nhà_nước theo quy_định tại khoản 4 Điều 96 <L rel="DaC"> Luật Thương_mại </L> .
6 . Bộ Tài_chính phối_hợp với Bộ Thương_mại hướng_dẫn cụ_thể việc thực_hiện khoản 5 Điều này . 

Điều 13 .  Tổ_chức chương_trình khách_hàng thường_xuyên 

1 . Thương_nhân thực_hiện khuyến_mại phải tuân_thủ quy_định về thông_báo các thông_tin liên_quan tại Điều 97 <L rel="DaC"> Luật Thương_mại </L> ; có trách_nhiệm xác_nhận kịp_thời , chính_xác sự tham_gia của khách_hàng vào chương_trình khách_hàng thường_xuyên .
2 . Thẻ khách_hàng , phiếu ghi_nhận việc mua hàng_hóa , dịch_vụ phải có đầy_đủ các nội_dung chủ_yếu sau đây : 

a ) Ghi rõ tên của thẻ hoặc phiếu ; 

b ) Điều_kiện và cách_thức ghi_nhận sự tham_gia của khách_hàng vào chương_trình khách_hàng thường_xuyên , việc mua hàng_hóa , dịch_vụ của khách_hàng .  Trong trường_hợp không_thể ghi đầy_đủ các nội_dung nêu tại điểm này thì phải cung_cấp đầy_đủ , kịp_thời các nội_dung đó cho khách_hàng khi khách_hàng bắt_đầu tham_gia vào chương_trình ; 

c ) Các nội_dung liên_quan được quy_định tại Điều 97 của <L rel="DaC"> Luật Thương_mại </L> .
Điều 14 .  Khuyến_mại hàng_hóa , dịch_vụ thông_qua internet và các phương_tiện điện_tử khác 

Đối_với chương_trình khuyến_mại mà hàng_hóa , dịch_vụ được khuyến_mại được mua , bán hoặc cung_ứng qua internet và các phương_tiện điện_tử khác , thương_nhân thực_hiện khuyến_mại phải tuân_thủ các quy_định về khuyến_mại của <L rel="DaC"> Luật Thương_mại </L> và Nghị_định này .
Mục 3 

TRÌNH_TỰ , THỦ_TỤC ĐĂNG_KÝ THỰC_HIỆN KHUYẾN_MẠI 

Điều 15 .  Thông_báo về việc tổ_chức thực_hiện khuyến_mại 

1 . Thương_nhân thực_hiện các hình_thức khuyến_mại quy_định tại Mục 2 Chương này phải gửi thông_báo bằng văn_bản về chương_trình khuyến_mại đến Sở Thương_mại nơi tổ_chức khuyến_mại chậm nhất 7 ( bảy ) ngày làm_việc trước khi thực_hiện khuyến_mại . 

2 . Nội_dung thông_báo về chương_trình khuyến_mại bao_gồm : 

a ) Tên chương_trình khuyến_mại ; 

b ) Địa_bàn thực_hiện khuyến_mại ;  địa_điểm bán hàng thuộc chương_trình khuyến_mại ; 

c ) Hình_thức khuyến_mại ; 

d ) Hàng_hóa , dịch_vụ được khuyến_mại và hàng_hóa , dịch_vụ dùng để khuyến_mại ; 

đ ) Thời_gian bắt_đầu , thời_gian kết_thúc chương_trình khuyến_mại ; 

e ) Khách_hàng của chương_trình khuyến_mại ; 

g ) Cơ_cấu giải_thưởng và tổng giá_trị giải_thưởng của chương_trình khuyến_mại . 

3 . Đối_với hình_thức khuyến_mại bán hàng , cung_ứng dịch_vụ có kèm theo phiếu dự thi cho khách_hàng để chọn người trao thưởng theo thể_lệ và giải_thưởng đã công_bố quy_định tại Điều 11 Nghị_định này , trong thời_hạn 7 ( bảy ) ngày làm_việc kể từ ngày hết thời_hạn trao giải_thưởng của chương_trình khuyến_mại , thương_nhân thực_hiện khuyến_mại có trách_nhiệm : 

a ) Gửi báo_cáo bằng văn_bản đến Sở Thương_mại nơi tổ_chức khuyến_mại về kết_quả trúng thưởng ; 

b ) Thông_báo công_khai kết_quả trúng thưởng trên ít_nhất một phương_tiện thông_tin đại_chúng tại tỉnh , thành_phố trực_thuộc Trung_ương , nơi tổ_chức chương_trình khuyến_mại và tại các địa_điểm bán hàng thuộc chương_trình khuyến_mại . 

Điều 16 .  Trình_tự , thủ_tục đăng_ký thực_hiện chương_trình khuyến_mại bằng hình_thức bán hàng , cung_ứng dịch_vụ kèm theo việc tham_dự các chương_trình mang tính may_rủi 

1 . Chương_trình khuyến_mại bằng hình_thức bán hàng , cung_ứng dịch_vụ kèm theo việc tham_gia các chương_trình mang tính may_rủi quy_định tại Điều 12 Nghị_định này phải được đăng_ký tại cơ_quan quản_lý nhà_nước về thương_mại có thẩm_quyền sau đây : 

a ) Sở Thương_mại đối_với chương_trình khuyến_mại thực_hiện trên địa_bàn một tỉnh , thành_phố trực_thuộc Trung_ương ; 

b ) Bộ Thương_mại đối_với chương_trình khuyến_mại thực_hiện trên địa_bàn từ hai tỉnh , thành_phố trực_thuộc Trung_ương trở lên . 

2 . Hồ_sơ đăng_ký thực_hiện chương_trình khuyến_mại bao_gồm : 

a ) Văn_bản đề_nghị thực_hiện chương_trình khuyến_mại theo mẫu của Bộ Thương_mại .  Nội_dung đăng_ký thực_hiện chương_trình khuyến_mại , bao_gồm : tên chương_trình khuyến_mại ;  địa_bàn khuyến_mại ;  hàng_hóa , dịch_vụ được khuyến_mại ;  hàng_hóa , dịch_vụ dùng để khuyến_mại ;  thời_gian khuyến_mại ;  khách_hàng của chương_trình khuyến_mại ; 

b ) Thể_lệ chương_trình khuyến_mại ; 

c ) Mẫu vé_số dự thưởng đối_với chương_trình khuyến_mại có phát_hành vé_số dự thưởng ; 

d ) Hình_ảnh hàng hóa khuyến_mại và hàng_hóa dùng để khuyến_mại ; 

đ ) Mẫu bằng_chứng trúng thưởng ( nếu có ) ; 

e ) Bản_sao giấy xác_nhận về chất_lượng của hàng hóa khuyến_mại , hàng_hóa dùng để khuyến_mại theo quy_định của pháp_luật ( nếu có ) . 

3 . Trong thời_hạn 7 ( bảy ) ngày làm_việc , kể từ ngày nhận được hồ_sơ đăng_ký thực_hiện chương_trình khuyến_mại hợp_lệ , cơ_quan quản_lý nhà_nước về thương_mại có thẩm_quyền quy_định tại khoản 1 Điều này xem_xét , xác_nhận bằng văn_bản việc đăng_ký thực_hiện chương_trình khuyến_mại của thương_nhân ;  trong trường_hợp không xác_nhận , phải thông_báo bằng văn_bản và nêu rõ lý_do . 

4 . Văn_bản xác_nhận việc đăng_ký thực_hiện chương_trình khuyến_mại phải bao_gồm các nội_dung sau đây : 

b ) Hình_thức khuyến_mại ; 

c ) Tên , địa_chỉ , số điện_thoại của thương_nhân thực_hiện chương_trình khuyến_mại ; 

d ) Hàng_hóa , dịch_vụ được khuyến_mại ; 

đ ) Hàng_hóa , dịch_vụ dùng để khuyến_mại ;  tổng trị_giá giải_thưởng ; 

e ) Thời_gian khuyến_mại ; 

g ) Địa_bàn tổ_chức khuyến_mại ;  địa_điểm bán hàng thuộc chương_trình khuyến_mại ; 

h ) Xử_lý_giải_thưởng tồn_đọng ; 

i ) Thể_lệ chương_trình khuyến_mại ; 

k ) Các nghĩa_vụ khác của thương_nhân thực_hiện khuyến_mại . 

5 . Trường_hợp Bộ Thương_mại là cơ_quan xác_nhận việc thực_hiện chương_trình khuyến_mại , thương_nhân thực_hiện chương_trình khuyến_mại có trách_nhiệm gửi văn_bản thông_báo cho Sở Thương_mại nơi thực_hiện chương_trình khuyến_mại kèm theo bản_sao văn_bản xác_nhận của Bộ Thương_mại trước khi thực_hiện chương_trình khuyến_mại . 

6 . Trong thời_hạn 45 ( bốn mươi lăm ) ngày kể từ ngày hết thời_hạn trao giải_thưởng của chương_trình khuyến_mại , thương_nhân thực_hiện chương_trình khuyến_mại phải có văn_bản báo_cáo cơ_quan quản_lý nhà_nước về thương_mại có thẩm_quyền quy_định tại khoản 1 Điều này về kết_quả chương_trình khuyến_mại và việc xử_lý 50 % giá_trị giải_thưởng không có người trúng thưởng ( nếu có ) . 

Thương_nhân thực_hiện chương_trình khuyến_mại có trách_nhiệm thông_báo công_khai kết_quả trúng thưởng trên ít_nhất một phương_tiện thông_tin đại_chúng tại tỉnh , thành_phố trực_thuộc Trung_ương nơi tổ_chức chương_trình khuyến_mại và tại các địa_điểm bán hàng thuộc chương_trình khuyến_mại . 

Điều 17 .  Trình_tự , thủ_tục đăng_ký thực_hiện các chương_trình khuyến_mại bằng hình_thức khác 

1 . Các chương_trình khuyến_mại ngoài các hình_thức quy_định tại Mục 2 Chương này chỉ được thực_hiện sau khi có văn_bản chấp_thuận của Bộ Thương_mại . 

2 . Hồ_sơ đăng_ký thực_hiện chương_trình khuyến_mại bao_gồm các nội_dung quy_định tại khoản 2 Điều 16 Nghị_định này . 

3 . Trong thời_hạn 7 ( bảy ) ngày làm_việc kể từ ngày nhận được hồ_sơ đề_nghị thực_hiện chương_trình khuyến_mại hợp_lệ , Bộ Thương_mại xem_xét , xác_nhận bằng văn_bản việc đăng_ký thực_hiện chương_trình khuyến_mại của thương_nhân ;  trong trường_hợp không xác_nhận , phải thông_báo bằng văn_bản và nêu rõ lý_do . 

4 . Trước khi thực_hiện chương_trình khuyến_mại , thương_nhân thực_hiện khuyến_mại có trách_nhiệm gửi văn_bản thông_báo cho Sở Thương_mại nơi thực_hiện khuyến_mại kèm theo bản_sao văn_bản chấp_thuận của Bộ Thương_mại . 

5 . Trong vòng 45 ( bốn mươi lăm ) ngày kể từ ngày kết_thúc thời_hạn trao giải_thưởng của chương_trình khuyến_mại , thương_nhân thực_hiện khuyến_mại phải có văn_bản báo_cáo Bộ Thương_mại về kết_quả chương_trình khuyến_mại . 

Điều 18 .  Công_bố kết_quả và trao thưởng chương_trình khuyến_mại 

Trong trường_hợp chương_trình khuyến_mại có trao giải_thưởng , thời_hạn công_bố kết_quả và trao giải_thưởng không được vượt quá 30 ( ba mươi ) ngày kể từ ngày kết_thúc chương_trình khuyến_mại . 

Điều 19 .  Chấm_dứt thực_hiện chương_trình khuyến_mại 

1 . Trong trường_hợp bất_khả_kháng , thương_nhân có_thể chấm_dứt chương_trình khuyến_mại trước thời_hạn nhưng phải thông_báo công_khai tới khách_hàng và cơ_quan quản_lý nhà_nước về thương_mại có thẩm_quyền . 

2 . Trường_hợp thương_nhân bị cơ_quan quản_lý nhà_nước về thương_mại có thẩm_quyền buộc đình_chỉ thực_hiện chương_trình khuyến_mại trước thời_hạn theo quy_định tại Điều 20 Nghị_định này . 

Điều 20 .  Đình_chỉ thực_hiện chương_trình khuyến_mại 

1 . Cơ_quan quản_lý nhà_nước về thương_mại có thẩm_quyền có quyền đình_chỉ việc thực_hiện toàn_bộ hoặc một phần chương_trình khuyến_mại của thương_nhân nếu phát_hiện có hành_vi vi_phạm thuộc một trong các trường_hợp sau đây : 

a ) Vi_phạm các quy_định tại Điều 100 <L rel="DaC"> Luật Thương_mại </L> và Điều 4 Nghị_định này ;
b ) Không thực_hiện hoặc thực_hiện không đúng hoặc không đầy_đủ các nội_dung trong thể_lệ chương_trình khuyến_mại đã đăng_ký tại cơ_quan quản_lý nhà_nước về thương_mại có thẩm_quyền . 

2 . Thương_nhân có chương_trình khuyến_mại bị đình_chỉ có nghĩa_vụ công_bố công_khai việc chấm_dứt chương_trình khuyến_mại và thực_hiện đầy_đủ các cam_kết với khách_hàng đã tham_gia chương_trình khuyến_mại đó , trừ trường_hợp được quy_định tại khoản 3 Điều này . 

3 . Thương_nhân sử_dụng hàng_hóa , dịch_vụ cấm kinh_doanh ;  hàng_hóa , dịch_vụ hạn_chế kinh_doanh ;  hàng_hóa chưa được phép lưu_thông , dịch_vụ chưa được phép cung_ứng ;  rượu , bia để khuyến_mại cho người dưới 18 tuổi ;  thuốc_lá , rượu có độ cồn từ 30 độ trở lên ;  thuốc chữa bệnh để khuyến_mại dưới mọi hình_thức , khi bị đình_chỉ việc thực_hiện chương_trình khuyến_mại phải chấm_dứt toàn_bộ việc thực_hiện chương_trình khuyến_mại . 

Điều 21 .  Bảo_hộ quyền sở_hữu_trí_tuệ trong hoạt_động quảng_cáo thương_mại 

1 . Việc sử_dụng sản_phẩm quảng_cáo thương_mại có chứa_đựng những đối_tượng được bảo_hộ quyền sở_hữu_trí_tuệ phải được sự đồng_ý của chủ sở_hữu đối_tượng được bảo_hộ quyền sở_hữu_trí_tuệ đó . 

2 . Thương_nhân có quyền đăng_ký bảo_hộ quyền sở_hữu_trí_tuệ đối_với sản_phẩm quảng_cáo thương_mại theo quy_định của pháp_luật . 

Điều 22 .  Sản_phẩm quảng_cáo thương_mại có nội_dung so_sánh với hàng giả , hàng vi_phạm quyền sở_hữu_trí_tuệ 

Thương_nhân có quyền so_sánh hàng_hóa của mình với hàng giả , hàng vi_phạm quyền sở_hữu_trí_tuệ trong sản_phẩm quảng_cáo thương_mại sau khi có xác_nhận của cơ_quan quản_lý nhà_nước có thẩm_quyền về việc sử_dụng hàng giả , hàng vi_phạm quyền sở_hữu_trí_tuệ để so_sánh . 

Điều 23 .  Bảo_vệ trẻ_em trong hoạt_động quảng_cáo thương_mại 

1 . Quảng_cáo thương_mại đối_với hàng_hóa là sản_phẩm dinh_dưỡng dùng cho trẻ_em phải tuân_thủ theo các quy_định của pháp_luật về kinh_doanh và sử_dụng sản_phẩm dinh_dưỡng dùng cho trẻ_em . 

2 . Không được lợi_dụng sự thiếu hiểu_biết và thiếu kinh_nghiệm của trẻ_em để đưa vào nội_dung sản_phẩm quảng_cáo các thông_tin sau đây : 

a ) Làm giảm niềm tin của trẻ_em vào gia_đình và xã_hội ; 

b ) Trực_tiếp đề_nghị , khuyến_khích trẻ_em yêu_cầu cha_mẹ hoặc người khác mua hàng_hóa , dịch_vụ được quảng_cáo ; 

c ) Thuyết_phục trẻ_em về việc sử_dụng hàng_hóa , dịch_vụ được quảng_cáo sẽ có lợi_thế hơn những trẻ_em không sử_dụng hàng_hóa , dịch_vụ được quảng_cáo ; 

d ) Tạo cho trẻ_em suy_nghĩ , lời_nói , hành_động trái với đạo_đức , thuần_phong mỹ_tục , gây ảnh_hưởng xấu đến sức_khỏe , an_toàn hoặc sự phát_triển bình_thường của trẻ_em . 

Điều 24 .  Quảng_cáo thương_mại đối_với hàng_hóa , dịch_vụ liên_quan đến y_tế 

Quảng_cáo thương_mại đối_với hàng_hóa , dịch_vụ liên_quan đến dược_phẩm , vắc-xin , sinh phẩm y_tế , trang_thiết_bị , dụng_cụ y_tế , phương_pháp chữa bệnh , thuốc chữa bệnh và thực_phẩm chức_năng phải tuân_thủ theo các quy_định của pháp_luật về y_tế . 

Điều 25 .  Quảng_cáo thương_mại đối_với hàng_hóa , dịch_vụ liên_quan đến thuốc thú_y , thuốc bảo_vệ thực_vật , phân_bón , thức_ăn chăn_nuôi và giống vật_nuôi , giống cây_trồng 

1 . Khẳng_định về tính an_toàn , tính không độc_hại nhưng không có xác_nhận của cơ_quan quản_lý nhà_nước có thẩm_quyền . 

2 . Khẳng_định về hiệu_quả và tính_năng của thuốc thú_y , thuốc bảo_vệ thực_vật , phân_bón , thức_ăn chăn_nuôi và giống vật_nuôi , giống cây_trồng nhưng không có cơ_sở khoa_học . 

3 . Sử_dụng tiếng_nói , chữ_viết hoặc hình_ảnh vi_phạm_quy_trình và phương_pháp sử_dụng an_toàn thuốc thú_y , thuốc bảo_vệ thực_vật . 

Điều 26 .  Quảng_cáo thương_mại đối_với hàng_hóa thuộc diện phải áp_dụng tiêu_chuẩn , quy_định kỹ_thuật về chất_lượng hàng_hóa 

Ngoài những loại hàng_hóa không thuộc diện phải áp_dụng tiêu_chuẩn , quy_định kỹ_thuật về chất_lượng hàng_hóa , thương_nhân chỉ được phép quảng_cáo thương_mại đối_với hàng_hóa thuộc diện phải áp_dụng tiêu_chuẩn , quy_định kỹ_thuật tương_ứng sau khi hàng_hóa đó được cấp giấy chứng_nhận phù_hợp tiêu_chuẩn hoặc quy_định kỹ_thuật của cơ_quan quản_lý nhà_nước có thẩm_quyền hoặc được công_bố tiêu_chuẩn chất_lượng . 

TRÁCH_NHIỆM THỰC_HIỆN QUẢNG_CÁO THƯƠNG_MẠI 

Điều 27 .  Trách_nhiệm đối_với nội_dung sản_phẩm quảng_cáo thương_mại 

1 . Thương_nhân kinh_doanh quảng_cáo thương_mại phải tự chịu trách_nhiệm trước pháp_luật nếu nội_dung sản_phẩm quản_cáo của mình vi_phạm các nội_dung quảng_cáo bị cấm tại <L rel="DaC"> Luật Thương_mại </L> và các nội_dung về sản_phẩm quảng_cáo được quy_định tại Nghị_định này ; phải chấp_hành đúng các quy_định về sử_dụng phương_tiện quảng_cáo theo quy_định của pháp_luật hiện_hành .
2 . Người đứng đầu_cơ_quan quản_lý các phương_tiện thông_tin đại_chúng , phương_tiện truyền tin , báo điện_tử và các loại xuất_bản_phẩm chịu trách_nhiệm về sản_phẩm quảng_cáo thương_mại được quảng_cáo trên phương_tiện quảng_cáo mà mình quản_lý . 

Điều 28 .  Đình_chỉ thực_hiện quảng_cáo thương_mại 

1 . Cơ_quan quản_lý nhà_nước về thương_mại phối_hợp với cơ_quan cấp phép thực_hiện quảng_cáo đình_chỉ quảng_cáo thương_mại trong trường_hợp phát_hiện nội_dung sản_phẩm quảng_cáo thương_mại vi_phạm_quy_định của pháp_luật . 

2 . Trong trường_hợp quảng_cáo thương_mại bị đình_chỉ , thương_nhân có sản_phẩm quảng_cáo thương_mại và cơ_quan quản_lý phương_tiện quảng_cáo có nghĩa_vụ tuân_thủ quyết_định của các cơ_quan quản_lý nhà_nước nêu tại khoản 1 Điều này . 

Điều 29 .  Ghi nhãn hàng_hóa đối_với hàng_hóa trưng_bày , giới_thiệu tại hội_chợ , triển_lãm thương_mại tại Việt_Nam 

1 . Hàng_hóa trưng_bày , giới_thiệu tại hội_chợ , triển_lãm thương_mại tại Việt_Nam phải có nhãn hàng_hóa theo quy_định của pháp_luật về ghi nhãn hàng_hóa . 

2 . Hàng_hóa tạm nhập_khẩu để trưng_bày , giới_thiệu tại hội_chợ , triển_lãm thương_mại tại Việt_Nam phải thực_hiện theo quy_định của pháp_luật về ghi nhãn hàng_hóa . 

Điều 30 .  Trưng_bày hàng giả , hàng vi_phạm quyền sở_hữu_trí_tuệ để so_sánh với hàng thật 

1 . Việc tổ_chức trưng_bày hàng giả , hàng vi_phạm quyền sở_hữu_trí_tuệ để so_sánh với hàng thật phải được sự chấp_thuận của cơ_quan quản_lý nhà_nước về thương_mại có thẩm_quyền theo quy_định của pháp_luật . 

2 . Hàng giả , hàng vi_phạm quyền sở_hữu_trí_tuệ được trưng_bày để so_sánh với hàng thật phải được cơ_quan quản_lý nhà_nước có thẩm_quyền theo quy_định của pháp_luật xác_nhận hàng_hóa đó là hàng giả , hàng vi_phạm quyền sở_hữu_trí_tuệ . 

3 . Hàng giả , hàng vi_phạm quyền sở_hữu_trí_tuệ khi được trưng_bày phải niêm_yết rõ hàng_hóa đó là hàng giả , hàng vi_phạm quyền sở_hữu_trí_tuệ . 

Điều 31 .  Sử_dụng tên , chủ_đề của hội_chợ , triển_lãm thương_mại 

1 . Thương_nhân , tổ_chức hoạt_động có liên_quan đến thương_mại khi tổ_chức hội_chợ , triển_lãm thương_mại có quyền chọn tên , chủ_đề hội_chợ , triển_lãm thương_mại . 

2 . Trường_hợp tên , chủ_đề của hội_chợ , triển_lãm thương_mại sử_dụng những từ_ngữ để quảng_bá chất_lượng , danh_hiệu của hàng_hóa , dịch_vụ hoặc uy_tín , danh_hiệu của thương_nhân , tổ_chức , cá_nhân tham_gia hội_chợ triển_lãm thương_mại thì thương_nhân , tổ_chức hoạt_động có liên_quan đến thương_mại khi tổ_chức hội_chợ , triển_lãm thương_mại phải tuân_thủ các quy_định sau đây : 

a ) Có bằng_chứng chứng_minh chất_lượng , danh_hiệu của hàng_hóa , dịch_vụ tham_gia hội_chợ , triển_lãm thương_mại phù_hợp với tên , chủ_đề của hội_chợ , triển_lãm thương_mại đã đăng_ký ; 

b ) Có bằng_chứng chứng_minh uy_tín , danh_hiệu của thương_nhân , tổ_chức hoặc cá_nhân tham_gia hội_chợ , triển_lãm thương_mại phù_hợp với tên , chủ_đề của hội_chợ , triển_lãm thương_mại đã đăng_ký . 

Điều 32 .  Cấp giải_thưởng , chứng_nhận chất_lượng , danh_hiệu của hàng_hóa , dịch_vụ , chứng_nhận uy_tín , danh_hiệu của thương_nhân , tổ_chức hoặc cá_nhân tham_gia hội_chợ , triển_lãm thương_mại 

Việc cấp giải_thưởng , chứng_nhận chất_lượng , danh_hiệu của hàng_hóa , dịch_vụ hoặc uy_tín , danh_hiệu của thương_nhân , tổ_chức hoặc cá_nhân tham_gia hội_chợ , triển_lãm thương_mại được thực_hiện theo quy_định của pháp_luật có liên_quan . 

Điều 33 .  Tạm_nhập tái_xuất hàng_hóa , dịch_vụ tham_gia hội_chợ , triển_lãm thương_mại tại Việt_Nam ;  tạm xuất tái_nhập hàng_hóa , dịch_vụ tham_gia hội_chợ , triển_lãm thương_mại ở nước_ngoài 

Việc tạm nhập tái_xuất hàng_hóa tham_gia hội_chợ , triển_lãm thương_mại tại Việt_Nam ;  tạm xuất tái_nhập hàng_hóa , dịch_vụ tham_gia hội_chợ , triển_lãm thương_mại ở nước_ngoài phải tuân_thủ các quy_định của pháp_luật về hải_quan và các quy_định khác của pháp_luật có liên_quan . 

TRÌNH_TỰ , THỦ_TỤC ĐĂNG_KÝ TỔ_CHỨC , THAM_GIA 

HỘI_CHỢ , TRIỂN_LÃM THƯƠNG_MẠI 

Điều 34 .  Tổ_chức hội_chợ , triển_lãm thương_mại tại Việt_Nam 

1 . Việc tổ_chức hội_chợ , triển_lãm thương_mại phải được đăng_ký tại Sở Thương_mại , nơi dự_kiến tổ_chức hội_chợ , triển_lãm thương_mại trước ngày 01 tháng 10 của năm trước năm tổ_chức hội_chợ , triển_lãm . 

2 . Sở Thương_mại xác_nhận bằng văn_bản việc đăng_ký tổ_chức hội_chợ , triển_lãm thương_mại của thương_nhân , tổ_chức hoạt_động có liên_quan đến thương_mại chậm nhất trước ngày 01 tháng 11 của năm trước năm tổ_chức hội_chợ , triển_lãm .  Trong trường_hợp không xác_nhận việc đăng_ký tổ_chức hội_chợ , triển_lãm thương_mại thì Sở Thương_mại phải thông_báo bằng văn_bản và nêu rõ lý_do trong thời_hạn nêu tại khoản này . 

3 . Trường_hợp có từ hai thương_nhân , tổ_chức hoạt_động có liên_quan đến thương_mại trở lên đăng_ký tổ_chức hội_chợ , triển_lãm thương_mại trùng tên , chủ_đề , thời_gian , địa_bàn , Sở Thương_mại tổ_chức hiệp_thương để lựa_chọn thương_nhân , tổ_chức hoạt_động có liên_quan đến thương_mại được tổ_chức hội_chợ , triển_lãm thương_mại đó . 

4 . Trường_hợp việc hiệp_thương quy_định tại khoản 3 Điều này không đạt kết_quả , Sở Thương_mại quyết_định xác_nhận đăng_ký cho một thương_nhân hoặc tổ_chức hoạt_động có liên_quan đến thương_mại được tổ_chức hội_chợ , triển_lãm thương_mại căn_cứ vào các cơ_sở sau đây : 

a ) Kết_quả tổ_chức hội_chợ , triển_lãm thương_mại tương_tự đã thực_hiện ; 

b ) Năng_lực tổ_chức hội_chợ , triển_lãm thương_mại ; 

c ) Kinh_nghiệm tổ_chức hội_chợ , triển_lãm thương_mại cùng tên , cùng chủ_đề hoặc các hội_chợ , triển_lãm thương_mại tương_tự ; 

d ) Đánh_giá của các hiệp_hội ngành_hàng liên_quan . 

5 . Trong vòng 30 ( ba mươi ) ngày kể từ ngày kết_thúc hội_chợ , triển_lãm thương_mại , thương_nhân , tổ_chức hoạt_động có liên_quan đến thương_mại phải có văn_bản báo_cáo Sở Thương_mại về kết_quả việc tổ_chức hội_chợ , triển_lãm thương_mại theo những nội_dung đã đăng_ký tại Sở Thương_mại . 

Điều 35 .  Thay_đổi , bổ_sung nội_dung đăng_ký tổ_chức hội_chợ , triển_lãm thương_mại tại Việt_Nam 

1 . Trường_hợp thay_đổi , bổ_sung nội_dung đăng_ký tổ_chức hội_chợ , triển_lãm thương_mại , thương_nhân , tổ_chức hoạt_động có liên_quan đến thương_mại phải gửi văn_bản đến Sở Thương_mại chậm nhất từ 30 ( ba mươi ) ngày đến 45 ( bốn lăm ) ngày , trước ngày khai_mạc hội_chợ , triển_lãm thương_mại , tùy thuộc vào nội_dung đăng_ký do Bộ Thương_mại hướng_dẫn . 

2 . Sở Thương_mại xác_nhận bằng văn_bản việc thay_đổi , bổ_sung đăng_ký tổ_chức hội_chợ , triển_lãm thương_mại trong thời_hạn 10 ( mười ) ngày làm_việc , kể từ ngày nhận văn_bản đăng_ký hợp_lệ .  Trong trường_hợp không xác_nhận việc thay_đổi , bổ_sung nội_dung đăng_ký tổ_chức hội_chợ , triển_lãm thương_mại , Sở Thương_mại phải trả_lời bằng văn_bản và nêu rõ lý_do trong thời_hạn nêu tại khoản này . 

Điều 36 .  Tổ_chức cho thương_nhân , tổ_chức , cá_nhân tham_gia hội_chợ , triển_lãm thương_mại ở nước_ngoài 

1 . Việc tổ_chức cho thương_nhân , tổ_chức , cá_nhân tham_gia hội_chợ , triển_lãm thương_mại ở nước_ngoài phải được đăng_ký tại Bộ Thương_mại trước ngày 01 tháng 10 của năm trước năm tổ_chức . 

2 . Bộ Thương_mại xác_nhận bằng văn_bản việc đăng_ký tổ_chức cho thương_nhân , tổ_chức , cá_nhân tham_gia hội_chợ , triển_lãm thương_mại ở nước_ngoài chậm nhất trước ngày 01 tháng 11 của năm trước năm tổ_chức .  Trong trường_hợp không xác_nhận việc đăng_ký , Bộ Thương_mại phải thông_báo bằng văn_bản và nêu rõ lý_do trong thời_hạn nêu tại khoản này . 

3 . Trường_hợp có từ hai thương_nhân , tổ_chức hoạt_động có liên_quan đến thương_mại trở lên đăng_ký tổ_chức hội_chợ , triển_lãm thương_mại trùng tên , chủ_đề , thời_gian , địa_điểm ở nước_ngoài , Bộ Thương_mại tổ_chức hiệp_thương để lựa_chọn thương_nhân , tổ_chức hoạt_động có liên_quan đến thương_mại thực_hiện việc tổ_chức cho thương_nhân , tổ_chức , cá_nhân khác tham_gia hội_chợ , triển_lãm thương_mại ở nước_ngoài . 

4 . Trường_hợp việc hiệp_thương theo quy_định tại khoản 3 Điều này không đạt kết_quả , Bộ Thương_mại quyết_định xác_nhận cho một thương_nhân hoặc tổ_chức hoạt_động có liên_quan đến thương_mại được tổ_chức cho thương_nhân , tổ_chức , cá_nhân khác tham_gia hội_chợ , triển_lãm thương_mại ở nước_ngoài dựa trên các cơ_sở sau đây : 

a ) Kết_quả tổ_chức hội_chợ , triển_lãm thương_mại ở nước_ngoài đã thực_hiện ; 

b ) Năng_lực tổ_chức hội_chợ , triển_lãm thương_mại ở nước_ngoài ; 

c ) Kinh_nghiệm tổ_chức hội_chợ , triển_lãm thương_mại cùng tên , cùng chủ_đề hoặc các hội_chợ , triển_lãm thương_mại tương_tự ở nước_ngoài ; 

5 . Trong vòng 30 ( ba mươi ) ngày , kể từ ngày kết_thúc hội_chợ , triển_lãm thương_mại tại nước_ngoài , thương_nhân , tổ_chức hoạt_động có liên_quan đến thương_mại tổ_chức cho thương_nhân , tổ_chức , cá_nhân khác tham_gia hội_chợ , triển_lãm thương_mại tại nước_ngoài phải có văn_bản báo_cáo Bộ Thương_mại về kết_quả việc tổ_chức tham_gia hội_chợ , triển_lãm thương_mại tại nước_ngoài theo những nội_dung đã đăng_ký tại Bộ Thương_mại . 

6 . Thương_nhân tự tổ_chức hội_chợ , triển_lãm thương_mại ở nước_ngoài về hàng_hóa , dịch_vụ của mình không phải tuân_thủ các quy_định tại khoản 1 , 2 , 3 và 5 Điều này . 

Điều 37 .  Thay_đổi , bổ_sung nội_dung đăng_ký tổ_chức hội_chợ , triển_lãm thương_mại ở nước_ngoài 

1 . Trường_hợp thay_đổi , bổ_sung nội_dung đăng_ký tổ_chức hội_chợ , triển_lãm thương_mại ở nước_ngoài , thương_nhân , tổ_chức hoạt_động có liên_quan đến thương_mại phải gửi văn_bản đến Bộ Thương_mại chậm nhất từ 30 ( ba mươi ) ngày đến 45 ( bốn lăm ) ngày trước ngày khai_mạc hội_chợ , triển_lãm thương_mại , tùy thuộc vào nội_dung đăng_ký do Bộ Thương_mại hướng_dẫn . 

2 . Bộ Thương_mại xác_nhận bằng văn_bản việc thay_đổi , bổ_sung nội_dung đăng_ký tổ_chức hội_chợ , triển_lãm thương_mại ở nước_ngoài trong thời_hạn 10 ( mười ) ngày làm_việc , kể từ ngày nhận văn_bản đăng_ký hợp_lệ .  Trong trường_hợp không xác_nhận việc thay_đổi , bổ_sung nội_dung đăng_ký tổ_chức hội_chợ , triển_lãm thương_mại ở nước_ngoài , Bộ Thương_mại phải trả_lời bằng văn_bản và nêu rõ lý_do trong thời_hạn nêu tại khoản này . 

Điều 38 .  Nội_dung đăng_ký tổ_chức hội_chợ , triển_lãm thương_mại 

1 . Văn_bản đăng_ký tổ_chức hội_chợ , triển_lãm thương_mại theo mẫu của Bộ Thương_mại .  Nội_dung đăng_ký tổ_chức hội_chợ , triển_lãm thương_mại bao_gồm : tên , địa_chỉ của thương_nhân , tổ_chức hoạt_động có liên_quan đến thương_mại tổ_chức hội_chợ , triển_lãm thương_mại ;  tên , chủ_đề hội_chợ , triển_lãm thương_mại ( nếu có ) ;  thời_gian , địa_điểm tổ_chức hội_chợ , triển_lãm thương_mại ;  quy_mô dự_kiến của hội_chợ , triển_lãm thương_mại . 

2 . Bản_sao Giấy chứng_nhận đăng_ký kinh_doanh-đầu_tư , Quyết_định thành_lập hoặc các quyết_định khác có giá_trị pháp_lý tương_đương theo quy_định của pháp_luật . 

3 . Bằng_chứng chứng_minh chất_lượng , danh_hiệu của hàng_hóa , dịch_vụ tham_gia hội_chợ , triển_lãm thương_mại hoặc uy_tín , danh_hiệu của thương_nhân , tổ_chức hoặc cá_nhân tham_gia hội_chợ , triển_lãm thương_mại phù_hợp với tên , chủ_đề của hội_chợ , triển_lãm thương_mại ( nếu có ) . 

Điều 39 .  Thanh_tra , kiểm_tra 

1 . Trong quá_trình thực_hiện hoạt_động xúc_tiến thương_mại , thương_nhân , tổ_chức hoạt_động có liên_quan đến thương_mại , cá_nhân hoạt_động thương_mại độc_lập phải chịu sự kiểm_tra , thanh_tra của cơ_quan có thẩm_quyền theo quy_định của pháp_luật Việt_Nam .  Việc thanh_tra , kiểm_tra hoạt_động xúc_tiến thương_mại phải đảm_bảo thực_hiện đúng chức_năng , đúng thẩm_quyền và tuân_thủ quy_định của pháp_luật về thanh_tra , kiểm_tra . 

2 . Cán_bộ , công_chức nhà_nước lợi_dụng việc kiểm_tra , thanh_tra để vụ_lợi , sách_nhiễu , gây phiền_hà cho hoạt_động xúc_tiến thương_mại tùy theo mức_độ vi_phạm sẽ bị xử_lý kỷ_luật hoặc truy_cứu trách_nhiệm hình_sự , nếu gây ra thiệt_hại phải bồi_thường theo quy_định của pháp_luật . 

Điều 40 .  Xử_lý vi_phạm 

Thương_nhân , tổ_chức hoạt_động có liên_quan đến thương_mại , cá_nhân hoạt_động thương_mại vi_phạm Nghị_định này , tùy theo mức_độ vi_phạm sẽ bị xử_lý vi_phạm hành_chính hoặc bị truy_cứu trách_nhiệm hình_sự theo quy_định của pháp_luật . 

Điều 41 .  Khiếu_nại , tố_cáo 

1 . Thương_nhân , tổ_chức hoạt_động có liên_quan đến thương_mại , cá_nhân hoạt_động thương_mại có quyền khiếu_nại , tố_cáo đối_với các quyết_định và hành_vi trái pháp_luật , gây khó_khăn , phiền_hà của cán_bộ , công_chức nhà_nước .  Việc khiếu_nại , tố_cáo và việc giải_quyết khiếu_nại , tố_cáo được thực_hiện theo quy_định của pháp_luật về khiếu_nại , tố_cáo . 

2 . Người có thẩm_quyền giải_quyết khiếu_nại , tố_cáo mà không giải_quyết , thiếu trách_nhiệm trong việc giải_quyết , giải_quyết trái pháp_luật thì tùy theo tính_chất , mức_độ vi_phạm sẽ bị xử_lý kỷ_luật hoặc truy_cứu trách_nhiệm hình_sự ;  nếu gây ra thiệt_hại phải bồi_thường theo quy_định của pháp_luật . 

Điều 42 .  Hiệu_lực thi_hành 

1 . Nghị_định này có hiệu_lực thi_hành sau 15 ngày , kể từ ngày đăng Công_báo . 

2 . <NĐ rel="HHL"> Nghị_định số 32/1999/NĐ-CP ngày 05 tháng 5 năm 1999 </NĐ> về khuyến_mại , quảng_cáo thương_mại và hội_chợ , triển_lãm thương_mại hết hiệu_lực kể từ ngày Nghị_định này có hiệu_lực .
Điều 43 .  Tổ_chức thực_hiện 

Các Bộ_trưởng , Thủ_trưởng cơ_quan ngang Bộ , Thủ_trưởng cơ_quan thuộc Chính_phủ , Chủ_tịch Ủy_ban nhân_dân tỉnh , thành_phố trực_thuộc Trung_ương chịu trách_nhiệm hướng_dẫn và thi_hành Nghị_định này ./. 