Nghị định Sửa đổi một số Nghị định liên quan đến điều kiện đầu tư kinh doanh thuộc phạm vi quản lý nhà nước của Bộ Công Thương

Căn_cứ <L rel="CC"> Luật tổ_chức Chính_phủ ngày 19 tháng 6 năm 2015 </L> ;
Căn_cứ <L rel="CC"> Luật thương_mại ngày 14 tháng 6 năm 2005 </L> ;
Căn_cứ <L rel="CC"> Luật chất_lượng sản_phẩm , hàng_hóa ngày 21 tháng 11 năm 2007 </L> ;
Căn_cứ <L rel="CC"> Luật_hóa_chất ngày 21 tháng 11 năm 2007 </L> ;
Căn_cứ <L rel="CC"> Luật an_toàn thực_phẩm ngày 17 tháng 6 năm 2010 </L> ;
Căn_cứ <L rel="CC"> Luật_phòng , chống tác_hại thuốc_lá ngày 18 tháng 6 năm 2012 </L> ;
Căn_cứ <PL rel="CC"> Pháp_lệnh quản_lý , sử_dụng vũ_khí , vật_liệu nổ và công_cụ hỗ_trợ ngày 30 tháng 6 năm 2011 </PL> và <PL rel="CC"> Pháp_lệnh sửa_đổi , bổ_sung một_số điều <PL rel="none"> Pháp_lệnh quản_lý , sử_dụng vũ_khí , vật_liệu nổ và công_cụ hỗ_trợ </PL> ngày 12 tháng 7 năm 2013 </PL> ;
Căn_cứ <L rel="CC"> Luật đầu_tư ngày 26 tháng 11 năm 2014 </L> và <L rel="CC"> Luật sửa_đổi , bổ_sung Điều 6 và Phụ_lục 4 </L> về danh_mục ngành , nghề đầu_tư kinh_doanh có điều_kiện của <L rel="none"> Luật đầu_tư ngày 22 tháng 11 năm 2016 </L> ;
Điều 10 . Sửa_đổi một_số điều của <NĐ rel="DSD"> Nghị_định số 52/2013/NĐ-CP ngày 16 tháng 5 năm 2013 </NĐ> của Chính_phủ về thương_mại điện_tử
1 . Khoản 1 Điều 52 được sửa_đổi như sau : 

“ 1 .  Là thương_nhân , tổ_chức hoặc cá_nhân đã được cấp mã_số thuế cá_nhân ” . 

2 . Khoản 1 Điều 54 được sửa_đổi như sau : 

“ 1 .  Là thương_nhân , tổ_chức được thành_lập theo quy_định pháp_luật ” . 

3 . Điểm a khoản 1 Điều 61 được sửa_đổi như sau : 

“ a ) Là thương_nhân , tổ_chức được thành_lập theo pháp_luật Việt_Nam ” . 

4 . Điểm đ khoản 1 Điều 62 được sửa_đổi như sau : 

“ đ ) Có tiêu_chí và quy_trình đánh_giá chính_sách bảo_vệ thông_tin cá_nhân được công_bố công_khai , minh_bạch , áp_dụng thống_nhất cho các đối_tượng được đánh_giá ;  ” 

Điều 11 . Bãi_bỏ khoản 2 Điều 52 ; khoản 2 , điểm b khoản 3 Điều 54 ; điểm b , điểm c và điểm d khoản 1 Điều 62 ; điểm b khoản 1 Điều 63 <NĐ rel="HHL1"> Nghị_định số 52/2013/NĐ-CP ngày 16 tháng 5 năm 2013 </NĐ> của Chính_phủ về thương_mại điện_tử .
