Nghị định quy định trình tự, thủ tục xác lập quyền sở hữu toàn dân về tài sản và xử lý đối với tài sản được xác lập quyền sở hữu toàn dân.

Căn_cứ <L rel="CC"> Luật tổ_chức Chính_phủ ngày 19 tháng 6 năm 2015 </L> ;
Căn_cứ <BL rel="CC"> Bộ_luật dân_sự ngày 24 tháng 11 năm 2015 </BL> ;
Căn_cứ <L rel="CC"> Luật Quản_lý , sử_dụng tài_sản công ngày 21 tháng 6 năm 2017 </L> ;
Điều 1 .  Phạm_vi điều_chỉnh 

1 . Nghị_định này quy_định về : 

a ) Thẩm_quyền quyết_định , trình_tự , thủ_tục xác_lập quyền sở_hữu toàn dân về tài_sản quy_định tại các khoản 2 , 3 , 4 và 5 Điều 106 của <L rel="DaC"> Luật Quản_lý , sử_dụng tài_sản công </L> ;
b ) Xử_lý đối_với tài_sản được xác_lập quyền sở_hữu toàn dân . 

2 . Tài_sản bị chôn , giấu , bị vùi lấp , chìm_đắm không thuộc phạm_vi vùng_biển thuộc quyền chủ_quyền và quyền tài_phán của các quốc_gia mà do tổ_chức , cá_nhân Việt_Nam phát_hiện hoặc tìm thấy thì áp_dụng theo quy_định của Điều_ước quốc_tế về xử_lý_tài_sản bị chôn , giấu , bị vùi lấp , chìm_đắm mà Việt_Nam là thành_viên ;  trường_hợp điều_ước quốc_tế mà Việt_Nam là thành_viên không có quy_định về xử_lý_tài_sản bị chôn , giấu , bị vùi lấp , bị chìm_đắm thì áp_dụng theo quy_định tại Nghị_định này . 

3 . Nghị_định này không điều_chỉnh việc quản_lý , xử_lý đối_với các tài_sản sau : 

a ) Tài_sản là nhà_đất do Nhà_nước đã quản_lý , bố_trí sử_dụng trong quá_trình thực_hiện các chính_sách quản_lý nhà_đất và chính_sách cải_tạo xã_hội chủ_nghĩa trước ngày 01 tháng 7 năm 1991 thuộc phạm_vi điều_chỉnh của <NQ rel="DaC"> Nghị_quyết số 23/2003/QH11 ngày 26 tháng 11 năm 2003 </NQ> của Quốc_hội khóa 11 và <NQ rel="DaC"> Nghị_quyết số 755/2005/QH11 ngày 02 tháng 4 năm 2005 </NQ> của Ủy_ban thường_vụ Quốc_hội khóa 11 ;
b ) Tài_sản chìm_đắm trên tuyến đường thủy nội_địa , vùng nước cảng biển và vùng_biển Việt_Nam thuộc phạm_vi điều_chỉnh của <NĐ rel="DaC"> Nghị_định số 05/2017/NĐ-CP ngày 16 tháng 01 năm 2017 </NĐ> của Chính_phủ ;
c ) Tài_sản là tàu_bay bị bỏ tại Việt_Nam thuộc phạm_vi điều_chỉnh của <NĐ rel="DaC"> Nghị_định số 02/2012/NĐ-CP ngày 11 tháng 01 năm 2012 </NĐ> của Chính_phủ .
Điều 2 .  Đối_tượng áp_dụng 

1 . Cơ_quan , người có thẩm_quyền quyết_định xác_lập quyền sở_hữu toàn dân về tài_sản . 

2 . Cơ_quan , tổ_chức , đơn_vị được giao nhiệm_vụ quản_lý , xử_lý_tài_sản được xác_lập quyền sở_hữu toàn dân . 

3 . Các tổ_chức , cá_nhân khác liên_quan . 

Điều 3 .  Tài_sản thuộc đối_tượng được xác_lập quyền sở_hữu toàn dân 

1 . Tài_sản bị tịch_thu theo quy_định của pháp_luật gồm : 

a ) Tang_vật , phương_tiện vi_phạm hành_chính bị tịch_thu ; 

b ) Vật_chứng vụ án , tài_sản khác bị tịch_thu theo quy_định của pháp_luật về hình_sự , pháp_luật về tố_tụng_hình_sự . 

2 . Tài_sản vô_chủ , tài_sản không xác_định được chủ sở_hữu , tài_sản bị đánh_rơi , bị bỏ quên , tài_sản bị chôn , giấu , bị vùi lấp , chìm_đắm được tìm thấy , tài_sản không có người nhận thừa_kế thuộc về Nhà_nước theo quy_định của <BL rel="DaC"> Bộ_luật dân_sự </BL> ; hàng hóa tồn_đọng thuộc địa_bàn hoạt_động hải_quan theo quy_định của pháp_luật về hải_quan , gồm :
a ) Bất_động_sản vô_chủ hoặc không xác_định được chủ sở_hữu được xác_lập quyền sở_hữu toàn dân ( sau đây gọi_là bất_động_sản vô_chủ ) ; 

b ) Tài_sản bị đánh_rơi , bỏ quên không xác_định được chủ sở_hữu hoặc chủ sở_hữu không đến nhận được xác_lập quyền sở_hữu toàn dân ( sau đây gọi là tài_sản bị đánh_rơi , bỏ quên ) ; 

c ) Tài_sản bị chôn , giấu , bị vùi lấp , chìm_đắm được phát_hiện hoặc tìm thấy thuộc đất_liền , các hải_đảo và vùng_biển Cộng_hòa xã_hội chủ_nghĩa Việt_Nam có chủ_quyền , quyền chủ_quyền và quyền tài_phán mà tại thời_điểm phát_hiện hoặc tìm thấy không có hoặc không xác_định được chủ sở_hữu theo quy_định của pháp_luật ( sau đây gọi là tài_sản bị chôn , giấu , bị vùi lấp , chìm_đắm ) ; 

d ) Tài_sản là di_sản không có người thừa_kế theo di_chúc , theo pháp_luật hoặc có người thừa_kế nhưng không được quyền hưởng di_sản , từ_chối nhận di_sản hoặc hết thời_hiệu yêu_cầu chia di_sản kể từ thời_điểm mở thừa_kế mà không có người chiếm_hữu theo quy_định của pháp_luật về dân_sự ( sau đây gọi là di_sản không người thừa_kế ) ; 

đ ) Tài_sản là hàng hóa tồn_đọng được lưu_giữ tại khu_vực cảng , kho , bãi thuộc địa_bàn hoạt_động hải_quan theo quy_định của pháp_luật về hải_quan ( sau đây gọi là hàng hóa tồn_đọng ) . 

3 . Tài_sản của quỹ xã_hội , tài_sản của quỹ từ_thiện bị giải_thể nhưng không có quỹ khác có cùng mục_đích hoạt_động nhận tài_sản chuyển_giao hoặc bị giải_thể do hoạt_động vi_phạm điều cấm của luật , trái đạo_đức xã_hội thuộc về Nhà_nước theo quy_định của <BL rel="DaC"> Bộ_luật dân_sự </BL> ( sau đây gọi là tài_sản của quỹ bị giải_thể ) .
4 . Tài_sản do tổ_chức , cá_nhân trong nước và nước_ngoài hiến , biếu , tặng cho , đóng_góp , viện_trợ , tài_trợ nhưng chưa hạch_toán ngân_sách nhà_nước và hình_thức chuyển_giao quyền sở_hữu khác cho Nhà_nước Việt_Nam ( sau đây gọi là tài_sản do chủ sở_hữu tự_nguyện chuyển_giao quyền sở_hữu cho Nhà_nước ) . 

5 . Tài_sản do doanh_nghiệp có vốn đầu_tư nước_ngoài chuyển_giao không bồi_hoàn cho Nhà_nước Việt_Nam theo cam_kết sau khi kết_thúc thời_hạn hoạt_động . 

6 . Tài_sản được đầu_tư theo hình_thức đối_tác công tư được chuyển_giao cho Nhà_nước Việt_Nam theo hợp_đồng dự_án . 

Điều 4 .  Nguyên_tắc xác_lập quyền sở_hữu toàn dân về tài_sản và quản_lý , xử_lý_tài_sản được xác_lập quyền sở_hữu toàn dân 

1 . Việc xác_lập quyền sở_hữu toàn dân về tài_sản phải được lập thành_văn_bản ;  đúng trình_tự , thủ_tục theo quy_định của pháp_luật trên cơ_sở bảo_vệ quyền_lợi của Nhà_nước , tôn_trọng quyền , lợi_ích hợp_pháp của tổ_chức và cá_nhân có liên_quan . 

2 . Việc quản_lý nhà_nước đối_với tài_sản được xác_lập quyền sở_hữu toàn dân được thực_hiện thống_nhất , có phân_công , phân_cấp rõ thẩm_quyền , trách_nhiệm của từng cơ_quan . 

3 . Việc xác_định giá_trị và xử_lý_tài_sản được xác_lập quyền sở_hữu toàn dân được thực_hiện theo cơ_chế thị_trường . 

4 . Việc xác_lập quyền sở_hữu toàn dân về tài_sản và xử_lý_tài_sản được xác_lập quyền sở_hữu toàn dân được thực_hiện công_khai , minh_bạch ;  mọi hành_vi vi_phạm phải được xử_lý kịp_thời , nghiêm_minh theo quy_định của pháp_luật . 

Điều 5 .  Đơn_vị chủ_trì quản_lý_tài_sản được xác_lập quyền sở_hữu toàn dân 

1 . Đối_với tài_sản là tang_vật , phương_tiện vi_phạm hành_chính bị tịch_thu : 

a ) Cơ_quan trình cấp có thẩm_quyền ra quyết_định tịch_thu là đơn_vị chủ_trì quản_lý_tài_sản trong trường_hợp Chủ_tịch Ủy_ban nhân_dân tỉnh , thành_phố trực_thuộc Trung_ương ( sau đây gọi là cấp tỉnh ) hoặc Chủ_tịch Ủy_ban nhân_dân quận , huyện , thị_xã , thành_phố thuộc tỉnh ( sau đây gọi là cấp huyện ) ra quyết_định tịch_thu ; 

b ) Cơ_quan của người ra quyết_định tịch_thu là đơn_vị chủ_trì quản_lý_tài_sản trong các trường_hợp còn lại . 

2 . Đối_với vật_chứng vụ án , tài_sản của người bị kết_án bị tịch_thu theo quy_định của pháp_luật về hình_sự , tố_tụng_hình_sự và đã có quyết_định thi_hành án của cơ_quan có thẩm_quyền , Sở Tài_chính là đơn_vị chủ_trì quản_lý đối_với tài_sản do cơ_quan thi_hành án cấp tỉnh và cơ_quan thi_hành án cấp quân_khu chuyển_giao , Phòng Tài_chính Kế_hoạch thuộc Ủy_ban nhân_dân cấp huyện ( sau đây gọi là Phòng Tài_chính Kế_hoạch ) là đơn_vị chủ_trì quản_lý đối_với tài_sản do cơ_quan thi_hành án cấp huyện chuyển_giao . 

3 . Đối_với vật_chứng vụ án do cơ_quan điều_tra , Viện kiểm_sát ra quyết_định tịch_thu , cơ_quan đã ra quyết_định tịch_thu là đơn_vị chủ_trì quản_lý_tài_sản . 

4 . Đối_với bất_động_sản vô_chủ , tài_sản bị đánh_rơi , bỏ quên , di_sản không có người thừa_kế , Sở Tài_chính là đơn_vị chủ_trì quản_lý đối_với bất_động_sản , di_tích lịch_sử-văn_hóa , Phòng Tài_chính Kế_hoạch là đơn_vị chủ_trì quản_lý đối_với động_sản ;  trường_hợp một vụ_việc bao_gồm nhiều loại tài_sản khác nhau ( bất_động_sản hoặc di_tích lịch_sử-văn_hóa và động_sản ) thì Sở Tài_chính là đơn_vị chủ_trì quản_lý_tài_sản . 

5 . Đối_với tài_sản bị chôn , giấu , bị vùi lấp , chìm_đắm , Sở Tài_chính là đơn_vị chủ_trì quản_lý_tài_sản . 

6 . Đối_với tài_sản của quỹ bị giải_thể : 

a ) Sở Tài_chính là đơn_vị chủ_trì quản_lý_tài_sản đối_với tài_sản của quỹ xã_hội , tài_sản của quỹ từ_thiện do Chủ_tịch Ủy_ban nhân_dân cấp tỉnh hoặc Chủ_tịch Ủy_ban nhân_dân cấp huyện được ủy quyền quyết_định giải_thể ; 

b ) Cơ_quan trình Bộ_trưởng Bộ Nội_vụ ban_hành quyết_định giải_thể là đơn_vị chủ_trì quản_lý_tài_sản đối_với tài_sản của quỹ xã_hội , tài_sản của quỹ từ_thiện do Bộ_trưởng Bộ Nội_vụ quyết_định giải_thể . 

7 . Đối_với hàng hóa tồn_đọng thuộc địa_bàn hoạt_động hải_quan , Cục Hải_quan là đơn_vị chủ_trì quản_lý_tài_sản . 

8 . Đối_với tài_sản do các tổ_chức , cá_nhân tự_nguyện chuyển_giao quyền sở_hữu cho Nhà_nước Việt_Nam mà khi chuyển_giao đã xác_định cụ_thể cơ_quan , tổ_chức , đơn_vị được tiếp_nhận , quản_lý , sử_dụng tài_sản thì cơ_quan , tổ_chức , đơn_vị tiếp_nhận , quản_lý , sử_dụng tài_sản là đơn_vị chủ_trì quản_lý_tài_sản . 

9 . Đối_với tài_sản do các tổ_chức , cá_nhân tự_nguyện chuyển_giao quyền sở_hữu cho Nhà_nước Việt_Nam mà khi chuyển_giao không xác_định cụ_thể cơ_quan , tổ_chức , đơn_vị được tiếp_nhận , quản_lý , sử_dụng thì cơ_quan nhà_nước có thẩm_quyền giao trách_nhiệm chủ_trì quản_lý_tài_sản như sau : 

a ) Đối_với tài_sản của các dự_án do các chuyên_gia , nhà_thầu , tư_vấn nước_ngoài thực_hiện dự_án sử_dụng nguồn hỗ_trợ phát_triển chính_thức và nguồn viện_trợ không hoàn lại chuyển_giao cho Nhà_nước Việt_Nam , Ban quản_lý dự_án là đơn_vị chủ_trì quản_lý_tài_sản ;  trường_hợp Ban quản_lý dự_án đã bị giải_thể thì cơ_quan chủ_quản dự_án là đơn_vị chủ_trì quản_lý_tài_sản ; 

b ) Đối_với tài_sản đặc_biệt , tài_sản chuyên_dùng thuộc lĩnh_vực quốc_phòng , Bộ Quốc_phòng hoặc đơn_vị được Bộ Quốc_phòng phân_cấp là đơn_vị chủ_trì quản_lý_tài_sản ; 

c ) Đối_với tài_sản đặc_biệt , tài_sản chuyên_dùng thuộc lĩnh_vực an_ninh , Bộ Công_an hoặc đơn_vị được Bộ Công_an phân_cấp là đơn_vị chủ_trì quản_lý_tài_sản ; 

d ) Đối_với tài_sản không thuộc phạm_vi quy_định tại các điểm a , b và c khoản này chuyển_giao cho Chính_phủ , Bộ Tài_chính hoặc đơn_vị được Bộ Tài_chính phân_cấp là đơn_vị chủ_trì quản_lý_tài_sản ; 

đ ) Đối_với tài_sản không thuộc phạm_vi quy_định tại các điểm a , b và c khoản này chuyển_giao cho chính_quyền địa_phương , Sở Tài_chính là đơn_vị chủ_trì quản_lý_tài_sản . 

10 .  Đối_với tài_sản do doanh_nghiệp có vốn đầu_tư nước_ngoài chuyển_giao không bồi_hoàn cho Nhà_nước Việt_Nam theo cam_kết sau khi kết_thúc thời_gian hoạt_động , Sở Tài_chính là đơn_vị chủ_trì quản_lý_tài_sản . 

11 .  Đối_với tài_sản được đầu_tư theo hình_thức đối_tác công tư được chuyển_giao cho Nhà_nước Việt_Nam theo hợp_đồng dự_án , cơ_quan ký hợp_đồng đối_tác công tư là đơn_vị chủ_trì quản_lý_tài_sản . 

Điều 6 .  Trách_nhiệm của đơn_vị chủ_trì quản_lý_tài_sản được xác_lập quyền sở_hữu toàn dân 

1 . Phối_hợp với các cơ_quan có liên_quan tổ_chức thực_hiện việc bảo_quản tài_sản từ khi tiếp_nhận đến khi hoàn_thành việc xử_lý theo phương_án đã được cơ_quan , người có thẩm_quyền phê_duyệt , trừ trường_hợp pháp_luật có quy_định khác . 

2 . Lập hồ_sơ , trình cơ_quan , người có thẩm_quyền ban_hành quyết_định xác_lập quyền sở_hữu toàn dân về tài_sản ; trừ các trường_hợp tài_sản thuộc quy_định tại khoản 1 Điều 106 <L rel="DaC"> Luật Quản_lý , sử_dụng tài_sản công </L> .
3 . Lập hoặc báo_cáo cơ_quan quy_định tại khoản 1 Điều 18 Nghị_định này lập phương_án xử_lý_tài_sản , trình cơ_quan , người có thẩm_quyền phê_duyệt . 

4 . Chủ_trì , phối_hợp với các cơ_quan có liên_quan tổ_chức thực_hiện phương_án xử_lý_tài_sản đã được cơ_quan , người có thẩm_quyền phê_duyệt . 

5 . Thanh_toán các chi_phí có liên_quan , bao_gồm cả phần giá_trị tài_sản thuộc về tổ_chức , cá_nhân ( nếu có ) theo quy_định của pháp_luật . 

6 . Thực_hiện các nhiệm_vụ khác được quy_định tại Nghị_định này và pháp_luật có liên_quan . 

Điều 7 .  Thẩm_quyền xác_lập quyền sở_hữu toàn dân về tài_sản 

1 . Bộ_trưởng Bộ Tài_chính quyết_định xác_lập quyền sở_hữu toàn dân về tài_sản đối_với : 

a ) Tài_sản do tổ_chức , cá_nhân chuyển_giao quyền sở_hữu cho Nhà_nước Việt_Nam nhưng không xác_định cụ_thể cơ_quan , tổ_chức , đơn_vị tiếp_nhận tài_sản để sử_dụng ;  trừ các tài_sản quy_định tại khoản 2 , khoản 3 Điều này ; 

b ) Tài_sản do tổ_chức , cá_nhân chuyển_giao quyền sở_hữu cho Nhà_nước Việt_Nam là bất_động_sản , xe ô_tô , các tài_sản khác ( không phải là bất_động_sản , xe ô_tô ) có giá_trị từ 500 triệu đồng trở lên/01 đơn_vị tài_sản chuyển_giao cho cơ_quan , tổ_chức , đơn_vị thuộc trung_ương quản_lý theo đề_nghị của bộ , cơ_quan trung_ương ;  trừ các tài_sản quy_định tại các khoản 2 và 3 Điều này . 

2 . Bộ_trưởng Bộ Quốc_phòng quyết_định hoặc phân_cấp thẩm_quyền quyết_định xác_lập quyền sở_hữu toàn dân về tài_sản đối_với tài_sản đặc_biệt , tài_sản chuyên_dùng thuộc lĩnh_vực quốc_phòng do tổ_chức , cá_nhân chuyển_giao quyền sở_hữu cho Nhà_nước Việt_Nam . 

3 . Bộ_trưởng Bộ Công_an quyết_định hoặc phân_cấp thẩm_quyền quyết_định xác_lập quyền sở_hữu toàn dân về tài_sản đối_với tài_sản đặc_biệt , tài_sản chuyên_dùng thuộc lĩnh_vực an_ninh do tổ_chức , cá_nhân chuyển_giao quyền sở_hữu cho Nhà_nước Việt_Nam . 

4 . Bộ_trưởng Bộ Nội_vụ quyết_định hoặc phân_cấp thẩm_quyền quyết_định xác_lập quyền sở_hữu toàn dân về tài_sản đối_với tài_sản của quỹ xã_hội , tài_sản của quỹ từ_thiện do Bộ_trưởng Bộ Nội_vụ quyết_định giải_thể . 

5 . Bộ_trưởng , thủ_trưởng cơ_quan trung_ương quyết_định hoặc phân_cấp thẩm_quyền quyết_định xác_lập quyền sở_hữu toàn dân về tài_sản đối_với : 

a ) Tài_sản do tổ_chức , cá_nhân chuyển_giao quyền sở_hữu cho Nhà_nước Việt_Nam chuyển_giao cho các cơ_quan , tổ_chức , đơn_vị thuộc phạm_vi quản_lý của bộ , cơ_quan trung_ương không thuộc phạm_vi quy_định tại khoản 1 , 2 và 3 Điều này . 

b ) Tài_sản chuyển_giao cho Nhà_nước Việt_Nam theo hợp_đồng dự_án đối_tác công tư đối_với trường_hợp cơ_quan ký hợp_đồng dự_án thuộc trung_ương quản_lý sau khi có ý_kiến thống_nhất của Bộ Tài_chính . 

6 . Chủ_tịch Ủy_ban nhân_dân cấp tỉnh hoặc người có thẩm_quyền được Hội_đồng nhân_dân cấp tỉnh phân_cấp quyết_định xác_lập quyền sở_hữu toàn dân về tài_sản đối_với : 

a ) Tài_sản bị chôn , giấu , bị vùi lấp , chìm_đắm ;  bất_động_sản vô_chủ ;  bất_động_sản không có người thừa_kế ;  tài_sản bị đánh_rơi , bỏ quên là di_tích lịch_sử-văn_hóa ;  tài_sản của các vụ_việc xử_lý quy_định tại khoản này bao_gồm cả bất_động_sản hoặc di_tích lịch_sử-văn_hóa và động_sản ; 

b ) Tài_sản do tổ_chức , cá_nhân chuyển_giao quyền sở_hữu cho Nhà_nước Việt_Nam chuyển_giao cho các cơ_quan , tổ_chức , đơn_vị thuộc phạm_vi quản_lý của địa_phương , trừ các tài_sản quy_định tại các khoản 2 và 3 Điều này ; 

c ) Tài_sản do doanh_nghiệp có vốn đầu_tư nước_ngoài chuyển_giao không bồi_hoàn cho Nhà_nước Việt_Nam theo cam_kết sau khi kết_thúc thời_hạn hoạt_động ; 

d ) Tài_sản của quỹ xã_hội , tài_sản của quỹ từ_thiện do Chủ_tịch Ủy_ban nhân_dân cấp tỉnh quyết_định giải_thể hoặc do Chủ_tịch Ủy_ban nhân_dân cấp huyện quyết_định giải_thể theo ủy_quyền ; 

đ ) Tài_sản chuyển_giao cho Nhà_nước Việt_Nam theo hợp_đồng dự_án đối_tác công tư đối_với trường_hợp cơ_quan ký hợp_đồng dự_án thuộc địa_phương quản_lý . 

7 . Chủ_tịch Ủy_ban nhân_dân cấp huyện quyết_định xác_lập quyền sở_hữu toàn dân về tài_sản đối_với tài_sản bị đánh_rơi , bỏ quên , di_sản không người thừa_kế không thuộc phạm_vi quy_định tại điểm a khoản 6 Điều này . 

8 . Cục_trưởng Cục Hải_quan quyết_định xác_lập quyền sở_hữu toàn dân về tài_sản đối_với hàng hóa tồn_đọng thuộc địa_bàn hoạt_động hải_quan . 

Điều 8 .  Trình_tự , thủ_tục xác_lập quyền sở_hữu toàn dân đối_với bất_động_sản vô_chủ 

1 . Trong thời_hạn 07 ngày làm_việc , kể từ ngày hoàn_thành thủ_tục xác_định chủ sở_hữu theo quy_định của pháp_luật về dân_sự mà không xác_định được ai là chủ sở_hữu của bất_động_sản , cơ_quan đã tiếp_nhận thông_tin về bất_động_sản vô_chủ ( Ủy_ban nhân_dân cấp xã hoặc Công_an sở_tại ) có trách_nhiệm lập 01 bộ hồ_sơ gửi Phòng Tài_chính Kế_hoạch . 

Hồ_sơ gửi Phòng Tài_chính Kế_hoạch bao_gồm : 

a ) Báo_cáo quá_trình xác_định chủ sở_hữu đối_với bất_động_sản từ khi phát_hiện : 01 bản_chính ; 

b ) Bảng kê địa_điểm , diện_tích , hiện_trạng bất_động_sản : 01 bản_chính ; 

c ) Các hồ_sơ , tài_liệu liên_quan đến quá_trình xác_định chủ sở_hữu đối_với bất_động_sản ( nếu có ) : 01 bản_sao . 

2 . Trong thời_hạn 07 ngày làm_việc , kể từ ngày nhận được đầy_đủ hồ_sơ quy_định tại khoản 1 Điều này , Phòng Tài_chính Kế_hoạch có trách_nhiệm lập Tờ_trình kèm hồ_sơ quy_định tại khoản 1 Điều này , gửi Ủy_ban nhân_dân cấp huyện để gửi Sở Tài_chính trình Chủ_tịch Ủy_ban nhân_dân cấp tỉnh hoặc người có thẩm_quyền được Hội_đồng nhân_dân cấp tỉnh phân_cấp quyết_định xác_lập quyền sở_hữu toàn dân về tài_sản . 

Trong thời_hạn 07 ngày làm_việc , kể từ ngày nhận được đầy_đủ hồ_sơ do Ủy_ban nhân_dân cấp huyện gửi , Sở Tài_chính có trách_nhiệm trình Chủ_tịch Ủy_ban nhân_dân cấp tỉnh hoặc người có thẩm_quyền được Hội_đồng nhân_dân cấp tỉnh phân_cấp quyết_định xác_lập quyền sở_hữu toàn dân về tài_sản . 

3 . Trong thời_hạn 07 ngày làm_việc , kể từ ngày nhận được đầy_đủ hồ_sơ của Sở Tài_chính , Chủ_tịch Ủy_ban nhân_dân cấp tỉnh hoặc người có thẩm_quyền được Hội_đồng nhân_dân cấp tỉnh phân_cấp ban_hành Quyết_định xác_lập quyền sở_hữu toàn dân về tài_sản theo Mẫu_số 01-QĐXL tại Phụ_lục kèm theo Nghị_định này . 

Điều 9 .  Trình_tự , thủ_tục xác_lập quyền sở_hữu toàn dân đối_với tài_sản bị đánh_rơi , bỏ quên 

1 . Trong thời_hạn 07 ngày làm_việc , kể từ ngày hoàn_thành thủ_tục xác_định chủ sở_hữu tài_sản theo quy_định của pháp_luật về dân_sự , cơ_quan đã tiếp_nhận thông_tin về tài_sản bị đánh_rơi , bỏ quên ( Ủy_ban nhân_dân cấp xã hoặc Công_an sở_tại ) có trách_nhiệm lập 01 bộ hồ_sơ gửi Phòng Tài_chính Kế_hoạch đối_với tài_sản bị đánh_rơi , bỏ quên thuộc về Nhà_nước . 

a ) Báo_cáo quá_trình xác_định chủ sở_hữu tài_sản từ khi phát_hiện ;  căn_cứ xác_định tài_sản thuộc về Nhà_nước : 01 bản_chính ; 

b ) Bảng kê chủng_loại , số_lượng , khối_lượng , giá_trị , hiện_trạng của tài_sản : 01 bản_chính ; 

c ) Biên_bản giao_nộp tài_sản của người nhặt được hoặc người phát_hiện tài_sản bị đánh_rơi , bỏ quên : 01 bản_sao ; 

d ) Các hồ_sơ , tài_liệu liên_quan đến việc xử_lý_tài_sản ( nếu có ) : 01 bản_sao . 

2 . Đối_với tài_sản bị đánh_rơi , bỏ quên thuộc thẩm_quyền quyết_định xác_lập sở_hữu toàn dân về tài_sản của Chủ_tịch Ủy_ban nhân_dân cấp huyện quy_định tại khoản 7 Điều 7 Nghị_định này , trong thời_hạn 07 ngày làm_việc , kể từ ngày nhận được đầy_đủ hồ_sơ quy_định tại khoản 1 Điều này , Phòng Tài_chính Kế_hoạch có trách_nhiệm lập Tờ_trình kèm hồ_sơ quy_định tại khoản 1 Điều này trình Chủ_tịch Ủy_ban nhân_dân cấp huyện quyết_định xác_lập quyền sở_hữu toàn dân về tài_sản . 

3 . Đối_với tài_sản bị đánh_rơi , bỏ quên thuộc thẩm_quyền quyết_định xác_lập sở_hữu toàn dân về tài_sản của Chủ_tịch Ủy_ban nhân_dân cấp tỉnh quy_định tại điểm a khoản 6 Điều 7 Nghị_định này , trong thời_hạn 07 ngày làm_việc , kể từ ngày nhận được đầy_đủ hồ_sơ quy_định tại khoản 1 Điều này , Phòng Tài_chính Kế_hoạch có trách_nhiệm lập Tờ_trình kèm hồ_sơ quy_định tại khoản 1 Điều này , gửi Ủy_ban nhân_dân cấp huyện để gửi Sở Tài_chính trình Chủ_tịch Ủy_ban nhân_dân cấp tỉnh hoặc người có thẩm_quyền được Hội_đồng nhân_dân cấp tỉnh phân_cấp quyết_định xác_lập quyền sở_hữu toàn dân về tài_sản . 

Trong thời_hạn 07 ngày làm_việc , kể từ ngày nhận được đầy_đủ hồ_sơ do Ủy_ban nhân_dân cấp huyện gửi , Sở Tài_chính trình Chủ_tịch Ủy_ban nhân_dân cấp tỉnh hoặc người có thẩm_quyền được Hội_đồng nhân_dân cấp tỉnh phân_cấp quyết_định xác_lập quyền sở_hữu toàn dân về tài_sản . 

4 . Trong thời_hạn 07 ngày làm_việc , kể từ ngày nhận được đầy_đủ hồ_sơ quy_định tại khoản 2 và khoản 3 Điều này , Chủ_tịch Ủy_ban nhân_dân cấp huyện , Chủ_tịch Ủy_ban nhân_dân cấp tỉnh hoặc người có thẩm_quyền được Hội_đồng nhân_dân cấp tỉnh phân_cấp ban_hành Quyết_định xác_lập quyền sở_hữu toàn dân về tài_sản theo Mẫu_số 01-QĐXL tại Phụ_lục kèm theo Nghị_định này . 

Điều 10 .  Trình_tự , thủ_tục xác_lập quyền sở_hữu toàn dân đối_với tài_sản bị chôn , giấu , bị vùi lấp , chìm_đắm 

1 . Trong thời_hạn 07 ngày làm_việc , kể từ ngày hoàn_thành thủ_tục xác_định chủ sở_hữu theo quy_định của pháp_luật về dân_sự và pháp_luật có liên_quan mà không xác_định được ai là chủ sở_hữu của tài_sản bị chôn , giấu , bị vùi lấp , chìm_đắm , Sở Tài_chính có trách_nhiệm lập 01 bộ hồ_sơ trình Chủ_tịch Ủy_ban nhân_dân cấp tỉnh hoặc người có thẩm_quyền được Hội_đồng nhân_dân cấp tỉnh phân_cấp quyết_định xác_lập quyền sở_hữu toàn dân . 

Hồ_sơ đề_nghị xác_lập quyền sở_hữu toàn dân về tài_sản bao_gồm : 

a ) Báo_cáo quá_trình xác_định chủ sở_hữu đối_với tài_sản bị chôn , giấu , bị vùi lấp , chìm_đắm từ khi phát_hiện : 01 bản_chính ; 

b ) Bảng kê chủng_loại , số_lượng , khối_lượng , hiện_trạng của tài_sản : 01 bản_chính ; 

c ) Các hồ_sơ , tài_liệu liên_quan đến quá_trình xác_định chủ sở_hữu đối_với tài_sản ( nếu có ) : 01 bản_sao . 

2 . Trong thời_hạn 07 ngày làm_việc , kể từ ngày nhận được đầy_đủ hồ_sơ quy_định tại khoản 1 Điều này , Chủ_tịch Ủy_ban nhân_dân cấp tỉnh hoặc người có thẩm_quyền được Hội_đồng nhân_dân cấp tỉnh phân_cấp ban_hành  Quyết_định xác_lập quyền sở_hữu toàn dân về tài_sản theo Mẫu_số 01-QĐXL tại Phụ_lục kèm theo Nghị_định này . 

Điều 11 .  Trình_tự , thủ_tục xác_lập quyền sở_hữu toàn dân đối_với di_sản không có người thừa_kế 

1 . Trong thời_hạn 07 ngày làm_việc , kể từ ngày nhận được văn_bản từ_chối quyền hưởng di_sản của người thừa_kế hoặc bản_án , quyết_định của Tòa_án xác_định người đó không được quyền hưởng di_sản thừa_kế theo quy_định của pháp_luật về dân_sự hoặc kể từ ngày hết thời_hiệu yêu_cầu chia di_sản mà không có người chiếm_hữu theo quy_định của pháp_luật dân_sự , tổ_chức hành_nghề công_chứng hoặc Ủy_ban nhân_dân cấp xã nơi mở thừa_kế có trách_nhiệm lập 01 bộ hồ_sơ gửi Phòng Tài_chính Kế_hoạch . 

a ) Báo_cáo quá_trình mở thừa_kế đối_với di_sản : 01 bản_chính ; 

b ) Bảng kê chủng_loại , số_lượng , khối_lượng , hiện_trạng của di_sản : 01 bản_chính ; 

c ) Các hồ_sơ , tài_liệu liên_quan đến quá_trình mở thừa_kế , văn_bản từ_chối quyền hưởng di_sản , bản_án hoặc quyết_định của Tòa_án xác_định người không được quyền hưởng di_sản thừa_kế ( nếu có ) : 01 bản_sao . 

2 . Đối_với di_sản không có người thừa_kế thuộc thẩm_quyền xác_lập quyền sở_hữu toàn dân về tài_sản của Chủ_tịch Ủy_ban nhân_dân cấp huyện quy_định tại khoản 7 Điều 7 Nghị_định này , trong thời_hạn 07 ngày làm_việc , kể từ ngày nhận được đầy_đủ hồ_sơ quy_định tại khoản 1 Điều này , Phòng Tài_chính Kế_hoạch có trách_nhiệm lập Tờ_trình kèm hồ_sơ quy_định tại khoản 1 Điều này trình Chủ_tịch Ủy_ban nhân_dân cấp huyện quyết_định xác_lập quyền sở_hữu toàn dân về tài_sản . 

3 . Đối_với di_sản không có người thừa_kế thuộc thẩm_quyền xác_lập quyền sở_hữu toàn dân về tài_sản của Chủ_tịch Ủy_ban nhân_dân cấp tỉnh hoặc người có thẩm_quyền được Hội_đồng nhân_dân cấp tỉnh phân_cấp quy_định tại điểm a khoản 6 Điều 7 Nghị_định này , trong thời_hạn 07 ngày làm_việc , kể từ ngày nhận được đầy_đủ hồ_sơ quy_định tại khoản 1 Điều này , Phòng Tài_chính Kế_hoạch có trách_nhiệm lập Tờ_trình kèm hồ_sơ quy_định tại khoản 1 Điều này , gửi Ủy_ban nhân_dân cấp huyện để gửi Sở Tài_chính trình Chủ_tịch Ủy_ban nhân_dân cấp tỉnh hoặc người có thẩm_quyền được Hội_đồng nhân_dân cấp tỉnh phân_cấp quyết_định xác_lập quyền sở_hữu toàn dân về tài_sản . 

4 . Trong thời_hạn 07 ngày làm_việc , kể từ ngày nhận được đầy_đủ hồ_sơ quy_định tại khoản 2 và khoản 3 Điều này , Chủ_tịch Ủy_ban nhân_dân cấp huyện , Chủ_tịch Ủy_ban nhân_dân cấp tỉnh ban_hành Quyết_định xác_lập quyền sở_hữu toàn dân về tài_sản theo Mẫu_số 01-QĐXL tại Phụ_lục kèm theo Nghị_định này . 

Điều 12 .  Trình_tự , thủ_tục xác_lập quyền sở_hữu toàn dân đối_với hàng hóa tồn_đọng 

1 . Trong thời_hạn 07 ngày làm_việc , kể từ ngày hoàn_thành thủ_tục xác_định chủ sở_hữu theo quy_định của pháp_luật về hải_quan mà không có người đến nhận , cơ_quan Hải_quan nơi có hàng hóa tồn_đọng có trách_nhiệm lập 01 bộ hồ_sơ trình Cục_trưởng Cục Hải_quan quản_lý trực_tiếp quyết_định xác_lập quyền sở_hữu toàn dân . 

a ) Tờ_trình đề_nghị xác_lập quyền sở_hữu toàn dân về tài_sản : 01 bản_chính ; 

c ) Các hồ_sơ , tài_liệu liên_quan đến quá_trình thông_báo về tài_sản và các hồ_sơ , tài_liệu khác ( nếu có ) : 01 bản_sao ; 

d ) Văn_bản thông_báo từ_bỏ hàng_hóa hoặc tài_liệu chứng_minh ( nếu có ) : 01 bản_sao . 

2 . Trong thời_hạn 07 ngày làm_việc , kể từ ngày nhận được đầy_đủ hồ_sơ quy_định tại khoản 1 Điều này , Cục_trưởng Cục Hải_quan ban_hành Quyết_định xác_lập quyền sở_hữu toàn dân về tài_sản theo Mẫu_số 01-QĐXL tại Phụ_lục kèm theo Nghị_định này . 

Điều 13 .  Trình_tự , thủ_tục xác_lập quyền sở_hữu toàn dân đối_với tài_sản của quỹ bị giải_thể 

1 . Trong thời_hạn 30 ngày , kể từ ngày có quyết_định giải_thể Quỹ của cơ_quan nhà_nước có thẩm_quyền , đơn_vị chủ_trì quản_lý_tài_sản quy_định tại khoản 6 Điều 5 Nghị_định này có trách_nhiệm lập 01 bộ hồ_sơ trình cấp có thẩm_quyền quy_định tại khoản 4 và điểm d khoản 6 Điều 7 Nghị_định này quyết_định xác_lập quyền sở_hữu toàn dân về tài_sản của quỹ bị giải_thể .  Hồ_sơ gồm : 

a ) Tờ_trình xác_lập quyền sở_hữu toàn dân về tài_sản : 01 bản_chính ; 

b ) Bảng kê chủng_loại , số_lượng ( khối_lượng ) , giá_trị , tình_trạng tài_sản : 01 bản_chính ; 

c ) Quyết_định giải_thể của cơ_quan nhà_nước có thẩm_quyền : 01 bản_sao ; 

d ) Tài_liệu khác chứng_minh quyền tài_sản ( nếu có ) : 01 bản_sao . 

2 . Trong thời_hạn 07 ngày làm_việc , kể từ ngày nhận được đầy_đủ hồ_sơ quy_định tại khoản 1 Điều này , cơ_quan , người có thẩm_quyền quy_định tại khoản 4 Điều 7 và điểm d khoản 6 Điều 7 Nghị_định này ban_hành Quyết_định xác_lập quyền sở_hữu toàn dân về tài_sản theo Mẫu_số 01-QĐXL tại Phụ_lục kèm theo Nghị_định này . 

Điều 14 .  Trình_tự , thủ_tục xác_lập quyền sở_hữu toàn dân đối_với tài_sản do các tổ_chức , cá_nhân tự_nguyện chuyển_giao quyền sở_hữu cho Nhà_nước 

1 . Đối_với tài_sản do tổ_chức , cá_nhân chuyển_giao quyền sở_hữu cho Nhà_nước Việt_Nam quy_định tại điểm a khoản 1 Điều 7 Nghị_định này , khi được các tổ_chức , cá_nhân đề_nghị chuyển_giao quyền sở_hữu về tài_sản , đơn_vị chủ_trì quản_lý_tài_sản quy_định tại khoản 9 Điều 5 Nghị_định này căn_cứ vào các quy_định pháp_luật hiện_hành và pháp_luật chuyên_ngành liên_quan đến tài_sản xác_định_tính phù_hợp của việc tiếp_nhận tài_sản chuyển_giao và phải chịu trách_nhiệm về việc xác_định đó . 

2 . Đối_với tài_sản do tổ_chức , cá_nhân chuyển_giao quyền sở_hữu cho Nhà_nước Việt_Nam mà khi chuyển_giao đã xác_định cụ_thể cơ_quan , tổ_chức , đơn_vị quản_lý , sử_dụng , khi được các tổ_chức , cá_nhân đề_nghị chuyển_giao quyền sở_hữu về tài_sản , đơn_vị chủ_trì quản_lý_tài_sản quy_định tại khoản 8 Điều 5 Nghị_định này căn_cứ các quy_định pháp_luật hiện_hành và pháp_luật chuyên_ngành liên_quan đến tài_sản xác_định_tính phù_hợp của việc tiếp_nhận tài_sản chuyển_giao và phải chịu trách_nhiệm về việc xác_định đó . 

3 . Trường_hợp xác_định việc tiếp_nhận tài_sản chuyển_giao là phù_hợp với quy_định của pháp_luật thì trong thời_hạn 07 ngày làm_việc , kể từ ngày tiếp_nhận tài_sản , đơn_vị chủ_trì quản_lý_tài_sản có trách_nhiệm lập hồ_sơ , gửi cơ_quan quản_lý cấp trên ( nếu có ) để trình cơ_quan , người có thẩm_quyền quy_định tại các khoản 1 , 2 , 3 , 5 và 6 Điều 7 Nghị_định này quyết_định xác_lập quyền sở_hữu toàn dân về tài_sản . 

a ) Tờ_trình đề_nghị xác_lập quyền sở_hữu toàn dân về tài_sản bao_gồm cả phương_án xử_lý_tài_sản theo quy_định tại điểm c khoản 2 Điều 18 Nghị_định này : 01 bản_chính ; 

c ) Hợp_đồng tặng cho tài_sản trong trường_hợp chuyển_giao dưới hình_thức tặng cho và theo quy_định của pháp_luật phải lập thành hợp_đồng : 01 bản_sao ; 

d ) Các hồ_sơ , tài_liệu chứng_minh quyền sở_hữu , quyền sử_dụng của tài_sản chuyển_giao và hình_thức chuyển_giao ( nếu có ) : 01 bản_sao . 

4 . Trong thời_hạn 07 ngày làm_việc , kể từ ngày nhận được đầy_đủ hồ_sơ quy_định tại khoản 3 Điều này , cơ_quan , người có thẩm_quyền quy_định tại các khoản 1 , 2 , 3 , 5 và 6 Điều 7 Nghị_định này ban_hành Quyết_định xác_lập quyền sở_hữu toàn dân về tài_sản theo Mẫu_số 01-QĐXL tại Phụ_lục kèm theo Nghị_định này . 

5 . Trường_hợp xác_định việc chuyển_giao tài_sản không phù_hợp với quy_định của pháp_luật thì cơ_quan , đơn_vị được đề_nghị tiếp_nhận phải từ_chối tiếp_nhận ;  trường_hợp không từ_chối được thì xử_lý theo quy_định tại khoản 3 , khoản 4 Điều này . 

Điều 15 .  Trình_tự , thủ_tục xác_lập quyền sở_hữu toàn dân đối_với tài_sản do doanh_nghiệp có vốn đầu_tư nước_ngoài chuyển_giao không bồi_hoàn cho Nhà_nước Việt_Nam theo cam_kết sau khi kết_thúc thời_hạn hoạt_động 

1 . Chậm nhất là 30 ngày trước ngày kết_thúc thời_hạn hoạt_động theo Giấy chứng_nhận đăng_ký đầu_tư , Giấy_phép đầu_tư , Giấy chứng_nhận đầu_tư , cơ_quan đăng_ký đầu_tư có trách_nhiệm thông_báo cho Sở Tài_chính nơi doanh_nghiệp có vốn đầu_tư nước_ngoài đóng trụ_sở về các trường_hợp_doanh_nghiệp có vốn đầu_tư nước_ngoài chuyển_giao không bồi_hoàn tài_sản cho Nhà_nước Việt_Nam theo cam_kết khi kết_thúc thời_hạn hoạt_động . 

2 . Trong thời_hạn 05 ngày làm_việc , kể từ ngày nhận được thông_báo của cơ_quan đăng_ký đầu_tư , Sở Tài_chính có trách_nhiệm trình Chủ_tịch Ủy_ban nhân_dân cấp tỉnh_thành_lập Hội_đồng kiểm_kê , phân_loại tài_sản .  Thành_phần Hội_đồng do lãnh_đạo Sở Tài_chính làm_chủ_tịch , có đại_diện của Sở Kế_hoạch và Đầu_tư , Sở Tài_nguyên và Môi_trường , Sở Xây_dựng và các cơ_quan liên_quan . 

Hội_đồng kiểm_kê , phân_loại tài_sản có trách_nhiệm : 

a ) Tiếp_nhận tài_sản từ doanh_nghiệp có vốn đầu_tư nước_ngoài chuyển_giao ; 

b ) Thực_hiện kiểm_kê , phân_loại tài_sản và lập bảng kê chi_tiết chủng_loại , số_lượng , khối_lượng , giá_trị , hiện_trạng của tài_sản ; 

c ) Bảo_quản tài_sản trong thời_gian chờ xử_lý . 

3 . Căn_cứ trên kết_quả kiểm_kê , phân_loại của Hội_đồng , Sở Tài_chính có trách_nhiệm lập 01 bộ hồ_sơ đề_nghị xác_lập quyền sở_hữu toàn dân về tài_sản đối_với tài_sản của doanh_nghiệp có vốn đầu_tư nước_ngoài chuyển_giao không bồi_hoàn theo cam_kết . 

c ) Văn_bản_thể_hiện cam_kết chuyển_giao không bồi_hoàn tài_sản cho Nhà_nước Việt_Nam khi kết_thúc hoạt_động của doanh_nghiệp có vốn đầu_tư nước_ngoài : 01 bản_sao ; 

d ) Các hồ_sơ , tài_liệu liên_quan đến tài_sản ( nếu có ) : 01 bản_sao . 

4 . Trong thời_hạn 05 ngày làm_việc , kể từ ngày nhận được đầy_đủ hồ_sơ quy_định tại khoản 3 Điều này và sau khi kết_thúc thời_hạn hoạt_động của theo quy_định , Chủ_tịch Ủy_ban nhân_dân cấp tỉnh hoặc người có thẩm_quyền được Hội_đồng nhân_dân cấp tỉnh phân_cấp ban_hành Quyết_định xác_lập quyền sở_hữu toàn dân về tài_sản theo Mẫu_số 01-QĐXL tại Phụ_lục kèm theo Nghị_định này . 

Điều 16 .  Trình_tự , thủ_tục xác_lập quyền sở_hữu toàn dân đối_với tài_sản chuyển_giao cho Nhà_nước Việt_Nam theo hợp_đồng dự_án theo hình_thức đối_tác công_tư 

1 . Chậm nhất 01 năm trước ngày chuyển_giao hoặc trong thời_hạn thỏa_thuận tại Hợp_đồng dự_án , doanh_nghiệp dự_án phải đăng báo_công_khai việc chuyển_giao tài_sản , thủ_tục , thời_hạn thanh_lý hợp_đồng , thanh_toán các khoản nợ . 

2 . Doanh_nghiệp dự_án phải đảm_bảo tài_sản chuyển_giao không được sử_dụng tài_sản để bảo_lãnh thực_hiện nghĩa_vụ tài_chính hoặc nghĩa_vụ khác của doanh_nghiệp dự_án trước thời_điểm chuyển_giao , trừ trường_hợp Hợp_đồng dự_án có quy_định khác . 

3 . Cơ_quan nhà_nước ký hợp_đồng dự_án chủ_trì , phối_hợp với cơ_quan quản_lý nhà_nước chuyên_ngành về tài_sản , cơ_quan_tài_chính và các cơ_quan khác có liên_quan ( nếu cần ) thực_hiện : 

a ) Tổ_chức giám_định chất_lượng , giá_trị , tình_trạng tài_sản theo thỏa_thuận tại Hợp_đồng dự_án ; 

b ) Lập danh_mục tài_sản chuyển_giao ; 

c ) Lập biên_bản xác_định các hư_hại của tài_sản ( nếu có ) để yêu_cầu doanh_nghiệp dự_án thực_hiện việc sửa_chữa , bảo_trì tài_sản ; 

d ) Thực_hiện tiếp_nhận và ký biên_bản nhận chuyển_giao tài_sản ; 

Việc chuyển_giao , tiếp_nhận tài_sản phải thực_hiện theo đúng thời_hạn tại Hợp_đồng dự_án . 

4 . Trong thời_hạn 07 ngày làm_việc , kể từ ngày ký biên_bản nhận chuyển_giao tài_sản , cơ_quan nhà_nước ký hợp_đồng dự_án có trách_nhiệm lập 01 bộ hồ_sơ trình cấp có thẩm_quyền quy_định tại điểm b khoản 5 và điểm đ khoản 6 Điều 7 Nghị_định này để xem_xét , quyết_định xác_lập quyền sở_hữu toàn dân về tài_sản .  Hồ_sơ gồm : 

a ) Tờ_trình xác_lập quyền sở_hữu toàn dân về tài_sản : 01 bản_chính ; 

c ) Biên_bản nhận chuyển_giao tài_sản : 01 bản_chính ; 

5 . Trong thời_hạn 07 ngày làm_việc , kể từ ngày nhận được đầy_đủ hồ_sơ quy_định tại khoản 4 Điều này , cơ_quan , người có thẩm_quyền quy_định tại điểm b khoản 5 và điểm đ khoản 6 Điều 7 Nghị_định này ban_hành quyết_định xác_lập quyền sở_hữu toàn dân về tài_sản theo Mẫu_số 01-QĐXL tại Phụ_lục kèm theo Nghị_định này . 

6 . Các khoản chi_phí tổ_chức giám_định chất_lượng , giá_trị , tình_trạng tài_sản và các chi_phí khác theo quy_định liên_quan ( nếu có ) để thực_hiện chuyển_giao , tiếp_nhận tài_sản được bố_trí trong dự_toán chi thường_xuyên ngân_sách nhà_nước của cơ_quan ký hợp_đồng dự_án để thực_hiện .  Mức chi thực_hiện theo quy_định tại khoản 1 và khoản 2 Điều 30 Nghị_định này . 

Điều 17 .  Bảo_quản tài_sản được xác_lập quyền sở_hữu toàn dân 

1 . Tài_sản có quyết_định tịch_thu hoặc quyết_định xác_lập quyền sở_hữu toàn dân của cơ_quan , người có thẩm_quyền phải được bảo_quản chặt_chẽ , bảo_đảm phục_vụ_việc xử_lý theo quy_định của pháp_luật . 

2 . Các tài_sản chuyển_giao cho các cơ_quan quản_lý chuyên_ngành để bảo_quản như sau : 

a ) Tài_sản là bảo_vật quốc_gia , cổ_vật và vật khác có giá_trị lịch_sử , văn_hóa ; 

b ) Tài_sản là vũ_khí , vật_liệu nổ , công_cụ hỗ_trợ , phương_tiện kỹ_thuật nghiệp_vụ , phương_tiện đặc_chủng và tài_sản khác liên_quan đến quốc_phòng , an_ninh ; 

c ) Tài_sản là tiền Việt_Nam , ngoại_tệ , giấy_tờ có_giá , vàng , bạc , đá_quý , kim_loại quý ; 

d ) Tài_sản là chất phóng_xạ ; 

đ ) Tài_sản là bộ_phận ( mẫu_vật ) của động_vật rừng quý_hiếm thuộc nhóm IB ; 

e ) Tài_sản là lâm_sản quý_hiếm không được sử_dụng vào mục_đích thương_mại , trừ tài_sản quy_định tại điểm đ khoản này . 

Bộ Tài_chính chủ_trì , phối_hợp với các bộ , cơ_quan có liên_quan công_bố danh_sách cụ_thể các cơ_quan chuyên_ngành để thực_hiện việc tiếp_nhận , bảo_quản đối_với các tài_sản quy_định tại khoản này . 

3 . Trách_nhiệm bảo_quản tài_sản quy_định như sau : 

a ) Cơ_quan của người có thẩm_quyền ban_hành quyết_định tịch_thu tài_sản theo quy_định của pháp_luật hoặc cơ_quan trình người có thẩm_quyền ban_hành quyết_định tịch_thu theo quy_định của pháp_luật xử_lý vi_phạm hành_chính có trách_nhiệm bảo_quản tài_sản tịch_thu ; 

b ) Cơ_quan thi_hành án có trách_nhiệm bảo_quản vật_chứng vụ án , tài_sản khác bị tịch_thu theo quy_định pháp_luật về hình_sự , pháp_luật về tố_tụng_hình_sự và pháp_luật về thi_hành án dân_sự ; 

c ) Đơn_vị chủ_trì quản_lý_tài_sản quy_định tại Điều 5 Nghị_định này chủ_trì , phối_hợp với các cơ_quan có liên_quan , tổ_chức thực_hiện việc bảo_quản tài_sản quy_định tại các khoản 2 , 3 , 4 và 5 Điều 106 của <L rel="DaC"> Luật Quản_lý , sử_dụng tài_sản công </L> . Việc bảo_quản tài_sản thực_hiện theo quy_định tại khoản 1 Điều 108 của <L rel="DaC"> Luật Quản_lý , sử_dụng tài_sản công </L> .
Điều 18 .  Trình_tự , thủ_tục lập và trình phương_án xử_lý_tài_sản được xác_lập quyền sở_hữu toàn dân 

1 . Trách_nhiệm lập phương_án xử_lý_tài_sản được xác_lập quyền sở_hữu toàn dân quy_định như sau : 

a ) Đơn_vị chủ_trì quản_lý_tài_sản quy_định tại các khoản 1 , 2 và 3 Điều 5 Nghị_định này lập phương_án xử_lý đối_với tài_sản bị tịch_thu theo quy_định của pháp_luật , trừ tài_sản bị tịch_thu quy_định tại điểm c khoản này ; 

b ) Cơ_quan hải_quan lập phương_án xử_lý đối_với tài_sản là hàng hóa tồn_đọng thuộc địa_bàn hoạt_động hải_quan thuộc thẩm_quyền phê_duyệt phương_án xử_lý của Cục_trưởng Cục Hải_quan , trừ tài_sản là hàng hóa tồn_đọng quy_định tại điểm b khoản 3 Điều 19 Nghị_định này ; 

c ) Cơ_quan được giao thực_hiện nhiệm_vụ quản_lý_tài_sản công quy_định tại các khoản 1 , 2 và 3 Điều 19 của <L rel="DaC"> Luật Quản_lý , sử_dụng tài_sản công_lập </L> phương_án xử_lý đối_với các tài_sản sau :
- Tài_sản bị tịch_thu theo quy_định của pháp_luật được xử_lý theo hình_thức giao hoặc điều_chuyển cho cơ_quan , tổ_chức , đơn_vị quản_lý , sử_dụng thuộc thẩm_quyền quyết_định của Bộ_trưởng Bộ Tài_chính , Bộ_trưởng , Thủ_trưởng cơ_quan trung_ương , Chủ_tịch Ủy_ban nhân_dân cấp tỉnh ; 

- Tài_sản là hàng hóa tồn_đọng thuộc địa_bàn hoạt_động hải_quan theo quy_định của pháp_luật về hải_quan do Bộ_trưởng Bộ Tài_chính phê_duyệt phương_án xử_lý quy_định tại điểm b khoản 3 Điều 19 Nghị_định này ; 

- Các tài_sản còn lại được xác_lập quyền sở_hữu toàn dân . 

2 . Nội_dung chủ_yếu của phương_án xử_lý_tài_sản được xác_lập quyền sở_hữu toàn dân gồm : 

a ) Thông_tin về tài_sản : Quyết_định xác_lập quyền sở_hữu toàn dân về tài_sản hoặc quyết_định tịch_thu tài_sản ( số , ngày , tháng , năm , cơ_quan ban_hành ) , chủng_loại , số_lượng , chất_lượng tài_sản , nguồn_gốc xuất_xứ , năm sản_xuất , nước sản_xuất ... ; 

b ) Giá_trị tài_sản ( nếu có ) . 

Riêng đối_với tài_sản xử_lý theo hình_thức giao hoặc điều_chuyển cho cơ_quan , tổ_chức , đơn_vị sử_dụng thì đơn_vị lập phương_án xử_lý_tài_sản phải thành_lập Hội_đồng định_giá để xác_định giá_trị tài_sản ghi vào phương_án .  Chủ_tịch Hội_đồng là thủ_trưởng của đơn_vị lập phương_án và đại_diện : Cơ_quan_tài_chính ( nơi có tài_sản ) , cơ_quan tiếp_nhận ( nếu có ) , cơ_quan chuyên_môn có liên_quan ; 

c ) Hình_thức xử_lý phù_hợp với từng loại tài_sản : 

- Giao cho cơ_quan quản_lý chuyên_ngành đối_với tài_sản quy_định tại khoản 2 Điều 108 của <L rel="DaC"> Luật Quản_lý , sử_dụng tài_sản công </L> ;
- Giao hoặc điều_chuyển cho cơ_quan , tổ_chức , đơn_vị quản_lý , sử_dụng .  Việc giao hoặc điều_chuyển tài_sản cho cơ_quan , tổ_chức , đơn_vị quản_lý , sử_dụng phải căn_cứ vào tiêu_chuẩn , định_mức sử_dụng tài_sản do cơ_quan , người có thẩm_quyền ban_hành theo quy_định của pháp_luật và chỉ áp_dụng đối_với : Nhà , đất ;  xe ô_tô ;  xe mô_tô , xe_gắn_máy , máy_móc , thiết_bị và các tài_sản khác có tỷ_lệ chất_lượng còn lại từ 50 % trở lên ; 

- Giao cho doanh_nghiệp theo hình_thức ghi tăng vốn nhà_nước đầu_tư tại doanh_nghiệp ; 

- Bán ( đấu_giá , bán chỉ_định , niêm_yết_giá ) theo quy_định của pháp_luật về quản_lý , sử_dụng tài_sản công và pháp_luật có liên_quan .  Riêng đối_với tài_sản là hàng_hóa , vật_phẩm dễ bị hư_hỏng ( thực_phẩm tươi_sống , dễ bị ôi thiu , khó bảo_quản , hàng_hóa dễ cháy , nổ , hàng thực_phẩm đã qua chế_biến nhưng hạn sử_dụng còn dưới 30 ngày , động_vật rừng hoang_dã đã chết nhưng không thuộc đối_tượng phải tiêu_hủy theo quy_định của pháp_luật ... ) ;  tài_sản là hàng_hóa cồng_kềnh , có trọng_lượng lớn được chuyên_chở trên các phương_tiện giao_thông đường thủy , đường_biển mà việc bốc_dỡ tốn_kém , chi_phí lớn ;  tài_sản là vật_tư , hàng_hóa_cấm nhập_khẩu buộc phải tái_xuất mà chỉ có một tổ_chức kinh_tế có chức_năng tái_xuất đối_với vật_tư , hàng hóa đó , thì được bán chỉ_định hoặc niêm_yết giá ; 

- Tiêu_hủy đối_với tài_sản là hàng_hóa , vật_phẩm dễ bị hư_hỏng nhưng không_thể xử_lý theo hình_thức bán ;  tài_sản không còn khả_năng sử_dụng hoặc tài_sản thuộc danh_mục cấm sản_xuất , kinh_doanh và lưu_thông theo quy_định của pháp_luật gồm : Văn_hóa_phẩm độc_hại , ma_túy , hàng giả , vật_phẩm gây hại cho sức_khỏe con_người , vật_nuôi , cây_trồng , động_vật hoang_dã đã chết và các tài_sản khác buộc phải tiêu_hủy .  Trường_hợp đặc_biệt cần xử_lý theo hình_thức khác để đảm_bảo tiết_kiệm , hiệu_quả thì đơn_vị chủ_trì quản_lý_tài_sản báo_cáo Bộ Tài_chính hoặc báo_cáo cơ_quan cấp trên ( nếu có ) để báo_cáo Bộ Tài_chính xem_xét , quyết_định xử_lý ; 

- Nộp vào ngân_sách nhà_nước đối_với tiền Việt_Nam , ngoại_tệ ;  nộp vào Kho_bạc nhà_nước đối_với vàng , bạc , đá_quý , kim_loại quý .  Đối_với giấy_tờ có_giá có khả_năng chuyển_đổi thành tiền thì thực_hiện thủ_tục chuyển_đổi thành tiền_mặt nộp vào ngân_sách nhà_nước theo quy_định , trường_hợp không đủ điều_kiện chuyển_đổi thành tiền thì thực_hiện thủ_tục gửi Kho_bạc nhà_nước để lưu_giữ , bảo_quản ; 

- Xử_lý khác theo quyết_định của Thủ_tướng Chính_phủ . 

d ) Cơ_quan chủ_trì và cơ_quan phối_hợp xử_lý .  Trong đó , cơ_quan chủ_trì xử_lý_tài_sản là đơn_vị chủ_trì quản_lý_tài_sản quy_định tại Điều 5 Nghị_định này ; 

đ ) Thời_hạn xử_lý ; 

e ) Chi_phí xử_lý ; 

g ) Quản_lý , sử_dụng số tiền thu được từ xử_lý_tài_sản ; 

h ) Các nội_dung khác ( nếu có ) . 

3 . Trong thời_hạn 10 ngày , kể từ ngày có quyết_định tịch_thu tài_sản hoặc có quyết_định xác_lập quyền sở_hữu toàn dân về tài_sản , cơ_quan có thẩm_quyền quy_định tại khoản 1 Điều này có trách_nhiệm lập phương_án xử_lý_tài_sản và trình cấp có thẩm_quyền quy_định tại Điều 19 Nghị_định này phê_duyệt phương_án xử_lý_tài_sản được xác_lập quyền sở_hữu toàn dân . 

4 . Bộ Tài_chính hướng_dẫn thực_hiện Điều này . 

Điều 19 .  Thẩm_quyền phê_duyệt phương_án xử_lý_tài_sản được xác_lập quyền sở_hữu toàn dân 

1 . Thẩm_quyền phê_duyệt phương_án xử_lý_tài_sản là tang_vật , phương_tiện vi_phạm hành_chính như sau : 

a ) Bộ_trưởng Bộ Tài_chính quyết_định phê_duyệt phương_án xử_lý đối_với : 

- Tài_sản là nhà , đất , xe ô_tô và các tài_sản khác có giá_trị từ 500 triệu đồng trở lên/01 đơn_vị tài_sản do cơ_quan , người có thẩm_quyền thuộc trung_ương quyết_định tịch_thu ; 

- Điều_chuyển tài_sản từ trung_ương về địa_phương và ngược_lại hoặc giữa các địa_phương với nhau . 

b ) Bộ_trưởng , thủ_trưởng cơ_quan trung_ương quyết_định hoặc phân_cấp quyết_định phê_duyệt phương_án xử_lý đối_với : 

- Các tài_sản còn lại do cơ_quan , người có thẩm_quyền thuộc trung_ương ra quyết_định tịch_thu không thuộc phạm_vi quy_định tại điểm a khoản này ; 

- Tài_sản chuyển_giao cho cơ_quan chuyên_ngành quy_định tại khoản 2 Điều 108 của <L rel="DaC"> Luật Quản_lý , sử_dụng tài_sản công </L> .
c ) Chủ_tịch Ủy_ban nhân_dân cấp tỉnh hoặc người được Hội_đồng nhân_dân cấp tỉnh phân_cấp quyết_định phê_duyệt phương_án xử_lý đối_với tài_sản do cơ_quan , người có thẩm_quyền thuộc cơ_quan địa_phương quyết_định tịch_thu . 

2 . Thẩm_quyền phê_duyệt phương_án xử_lý_tài_sản là vật_chứng vụ án , tài_sản của người bị kết_án tịch_thu như sau : 

a ) Thủ_tướng Chính_phủ phê_duyệt phương_án xử_lý đối_với tài_sản là vật có giá_trị lịch_sử , giá_trị văn_hóa , cổ_vật , bảo_vật quốc_gia theo đề_nghị của Bộ_trưởng Bộ Tài_chính , Bộ_trưởng Bộ Văn_hóa , Thể_thao và Du_lịch , Chủ_tịch Ủy_ban nhân_dân cấp tỉnh có liên_quan , trừ trường_hợp luật , pháp_lệnh có quy_định khác ; 

b ) Bộ_trưởng Bộ Tài_chính phê_duyệt phương_án xử_lý theo hình_thức giao , điều_chuyển cho các cơ_quan , tổ_chức , đơn_vị thuộc trung_ương quản_lý đối_với tài_sản là nhà , đất , xe ô_tô và các tài_sản khác có giá_trị từ 500 triệu đồng trở lên/01 đơn_vị tài_sản hoặc điều_chuyển giữa các tỉnh , thành_phố trực_thuộc Trung_ương , trừ tài_sản quy_định tại điểm a khoản này ; 

c ) Chủ_tịch Ủy_ban nhân_dân cấp tỉnh hoặc người được Hội_đồng nhân_dân cấp tỉnh phân_cấp thẩm_quyền phê_duyệt phương_án xử_lý_tài_sản đối_với các trường_hợp không thuộc phạm_vi quy_định tại điểm a , điểm b khoản này . 

3 . Thẩm_quyền phê_duyệt phương_án xử_lý_tài_sản là bất_động_sản vô_chủ , tài_sản không xác_định được chủ sở_hữu , tài_sản bị đánh_rơi , bị bỏ quên , tài_sản bị chôn , giấu , bị vùi lấp , chìm_đắm được tìm thấy , di_sản không có người nhận thừa_kế , hàng hóa tồn_đọng như sau : 

a ) Thủ_tướng Chính_phủ phê_duyệt phương_án xử_lý đối_với tài_sản là di_tích lịch_sử-văn_hóa , cổ_vật , bảo_vật quốc_gia theo đề_nghị của Chủ_tịch Ủy_ban nhân_dân cấp tỉnh nơi có tài_sản , Bộ_trưởng Bộ Tài_chính , Bộ_trưởng Bộ Văn_hóa , Thể_thao và Du_lịch , trừ trường_hợp luật , pháp_lệnh có quy_định khác . 

b ) Bộ_trưởng Bộ Tài_chính phê_duyệt phương_án xử_lý theo hình_thức giao , điều_chuyển cho các cơ_quan , tổ_chức , đơn_vị thuộc trung_ương quản_lý đối_với tài_sản là nhà , đất , xe ô_tô và các tài_sản khác có giá_trị từ 500 triệu đồng trở lên/01 đơn_vị tài_sản hoặc điều_chuyển giữa các tỉnh , thành_phố trực_thuộc Trung_ương , trừ tài_sản quy_định tại điểm a khoản này . 

c ) Chủ_tịch Ủy_ban nhân_dân cấp tỉnh hoặc người được Hội_đồng nhân_dân cấp tỉnh phân_cấp thẩm_quyền phê_duyệt phương_án xử_lý đối_với các trường_hợp không thuộc phạm_vi các điểm a , b và d khoản này . 

d ) Cục_trưởng Cục Hải_quan phê_duyệt phương_án xử_lý đối_với tài_sản là hàng hóa tồn_đọng thuộc địa_bàn hoạt_động hải_quan theo quy_định của pháp_luật về hải_quan , trừ tài_sản thuộc thẩm_quyền phê_duyệt phương_án xử_lý của Thủ_tướng Chính_phủ , Bộ_trưởng Bộ Tài_chính quy_định tại điểm a , điểm b khoản này . 

4 . Tài_sản của quỹ bị giải_thể , cấp có thẩm_quyền quyết_định xác_lập quyền sở_hữu toàn dân về tài_sản quy_định tại khoản 4 và điểm d khoản 6 Điều 7 Nghị_định này có thẩm_quyền phê_duyệt phương_án xử_lý_tài_sản . 

5 . Tài_sản do các tổ_chức cá_nhân tự_nguyện chuyển_giao quyền sở_hữu cho nhà_nước , cơ_quan , người có thẩm_quyền quyết_định xác_lập quyền sở_hữu toàn dân về tài_sản quy_định tại các khoản 1 , 2 , 3 , 5 và điểm b khoản 6 Điều 7 Nghị_định này có thẩm_quyền phê_duyệt phương_án xử_lý_tài_sản . 

6 . Tài_sản do doanh_nghiệp có vốn đầu_tư nước_ngoài chuyển_giao không bồi_hoàn cho Nhà_nước Việt_Nam theo cam_kết , cơ_quan , người có thẩm_quyền quyết_định xác_lập quyền sở_hữu toàn dân về tài_sản quy_định tại điểm c khoản 6 Điều 7 Nghị_định này có thẩm_quyền phê_duyệt phương_án xử_lý_tài_sản . 

7 . Tài_sản được đầu_tư theo hình_thức đối_tác công tư được chuyển_giao cho Nhà_nước Việt_Nam theo hợp_đồng dự_án , cơ_quan , người có thẩm_quyền quyết_định xác_lập quyền sở_hữu toàn dân về tài_sản quy_định tại điểm b khoản 5 và điểm đ khoản 6 Điều 7 Nghị_định này có thẩm_quyền phê_duyệt phương_án xử_lý_tài_sản . 

8 . Trường_hợp tài_sản xử_lý theo hình_thức ghi tăng vốn nhà_nước đầu_tư tại doanh_nghiệp , cơ_quan , người có thẩm_quyền quyết_định ghi tăng vốn theo quy_định của pháp_luật về quản_lý , sử_dụng vốn nhà_nước đầu_tư vào sản_xuất , kinh_doanh tại doanh_nghiệp và pháp_luật có liên_quan là cấp có thẩm_quyền phê_duyệt phương_án xử_lý_tài_sản . 

Điều 20 .  Tổ_chức xử_lý_tài_sản được xác_lập quyền sở_hữu toàn dân 

1 . Đối_với việc xử_lý theo hình_thức chuyển_giao tài_sản cho các cơ_quan quản_lý chuyên_ngành quy_định tại khoản 2 Điều 17 Nghị_định này thực_hiện như sau : 

a ) Trong thời_hạn 05 ngày làm_việc , kể từ ngày phương_án xử_lý_tài_sản được cơ_quan , người có thẩm_quyền phê_duyệt , cơ_quan được giao chủ_trì xử_lý_tài_sản thực_hiện chuyển_giao tài_sản cho cơ_quan quản_lý chuyên_ngành ; 

b ) Việc bàn_giao , tiếp_nhận tài_sản phải lập thành biên_bản theo Mẫu_số 02-BBBQ tại Phụ_lục kèm theo Nghị_định này ; 

c ) Hồ_sơ chuyển_giao tài_sản gồm : 

- Biên_bản bàn_giao tài_sản quy_định tại điểm b khoản này : 01 bản_chính ; 

- Quyết_định tịch_thu hoặc quyết_định xác_lập quyền sở_hữu toàn dân về tài_sản : 01 bản_sao ; 

- Phương_án xử_lý_tài_sản được cơ_quan , người có thẩm_quyền phê_duyệt : 01 bản_sao ; 

- Giấy chứng_nhận kết_quả giám_định tài_sản ( đối_với trường_hợp phải giám_định tài_sản ) : 01 bản_sao ; 

- Bảng kê chi_tiết về tài_sản : 01 bản_chính ; 

- Tài_liệu khác về tài_sản ( nếu có ) . 

d ) Cơ_quan quản_lý chuyên_ngành có trách_nhiệm thực_hiện bảo_quản , quản_lý , xử_lý_tài_sản theo quy_định của pháp_luật có liên_quan . 

2 . Đối_với việc xử_lý theo hình_thức giao hoặc điều_chuyển tài_sản cho cơ_quan , tổ_chức , đơn_vị quản_lý , sử_dụng thực_hiện như sau : 

a ) Trong thời_hạn 05 ngày làm_việc , kể từ ngày phương_án xử_lý_tài_sản được cơ_quan , người có thẩm_quyền phê_duyệt , cơ_quan được giao chủ_trì xử_lý_tài_sản chủ_trì , phối_hợp với cơ_quan thực_hiện nhiệm_vụ quản_lý_tài_sản công cùng cấp thực_hiện chuyển_giao tài_sản và các hồ_sơ , giấy_tờ liên_quan đến tài_sản cho cơ_quan , tổ_chức , đơn_vị được tiếp_nhận ; 

b ) Việc bàn_giao , tiếp_nhận tài_sản được lập thành biên_bản theo Mẫu_số 03-BBCG tại Phụ_lục kèm theo Nghị_định này ; 

c ) Cơ_quan , tổ_chức , đơn_vị nhận chuyển_giao tài_sản thực_hiện hạch_toán tăng tài_sản và thực_hiện quản_lý , sử_dụng theo quy_định của pháp_luật về quản_lý , sử_dụng tài_sản công .  Trường_hợp chuyển_giao tài_sản cho doanh_nghiệp thì phải thực_hiện ghi tăng vốn nhà_nước đầu_tư tại doanh_nghiệp theo quy_định của pháp_luật . 

3 . Đối_với việc xử_lý theo hình_thức bán ( đấu_giá , chỉ_định hoặc niêm_yết_giá ) , tiêu_hủy tài_sản thì cơ_quan được giao chủ_trì xử_lý thực_hiện việc bán , tiêu_hủy theo quy_định tại <NĐ rel="DaC"> Nghị_định số 151/2017/NĐ-CP ngày 26 tháng 12 năm 2017 </NĐ> quy_định chi_tiết một_số điều của <L rel="none"> Luật Quản_lý , sử_dụng tài_sản công </L> và pháp_luật khác có liên_quan .
4 . Đối_với việc bán đấu_giá tài_sản là di_vật , cổ_vật tại nước_ngoài được thực_hiện như sau : 

a ) Thủ_tướng Chính_phủ quyết_định việc bán đấu_giá di_vật , cổ_vật tại nước_ngoài ; 

b ) Bộ Văn_hóa , Thể_thao và Du_lịch cấp giấy_phép xuất_khẩu di_vật , cổ_vật bán đấu_giá tại nước_ngoài theo quy_định của pháp_luật ; 

c ) Thủ_tục xuất_khẩu di_vật , cổ_vật thực_hiện theo quy_định của pháp_luật ; 

d ) Cơ_quan được giao chủ_trì xử_lý_tài_sản lựa_chọn tổ_chức đấu_giá tài_sản Việt_Nam hoặc nước_ngoài để ủy_thác bán đấu_giá tài_sản , trình cơ_quan , người có thẩm_quyền phê_duyệt phương_án xử_lý_tài_sản xem_xét , quyết_định đảm_bảo nguyên_tắc hiệu_quả , tiết_kiệm ;  ưu_tiên lựa_chọn tổ_chức có chức_năng bán đấu_giá tài_sản đáp_ứng đủ các điều_kiện sau đây : 

- Có kinh_nghiệm quốc_tế trong lĩnh_vực bán đấu_giá các tài_sản tương_tự ; 

- Có phương_án tổ_chức bán đấu_giá có hiệu_quả ; 

- Có tỷ_lệ ( % ) chi_phí bán đấu_giá thấp ; 

- Có phương_án xử_lý_khả_thi trong trường_hợp di_vật , cổ_vật đã xuất_khẩu ra nước_ngoài nhưng không bán được ( cam_kết mua lại , chịu chi_phí vận_chuyển số cổ_vật , di_vật không bán được về Việt_Nam_v .  v_... ) . 

Trường_hợp có nhiều tổ_chức có chức_năng bán đấu_giá đăng_ký tham_gia thì việc lựa_chọn tổ_chức có chức_năng bán đấu_giá được thực_hiện thông_qua hình_thức đấu_thầu theo quy_định của pháp_luật . 

đ ) Hợp_đồng ủy_thác bán đấu_giá : 

Hợp_đồng ủy_thác bán đấu_giá tài_sản phải được lập theo đúng quy_định của pháp_luật Việt_Nam và pháp luật quốc_tế , trường_hợp pháp_luật Việt_Nam không quy_định hoặc quy_định khác với pháp luật quốc_tế thì thực_hiện theo pháp luật quốc_tế ;  có cam_kết cụ_thể , chặt_chẽ để ràng_buộc trách_nhiệm của các bên có liên_quan ;  có quy_định về giải_quyết tranh_chấp .  Các công_việc được ủy_thác bao_gồm : Đóng_gói , vận_chuyển từ Việt_Nam ra nước_ngoài , vận_chuyển từ nơi bảo_quản đến_nơi bán đấu_giá , mua bảo_hiểm cho hiện_vật_mang đi bán đấu_giá , bảo_quản tài_sản tại nước_ngoài , quảng_bá , tổ_chức bán đấu_giá , xử_lý_tài_sản trong trường_hợp không bán được . 

Cơ_quan được giao nhiệm_vụ ký Hợp_đồng ủy_thác bán đấu_giá chịu trách_nhiệm về nội_dung của Hợp_đồng ;  trường_hợp cần_thiết có_thể lấy ý_kiến của Bộ Văn_hóa , Thể_thao và Du_lịch , Bộ Tài_chính và Bộ Tư_pháp trước khi ký Hợp_đồng . 

5 . Đối_với việc xử_lý_tài_sản là tiền Việt_Nam , ngoại_tệ , giấy_tờ có_giá , vàng , bạc , đá_quý , kim_loại quý : 

a ) Trong thời_hạn 05 ngày làm_việc , kể từ ngày phương_án xử_lý_tài_sản được cơ_quan , người có thẩm_quyền phê_duyệt , đơn_vị chủ_trì quản_lý_tài_sản thực_hiện chuyển tài_sản là tiền Việt_Nam , vàng , bạc , đá_quý , kim_loại quý vào Kho_bạc Nhà_nước .  Kho_bạc Nhà_nước thực_hiện hạch_toán nộp ngân_sách nhà_nước theo quy_định của pháp_luật về ngân_sách nhà_nước .  Đối_với tài_sản là ngoại_tệ thì đơn_vị chủ_trì quản_lý_tài_sản nộp vào tài_khoản ngoại_tệ của Kho_bạc Nhà_nước tại ngân_hàng ;  Ngân_hàng Nhà_nước có trách_nhiệm mua toàn_bộ số ngoại_tệ trên để chuyển nộp ngân_sách nhà_nước bằng đồng Việt_Nam theo quy_định ; 

b ) Trong thời_hạn 05 ngày làm_việc , kể từ ngày phương_án xử_lý_tài_sản được cơ_quan , người có thẩm_quyền phê_duyệt , đơn_vị chủ_trì quản_lý_tài_sản thực_hiện đổi giấy_tờ có_giá có khả_năng chuyển_đổi thành tiền_mặt và nộp vào Kho_bạc Nhà_nước .  Kho_bạc Nhà_nước thực_hiện hạch_toán nộp ngân_sách nhà_nước theo quy_định của pháp_luật về ngân_sách nhà_nước .  Trường_hợp giấy_tờ có_giá không đủ điều_kiện chuyển_đổi thành tiền thì thực_hiện thủ_tục gửi Kho_bạc Nhà_nước để lưu_giữ , bảo_quản . 

6 . Đối_với việc xử_lý_tài_sản theo hình_thức ghi tăng vốn nhà_nước đầu_tư tại doanh_nghiệp thì việc thực_hiện ghi tăng vốn được thực_hiện theo quy_định của pháp_luật về quản_lý , sử_dụng vốn nhà_nước đầu_tư vào sản_xuất , kinh_doanh tại doanh_nghiệp và pháp_luật có liên_quan . 

7 . Bộ Tài_chính hướng_dẫn thực_hiện quy_định tại Điều này . 

Mục 2 

TIẾP_NHẬN , XỬ_LÝ THÔNG_TIN VÀ TỔ_CHỨC THĂM_DÒ , KHAI_QUẬT , 

TRỤC_VỚT TÀI_SẢN BỊ CHÔN , GIẤU , BỊ VÙI LẤP , CHÌM_ĐẮM 

Điều 21 .  Tiếp_nhận , xử_lý thông_tin về tài_sản bị chôn , giấu , bị vùi lấp , chìm_đắm 

1 . Tổ_chức , cá_nhân phát_hiện tài_sản bị chôn , giấu , bị vùi lấp , chìm_đắm có trách_nhiệm bảo_vệ , giữ nguyên hiện_trạng và thông_báo kịp_thời , đầy_đủ các thông_tin có liên_quan với các cơ_quan , người có thẩm_quyền sau đây : 

a ) Cơ_quan quân_sự nơi gần nhất đối_với tài_sản bị chôn , giấu , bị vùi lấp , chìm_đắm thuộc khu_vực quân_sự ; 

b ) Ủy_ban nhân_dân cấp xã hoặc cơ_quan công_an nơi gần nhất đối_với tài_sản bị chôn giấu không thuộc khu_vực quân_sự ; 

c ) Cảng_vụ hàng_hải hoặc Ủy_ban nhân_dân cấp xã hoặc Ủy_ban nhân_dân cấp huyện nơi gần nhất đối_với tài_sản bị chìm_đắm không thuộc khu_vực quân_sự . 

Tổ_chức , cá_nhân phát_hiện tài_sản bị chôn , giấu , bị vùi lấp , chìm_đắm chịu trách_nhiệm về thông_tin đã thông_báo . 

2 . Cơ_quan nhà_nước tiếp_nhận thông_tin có trách_nhiệm : 

a ) Lập biên_bản có đầy_đủ chữ_ký của đại_diện tổ_chức , cá_nhân đã thông_báo thông_tin và đại_diện cơ_quan tiếp_nhận thông_tin ;  tổ_chức , cá_nhân thông_báo thông_tin giữ một bản để làm cơ_sở giải_quyết quyền_lợi về sau ; 

b ) Kiểm_tra tính chính_xác của thông_tin đã tiếp_nhận ; 

c ) Báo_cáo bằng văn_bản với Ủy_ban nhân_dân cấp tỉnh nơi cơ_quan nhà_nước tiếp_nhận thông_tin đóng trụ_sở ; 

d ) Tổ_chức khoanh vùng , bảo_vệ nguyên_trạng khu_vực có tài_sản bị chôn , giấu , bị vùi lấp , chìm_đắm ;  trường_hợp tài_sản bị chìm_đắm ở vùng_biển xa bờ thì Ủy_ban nhân_dân cấp tỉnh phối_hợp với các cơ_quan thuộc lực_lượng quốc_phòng , an_ninh , cơ_quan quản_lý hàng_hải để thực_hiện . 

Riêng đối_với tài_sản chìm_đắm ở nội thủy , lãnh_hải thì trong thời_hạn 07 ngày làm_việc , kể từ ngày nhận được thông_báo có tài_sản chìm_đắm , cơ_quan nhà_nước tiếp_nhận thông_tin có trách_nhiệm báo_cáo Cục Hàng_hải Việt_Nam hoặc Ủy_ban nhân_dân cấp tỉnh để thông_báo 03 lần liên_tiếp trên phương_tiện thông_tin đại_chúng trung_ương hoặc địa_phương để tìm chủ tài_sản . 

3 . Ủy_ban nhân_dân cấp tỉnh có trách_nhiệm : 

a ) Chỉ_đạo các cơ_quan_chức_năng của địa_phương hoặc phối_hợp với cơ_quan có liên_quan tổ_chức khoanh vùng , bảo_vệ nguyên_trạng khu_vực có tài_sản bị chôn , giấu , bị vùi lấp , chìm_đắm ; 

b ) Báo_cáo cơ_quan quy_định tại các khoản 1 , 2 và 3 Điều 22 Nghị_định này quyết_định việc lập phương_án thăm_dò , phương_án khai_quật , trục_vớt tài_sản bị chôn , giấu , bị vùi lấp , chìm_đắm ; 

c ) Trường_hợp tài_sản bị chôn , giấu , bị vùi lấp , chìm_đắm không thuộc địa_bàn quản_lý thì thông_báo cho Ủy_ban nhân_dân cấp tỉnh nơi có tài_sản bị chôn , giấu , bị vùi lấp , chìm_đắm . 

Điều 22 .  Thẩm_quyền giao và phê_duyệt phương_án thăm_dò , phương_án khai_quật , trục_vớt tài_sản bị chôn , giấu , bị vùi lấp , chìm_đắm 

Việc giao cho tổ_chức , cá_nhân lập phương_án thăm_dò , phương_án khai_quật , trục_vớt và phê_duyệt phương_án thăm_dò , phương_án khai_quật , trục_vớt tài_sản bị chôn , giấu , bị vùi lấp , chìm_đắm do các cơ_quan nhà_nước sau đây quyết_định : 

1 . Bộ Văn_hóa , Thể_thao và Du_lịch phê_duyệt đối_với tài_sản bị chôn , giấu , bị vùi lấp , chìm_đắm là di_tích lịch_sử-văn_hóa , bảo_vật quốc_gia , di_vật , cổ_vật . 

2 . Bộ Quốc_phòng phê_duyệt đối_với tài_sản bị chôn , giấu , bị vùi lấp , chìm_đắm thuộc lĩnh_vực quốc_phòng , an_ninh quốc_gia và tài_sản bị chôn , giấu , bị vùi lấp , chìm_đắm trong khu_vực quân_sự . 

3 . Bộ Giao_thông vận_tải phê_duyệt đối_với tài_sản chìm_đắm làm cản_trở hoạt_động hàng_hải , gây nguy_hiểm cho tài_nguyên biển ;  đe_dọa tính_mạng và sức_khỏe con_người hoặc gây ô_nhiễm môi_trường .  Riêng đối_với tài_sản chìm_đắm gây nguy_hiểm cho hoạt_động hàng_hải , Cảng_vụ hàng_hải có trách_nhiệm xây_dựng phương_án trục_vớt trình Cục Hàng_hải Việt_Nam phê_duyệt ;  trường_hợp tài_sản chìm_đắm gây nguy_hiểm cho hoạt_động hàng_hải là di_sản văn_hóa dưới nước hoặc liên_quan đến quốc_phòng , an_ninh thì trước khi Cục Hảng hải Việt_Nam phê_duyệt , phương_án trục_vớt phải có ý_kiến của Bộ Văn_hóa , Thể_thao và Du_lịch hoặc Bộ Quốc_phòng . 

4 . Ủy_ban nhân_dân cấp tỉnh nơi có tài_sản bị chôn , giấu , bị vùi lấp , chìm_đắm phê_duyệt đối_với các tài_sản không thuộc phạm_vi quy_định tại các khoản 1 , 2 và 3 Điều này . 

Điều 23 .  Nội_dung phương_án thăm_dò , phương_án khai_quật , trục_vớt tài_sản bị chôn , giấu , bị vùi lấp , chìm_đắm 

1 . Phương_án thăm_dò tài_sản bị chôn , giấu , bị vùi lấp , chìm_đắm gồm các nội_dung chủ_yếu sau đây : 

a ) Địa_điểm tài_sản bị chôn , giấu , bị vùi lấp , chìm_đắm ; 

b ) Thời_gian dự_kiến bắt_đầu và kết_thúc ; 

c ) Phương_tiện và biện_pháp thăm_dò ; 

d ) Biện_pháp bảo_đảm an_toàn trong quá_trình thăm_dò ; 

đ ) Bàn_giao kết_quả thăm_dò cho cơ_quan , người có thẩm_quyền ; 

e ) Biện_pháp phòng_ngừa ô_nhiễm môi_trường ;  phòng , chống cháy , nổ ; 

g ) Dự_toán chi_phí thăm_dò ; 

h ) Điều_kiện để lựa_chọn tổ_chức , cá_nhân tổ_chức khai_quật , trục_vớt ( trong trường_hợp cần_thiết ) . 

2 . Phương_án khai_quật , trục_vớt tài_sản bị chôn , giấu , bị vùi lấp , chìm_đắm gồm các nội_dung chủ_yếu sau đây : 

a ) Căn_cứ tổ_chức việc khai_quật , trục_vớt ; 

b ) Kết_quả thực_hiện phương_án thăm_dò tài_sản bị chôn , giấu , bị vùi lấp , chìm_đắm ( nếu có ) ; 

c ) Địa_điểm tài_sản bị chôn , giấu , bị vùi lấp , chìm_đắm ; 

d ) Thời_gian dự_kiến bắt_đầu và kết_thúc ; 

đ ) Phương_tiện và biện_pháp khai_quật , trục_vớt ; 

e ) Biện_pháp bảo_đảm an_toàn trong quá_trình khai_quật , trục_vớt ; 

g ) Biện_pháp bảo_quản tài_sản bị chôn , giấu , bị vùi lấp , chìm_đắm được tìm thấy sau khi khai_quật , trục_vớt ; 

h ) Bàn_giao tài_sản bị chôn , giấu , bị vùi lấp , chìm_đắm được tìm thấy cho cơ_quan , người có thẩm_quyền ; 

i ) Biện_pháp phòng_ngừa ô_nhiễm môi_trường ;  phòng , chống cháy , nổ ; 

k ) Biện_pháp_bảo_hiểm tổ_chức , cá_nhân tham_gia khai_quật , trục_vớt ; 

l ) Dự_kiến kết_quả sau khi khai_quật , trục_vớt ; 

m ) Dự_toán chi_phí khai_quật , trục_vớt ; 

n ) Điều_kiện để lựa_chọn tổ_chức , cá_nhân tổ_chức khai_quật , trục_vớt ( trong trường_hợp cần_thiết ) . 

3 . Tùy trường_hợp cụ_thể , việc lập và quyết_định phương_án thăm_dò ;  lập và quyết_định phương_án khai_quật , trục_vớt tài_sản bị chôn , giấu , bị vùi lấp , chìm_đắm thực_hiện độc_lập hoặc thực_hiện gắn liền với nhau . 

Điều 24 .  Tổ_chức thăm_dò , khai_quật , trục_vớt tài_sản bị chôn , giấu , bị vùi lấp , chìm_đắm 

1 . Tổ_chức , cá_nhân Việt_Nam hoặc tổ_chức , cá_nhân nước_ngoài tổ_chức thăm_dò , khai_quật , trục_vớt tài_sản bị chôn , giấu , bị vùi lấp , chìm_đắm phải bảo_đảm đủ các điều_kiện sau đây : 

a ) Có chức_năng thăm_dò , khai_quật , trục_vớt tài_sản theo quy_định của pháp_luật . 

b ) Có kinh_nghiệm trong hoạt_động thăm_dò , khai_quật , trục_vớt tài_sản . 

c ) Có đội_ngũ nhân_viên , trang_thiết_bị đáp_ứng yêu_cầu của hoạt_động thăm_dò , khai_quật , trục_vớt tài_sản phù_hợp với quy_mô của phương_án thăm_dò , khai_quật , trục_vớt đã được cơ_quan , người có thẩm_quyền phê_duyệt . 

2 . Trường_hợp thăm_dò , khai_quật , trục_vớt tài_sản là di_tích lịch_sử-văn_hóa , bảo_vật quốc_gia , di_vật , cổ_vật , tài_sản thuộc lĩnh_vực quốc_phòng , an_ninh quốc_gia và tài_sản trong khu_vực quân_sự thì tổ_chức , cá_nhân nước_ngoài được hợp_tác tham_gia nhưng phải có sự chủ_trì của cơ_quan , tổ_chức của Việt_Nam đối_với từng dự_án thăm_dò , khai_quật , trục_vớt . 

3 . Cơ_quan , người có thẩm_quyền quy_định tại Điều 22 Nghị_định này quyết_định việc giao cho tổ_chức , cá_nhân có đủ các điều_kiện theo quy_định tại khoản 1 Điều này tổ_chức thăm_dò , khai_quật , trục_vớt tài_sản bị chôn , giấu , bị vùi lấp , chìm_đắm thông_qua các hình_thức lựa_chọn nhà_thầu theo quy_định của pháp_luật về đấu_thầu ; ưu_tiên các tổ_chức , cá_nhân Việt_Nam thực_hiện việc trục_vớt tài_sản chìm_đắm tại nội thủy , lãnh_hải Việt_Nam theo quy_định tại Điều 280 <BL rel="DaC"> Bộ_luật Hàng_hải năm 2015 </BL> . Trường_hợp phương_án trục_vớt đối_với tài_sản chìm_đắm gây nguy_hiểm cho hoạt_động hàng_hải được Cục Hàng_hải Việt_Nam phê_duyệt thì Cảng_vụ hàng_hải tổ_chức trục_vớt tài_sản theo phương_án được phê_duyệt .
4 . Việc thăm_dò , khai_quật , trục_vớt tài_sản bị chôn , giấu , bị vùi lấp , chìm_đắm được thực_hiện theo đúng phương_án đã được cơ_quan , người có thẩm_quyền phê_duyệt . 

Trường_hợp trong quá_trình thăm_dò , khai_quật , trục_vớt tài_sản bị chôn , giấu , bị vùi lấp , chìm_đắm cần_thiết phải điều_chỉnh phương_án đã được phê_duyệt thì cơ_quan , người có thẩm_quyền đã phê_duyệt phương_án đó quyết_định điều_chỉnh phương_án . 

Điều 25 .  Tiếp_nhận , quản_lý và bảo_quản tài_sản bị chôn , giấu , bị vùi lấp , chìm_đắm được tìm thấy 

1 . Tổ_chức , cá_nhân ngẫu_nhiên tìm thấy tài_sản bị chôn , giấu , bị vùi lấp , chìm_đắm hoặc tổ_chức , cá_nhân tổ_chức khai_quật , trục_vớt tài_sản bị chôn , giấu , bị vùi lấp , chìm_đắm có trách_nhiệm quản_lý_tài_sản được tìm thấy và bàn_giao cho cơ_quan nhà_nước quy_định tại khoản 2 và khoản 3 Điều này để bảo_quản trong thời_gian chờ xử_lý theo quyết_định của cơ_quan , người có thẩm_quyền . 

2 . Trường_hợp có đầy_đủ cơ_sở để xác_định được loại tài_sản bị chôn , giấu , bị vùi lấp , chìm_đắm được tìm thấy thì tổ_chức , cá_nhân quy_định tại khoản 1 Điều này thực_hiện việc giao tài_sản cho các cơ_quan , đơn_vị sau đây tiếp_nhận , bảo_quản : 

a ) Bảo_tàng cấp tỉnh tiếp_nhận , bảo_quản đối_với tài_sản bị chôn , giấu , bị vùi lấp , chìm_đắm được tìm thấy là di_tích lịch_sử-văn_hóa , bảo_vật quốc_gia , di_vật , cổ_vật ; 

b ) Bộ Chỉ_huy quân_sự cấp tỉnh tiếp_nhận , bảo_quản đối_với tài_sản bị chôn , giấu , bị vùi lấp , chìm_đắm được tìm thấy thuộc lĩnh_vực quốc_phòng , an_ninh quốc_gia và tài_sản trong khu_vực quân_sự ; 

c ) Cảng_vụ hàng_hải nơi gần nhất tiếp_nhận , bảo_quản đối_với tài_sản bị chìm_đắm làm cản_trở hoặc gây nguy_hiểm cho hoạt_động hàng_hải , tài_nguyên biển ;  đe_dọa tính_mạng và sức_khỏe con_người hoặc gây ô_nhiễm môi_trường được tìm thấy ; 

d ) Sở Tài_chính tiếp_nhận , bảo_quản đối_với tài_sản bị chôn , giấu , bị vùi lấp , chìm_đắm được tìm thấy không thuộc phạm_vi quy_định tại các điểm a , b và c khoản này . 

3 . Trường_hợp không có đủ cơ_sở để xác_định được loại tài_sản bị chôn , giấu , bị vùi lấp , chìm_đắm được tìm thấy thì Sở Tài_chính_trực_tiếp tiếp_nhận , bảo_quản .  Nếu tài_sản bị chôn , giấu , bị vùi lấp , chìm_đắm được tìm thấy nhỏ_lẻ , có giá_trị thấp ( ước_tính dưới 01 tỷ đồng ) thì Sở Tài_chính có_thể ủy_quyền việc tiếp_nhận , bảo_quản tài_sản cho cơ_quan_tài_chính cấp huyện . 

4 . Các cơ_quan , đơn_vị có nhiệm_vụ tiếp_nhận , bảo_quản tài_sản quy_định tại khoản 2 và khoản 3 Điều này thực_hiện bảo_quản theo quy_định tại khoản 1 , khoản 2 Điều 108 của <L rel="DaC"> Luật Quản_lý , sử_dụng tài_sản công </L> .
Điều 26 .  Xác_định chủ sở_hữu của tài_sản bị chôn , giấu , bị vùi lấp , chìm_đắm được tìm thấy 

1 . Sở Tài_chính có trách_nhiệm lập danh_mục tài_sản , số_lượng theo từng loại tài_sản bị chôn , giấu , bị vùi lấp , chìm_đắm được tìm thấy ;  chủ_trì , phối_hợp với cơ_quan có liên_quan thực_hiện giám_định tài_sản ;  xác_định chủ sở_hữu của tài_sản bị chôn , giấu , bị vùi lấp , chìm_đắm được tìm thấy theo quy_định tại khoản 2 Điều này . 

2 . Việc xác_định chủ sở_hữu của tài_sản bị chôn , giấu , bị vùi lấp , chìm_đắm được tìm thấy thực_hiện theo quy_định tại khoản 1 Điều 229 <BL rel="DaC"> Bộ_luật Dân_sự </BL> , trừ trường_hợp đặc_biệt theo yêu_cầu về bảo_đảm an_ninh quốc_gia và bí_mật quốc_gia thì việc thông_báo được thực_hiện theo quy_định của pháp_luật về bảo_vệ bí_mật nhà_nước . Trường_hợp tài_sản không có hoặc không xác_định được chủ sở_hữu thì tài_sản đó được xác_lập quyền sở_hữu toàn dân theo quy_định tại khoản 2 Điều 229 <BL rel="DaC"> Bộ_luật Dân_sự </BL> và quy_định tại Nghị_định này .
Điều 27 .  Phương_án xử_lý_tài_sản bị chôn , giấu , bị vùi lấp , chìm_đắm được tìm thấy 

Sở Tài_chính lập phương_án xử_lý_tài_sản bị chôn , giấu , bị vùi lấp , chìm_đắm được tìm thấy báo_cáo cơ_quan có thẩm_quyền quy_định tại Điều 22 Nghị_định này phê_duyệt theo nguyên_tắc sau : 

1 . Trả lại cho chủ sở_hữu nếu xác_định được chủ sở_hữu hợp_pháp . 

2 . Trường_hợp không có hoặc không xác_định được ai là chủ sở_hữu hợp_pháp , thực_hiện trả cho tổ_chức , cá_nhân tìm thấy tài_sản bị chôn , giấu , bị vùi lấp , chìm_đắm đối_với trường_hợp tài_sản có giá_trị nhỏ hơn hoặc bằng mười lần mức lương cơ_sở do Nhà_nước quy_định ( tại thời_điểm tìm thấy và giao_nộp tài_sản ) .  Tổ_chức , cá_nhân được nhận tài_sản phải thanh_toán các chi_phí tìm chủ sở_hữu , chi_phí vận_chuyển , bảo_quản và xác_định giá_trị tài_sản . 

3 . Trường_hợp tài_sản bị chôn , giấu , bị vùi lấp , chìm_đắm được tìm thấy mà không xác_định được chủ sở_hữu hoặc chủ sở_hữu từ_bỏ quyền sở_hữu đối_với tài_sản hoặc chủ sở_hữu không thanh_toán các khoản chi_phí có liên_quan theo quy_định tại khoản 2 Điều 28 Nghị_định hoặc tổ_chức , cá_nhân quy_định tại khoản 2 Điều này không đến nhận tài_sản hoặc không thanh_toán các khoản chi_phí có liên_quan thì tài_sản được tìm thấy được xác_lập quyền sở_hữu toàn dân theo quy_định của pháp_luật và xử_lý theo quy_định tại Nghị_định này . 

Điều 28 .  Trả lại tài_sản bị chôn , giấu , bị vùi lấp , chìm_đắm được tìm thấy cho chủ sở_hữu hợp_pháp 

1 . Trường_hợp xác_định được chủ sở_hữu hợp_pháp của tài_sản bị chôn , giấu , bị vùi lấp , chìm_đắm được tìm thấy theo quy_định tại Điều 26 Nghị_định này thì cơ_quan , đơn_vị tiếp_nhận , bảo_quản tài_sản quy_định tại khoản 2 và khoản 3 Điều 25 Nghị_định này tổ_chức trả lại tài_sản cho chủ sở_hữu hợp_pháp theo quyết_định phê_duyệt phương_án xử_lý_tài_sản bị chôn , giấu , bị vùi lấp , chìm_đắm được tìm thấy của cơ_quan , người có thẩm_quyền . 

2 . Trong thời_gian 30 ngày , kể từ ngày có quyết_định phê_duyệt phương_án trả lại tài_sản bị chôn , giấu , bị vùi lấp , chìm_đắm cho chủ sở_hữu hợp_pháp của cơ_quan , người có thẩm_quyền , cơ_quan , đơn_vị tiếp_nhận , bảo_quản tài_sản quy_định tại khoản 2 và khoản 3 Điều 25 Nghị_định này thực_hiện trả lại tài_sản cho chủ sở_hữu hợp_pháp .  Việc trả lại tài_sản được lập thành biên_bản ;  chủ sở_hữu tài_sản phải thanh_toán các khoản chi_phí hợp_lý có liên_quan đến việc tìm_kiếm , thăm_dò , khai_quật , trục_vớt , bảo_quản , tìm chủ sở_hữu tài_sản . 