Nghị định Quy định chế độ bảo hiểm cháy, nổ bắt buộc

Căn_cứ <L rel="CC"> Luật Tổ_chức Chính_phủ ngày 25 tháng 12 năm 2001 </L> ;
Căn_cứ <L rel="CC"> Luật Kinh_doanh bảo_hiểm ngày 09 tháng 12 năm 2000 </L> ;
Căn_cứ <L rel="CC"> Luật_Phòng cháy và chữa_cháy ngày 29 tháng 6 năm 2001 </L> ;
Điều 1 .  Phạm_vi điều_chỉnh 

Nghị_định này quy_định về chế_độ bảo_hiểm_cháy , nổ bắt_buộc đối_với tài_sản của các cơ_sở có nguy_hiểm về cháy , nổ ;  trách_nhiệm của doanh_nghiệp bảo_hiểm , cơ_sở phải mua bảo_hiểm_cháy , nổ bắt_buộc trong việc thực_hiện chế_độ bảo_hiểm_cháy , nổ bắt_buộc ;  trách_nhiệm của các Bộ , cơ_quan ngang Bộ , cơ_quan thuộc Chính_phủ và Ủy_ban nhân_dân các tỉnh , thành_phố trực_thuộc Trung_ương . 

Điều 2 .  Đối_tượng áp_dụng 

1 . Cơ_quan , tổ_chức và cá_nhân có cơ_sở có nguy_hiểm về cháy , nổ quy_định tại Phụ_lục 1 <NĐ rel="DaC"> Nghị_định số 35/2003/NĐ-CP ngày 04 tháng 4 năm 2003 </NĐ> của Chính_phủ quy_định chi_tiết thi_hành một_số điều của <L rel="none"> Luật_Phòng cháy và chữa_cháy </L> .
2 . Doanh_nghiệp bảo_hiểm được phép kinh_doanh bảo_hiểm_cháy , nổ bắt_buộc theo quy_định của pháp_luật . 

3 . Trong trường_hợp Điều_ước quốc_tế mà Việt_Nam là thành_viên có quy_định khác thì áp_dụng theo quy_định của Điều_ước quốc_tế đó . 

Điều 3 .  Mua bảo_hiểm_cháy , nổ bắt_buộc 

1 . Cơ_quan , tổ_chức , cá_nhân thuộc đối_tượng phải tham_gia_bảo_hiểm_cháy , nổ bắt_buộc phải mua bảo_hiểm tại các doanh_nghiệp bảo_hiểm được phép kinh_doanh bảo_hiểm_cháy , nổ bắt_buộc hoạt_động tại Việt_Nam , kể từ khi có nguy_hiểm_cháy , nổ . 

2 . Nhà_nước khuyến_khích các cơ_quan , tổ_chức và cá_nhân không thuộc đối_tượng phải tham_gia_bảo_hiểm_cháy , nổ bắt_buộc theo quy_định tại Nghị_định này mua bảo_hiểm_cháy , nổ trên cơ_sở tự_nguyện và phù_hợp với các quy_định pháp_luật có liên_quan . 

Điều 4 .  Doanh_nghiệp kinh_doanh bảo_hiểm_cháy , nổ bắt_buộc 

Doanh_nghiệp bảo_hiểm được phép kinh_doanh bảo_hiểm_cháy , nổ theo quy_định của Nghị_định này là những doanh_nghiệp có giấy_phép thành_lập và hoạt_động-kinh_doanh bảo_hiểm do Bộ Tài_chính cấp . 

CHẾ_ĐỘ BẢO_HIỂM CHÁY , NỔ BẮT_BUỘC 

Điều 5 .  Đối_tượng phải mua bảo_hiểm_cháy , nổ bắt_buộc 

1 . Cơ_quan , tổ_chức và cá_nhân có cơ_sở có nguy_hiểm về cháy , nổ quy_định tại Phụ_lục 1 <NĐ rel="DaC"> Nghị_định số 35/2003/NĐ-CP ngày 04 tháng 4 năm 2003 </NĐ> của Chính_phủ quy_định chi_tiết thi_hành một_số điều của <L rel="none"> Luật_Phòng cháy và chữa_cháy </L> phải mua bảo_hiểm_cháy , nổ bắt_buộc đối_với tài_sản của cơ_sở đó .
2 . Bộ Tài_chính chủ_trì , phối_hợp với Bộ Công_an , Bộ Xây_dựng quy_định và hướng_dẫn cụ_thể những trường_hợp phải mua bảo_hiểm_cháy , nổ bắt_buộc có đặc_thù riêng là nhà ở tập_thể , nhà_chung_cư . 

3 . Căn_cứ vào tình_hình thực_tế , Bộ Công_an chủ_trì , phối_hợp với Bộ Tài_chính trình Thủ_tướng Chính_phủ bổ_sung hoặc loại_bỏ khỏi danh_mục cơ_sở có nguy_hiểm về cháy , nổ phải tham_gia_bảo_hiểm_cháy , nổ bắt_buộc theo quy_định tại Nghị_định này . 

Điều 6 .  Tài_sản phải tham_gia_bảo_hiểm_cháy , nổ bắt_buộc 

Tài_sản phải tham_gia_bảo_hiểm_cháy , nổ bắt_buộc gồm : nhà , công_trình kiến_trúc và các trang_thiết_bị kèm theo ;  máy_móc thiết_bị ;  các loại hàng_hóa , vật_tư , tài_sản khác mà giá_trị của nó tính được thành tiền . 

Điều 7 .  Số tiền bảo_hiểm_cháy , nổ bắt_buộc tối_thiểu 

Số tiền bảo_hiểm_cháy , nổ bắt_buộc tối_thiểu là giá_trị tính thành tiền theo giá thị_trường của tài_sản phải tham_gia_bảo_hiểm_cháy , nổ bắt_buộc tại thời_điểm tham_gia_bảo_hiểm .  Trường_hợp không xác_định được giá thị_trường của tài_sản thì số tiền bảo_hiểm_cháy , nổ bắt_buộc do các bên thỏa_thuận . 

Điều 8 .  Thực_hiện chế_độ bảo_hiểm_cháy , nổ bắt_buộc 

Nghĩa_vụ tham_gia chế_độ bảo_hiểm_cháy , nổ bắt_buộc theo quy_định tại Nghị_định này được thể_hiện thông_qua việc giao_kết_hợp_đồng bảo_hiểm_cháy , nổ bắt_buộc giữa bên mua bảo_hiểm và doanh_nghiệp bảo_hiểm . 

Giấy chứng_nhận bảo_hiểm là bằng_chứng giao_kết_hợp_đồng bảo_hiểm_cháy , nổ bắt_buộc . 

Điều 9 .  Hợp_đồng bảo_hiểm_cháy , nổ bắt_buộc 

1 . Hợp_đồng bảo_hiểm là sự thỏa_thuận giữa bên mua bảo_hiểm và doanh_nghiệp bảo_hiểm , theo đó bên mua bảo_hiểm phải đóng phí bảo_hiểm , doanh_nghiệp bảo_hiểm phải bồi_thường cho người được bảo_hiểm khi xảy ra sự_kiện bảo_hiểm_cháy , nổ . 

2 . Hợp_đồng bảo_hiểm_cháy , nổ bắt_buộc phải có những nội_dung chính sau đây : 

a ) Tên , địa_chỉ của doanh_nghiệp bảo_hiểm , bên mua bảo_hiểm ; 

b ) Đối_tượng bảo_hiểm ; 

c ) Điều_kiện bảo_hiểm , phạm_vi bảo_hiểm , điều_khoản bảo_hiểm ; 

d ) Giá_trị tài_sản được bảo_hiểm_cháy , nổ ; 

đ ) Quy_tắc , biểu phí bảo_hiểm được áp_dụng ; 

e ) Điều_khoản loại_trừ trách_nhiệm bảo_hiểm ; 

g ) Thời_hạn bảo_hiểm ; 

h ) Mức phí , phương_thức đóng bảo_hiểm ; 

i ) Cơ_quan thẩm_định thiệt_hại khi cần ; 

k ) Thời_hạn , phương_thức trả tiền bảo_hiểm hoặc bồi_thường ; 

l ) Trách_nhiệm của bên mua và bên bán bảo_hiểm ; 

m ) Các quy_định giải_quyết tranh_chấp ; 

n ) Trách_nhiệm của bên vi_phạm hợp_đồng ; 

o ) Ngày , tháng , năm giao_kết_hợp_đồng . 

3 . Ngoài những nội_dung quy_định tại khoản 2 Điều này , hợp_đồng bảo_hiểm_cháy , nổ bắt_buộc có_thể có các nội_dung khác do các bên thỏa_thuận nhưng không trái với các quy_định của pháp_luật có liên_quan . 

Điều 10 .  Loại_trừ trách_nhiệm bảo_hiểm 

1 . Động_đất , núi_lửa phun hay những biến_động khác của thiên_nhiên . 

2 . Tài_sản tự lên_men hoặc tự_tỏa nhiệt . 

3 . Tài_sản chịu tác_động của một quá_trình xử_lý có dùng nhiệt . 

4 . Sét đánh trực_tiếp vào tài_sản được bảo_hiểm nhưng không gây cháy , nổ . 

5 . Nguyên_liệu vũ_khí hạt_nhân gây cháy , nổ . 

6 . Thiệt_hại xảy ra đối_với máy_móc , thiết_bị điện hay các bộ_phận của thiết_bị điện do chạy quá_tải , quá áp_lực , đoản_mạch , tự đốt nóng , hồ_quang_điện hay rò điện do bất_kỳ nguyên_nhân nào , kể_cả do sét đánh . 

7 . Những thiệt_hại do hành_động cố_ý gây cháy , nổ của người được bảo_hiểm nhằm mục_đích đòi bồi_thường thiệt_hại theo hợp_đồng bảo_hiểm . 

8 . Những thiệt_hại do cố_ý vi_phạm các quy_định về phòng cháy và chữa_cháy để xảy ra cháy , nổ . 

9 . Hàng_hóa nhận ủy_thác hay ký_gửi trừ khi những hàng_hóa đó được xác_nhận trong giấy chứng_nhận bảo_hiểm là được bảo_hiểm và người được bảo_hiểm_trả thêm phí bảo_hiểm theo quy_định . 

10 .  Tiền , kim_loại quý , đá_quý , chứng_khoán , thư bảo_lãnh , tài_liệu , bản_thảo , sổ_sách kinh_doanh , tài_liệu lưu_trữ trong máy_tính điện_tử , bản_mẫu , văn_bằng , khuôn_mẫu , bản_vẽ , tài_liệu thiết_kế , trừ khi những hạng_mục này được xác_nhận trong giấy chứng_nhận bảo_hiểm . 

11 .  Chất_nổ , trừ khi được xác_nhận là được bảo_hiểm trong giấy chứng_nhận bảo_hiểm . 

12 .  Những tài_sản mà vào thời_điểm xảy ra tổn_thất , được bảo_hiểm theo đơn bảo_hiểm hàng_hải hoặc thuộc trách_nhiệm bảo_hiểm theo đơn bảo_hiểm hàng_hải , trừ phần thiệt_hại vượt quá trách_nhiệm bồi_thường theo đơn bảo_hiểm hàng_hải . 

13 .  Những thiệt_hại do cháy , nổ gây ra cho bên thứ ba . 

14 .  Những thiệt_hại đối_với dữ_liệu , phần_mềm và các chương_trình máy_tính . 

15 .  Những thiệt_hại do những biến_cố về chính_trị , an_ninh và trật_tự an_toàn xã_hội gây ra . 

16 .  Những trường_hợp loại_trừ trách_nhiệm bảo_hiểm khác theo quy_định của pháp_luật hoặc do các bên thỏa_thuận . 

Đối_với những trường_hợp loại_trừ trách_nhiệm bảo_hiểm nêu trên , nếu bên mua bảo_hiểm có nhu_cầu bảo_hiểm và doanh_nghiệp bảo_hiểm_chấp_nhận bảo_hiểm thì các bên vẫn có_thể giao_kết_hợp_đồng bảo_hiểm bổ_sung cho những sự_kiện đó . 

Điều 11 .  Thẩm_định thiệt_hại khi cháy , nổ xảy ra 

Khi có thiệt_hại do cháy , nổ xảy ra doanh_nghiệp bảo_hiểm và bên mua bảo_hiểm_cùng phối_hợp xác_định thiệt_hại .  Trường_hợp_doanh_nghiệp bảo_hiểm và bên mua bảo_hiểm không thống_nhất được giá_trị thiệt_hại thì một trong hai bên hoặc cả hai bên có quyền mời cơ_quan , tổ_chức có chức_năng đánh_giá tài_sản , thẩm_định thiệt_hại . 

Điều 12 .  Quyền của bên mua bảo_hiểm 

1 . Lựa_chọn doanh_nghiệp bảo_hiểm được phép kinh_doanh bảo_hiểm_cháy , nổ bắt_buộc để mua bảo_hiểm_cháy , nổ bắt_buộc . 

2 . Yêu_cầu doanh_nghiệp bảo_hiểm giải_thích , cung_cấp các thông_tin có liên_quan đến việc giao_kết , thực_hiện và chấm_dứt hợp_đồng bảo_hiểm_cháy , nổ bắt_buộc . 

3 . Yêu_cầu doanh_nghiệp bảo_hiểm bồi_thường nhanh_chóng , đầy_đủ và chính_xác theo quy_định của hợp_đồng bảo_hiểm . 

4 . Thỏa_thuận với doanh_nghiệp bảo_hiểm về những nội_dung của hợp_đồng bảo_hiểm nhưng không trái với các quy_định của pháp_luật . 

5 . Được hạch_toán chi_phí mua bảo_hiểm_cháy , nổ bắt_buộc vào giá_thành sản_phẩm , dịch_vụ đối_với cơ_sở sản_xuất kinh_doanh hoặc được tính vào kinh_phí do ngân_sách nhà_nước cấp đối_với đơn_vị hành_chính sự_nghiệp . 

6 . Khởi_kiện dân_sự đối_với doanh_nghiệp bảo_hiểm nếu doanh_nghiệp bảo_hiểm bồi_thường không đúng thời_hạn , không chính_xác theo quy_định của hợp_đồng bảo_hiểm . 

Điều 13 .  Nghĩa_vụ của bên mua bảo_hiểm 

1 . Tham_gia_bảo_hiểm_cháy , nổ bắt_buộc theo quy_định tại Nghị_định này và các quy_định của pháp_luật có liên_quan . 

2 . Tuân_thủ các quy_định về phòng cháy và chữa_cháy theo quy_định tại Điều 9 <NĐ rel="DaC"> Nghị_định số 35/2003/NĐ-CP ngày 04 tháng 4 năm 2003 </NĐ> của Chính_phủ quy_định chi_tiết thi_hành một_số điều của <L rel="none"> Luật_Phòng cháy và chữa_cháy </L> .
3 . Hợp_tác với các doanh_nghiệp bảo_hiểm trong quá_trình thực_hiện hợp_đồng bảo_hiểm_cháy , nổ bắt_buộc . 

4 . Thực_hiện đầy_đủ các nghĩa_vụ được quy_định trong hợp_đồng bảo_hiểm_cháy , nổ bắt_buộc . 

5 . Kịp_thời thông_báo cho doanh_nghiệp bảo_hiểm về những yếu_tố làm thay_đổi mức_độ rủi_ro để điều_chỉnh điều_kiện và mức phí bảo_hiểm . 

Điều 14 .  Quyền của doanh_nghiệp bảo_hiểm 

1 . Thu phí bảo_hiểm theo quy_định tại hợp_đồng bảo_hiểm và phù_hợp với biểu phí bảo_hiểm_cháy , nổ bắt_buộc theo quy_định của pháp_luật . 

2 . Từ_chối bán bảo_hiểm_cháy , nổ bắt_buộc khi bên mua bảo_hiểm không thực_hiện đầy_đủ các điều_kiện về phòng cháy và chữa_cháy quy_định tại khoản 2 Điều 13 Nghị_định này . 

3 . Từ_chối giải_quyết bồi_thường đối_với những trường_hợp loại_trừ trách_nhiệm bảo_hiểm như quy_định tại Điều 10 Nghị_định này . 

Điều 15 .  Nghĩa_vụ của doanh_nghiệp bảo_hiểm 

1 . Thực_hiện bảo_hiểm_cháy , nổ theo quy_định của Nghị_định này và các quy_định của pháp_luật về kinh_doanh bảo_hiểm . 

2 . Bán_bảo_hiểm_cháy , nổ bắt_buộc khi bên mua bảo_hiểm đã thực_hiện các điều_kiện về phòng cháy và chữa_cháy quy_định tại khoản 2 Điều 13 Nghị_định này . 

3 . Chi_trả bồi_thường đầy_đủ , nhanh_chóng và chính_xác theo quy_định tại hợp_đồng bảo_hiểm và các văn_bản pháp_luật có liên_quan . 

4 . Đóng_góp kinh_phí để phục_vụ cho các hoạt_động phòng cháy và chữa_cháy theo quy_định tại Điều 16 Nghị_định này . 

5 . Giải_thích đầy_đủ cho bên mua bảo_hiểm những thông_tin liên_quan đến quyền_lợi , nghĩa_vụ của bên mua bảo_hiểm và của doanh_nghiệp bảo_hiểm ;  cung_cấp cho bên mua bảo_hiểm nội_dung biểu phí , quy_tắc bảo_hiểm_cháy , nổ bắt_buộc do Bộ Tài_chính ban_hành . 

6 . Chịu sự kiểm_tra , giám_sát của các cơ_quan nhà_nước có thẩm_quyền trong việc thực_hiện chế_độ bảo_hiểm_cháy , nổ bắt_buộc . 

7 . Phối_hợp với cơ_quan Cảnh_sát phòng cháy và chữa_cháy và cơ_sở mua bảo_hiểm thực_hiện chế_độ bảo_hiểm_cháy , nổ bắt_buộc và đề_phòng , hạn_chế tổn_thất đối_với cơ_sở được bảo_hiểm . 

8 . Thực_hiện các nghĩa_vụ khác theo quy_định của pháp_luật . 

9 . Định_kỳ báo_cáo với Bộ Tài_chính về kết_quả kinh_doanh bảo_hiểm_cháy , nổ bắt_buộc theo mẫu do Bộ Tài_chính quy_định . 

Điều 16 .  Thu kinh_phí từ kinh_doanh bảo_hiểm_cháy , nổ bắt_buộc để đóng_góp cho các hoạt_động phòng cháy và chữa_cháy 

1 . Doanh_nghiệp kinh_doanh bảo_hiểm_cháy , nổ bắt_buộc có trách_nhiệm trích 5 % tổng_số phí bảo_hiểm cháy nổ bắt_buộc đã thu được để đóng_góp kinh_phí cho các hoạt_động phòng cháy và chữa_cháy . 

2 . Sáu tháng_một lần doanh_nghiệp bảo_hiểm_chuyển số kinh_phí thu được theo quy_định tại khoản 1 Điều này vào tài_khoản tạm giữ của Bộ Công_an mở tại Kho_bạc nhà_nước Trung_ương để tạo nguồn kinh_phí bổ_sung hàng năm cho hoạt_động phòng cháy , chữa_cháy . 

Bộ Tài_chính hướng_dẫn cụ_thể nội_dung chi , cơ_chế quản_lý , cấp_phát , thanh_toán , quyết_toán nguồn kinh_phí này . 

TRÁCH_NHIỆM CỦA CÁC BỘ , CƠ_QUAN NGANG BỘ , CƠ_QUAN THUỘC CHÍNH_PHỦ VÀ ỦY BAN NHÂN_DÂN CÁC TỈNH , THÀNH_PHỐ TRỰC THUỘC TRUNG_ƯƠNG TRONG VIỆC THỰC_HIỆN CHẾ_ĐỘ BẢO_HIỂM CHÁY , NỔ BẮT_BUỘC 

Điều 17 .  Trách_nhiệm của Bộ Tài_chính 

1 . Chủ_trì và phối_hợp với Bộ Công_an hướng_dẫn các doanh_nghiệp thực_hiện chế_độ bảo_hiểm_cháy , nổ bắt_buộc . 

2 . Kiểm_tra , giám_sát việc thu , nộp và sử_dụng kinh_phí thu được từ bảo_hiểm_cháy , nổ bắt_buộc theo đúng quy_định của pháp_luật . 

3 . Ban_hành quy_tắc , mức phí , biểu phí bảo_hiểm_cháy , nổ bắt_buộc theo quy_định của Nghị_định này . 

Điều 18 .  Trách_nhiệm của Bộ Công_an 

1 . Hướng_dẫn việc kiểm_tra an_toàn phòng cháy và chữa_cháy và kiểm_tra việc thực_hiện các điều_kiện về phòng cháy và chữa_cháy đối_với các cơ_sở_thuộc diện phải mua bảo_hiểm_cháy , nổ bắt_buộc . 

2 . Cấp giấy chứng_nhận đủ điều_kiện về phòng cháy và chữa_cháy đối_với các cơ_sở quy_định tại Phụ_lục 2 <NĐ rel="DaC"> Nghị_định số 35/2003/NĐ-CP ngày 04 tháng 4 năm 2003 </NĐ> của Chính_phủ quy_định chi_tiết thi_hành một_số điều của <L rel="none"> Luật_Phòng cháy và chữa_cháy </L> .
3 . Tiếp_nhận , quản_lý , sử_dụng và thanh , quyết_toán kinh_phí đóng_góp cho các hoạt_động phòng cháy và chữa_cháy thu được từ bảo_hiểm_cháy , nổ bắt_buộc theo quy_định của pháp_luật . 

Điều 19 .  Trách_nhiệm của Bộ , cơ_quan ngang Bộ , cơ_quan thuộc Chính_phủ 

Các Bộ , cơ_quan ngang Bộ , cơ_quan thuộc Chính_phủ trong phạm_vi nhiệm_vụ , quyền_hạn của mình có trách_nhiệm phối_hợp tổ_chức kiểm_tra , hướng_dẫn và thực_hiện chế_độ bảo_hiểm_cháy , nổ bắt_buộc theo quy_định của Nghị_định này . 

Điều 20 .  Trách_nhiệm của Ủy_ban nhân_dân các tỉnh , thành_phố trực_thuộc Trung_ương 

Ủy_ban nhân_dân các tỉnh , thành_phố trực_thuộc Trung_ương có trách_nhiệm tổ_chức tuyên_truyền , phổ_biến Nghị_định , phối_hợp với Bộ Tài_chính , Bộ Công_an tổ_chức thực_hiện chế_độ bảo_hiểm_cháy , nổ bắt_buộc và áp_dụng các biện_pháp đề_phòng và hạn_chế tổn_thất do cháy , nổ gây ra . 

Điều 21 .  Khen_thưởng 

Cơ_quan , tổ_chức , cá_nhân và doanh_nghiệp bảo_hiểm có đóng_góp tích_cực và mang lại hiệu_quả tốt về kinh_tế , xã_hội trong việc thực_hiện chế_độ bảo_hiểm_cháy , nổ bắt_buộc sẽ được khen_thưởng theo quy_định của Nhà_nước . 

Điều 22 .  Xử_lý vi_phạm và khiếu_nại , tố_cáo 

Cơ_quan , tổ_chức , cá_nhân và doanh_nghiệp bảo_hiểm_vi_phạm Nghị_định này thì tùy theo tính_chất , mức_độ vi_phạm sẽ bị xử_lý kỷ_luật , xử_phạt vi_phạm hành_chính hoặc truy_cứu trách_nhiệm hình_sự , nếu gây thiệt_hại phải bồi_thường theo quy_định của pháp_luật . 

Cơ_quan , tổ_chức , cá_nhân có quyền khiếu_nại , tố_cáo đối_với cơ_quan nhà_nước có thẩm_quyền về các hành_vi xâm_hại quyền và lợi_ích của cơ_quan , tổ_chức , cá_nhân do nhân_viên , doanh_nghiệp kinh_doanh bảo_hiểm_cháy , nổ bắt_buộc thực_hiện . Việc khiếu_nại , tố_cáo và giải_quyết khiếu_nại , tố_cáo được thực_hiện theo quy_định của <L rel="DaC"> Luật Khiếu_nại , tố_cáo </L> .
ĐIỀU_KHOẢN THI_HÀNH 

Điều 23 .  Hiệu_lực thi_hành 

Nghị_định này có hiệu_lực thi_hành sau 15 ngày , kể từ ngày đăng Công_báo . 

Điều 24 .  Tổ_chức thực_hiện 

1 . Bộ Tài_chính , Bộ Công_an chịu trách_nhiệm hướng_dẫn thi_hành Nghị_định này . 

2 . Các Bộ_trưởng , Thủ_trưởng cơ_quan ngang Bộ , Thủ_trưởng cơ_quan thuộc Chính_phủ , Chủ_tịch Ủy_ban nhân_dân các tỉnh , thành_phố trực_thuộc Trung_ương chịu trách_nhiệm thi_hành Nghị_định này ./. 
