Nghị định Sửa đổi, bổ sung một số điều của Nghị định số 92/2007/NĐ-CP ngày 01 tháng 6 năm 2007 của Chính phủ quy định chi tiết thi hành một số điều của Luật Du lịch

Căn_cứ <L rel="CC"> Luật Tổ_chức Chính_phủ ngày 25 tháng 12 năm 2001 </L> ;
Căn_cứ <L rel="CC"> Luật_Du_lịch ngày 14 tháng 6 năm 2005 </L> ;
Điều 1 . Sửa_đổi , bổ_sung một_số điều của <NĐ rel="DSD"> Nghị_định số 92/2007/NĐ-CP ngày 01 tháng 6 năm 2007 </NĐ> của Chính_phủ quy_định chi_tiết thi_hành một_số điều của <L rel="none"> Luật du_lịch </L> như sau :
1 . Sửa_đổi tên điều và bổ_sung Khoản 3 Điều 10 như sau : 

“ Điều 10 .  Quản_lý khu du_lịch , điểm du_lịch 

3 . Nội_dung quản_lý điểm du_lịch : 

a ) Thực_hiện quy_định tại các điểm g , i , k và l Khoản 1 Điều 10 ; 

b ) Bảo_đảm sự tham_gia của cộng_đồng dân_cư vào các hoạt_động du_lịch theo quy_định tại Điều 7 của <L rel="DaC"> Luật du_lịch </L> ;
c ) Bảo_đảm vệ_sinh môi_trường , phòng_chống cháy nổ , an_ninh , an_toàn cho khách du_lịch ; 

d ) Công_khai quy_hoạch cụ_thể phát_triển điểm du_lịch đối_với điểm du_lịch quốc_gia có tài_nguyên du_lịch tự_nhiên .  ” 

2 . Bổ_sung các điều 12a , 12b và 12c vào sau Điều 12 như sau : 

“ Điều 12a .  Kinh_doanh lữ_hành 

Kinh_doanh lữ_hành bao_gồm các ngành , nghề sau đây : 

1 . Kinh_doanh lữ_hành nội_địa ; 

2 . Kinh_doanh lữ_hành quốc_tế : 

a ) Kinh_doanh lữ_hành đối_với khách du_lịch vào Việt_Nam ; 

b ) Kinh_doanh lữ_hành đối_với khách du_lịch ra nước_ngoài ; 

c ) Kinh_doanh lữ_hành đối_với khách du_lịch vào Việt_Nam và khách du_lịch ra nước_ngoài . 

3 . Kinh_doanh đại_lý lữ_hành . 

Điều 12b .  Thu_hồi giấy_phép kinh_doanh lữ_hành quốc_tế 

Giấy_phép kinh_doanh lữ_hành quốc_tế bị thu_hồi một trong các trường_hợp sau đây : 

1 . Các trường_hợp quy_định tại các điểm a , b và d Khoản 3 Điều 47 của <L rel="DaC"> Luật du_lịch </L> ;
2 . Các trường quy_định tại Điểm_c Khoản 3 Điều 47 <L rel="DaC"> Luật_Du_lịch </L> bao_gồm :
a ) Doanh_nghiệp vi_phạm một trong những quy_định tại các khoản 1 , 3 , 4 , 5 hoặc 7 Điều 12 của <L rel="DaC"> Luật du_lịch </L> ;
b ) Doanh_nghiệp kinh_doanh lữ_hành quốc_tế không đúng ngành , nghề , phạm_vi kinh_doanh được cấp phép ; 

c ) Doanh_nghiệp không thực_hiện đầy_đủ các nghĩa_vụ quy_định tại Khoản 5 Điều 40 của <L rel="DaC"> Luật_Du_lịch </L> , gây thiệt_hại đến tính_mạng của khách du_lịch ;
d ) Doanh_nghiệp không đổi giấy_phép theo quy_định tại Điều 49 của <L rel="DaC"> Luật du_lịch </L> ;
đ ) Doanh_nghiệp không báo_cáo kết_quả hoạt_động kinh_doanh lữ_hành trong 18 tháng liên_tục ; 

e ) Doanh_nghiệp không bảo_đảm một trong các điều_kiện kinh_doanh lữ_hành quốc_tế quy_định tại Khoản 3 và Khoản 5 Điều 46 của <L rel="DaC"> Luật du_lịch </L> ;
g ) Doanh_nghiệp đã bị xử_phạt hành_chính về hành_vi vi_phạm điều_kiện kinh_doanh lữ_hành quy_định tại Khoản 4 Điều 46 của <L rel="DaC"> Luật du_lịch </L> ;
h ) Giả_mạo hồ_sơ , giấy_tờ để được cấp , đổi , cấp lại giấy_phép kinh_doanh lữ_hành quốc_tế . 

Điều 12c .  Thủ_tục thu_hồi giấy_phép kinh_doanh lữ_hành quốc_tế 

1 . Thủ_tục thu_hồi giấy_phép trong trường_hợp_doanh_nghiệp chấm_dứt hoạt_động kinh_doanh lữ_hành quốc_tế quy_định tại Điểm a Khoản 3 Điều 47 của <L rel="DaC"> Luật du_lịch </L> được quy_định cụ_thể như sau :
a ) Trong thời_hạn 10 ngày , kể từ ngày có quyết_định chấm_dứt hoạt_động , doanh_nghiệp gửi trực_tiếp hoặc qua đường bưu_điện 01 thông_báo bằng văn_bản về việc chấm_dứt hoạt_động kinh_doanh lữ_hành quốc_tế ( theo mẫu được quy_định tại phụ_lục ban_hành kèm theo Nghị_định này ) kèm theo giấy_phép kinh_doanh lữ_hành quốc_tế đã được cấp và báo_cáo về các hợp_đồng lữ_hành quốc_tế đang còn hiệu_lực , phương_án thực_hiện trách_nhiệm đối_với các hợp_đồng lữ_hành quốc_tế còn hiệu_lực đến Bộ Văn_hóa , Thể_thao và Du_lịch ; 

b ) Trong thời_hạn 05 ngày làm_việc , kể từ ngày nhận được hồ_sơ đầy_đủ , hợp_lệ do doanh_nghiệp gửi đến , Bộ Văn_hóa , Thể_thao và Du_lịch ban_hành quyết_định thu_hồi giấy_phép kinh_doanh lữ_hành quốc_tế đối_với doanh_nghiệp , gửi quyết_định thu_hồi giấy_phép cho doanh_nghiệp ;  cơ_quan nhà_nước về xuất nhập_cảnh ;  cơ_quan nhà_nước về du_lịch , thuế , đăng_ký kinh_doanh cấp tỉnh nơi doanh_nghiệp đặt trụ_sở chính và công_bố thông_tin doanh_nghiệp bị thu_hồi giấy_phép trên trang mạng quản_lý doanh_nghiệp kinh_doanh lữ_hành ; 

Trường_hợp hồ_sơ chưa đầy_đủ , hợp_lệ , trong thời_hạn 03 ngày làm_việc , kể từ ngày nhận hồ_sơ , Bộ Văn_hóa , Thể_thao và Du_lịch phải thông_báo bằng văn_bản để doanh_nghiệp bổ_sung , hoàn_chỉnh hồ_sơ ; 

c ) Sau khi hoàn_thành trách_nhiệm đối_với khách du_lịch theo các hợp_đồng lữ_hành quốc_tế đã ký_kết , doanh_nghiệp báo_cáo bằng văn_bản cho Bộ Văn_hóa , Thể_thao và Du_lịch về việc hoàn_thành trách_nhiệm kèm theo các tài_liệu chứng_minh việc hoàn_thành các trách_nhiệm đó .  Bộ Văn_hóa , Thể_thao và Du_lịch xem_xét và có văn_bản để doanh_nghiệp được hoàn_trả tiền ký_quỹ theo quy_định của pháp_luật . 

2 . Thủ_tục thu_hồi giấy_phép kinh_doanh lữ_hành quốc_tế đối_với các trường_hợp quy_định tại Điểm b và Điểm d Khoản 3 Điều 47 của <L rel="DaC"> Luật du_lịch </L> , Khoản 2 Điều 12b được bổ_sung tại Khoản 2 Điều 1 Nghị_định này được quy_định cụ_thể như sau :
a ) Bộ Văn_hóa , Thể_thao và Du_lịch thông_báo bằng văn_bản về hành_vi vi_phạm và yêu_cầu doanh_nghiệp phải có văn_bản giải_trình ; 

b ) Sau 10 ngày , kể từ ngày kết_thúc thời_hạn giải_trình , doanh_nghiệp không gửi văn_bản giải_trình hoặc giải_trình không phù_hợp , Bộ Văn_hóa , Thể_thao và Du_lịch ban_hành quyết_định thu_hồi Giấy_phép kinh_doanh lữ_hành quốc_tế của doanh_nghiệp , gửi quyết_định thu_hồi giấy_phép cho doanh_nghiệp ;  cơ_quan nhà_nước về xuất nhập_cảnh ;  cơ_quan nhà_nước về du_lịch , thuế , đăng_ký kinh_doanh cấp tỉnh nơi doanh_nghiệp đặt trụ_sở chính và công_bố thông_tin doanh_nghiệp bị thu_hồi giấy_phép trên trang mạng quản_lý doanh_nghiệp kinh_doanh lữ_hành ; 

c ) Trong thời_hạn 30 ngày , kể từ ngày quyết_định thu_hồi Giấy_phép có hiệu_lực , doanh_nghiệp phải nộp lại cho Bộ Văn_hóa , Thể_thao và Du_lịch Giấy_phép đã được cấp và báo_cáo về các hợp_đồng lữ_hành quốc_tế đang còn hiệu_lực , phương_án thực_hiện trách_nhiệm đối_với các hợp_đồng lữ_hành quốc_tế còn hiệu_lực ; 

d ) Sau khi hoàn_thành trách_nhiệm đối_với khách du_lịch theo các hợp_đồng lữ_hành quốc_tế đã ký_kết , doanh_nghiệp báo_cáo bằng văn_bản cho Bộ Văn_hóa , Thể_thao và Du_lịch về việc hoàn_thành trách_nhiệm kèm theo các tài_liệu chứng_minh việc hoàn_thành các trách_nhiệm đó .  Bộ Văn_hóa , Thể_thao và Du_lịch xem_xét và có văn_bản để doanh_nghiệp được hoàn_trả tiền ký_quỹ theo quy_định của pháp_luật .  ” 

3 . Điều 15 được sửa_đổi , bổ_sung như sau : 

“ Điều 15 .  Ký_quỹ kinh_doanh lữ_hành quốc_tế 

Ký_quỹ kinh_doanh lữ_hành quốc_tế được quy_định như sau : 

1 . Doanh_nghiệp kinh_doanh lữ_hành quốc_tế phải ký_quỹ theo đúng quy_định .  Tiền ký_quỹ của doanh_nghiệp phải gửi vào tài_khoản tại ngân_hàng và được hưởng lãi_suất theo thỏa_thuận giữa doanh_nghiệp và ngân_hàng nhận ký_quỹ phù_hợp với quy_định của pháp_luật . 

2 . Mức ký_quỹ kinh_doanh lữ_hành quốc_tế : 

a ) 250.000.000 đồng với doanh_nghiệp kinh_doanh lữ_hành đối_với khách du_lịch vào Việt_Nam ; 

b ) 500.000.000 đồng với doanh_nghiệp kinh_doanh lữ_hành đối_với khách du_lịch ra nước_ngoài hoặc kinh_doanh lữ_hành đối_với khách du_lịch vào Việt_Nam và khách du_lịch ra nước_ngoài . 

3 . Tiền ký_quỹ của doanh_nghiệp kinh_doanh lữ_hành quốc_tế được sử_dụng để giải_quyết các vấn_đề phát_sinh trong trường_hợp_doanh_nghiệp không thực_hiện hoặc thực_hiện không đầy_đủ nghĩa_vụ trong hoạt_động kinh_doanh lữ_hành . 

4 . Hoàn_trả tiền ký_quỹ kinh_doanh lữ_hành cho doanh_nghiệp trong những trường_hợp sau đây : 

a ) Có thông_báo của Bộ Văn_hóa , Thể_thao và Du_lịch về việc doanh_nghiệp không được cấp giấy_phép kinh_doanh lữ_hành quốc_tế ; 

b ) Có quyết_định của Bộ Văn_hóa , Thể_thao và Du_lịch về việc thu_hồi giấy_phép kinh_doanh lữ_hành quốc_tế của doanh_nghiệp . 

c ) Có quyết_định của cơ_quan cấp giấy chứng_nhận đầu_tư về việc thu_hồi giấy chứng_nhận đầu_tư hoặc xóa ngành_nghề kinh_doanh lữ_hành trong giấy chứng_nhận đầu_tư của doanh_nghiệp kinh_doanh lữ_hành có vốn đầu_tư nước_ngoài . 

5 . Bộ Văn_hóa , Thể_thao và Du_lịch , Ngân_hàng Nhà_nước Việt_Nam quy_định cụ_thể việc quản_lý và sử_dụng tiền ký_quỹ của doanh_nghiệp .  ” 

4 . Sửa_đổi Khoản 2 Điều 36 như sau : 

“ 2 .  Bộ Văn_hóa , Thể_thao và Du_lịch có trách_nhiệm phối_hợp với cơ_quan nhà_nước có thẩm_quyền đối_với khu du_lịch , điểm du_lịch quy_định việc đào_tạo , bồi_dưỡng chuyên_môn , nghiệp_vụ , tiêu_chuẩn , cấp và thu_hồi giấy chứng_nhận thuyết_minh_viên .  ” 

5 . Bổ_sung Khoản 1a vào trước Khoản 1 Điều 43 như sau : 

“ 1a .  Bộ Tài_chính trình Chính_phủ sửa_đổi , bổ_sung vào danh mục phí , lệ_phí các loại phí , lệ_phí liên_quan đến du_lịch .  ” 

6 . Bãi_bỏ Điều 42 . 

Điều 2 .  Quy_định chuyển_tiếp 

Doanh_nghiệp được cấp giấy_phép kinh_doanh lữ_hành quốc_tế trước ngày Nghị_định này có hiệu_lực thi_hành được tiếp_tục hoạt_động theo đúng nội_dung quy_định trong giấy_phép đã được cấp và trong thời_hạn 12 tháng , kể từ ngày Nghị_định này có hiệu_lực phải đăng_ký lại phạm_vi kinh_doanh lữ_hành và bổ_sung đầy_đủ các điều_kiện về kinh_doanh lữ_hành theo quy_định của Nghị_định này . 

Điều 3 .  Hiệu_lực thi_hành 

1 . Nghị_định này có hiệu_lực thi_hành kể từ ngày 01 tháng 01 năm 2014 . 

2 . Các Bộ_trưởng , Thủ_trưởng cơ_quan ngang Bộ , Thủ_trưởng cơ_quan thuộc Chính_phủ , Chủ_tịch Ủy_ban nhân_dân các tỉnh , thành_phố trực_thuộc Trung_ương chịu trách_nhiệm thi_hành Nghị_định này ./. 
