Nghị định Về chức năng, nhiệm vụ và cơ chế hoạt động của Tổng công ty Đầu tư và Kinh doanh vốn nhà nước

Căn_cứ <L rel="CC"> Luật Tổ_chức Chính_phủ ngày 25 tháng 12 năm 2001 </L> ;
Căn_cứ <L rel="CC"> Luật_Doanh_nghiệp ngày 29 tháng 11 năm 2005 </L> ;
Căn_cứ <L rel="CC"> Luật_Đầu_tư ngày 29 tháng 11 năm 2005 </L> ;
Căn_cứ <L rel="CC"> Luật_Chứng_khoán ngày 29 tháng 6 năm 2006 </L> và <L rel="CC"> Luật sửa_đổi , bổ_sung một_số điều của <L rel="none"> Luật_Chứng_khoán </L> ngày 24 tháng 11 năm 2010 </L> ;
Căn_cứ <NĐ rel="CC"> Nghị_định số 99/2012/NĐ-CP ngày 15 tháng 11 năm 2012 </NĐ> của Chính_phủ về phân_công , phân_cấp thực_hiện các quyền , trách_nhiệm , nghĩa_vụ của chủ sở_hữu nhà_nước đối_với doanh_nghiệp nhà_nước và vốn Nhà_nước đầu_tư vào doanh_nghiệp ;
Điều 1 .  Phạm_vi điều_chỉnh và đối_tượng áp_dụng 

Nghị_định này quy_định chức_năng , nhiệm_vụ và cơ_chế hoạt_động của Tổng_công_ty Đầu_tư và Kinh_doanh vốn nhà_nước ( sau đây gọi tắt là Tổng_công_ty ) . 

Tổng_công_ty là doanh_nghiệp do Thủ_tướng Chính_phủ quyết_định thành_lập ;  được Nhà_nước đầu_tư vốn điều_lệ và giao quản_lý vốn nhà_nước tại các doanh_nghiệp do các Bộ , cơ_quan ngang Bộ , Ủy_ban nhân_dân các tỉnh , thành_phố trực_thuộc Trung_ương ( sau đây gọi tắt là Ủy_ban nhân_dân cấp tỉnh ) chuyển_giao . 

Việc tổ_chức và hoạt_động của Tổng_công_ty được áp_dụng theo các quy_định của Nghị_định này , Điều_lệ Tổng_công_ty và các quy_định khác của pháp_luật có liên_quan . 

Điều 2 .  Hình_thức tổ_chức hoạt_động của Tổng_công_ty 

Tổng_công_ty hoạt_động dưới hình_thức công_ty trách_nhiệm hữu_hạn một thành_viên do Nhà_nước nắm giữ 100 % vốn điều_lệ . 

Điều 3 .  Giải_thích từ_ngữ 

1 . Trong Nghị_định này , các từ_ngữ dưới đây được hiểu như sau : 

a ) “ Đơn_vị thuộc Tổng_công_ty ” là các đơn_vị hạch_toán phụ_thuộc nằm trong cơ_cấu tổ_chức của Tổng_công_ty ; 

b ) “ Công_ty_con của Tổng_công_ty ” là công_ty do Tổng_công_ty thành_lập và nắm giữ trên 50 % vốn điều_lệ ( không bao_gồm các doanh_nghiệp tiếp_nhận theo quy_định tại Khoản 1 Điều 7 Nghị_định này ) ; 

c ) " Công_ty liên_kết của Tổng_công_ty ” là công_ty có vốn góp của Tổng_công_ty ngoài các công_ty nêu tại Điểm b Khoản 1 Điều này ( bao_gồm cả các doanh_nghiệp tiếp_nhận ) ; 

d ) “ Người đại_diện ” là người được Tổng_công_ty cử , ủy_quyền làm đại_diện một phần hoặc toàn_bộ phần vốn góp của Tổng_công_ty tại các doanh_nghiệp , thay_mặt Tổng_công_ty thực_hiện toàn_bộ hoặc một_số quyền và nghĩa_vụ của cổ_đông , thành_viên góp vốn , bên liên_doanh tại doanh_nghiệp ; 

đ ) “ Bán vốn nhà_nước ” là việc Tổng_công_ty bán bớt hoặc bán hết cổ_phần hoặc vốn góp tại các doanh_nghiệp do Tổng_công_ty tiếp_nhận và đầu_tư . 

2 . Các từ_ngữ khác trong Nghị_định này đã được giải_nghĩa trong <BL rel="DaC"> Bộ_luật Dân_sự </BL> , <L rel="DaC"> Luật Doanh_nghiệp </L> và các văn_bản pháp_luật khác thì có_nghĩa như trong các văn_bản pháp_luật đó . Danh_từ “ pháp_luật ” được hiểu là pháp_luật Việt_Nam .
Điều 4 .  Chức_năng , nhiệm_vụ của Tổng_công_ty 

1 . Tiếp_nhận quyền đại_diện chủ sở_hữu nhà_nước tại các doanh_nghiệp theo quy_định tại Khoản 1 Điều 7 Nghị_định này . 

2 . Thực_hiện quyền , nghĩa_vụ của chủ sở_hữu đối_với doanh_nghiệp và phần vốn do Tổng_công_ty tiếp_nhận và trực_tiếp đầu_tư . 

3 . Tiếp_tục thực_hiện các hoạt_động sắp_xếp , cổ_phần_hóa , bán vốn nhà_nước đầu_tư tại doanh_nghiệp được chuyển_giao theo quy_định hiện_hành . 

4 . Đầu_tư vốn vào các tập_đoàn , tổng công_ty , hoặc công_ty_mẹ hoạt_động trong lĩnh_vực , ngành_nghề nhà_nước nắm giữ quyền chi_phối . 

5 . Đầu_tư vốn vào các dự_án theo chỉ_định của Chính_phủ và Thủ_tướng Chính_phủ . 

6 . Đầu_tư và kinh_doanh vốn vào ngành , lĩnh_vực , dự_án đem lại hiệu_quả kinh_tế theo quy_định của pháp_luật . 

7 . Cung_cấp các dịch_vụ tư_vấn đầu_tư , tư_vấn tài_chính , tư_vấn_cổ_phần_hóa , tư_vấn quản_trị doanh_nghiệp , tư_vấn chuyển_đổi sở_hữu doanh_nghiệp , tư_vấn mua_bán sáp_nhập doanh_nghiệp , các dịch_vụ hỗ_trợ doanh_nghiệp khác theo quy_định của pháp_luật . 

8 . Thực_hiện một_số nhiệm_vụ liên_quan đến Quỹ Hỗ_trợ sắp_xếp và phát_triển doanh_nghiệp theo quy_định của pháp_luật . 

9 . Các nhiệm_vụ khác theo quyết_định của Thủ_tướng Chính_phủ . 

Điều 5 .  Cơ_cấu tổ_chức của Tổng_công_ty 

Cơ_cấu tổ_chức , bộ_máy quản_lý và điều_hành của Tổng_công_ty thực_hiện theo quy_định của pháp_luật . 

Hội_đồng thành_viên của Tổng_công_ty có 7 người .  Chủ_tịch Hội_đồng thành_viên và thành_viên của Hội_đồng thành_viên làm_việc theo chế_độ chuyên_trách hoặc không chuyên_trách . 

Điều 6 .  Quyền và nghĩa_vụ của Tổng_công_ty 

1 . Quản_lý , sử_dụng có hiệu_quả , bảo_toàn và phát_triển vốn nhà_nước đầu_tư và vốn nhà_nước tại các doanh_nghiệp được giao quản_lý . 

2 . Báo_cáo Bộ Tài_chính thẩm_định , trình Thủ_tướng Chính_phủ phê_duyệt Đề_án tổng_thể sắp_xếp , đổi_mới các công_ty trách_nhiệm hữu_hạn một thành_viên 100 % vốn nhà_nước được giao quản_lý . 

3 . Báo_cáo Bộ Tài_chính thẩm_định , trình Thủ_tướng Chính_phủ phê_duyệt chiến_lược , kế_hoạch sản_xuất kinh_doanh và kế_hoạch đầu_tư phát_triển 5 năm . 

4 . Lựa_chọn và quyết_định lĩnh_vực , hình_thức đầu_tư và kinh_doanh vốn theo nguyên_tắc thị_trường , bảo_đảm hiệu_quả , khả_năng sinh lời và phù_hợp với quy_định của pháp_luật . 

Trường_hợp thực_hiện các nhiệm_vụ đầu_tư , kinh_doanh vốn có mục_tiêu chính_trị-xã_hội do Chính_phủ , Thủ_tướng Chính_phủ giao , Tổng_công_ty phải tổ_chức theo_dõi để xác_định rõ kết_quả việc thực_hiện những nhiệm_vụ này để báo_cáo Thủ_tướng Chính_phủ xem_xét xử_lý . 

5 . Góp vốn , tài_sản với các nhà đầu_tư trong nước và ngoài nước để liên_doanh , liên_kết bằng các hình_thức : Mua một phần hoặc toàn_bộ công_ty khác , đầu_tư thành_lập doanh_nghiệp mới , ký hợp_đồng hợp_tác kinh_doanh ;  các hình_thức khác theo quy_định của pháp_luật . 

6 . Được quyền chủ_động quyết_định đầu_tư thêm vốn , bán vốn tại các doanh_nghiệp nhận chuyển_giao từ các Bộ , cơ_quan ngang Bộ , Ủy_ban nhân_dân cấp tỉnh theo quy_định của pháp_luật hiện_hành ;  chủ_động lựa_chọn các hình_thức bán vốn mà Tổng_công_ty đã tiếp_nhận hoặc đầu_tư tại các doanh_nghiệp theo quy_định của Nghị_định này và Điều_lệ của Tổng_công_ty ;  được thỏa_thuận mua lại cổ_phần , vốn góp đã bán cho nhà đầu_tư để đảm_bảo các quyền và lợi_ích của Nhà_nước . 

7 . Nhận ủy_thác các nguồn vốn đầu_tư từ Nhà_nước và các tổ_chức , cá_nhân trong , ngoài nước . 

8 . Tổng_công_ty được thành_lập , tham_gia góp vốn thành_lập công_ty_con , công_ty liên_kết ( bao_gồm cả các công_ty quản_lý quỹ , quỹ đầu_tư ) . 

9 . Quyết_định thành_lập chi_nhánh , văn_phòng đại_diện và các đơn_vị trực_thuộc trong và ngoài nước sau khi được cấp có thẩm_quyền phê_duyệt . 

10 .  Cử , ủy_quyền và đánh_giá hoạt_động của Người đại_diện ;  miễn_nhiệm , khen_thưởng , kỷ_luật Người đại_diện ;  quyết_định_mức thù_lao , thưởng và các lợi_ích khác của Người đại_diện tại các doanh_nghiệp được giao quản_lý . 

11 .  Giao nhiệm_vụ cho Người đại_diện quyết_định những nội_dung quy_định tại Nghị_định này . 

12 .  Tham_gia lựa_chọn Người đại_diện phần vốn tại các doanh_nghiệp thuộc đối_tượng chuyển_giao vốn về Tổng_công_ty . 

13 .  Thực_hiện các quyền và nghĩa_vụ khác theo quy_định của pháp_luật . 

Điều 7 .  Tiếp_nhận quyền đại_diện chủ sở_hữu nhà_nước về Tổng_công_ty 

1 . Tổng_công_ty thực_hiện tiếp_nhận quyền đại_diện chủ sở_hữu nhà_nước tại các loại_hình doanh_nghiệp sau ( không bao_gồm các doanh_nghiệp chủ_yếu làm nhiệm_vụ cung_ứng sản_phẩm , dịch_vụ công_ích , doanh_nghiệp trực_tiếp phục_vụ quốc_phòng an_ninh và các trường_hợp Thủ_tướng Chính_phủ quyết_định giao cho các cơ_quan khác ) : 

a ) Công_ty trách_nhiệm hữu_hạn nhà_nước một thành_viên được chuyển_đổi từ công_ty nhà_nước độc_lập hoặc mới thành_lập trực_thuộc các Bộ , cơ_quan ngang Bộ , Ủy_ban nhân_dân cấp tỉnh ; 

b ) Công_ty trách_nhiệm hữu_hạn có hai thành_viên trở lên được chuyển_đổi từ các doanh_nghiệp độc_lập 100 % vốn nhà_nước hoặc mới thành_lập trực_thuộc các Bộ , cơ_quan ngang Bộ , Ủy_ban nhân_dân cấp tỉnh ; 

c ) Công_ty liên_doanh có vốn góp nhà_nước do các Bộ , cơ_quan ngang Bộ , Ủy_ban nhân_dân cấp tỉnh làm đại_diện chủ sở_hữu ; 

d ) Công_ty cổ_phần được chuyển_đổi từ các doanh_nghiệp độc_lập 100 % vốn nhà_nước hoặc mới thành_lập trực_thuộc các Bộ , cơ_quan ngang Bộ , Ủy_ban nhân_dân cấp tỉnh ; 

đ ) Đối_với các tập_đoàn kinh_tế , tổng công_ty và các trường_hợp khác , việc chuyển_giao quyền đại_diện chủ sở_hữu nhà_nước cho Tổng_công_ty được thực_hiện theo quyết_định của Thủ_tướng Chính_phủ . 

2 . Tổng_công_ty có trách_nhiệm phản_ánh đầy_đủ giá_trị vốn nhà_nước góp tại các doanh_nghiệp đã nhận chuyển_giao theo giá_trị vốn được xác_định tại Biên_bản bàn_giao quyền đại_diện chủ sở_hữu nhà_nước giữa các bên . 

3 . Các Bộ , cơ_quan ngang Bộ , Ủy_ban nhân_dân cấp tỉnh có trách_nhiệm chuyển_giao quyền đại_diện chủ sở_hữu nhà_nước tại các doanh_nghiệp theo quy_định tại Khoản 1 Điều này cho Tổng_công_ty ngay sau khi các doanh_nghiệp này hoàn_thành cổ_phần_hóa hoặc chuyển_đổi sang hình_thức công_ty trách_nhiệm hữu_hạn . 

4 . Bộ Tài_chính hướng_dẫn việc chuyển_giao quyền đại_diện chủ sở_hữu nhà_nước tại các doanh_nghiệp về Tổng_công_ty . 

Điều 8 .  Xác_định giá_trị phần vốn nhận bàn_giao 

1 . Tổng_công_ty có trách_nhiệm thực_hiện hoặc thuê các tổ_chức có chức_năng định_giá xác_định giá_trị vốn nhà_nước nhận bàn_giao theo giá thị_trường để làm căn_cứ quản_lý , giám_sát , đánh_giá hiệu_quả quản_lý vốn của Tổng_công_ty , trích thưởng thành_tích theo quy_định tại Nghị_định này . 

2 . Việc xác_định giá_trị phần vốn nhà_nước nhận bàn_giao được thực_hiện như sau : 

a ) Đối_với các doanh_nghiệp đã niêm_yết và có giá giao_dịch thành_công để tham_chiếu , xác_định theo giá bình_quân trong thời_gian tối_đa 03 tháng liền kề trước ngày nhận bàn_giao . 

b ) Đối_với doanh_nghiệp còn lại , xác_định theo giá_trị vốn chủ sở_hữu phản_ánh trên Báo_cáo tài_chính lập tại thời_điểm gần nhất với thời_điểm nhận bàn_giao . 

3 . Việc xác_định giá_trị phần vốn nhà_nước chuyển_giao cho Tổng_công_ty phải thực_hiện trong vòng 30 ngày làm_việc kể từ ngày Tổng_công_ty ký nhận bàn_giao vốn .  Đối_với phần vốn nhà_nước nhận bàn_giao trước ngày Nghị_định này có hiệu_lực , phải xác_định trong vòng không quá 90 ngày làm_việc kể từ ngày Nghị_định này có hiệu_lực , thời_điểm định_giá là ngày Nghị_định này có hiệu_lực . 

4 . Chi_phí liên_quan đến hoạt_động xác_định giá_trị phần vốn nhà_nước được hạch_toán vào chi_phí kinh_doanh của Tổng_công_ty . 

Mục 2 

QUẢN_LÝ VỐN NHÀ_NƯỚC SAU KHI NHẬN BÀN_GIAO 

Điều 9 .  Lập hồ_sơ và phân_loại doanh_nghiệp sau khi nhận bàn_giao 

1 . Sau khi tiếp_nhận quyền đại_diện chủ sở_hữu vốn nhà_nước góp tại các doanh_nghiệp , Tổng_công_ty có trách_nhiệm lập Hồ_sơ doanh_nghiệp , thực_hiện phân_loại doanh_nghiệp theo nhóm để có căn_cứ áp_dụng các biện_pháp quản_lý thích_hợp đối_với phần vốn nhà_nước đầu_tư tại từng doanh_nghiệp . 

2 . Hội_đồng thành_viên Tổng_công_ty ban_hành tiêu_chí và phương_pháp phân_loại doanh_nghiệp có vốn nhà_nước đầu_tư chuyển_giao về Tổng_công_ty thực_hiện quyền đại_diện . 

Điều 10 .  Phân_tích , đánh_giá và xây_dựng kế_hoạch tái_cơ_cấu vốn nhà_nước tại doanh_nghiệp 

1 . Tổng_công_ty phân_tích , đánh_giá tình_hình doanh_nghiệp nhận bàn_giao để có kế_hoạch và giải_pháp thực_hiện tái_cơ_cấu , nâng cao hiệu_quả quản_trị của từng doanh_nghiệp . 

2 . Tổng_công_ty căn_cứ vào kết_quả phân_loại , kế_hoạch và giải_pháp thực_hiện tái_cơ_cấu từng doanh_nghiệp để thực_hiện các biện_pháp tái_cơ_cấu nâng cao hiệu_quả hoạt_động và bán bớt vốn nhà_nước tại các doanh_nghiệp mà Nhà_nước không cần nắm giữ theo các nguyên_tắc quy_định tại Nghị_định này . 

Điều 11 .  Tổ_chức quản_lý vốn nhà_nước đầu_tư tại doanh_nghiệp 

Tổng_công_ty trực_tiếp_quản_lý hoặc thực_hiện quản_lý vốn nhà_nước tại doanh_nghiệp thông_qua hệ_thống Người đại_diện theo Quy_chế quản_trị vốn nhà_nước đầu_tư tại doanh_nghiệp , Quy_chế Người đại_diện do Hội_đồng thành_viên Tổng_công_ty ban_hành . 

Mục 3 

BÁN VỐN NHÀ_NƯỚC 

Điều 12 .  Nguyên_tắc bán vốn nhà_nước 

1 . Theo đúng tiêu_chí , danh_mục phân_loại doanh_nghiệp nhà_nước do Thủ_tướng Chính_phủ quyết_định và Kế_hoạch bán vốn được Hội_đồng thành_viên ban_hành . 

2 . Bảo_toàn , phát_triển giá_trị vốn nhà_nước đã giao cho Tổng_công_ty . 

3 . Đảm_bảo công_khai , minh_bạch , phù_hợp với quy_định của pháp_luật , tạo điều_kiện để doanh_nghiệp phát_triển . 

4 . Việc xác_định_giá khởi_điểm khi bán phần vốn nhà_nước phải bảo_đảm phản_ánh đầy_đủ giá_trị thực_tế phần vốn nhà_nước tại doanh_nghiệp , trong đó bao_gồm cả giá_trị quyền sử_dụng đất giao theo quy_định của pháp_luật . 

Điều 13 .  Hình_thức bán vốn nhà_nước 

1 . Các phương_thức giao_dịch trên sở giao_dịch chứng_khoán . 

2 . Đấu_giá công_khai . 

3 . Chào_bán cạnh_tranh . 

4 . Bán thỏa_thuận theo quy_định tại Điểm đ Khoản 4 Điều 14 Nghị_định này . 

5 . Các hình_thức khác theo quy_định của pháp_luật . 

Điều 14 .  Cơ_chế bán vốn nhà_nước 

1 . Việc bán vốn của Tổng_công_ty tại các doanh_nghiệp Tổng_công_ty tiếp_nhận quyền chủ sở_hữu nhà_nước là nhằm mục_tiêu tiếp_tục cổ_phần_hóa , giảm vốn nhà_nước tại các doanh_nghiệp mà Nhà_nước không cần nắm giữ , không phải là bán vốn của cổ_đông sáng_lập và không phải thực_hiện theo quy_định về chào_bán chứng_khoán ra_công_chúng . 

2 . Tổng_công_ty được thực_hiện đấu_giá bán cả lô cổ_phần sau khi Hội_đồng thành_viên phê_duyệt để đảm_bảo thành_công khi cần bán hết vốn tại doanh_nghiệp . 

3 . Tổng_công_ty được áp_dụng chính_sách khuyến_khích đối_với các công_ty tư_vấn , môi_giới , chứng_khoán gắn với thành_tích , hiệu_quả trong việc bán vốn của Tổng_công_ty . 

4 . Đối_với các doanh_nghiệp chưa niêm_yết trên sàn giao_dịch chứng_khoán , Tổng_công_ty bán vốn theo quy_định hiện_hành của Nhà_nước và các quy_định sau : 

a ) Tổng_công_ty được đấu_giá công_khai một phần số cổ_phần dự_kiến bán , dành phần còn lại ( tối_đa bằng 70 % số_lượng cả phần dự_kiến bán ) để bán thỏa_thuận cho người lao_động hoặc cho cổ_đông chiến_lược theo giá không thấp hơn giá đấu thành_công thấp nhất . 

b ) Trường_hợp bán đấu_giá không thành_công , Tổng_công_ty quyết_định điều_chỉnh giảm_giá khởi_điểm để đấu_giá bán tiếp .  Việc giảm_giá khởi_điểm để đấu_giá được thực_hiện không quá 3 lần , thời_gian giữa các lần điều_chỉnh giá không quá 2 tháng .  Mức giảm tối_đa mỗi lần không quá 10 % so với giá khởi_điểm lần bán vốn trước đó . 

Đối_với những trường_hợp đặc_biệt , có phát_sinh làm ảnh_hưởng đột_biến đến giá_trị của công_ty như : Có quyết_định của cơ_quan có thẩm_quyền về quyền sử_dụng đất ;  doanh_nghiệp gặp rủi_ro lớn trong kinh_doanh thì Tổng_công_ty được quyền chủ_động xác_định lại giá khởi_điểm trên nguyên_tắc phản_ánh đủ các yếu_tố biến_động về giá_trị cổ_phần . 

c ) Đối_với các doanh_nghiệp sản_xuất kinh_doanh thua_lỗ và đã thực_hiện đấu_giá công_khai nhưng không có người mua cao hơn hoặc bằng mệnh_giá thì Tổng_công_ty được hạ giá khởi_điểm thấp hơn mệnh_giá để đấu_giá bán nhằm thu_hồi tối_đa_phần vốn nhà_nước đã đầu_tư tại doanh_nghiệp . 

d ) Trường_hợp bán đấu_giá cổ_phần có tổng giá_trị theo mệnh_giá thấp hơn 10 tỷ đồng hoặc cổ_phần ở các doanh_nghiệp kinh_doanh thua_lỗ có mệnh_giá từ 10 tỷ đồng trở lên thì được thực_hiện qua các công_ty_chứng_khoán hoặc do Tổng_công_ty tự tổ_chức đấu_giá . 

đ ) Hình_thức bán thỏa_thuận được thực_hiện trong các trường_hợp : 

- Bán thỏa_thuận trong trường_hợp đấu_giá không thành_công hoặc đấu_giá bán chưa hết với mức giá không thấp hơn giá khởi_điểm khi đấu_giá ; 

- Bán thỏa_thuận số cổ_phần nhà đầu_tư trúng đấu_giá nhưng bỏ cọc với mức giá không thấp hơn giá đấu thành_công thấp nhất ; 

- Bán thỏa_thuận trong trường_hợp người mua là công_ty trách_nhiệm hữu_hạn một thành_viên do Nhà_nước làm chủ sở_hữu với nguyên_tắc bảo_toàn vốn nhà_nước theo phương_án được Bộ Tài_chính chấp_thuận ; 

- Thỏa_thuận hoán_đổi cổ_phần , vốn góp thuộc sở_hữu của Tổng_công_ty tại các doanh_nghiệp theo phương_án được Bộ Tài_chính chấp_thuận ; 

- Bán thỏa_thuận theo ý_kiến chỉ_đạo của Thủ_tướng Chính_phủ ; 

- Các trường_hợp khác theo quy_định của pháp_luật . 

Điều 15 .  Thẩm_quyền quyết_định bán vốn nhà_nước 

1 . Tổng_công_ty được quyền chủ_động bán vốn nhà_nước tại các doanh_nghiệp mà Nhà_nước không cần nắm giữ vốn nhà_nước theo Quyết_định của Thủ_tướng Chính_phủ về phân_loại doanh_nghiệp và danh_mục các doanh_nghiệp mà nhà_nước không cần nắm giữ . 

2 . Đối_với việc bán vốn nhà_nước tại các doanh_nghiệp thuộc danh_mục Nhà_nước giữ cổ_phần chi_phối : 

a ) Trường_hợp bán bớt nhưng vẫn đảm_bảo tỷ_lệ cổ_phần trên 50 % vốn điều_lệ của doanh_nghiệp thì Tổng_công_ty xem_xét , quyết_định ; 

b ) Trường_hợp cần bán vốn dẫn đến không đảm_bảo tỷ_lệ cổ_phần trên 50 % vốn điều_lệ của doanh_nghiệp , Tổng_công_ty báo_cáo Bộ Tài_chính trình Thủ_tướng Chính_phủ xem_xét , quyết_định trước khi thực_hiện . 

3 . Căn_cứ quy_định của pháp_luật hiện_hành và Nghị_định này , Hội_đồng thành_viên Tổng_công_ty ban_hành Quy_chế bán vốn nhà_nước tại các doanh_nghiệp do Tổng_công_ty quản_lý . 

Mục 4 

ĐẦU_TƯ KINH_DOANH VỐN CỦA TỔNG CÔNG_TY 

Điều 16 .  Nguyên_tắc đầu_tư vốn 

1 . Tổng_công_ty được chủ_động sử_dụng nguồn vốn kinh_doanh để thực_hiện đầu_tư vào các dự_án , lĩnh_vực , ngành_nghề trên cơ_sở đảm_bảo các nguyên_tắc sau : 

a ) Tuân_thủ theo quy_định của pháp_luật hiện_hành ; 

b ) Phù_hợp với chiến_lược , quy_hoạch , kế_hoạch phát_triển của Tổng_công_ty đã được cấp có thẩm_quyền phê_duyệt ; 

c ) Đầu_tư có hiệu_quả ; 

d ) Phù_hợp với khả_năng cân_đối nguồn vốn của Tổng_công_ty . 

2 . Đối_với các công_trình , dự_án hạ_tầng quan_trọng mà Nhà_nước cần hỗ_trợ đầu_tư , Tổng_công_ty tham_gia với vai_trò nhà đầu_tư tài_chính và huy_động nguồn vốn trong và ngoài nước để triển_khai thực_hiện . 

3 . Mức vốn đầu_tư vào các lĩnh_vực quy_định tại Khoản 4 Điều 17 Nghị_định này không vượt quá 30 % tổng mức đầu_tư theo kế_hoạch hàng năm . 

Điều 17 .  Các lĩnh_vực và hình_thức đầu_tư 

1 . Đầu_tư vốn vào các dự_án , tập_đoàn , tổng công_ty , hoặc công_ty_mẹ hoạt_động trong lĩnh_vực then_chốt của nền kinh_tế mà Nhà_nước cần nắm giữ quyền chi_phối . 

2 . Đầu_tư vào những lĩnh_vực trọng_yếu theo nhiệm_vụ của Chính_phủ , Thủ_tướng Chính_phủ giao bằng nguồn vốn của Chính_phủ hoặc nguồn vốn do Tổng_công_ty tự cân_đối . 

Tổng_công_ty có trách_nhiệm theo_dõi riêng các khoản đầu_tư theo chỉ_định với nhiệm_vụ vì mục_tiêu chính_trị-xã_hội . 

3 . Đầu_tư bổ_sung vốn vào các doanh_nghiệp có vốn của Tổng_công_ty . 

4 . Đầu_tư và kinh_doanh vốn vào dự_án , ngành , lĩnh_vực đem lại hiệu_quả kinh_tế : 

a ) Đầu_tư góp vốn thành_lập doanh_nghiệp mới , góp vốn liên_doanh , liên_kết , đầu_tư mua một phần tài_sản hoặc toàn_bộ doanh_nghiệp khác ; 

b ) Đầu_tư_thông_qua việc mua , bán cổ_phiếu , trái_phiếu và các công_cụ tài_chính khác ; 

c ) Đầu_tư liên_kết hoặc ủy_thác cho các tổ_chức tài_chính và quỹ đầu_tư ; 

d ) Đầu_tư trực_tiếp hoặc gián_tiếp ra nước_ngoài ; 

đ ) Các hình_thức đầu_tư khác theo quy_định của pháp_luật . 

Điều 18 .  Thẩm_quyền quyết_định đầu_tư 

1 . Tổng_công_ty quyết_định đầu_tư các dự_án nhóm A , B trên cơ_sở danh_mục đã được Bộ Tài_chính phê_duyệt hàng năm . 

2 . Tổng_công_ty có quyền chủ_động quyết_định đầu_tư đối_với các dự_án không thuộc Khoản 1 Điều này theo quy_định của pháp_luật trên cơ_sở đảm_bảo nguồn_lực thực_hiện các dự_án nhóm A , B đã được Bộ Tài_chính phê_duyệt . 

3 . Tổng_công_ty không được đầu_tư hoặc góp vốn với các doanh_nghiệp khác mà người quản_lý , điều_hành của Tổng_công_ty là vợ hoặc chồng , bố , mẹ , con , anh , chị_em ruột của thành_viên Hội_đồng thành_viên , Kiểm_soát viên , Ban_Giám_đốc và kế_toán_trưởng doanh_nghiệp đó . 

Điều 19 .  Thu_hồi vốn đầu_tư 

Tổng_công_ty được quyền chủ_động nhượng , bán vốn góp tại các doanh_nghiệp , các dự_án có vốn góp của Tổng_công_ty trên nguyên_tắc có hiệu_quả , bảo_toàn , phát_triển nguồn vốn kinh_doanh và phù_hợp với quy_định của pháp_luật . 

Riêng các khoản vốn đầu_tư theo chỉ_định của Chính_phủ , Thủ_tướng Chính_phủ , Tổng_công_ty chỉ được thu_hồi vốn sau khi được Chính_phủ , Thủ_tướng Chính_phủ chấp_thuận . 

Mục 5 

THỰC_HIỆN CÁC QUYỀN , TRÁCH_NHIỆM VÀ NGHĨA_VỤ CỦA CHỦ SỞ_HỮU NHÀ_NƯỚC ĐỐI_VỚI DOANH_NGHIỆP MÀ TỔNG CÔNG_TY NẮM GIỮ 100 % VỐN ĐIỀU_LỆ LÀ CÔNG_TY TRÁCH_NHIỆM HỮU_HẠN MỘT THÀNH_VIÊN 

Điều 20 .  Các quyền , trách_nhiệm của Tổng_công_ty 

1 . Quyết_định thành_lập , mục_tiêu , nhiệm_vụ và ngành , nghề kinh_doanh ;  tổ_chức lại , chuyển_đổi sở_hữu , giải_thể và yêu_cầu phá_sản ;  góp vốn vào doanh_nghiệp khác . 

2 . Phê_duyệt Điều_lệ , sửa_đổi và bổ_sung Điều_lệ . 

3 . Quyết_định đầu_tư vốn điều_lệ , điều_chỉnh , chuyển_nhượng một phần hoặc toàn_bộ vốn điều_lệ . 

4 . Quyết_định cơ_cấu tổ_chức quản_lý công_ty , bổ_nhiệm , bổ_nhiệm lại , miễn_nhiệm , từ_chức , ký hợp_đồng , chấm_dứt hợp_đồng , khen_thưởng , kỷ_luật Chủ_tịch và thành_viên Hội_đồng thành_viên hoặc Chủ_tịch công_ty , Kiểm_soát viên , Tổng_giám_đốc ( Giám_đốc ) công_ty . 

5 . Quyết_định chiến_lược , kế_hoạch sản_xuất kinh_doanh và kế_hoạch đầu_tư phát_triển . 

6 . Phê_duyệt chủ_trương đầu_tư , mua , bán tài_sản , hợp_đồng vay , cho vay . 

7 . Quy_định_chế_độ tài_chính , phân_phối lợi_nhuận , trích_lập và sử_dụng các quỹ , phê_duyệt báo_cáo tài_chính hàng năm . 

8 . Quy_định_chế_độ tuyển_dụng , tiền_lương , tiền thưởng ;  quyết_định mức lương đối_với Chủ_tịch và thành_viên Hội_đồng thành_viên hoặc Chủ_tịch công_ty , Kiểm_soát viên , Tổng_giám_đốc ( Giám_đốc ) công_ty . 

9 . Quyết_định các giải_pháp phát_triển thị_trường , tiếp_thị và công_nghệ ;  quy_định cơ_chế giao nhiệm_vụ và tham_gia thực_hiện việc cung_cấp và bảo_đảm các sản_phẩm , dịch_vụ công_ích , thiết_yếu của nền kinh_tế . 

10 .  Giám_sát , kiểm_tra , thanh_tra việc chấp_hành pháp_luật ;  đánh_giá việc thực_hiện mục_tiêu , nhiệm_vụ được giao , kết_quả hoạt_động , hiệu_quả sản_xuất kinh_doanh ;  quản_lý , sử_dụng , bảo_toàn , phát_triển vốn của công_ty .  Đánh_giá Chủ_tịch và thành_viên Hội_đồng thành_viên hoặc Chủ_tịch công_ty , Kiểm_soát viên , Tổng_giám_đốc ( Giám_đốc ) , Phó_Tổng_giám_đốc ( Phó_giám_đốc ) , Kế_toán_trưởng công_ty . 

11 .  Các quyền khác theo quy_định của pháp_luật . 

Điều 21 .  Nghĩa_vụ của Tổng_công_ty 

1 . Đầu_tư đủ vốn điều_lệ cho công_ty . 

2 . Tuân_thủ Điều_lệ công_ty . 

3 . Chịu trách_nhiệm về các khoản nợ và nghĩa_vụ tài_sản khác của công_ty trong phạm_vi số vốn điều_lệ của công_ty ;  xác_định và tách_biệt tài_sản của chủ sở_hữu và tài_sản của công_ty . 

4 . Tuân_thủ pháp_luật khi phê_duyệt chủ_trương đầu_tư , mua , bán tài_sản và hợp_đồng vay , cho vay của công_ty . 

5 . Đảm_bảo quyền kinh_doanh theo pháp_luật của công_ty . 

6 . Thực_hiện các nghĩa_vụ khác theo quy_định của pháp_luật . 

Mục 6 

THỰC_HIỆN CÁC QUYỀN VÀ TRÁCH_NHIỆM CỦA CHỦ SỞ_HỮU PHẦN VỐN NHÀ_NƯỚC ĐẦU_TƯ VÀO DOANH_NGHIỆP KHÁC 

Điều 22 .  Quyền và trách_nhiệm của Tổng_công_ty đối_với doanh_nghiệp mà Tổng_công_ty nắm giữ trên 50 % vốn điều_lệ 

1 . Quyết_định việc góp vốn , chuyển_nhượng vốn nhà_nước đầu_tư tại doanh_nghiệp ;  thực_hiện các quyền của cổ_đông , thành_viên góp vốn theo quy_định của pháp_luật và Điều_lệ của doanh_nghiệp ;  chịu trách_nhiệm về các khoản nợ và nghĩa_vụ tài_sản khác của doanh_nghiệp trong phạm_vi số vốn mà Tổng_công_ty đã góp vào doanh_nghiệp . 

2 . Chỉ_định Người đại_diện để thực_hiện các quyền của cổ_đông , thành_viên góp vốn ;  miễn_nhiệm , khen_thưởng , kỷ_luật Người đại_diện ;  quyết_định thưởng , phụ_cấp và các lợi_ích khác của Người đại_diện ;  đánh_giá đối_với Người đại_diện . 

3 . Yêu_cầu Người đại_diện thực_hiện các nội_dung đã được giao theo quy_định tại Khoản 4 Điều này , trừ trường_hợp Điều_lệ của doanh_nghiệp có quy_định khác ;  báo_cáo định_kỳ hoặc đột_xuất tình_hình đầu_tư , tài_chính , hiệu_quả sử_dụng vốn nhà_nước , kết_quả kinh_doanh của doanh_nghiệp . 

4 . Tổng_công_ty cho ý_kiến bằng văn_bản để Người đại_diện tham_gia biểu_quyết các nội_dung sau của doanh_nghiệp : 

a ) Mục_tiêu , nhiệm_vụ và ngành , nghề kinh_doanh ;  tổ_chức lại , giải_thể và yêu_cầu phá_sản doanh_nghiệp ; 

b ) Điều_lệ , sửa_đổi và bổ_sung Điều_lệ của doanh_nghiệp ; 

c ) Việc tăng hoặc giảm vốn điều_lệ ;  thời_điểm và phương_thức huy_động vốn ;  loại cổ_phần và tổng_số cổ_phần của từng loại được quyền chào_bán ;  việc mua lại trên 10 % tổng_số cổ_phần đã bán của mỗi loại ; 

d ) Việc đề_cử để bầu , kiến_nghị miễn_nhiệm , bãi_nhiệm , khen_thưởng , xử_lý vi_phạm của thành_viên Hội_đồng quản_trị , Chủ_tịch Hội_đồng quản_trị , Chủ_tịch Hội_đồng thành_viên , Thành_viên Ban Kiểm_soát .  Đề_cử để bổ_nhiệm , kiến_nghị miễn_nhiệm , ký hợp_đồng , chấm_dứt hợp_đồng với Tổng_giám_đốc ( Giám_đốc ) doanh_nghiệp .  Thù_lao , tiền_lương , tiền thưởng và lợi_ích khác của thành_viên Hội_đồng quản_trị , thành_viên Hội_đồng thành_viên , thành_viên Ban Kiểm_soát , Tổng_giám_đốc ( Giám_đốc ) doanh_nghiệp ;  số_lượng thành_viên Hội_đồng quản_trị , thành_viên Ban kiểm_soát , Phó_Tổng_giám_đốc ( Phó_giám_đốc ) doanh_nghiệp ; 

đ ) Chiến_lược , kế_hoạch sản_xuất kinh_doanh và kế_hoạch đầu_tư phát_triển 05 năm và hàng năm của doanh_nghiệp ;  danh_mục các dự_án đầu_tư nhóm A , B hàng năm ; 

e ) Chủ_trương góp vốn , nắm giữ , tăng , giảm vốn đầu_tư vào doanh_nghiệp khác theo điều_lệ của doanh_nghiệp ;  thành_lập , tổ_chức lại , giải_thể chi_nhánh , văn_phòng đại_diện và các đơn_vị hạch_toán phụ_thuộc khác ;  việc tiếp_nhận doanh_nghiệp tự_nguyện tham_gia làm công_ty_con , công_ty liên_kết ; 

g ) Chủ_trương mua , bán tài_sản và hợp_đồng vay , cho vay có giá_trị bằng hoặc hơn 50 % vốn điều_lệ của doanh_nghiệp hoặc một tỷ_lệ nhỏ hơn quy_định tại Điều_lệ của doanh_nghiệp ;  chủ_trương vay nợ nước_ngoài của doanh_nghiệp ; 

h ) Báo_cáo tài_chính , phân_phối lợi_nhuận , trích_lập và sử_dụng các quỹ , mức cổ_tức hàng năm ; 

i ) Chế_độ tuyển_dụng ;  chế_độ thù_lao , tiền_lương , tiền thưởng của doanh_nghiệp . 

5 . Yêu_cầu Người đại_diện báo_cáo để thực_hiện giám_sát , kiểm_tra thường_xuyên và thanh_tra theo quy_định việc chấp_hành pháp_luật ;  việc quản_lý , sử_dụng , bảo_toàn và phát_triển vốn nhà_nước tại doanh_nghiệp ;  việc thực_hiện chiến_lược , kế_hoạch ;  đánh_giá việc thực_hiện mục_tiêu , nhiệm_vụ được giao , kết_quả hoạt_động , hiệu_quả sản_xuất kinh_doanh . 

Điều 23 .  Quyền và trách_nhiệm của Tổng_công_ty đối_với doanh_nghiệp mà Tổng_công_ty nắm giữ không quá 50 % vốn điều_lệ 

1 . Quyết_định việc góp vốn , chuyển_nhượng vốn của Tổng_công_ty đầu_tư tại doanh_nghiệp ;  thực_hiện các quyền của cổ_đông , thành_viên góp vốn theo quy_định của pháp_luật và Điều_lệ của doanh_nghiệp ;  chịu trách_nhiệm về các khoản nợ và nghĩa_vụ tài_sản khác của doanh_nghiệp trong phạm_vi số vốn mà Tổng_công_ty đã góp vào doanh_nghiệp . 

2 . Chỉ_định Người đại_diện để thực_hiện các quyền của cổ_đông , thành_viên góp vốn ;  miễn_nhiệm , khen_thưởng , kỷ_luật Người đại_diện tại doanh_nghiệp ;  quyết_định thưởng , phụ_cấp và các lợi_ích khác của Người đại_diện ;  đánh_giá đối_với Người đại_diện . 

b ) Điều_lệ , sửa_đổi và bổ_sung điều_lệ của doanh_nghiệp ; 

d ) Việc đề_cử để bầu , kiến_nghị miễn_nhiệm , bãi_nhiệm , khen_thưởng , xử_lý vi_phạm của thành_viên Hội_đồng quản_trị , Chủ_tịch Hội_đồng quản_trị , Chủ_tịch Hội_đồng thành_viên , thành_viên Ban kiểm_soát ;  đề_cử để bổ_nhiệm , miễn_nhiệm , ký hợp_đồng , chấm_dứt hợp_đồng với Tổng_giám_đốc ( Giám_đốc ) doanh_nghiệp .  Thù_lao , tiền_lương , tiền thưởng và lợi_ích khác của thành_viên Hội_đồng quản_trị , thành_viên Hội_đồng thành_viên , thành_viên Ban kiểm_soát , Tổng_giám_đốc ( Giám_đốc ) doanh_nghiệp ;  số_lượng thành_viên Hội_đồng quản_trị , thành_viên Ban kiểm_soát , Phó_Tổng_giám_đốc ( Phó_giám_đốc ) doanh_nghiệp ; 

đ ) Chiến_lược , kế_hoạch sản_xuất kinh_doanh và kế_hoạch đầu_tư phát_triển 05 năm và hàng năm của doanh_nghiệp ; 

e ) Chủ_trương thành_lập công_ty_con ;  thành_lập , tổ_chức lại , giải_thể chi_nhánh , văn_phòng đại_diện ; 

g ) Chủ_trương đầu_tư , mua , bán tài_sản và hợp_đồng vay , cho vay có giá_trị bằng hoặc lớn hơn 50 % tổng giá_trị tài_sản được ghi trong báo_cáo tài_chính tại thời_điểm công_bố gần nhất của doanh_nghiệp hoặc một tỷ_lệ khác nhỏ hơn được quy_định tại Điều_lệ của doanh_nghiệp ; 

h ) Báo_cáo tài_chính hàng năm , việc phân_phối lợi_nhuận , trích_lập và sử_dụng các quỹ , mức cổ_tức hàng năm của doanh_nghiệp . 

5 . Yêu_cầu Người đại_diện báo_cáo để thực_hiện giám_sát , kiểm_tra thường_xuyên , đánh_giá hiệu_quả sử_dụng vốn Tổng_công_ty tại doanh_nghiệp . 

Mục 7 

NGƯỜI ĐẠI_DIỆN PHẦN VỐN NHÀ_NƯỚC ĐẦU_TƯ TẠI DOANH_NGHIỆP KHÁC 

Điều 24 .  Phương_thức thực_hiện quản_lý vốn nhà_nước đầu_tư tại doanh_nghiệp 

1 . Tổng_công_ty trực_tiếp_quản_lý hoặc thực_hiện quản_lý vốn nhà_nước tại doanh_nghiệp thông_qua hệ_thống Người đại_diện theo quy_định của pháp_luật hiện_hành , Điều_lệ của Tổng_công_ty và Quy_chế Người đại_diện do Hội_đồng thành_viên Tổng_công_ty ban_hành . 

2 . Các hình_thức cử , ủy quyền Người đại_diện : 

a ) Tổng_công_ty thực_hiện cử hoặc ủy_quyền Người đại_diện thông_qua quyết_định ủy_quyền làm Người đại_diện phần vốn của Tổng_công_ty tại doanh_nghiệp ; 

b ) Các trường_hợp Tổng_công_ty không cử , ủy quyền cho người đại_diện vốn , Tổng_công_ty sẽ trực_tiếp thực_hiện quyền và nghĩa_vụ cổ_đông , thành_viên góp vốn , bên liên_doanh tại doanh_nghiệp theo quy_định của <L rel="DaC"> Luật_Doanh_nghiệp </L> ;
c ) Các hình_thức ủy_quyền khác theo Quy_chế Người đại_diện của Tổng_công_ty . 

Điều 25 .  Tiêu_chuẩn , điều_kiện của người đại_diện phần vốn nhà_nước đầu_tư tại doanh_nghiệp khác 

Người đại_diện phần vốn góp của Tổng_công_ty ở doanh_nghiệp khác phải đáp_ứng đầy_đủ các tiêu_chuẩn và điều_kiện theo quy_định của pháp_luật , Điều_lệ và Quy_chế Người đại_diện của Tổng_công_ty . 

Điều 26 .  Quyền và nghĩa_vụ của người đại_diện 

Người đại_diện thực_hiện các quyền và nghĩa_vụ theo quy_định của pháp_luật , Quy_chế người đại_diện của Tổng_công_ty . 

Trường_hợp Người đại_diện không thực_hiện đúng các quyền và nghĩa_vụ theo chỉ_đạo của Tổng_công_ty , gây tổn_thất , thiệt_hại cho Tổng_công_ty thì bị xử_lý vi_phạm , thôi và chấm_dứt ủy_quyền và bồi_thường thiệt_hại cho Tổng_công_ty theo quy_định của pháp_luật . 

Điều 27 .  Chính_sách đối_với người đại_diện sau khi bán_hết phần vốn nhà_nước tại doanh_nghiệp 

1 . Đối_với Người đại_diện là cán_bộ Tổng_công_ty : Tổng_công_ty thực_hiện các chế_độ lao_động theo quy_định của pháp_luật lao_động và quy_định của Tổng_công_ty . 

2 . Đối_với Người đại_diện là cán_bộ doanh_nghiệp : Tổng_công_ty thông_báo thôi ủy_quyền đại_diện vốn cho doanh_nghiệp biết để doanh_nghiệp thực_hiện các chế_độ lao_động theo quy_định của pháp_luật lao_động và quy_định của doanh_nghiệp . 

3 . Đối_với Người đại_diện trước khi chuyển_giao là cán_bộ do các Bộ , ngành , Ủy_ban nhân_dân cấp tỉnh cử kiêm_nhiệm tại các doanh_nghiệp : Tổng_công_ty phối_hợp với các Bộ , ngành , Ủy_ban nhân_dân cấp tỉnh sắp_xếp , giải_quyết thực_hiện các chế_độ lao_động theo quy_định của pháp_luật lao_động và quy_định của doanh_nghiệp . 

Điều 28 .  Cơ_chế thí_điểm nâng cao trách_nhiệm người đại_diện của Tổng_công_ty 

Bộ Tài_chính chủ_trì phối_hợp với Bộ Nội_vụ , Bộ Lao_động-Thương_binh và Xã_hội xây_dựng báo_cáo Thủ_tướng Chính_phủ quyết_định thí_điểm cơ_chế thực_hiện quyền đại_diện chủ sở_hữu nhà_nước tại các doanh_nghiệp có quy_mô vốn nhà_nước_lớn , Tổng_công_ty có định_hướng nắm giữ lâu_dài theo các nguyên_tắc : 

- Tổng_công_ty trực_tiếp cử , ủy_quyền , miễn_nhiệm Người đại_diện tại doanh_nghiệp ;  chi_trả lương , thưởng cho Người đại_diện gắn với mức_độ hoàn_thành nhiệm_vụ của người đại_diện được giao . 

- Quy_định rõ trách_nhiệm và quyền_lợi của Người đại_diện trong việc thực_hiện nhiệm_vụ do Tổng_công_ty giao . 

- Tổng_công_ty được hình_thành quỹ lương , thưởng cho Người đại_diện từ thu_nhập của Người đại_diện tại các doanh_nghiệp theo cơ_chế thí_điểm tại Điều này và trích từ cổ_tức , lợi_nhuận được chia từ phần vốn nhà_nước mà Tổng_công_ty nhận bàn_giao quyền đại_diện chủ sở_hữu .  Mức trích cụ_thể từ cổ_tức , lợi_nhuận được chia do Bộ Tài_chính quy_định . 

Quỹ_lương , thưởng trên được dùng để thực_hiện trả lương , thưởng và lợi_ích khác cho Người đại_diện tại các doanh_nghiệp theo quy_định . 

Điều 29 .  Vốn hoạt_động của Tổng_công_ty 

1 . Vốn chủ sở_hữu bao_gồm : 

a ) Vốn do Nhà_nước cấp trực_tiếp bằng tiền hoặc tài_sản ; 

b ) Vốn tiếp_nhận theo giá_trị sổ kế_toán từ các công_ty theo quy_định tại Điều 7 Nghị_định này ; 

c ) Các khoản chênh_lệch do đánh_giá lại tài_sản , chênh_lệch tỷ_giá theo quy_định của pháp_luật ; 

d ) Quỹ đầu_tư phát_triển được trích từ lợi_nhuận sau thuế của Tổng_công_ty ; 

đ ) Các nguồn vốn khác có nguồn_gốc từ Nhà_nước . 

2 . Vốn huy_động bằng các hình_thức phát_hành trái_phiếu , vay vốn , nhận vốn góp liên_doanh , liên_kết và các hình_thức khác theo quy_định của pháp_luật . 

3 . Vốn nhận ủy_thác khác từ Nhà_nước và các tổ_chức , cá_nhân trong và ngoài nước theo quy_định của pháp_luật . 

4 . Vốn khác theo quy_định của pháp_luật . 

Điều 30 .  Doanh_thu 

1 . Lợi_nhuận , cổ_tức được chia , tiền bán doanh_nghiệp , tài_sản , tiền bán_cổ_phần , vốn góp từ phần vốn mà Tổng_công_ty trực_tiếp đầu_tư . 

2 . Lợi_nhuận và cổ_tức được chia từ phần vốn tiếp_nhận . 

3 . Tiền thu từ bán phần vốn nhà_nước tại các doanh_nghiệp tiếp_nhận , kể_cả tiền đặt_cọc không phải trả lại cho nhà đầu_tư . 

4 . Thu từ hoạt_động tài_chính , dịch_vụ và các khoản thu khác theo quy_định của pháp_luật . 

Điều 31 .  Chi_phí 

1 . Chi_phí cho hoạt_động đầu_tư và kinh_doanh vốn do Tổng_công_ty trực_tiếp đầu_tư theo quy_định của pháp_luật hiện_hành . 

2 . Chi cho hoạt_động quản_lý vốn tiếp_nhận ( bao_gồm chi_phí xác_định vốn nhà_nước tại thời_điểm nhận bàn_giao ) , chi_phí bán vốn tiếp_nhận . 

3 . Giá_trị vốn gốc tiếp_nhận tại các doanh_nghiệp mà Tổng_công_ty thực_hiện bán vốn . 

4 . Trích các khoản dự_phòng theo quy_định của pháp_luật , trong đó dự_phòng đối_với khoản vốn tiếp_nhận được thực_hiện như các khoản đầu_tư tài_chính dài_hạn . 

5 . Chi thù_lao , thưởng và các khoản chi khác cho người đại_diện không thuộc đối_tượng quy_định tại Điều 28 Nghị_định này . 

6 . Các khoản chi_phí khác theo quy_định pháp_luật . 

Điều 32 .  Chế_độ tiền_lương , tiền công và chi_phí có tính_chất lương của người lao_động trong Tổng_công_ty 

1 . Cơ_chế tiền_lương , quỹ lương đối_với người lao_động của Tổng_công_ty được thực_hiện theo quy_định hiện_hành của pháp_luật . 

2 . Đơn_giá tiền_lương được xác_định và ổn_định trong 03 năm . 

3 . Hội_đồng thành_viên Tổng_công_ty xây_dựng quy_chế quản_lý tiền_lương , tiền thưởng và chi_phí có tính_chất lương trong Tổng_công_ty theo quy_định của pháp_luật .  Tổng_công_ty được quyền chủ_động trong việc sử_dụng quỹ lương để phát_triển nguồn nhân_lực có chất_lượng cao . 

Điều 33 .  Lợi_nhuận 

Lợi_nhuận thực_hiện trong năm là kết_quả kinh_doanh của Tổng_công_ty , bao_gồm lợi_nhuận từ hoạt_động kinh_doanh chính và từ các hoạt_động khác .  Lợi_nhuận của Tổng_công_ty được xác_định là khoản chênh_lệch giữa tổng doanh_thu trừ đi tổng các khoản chi_phí theo quy_định của pháp_luật hiện_hành và Nghị_định này . 

Điều 34 .  Phân_phối lợi_nhuận 

1 . Lợi_nhuận của Tổng_công_ty sau khi bù_đắp lỗ năm trước theo quy_định của <L rel="DaC"> Luật Thuế_thu_nhập doanh_nghiệp </L> , trích Quỹ phát_triển khoa_học và công_nghệ theo quy_định của pháp_luật , nộp thuế_thu_nhập doanh_nghiệp , phần lợi_nhuận còn lại được phân_phối như sau :
a ) Chia lãi cho các thành_viên góp vốn liên_kết theo quy_định của hợp_đồng ( nếu có ) . 

b ) Bù_đắp khoản lỗ của các năm trước đã hết thời_hạn được trừ vào lợi_nhuận trước thuế_thu_nhập doanh_nghiệp . 

c ) Lợi_nhuận còn lại , sau khi trừ đi các khoản quy_định tại Điểm a và Điểm b Khoản 1 Điều này , được phân_phối như sau : 

- Trích_lập quỹ thưởng viên_chức quản_lý Tổng_công_ty , quỹ khen_thưởng , phúc_lợi theo quy_định . 

- Trích_lập quỹ thưởng thành_tích bán vốn bằng 10 % chênh_lệch giữa tổng tiền thu bán vốn tiếp_nhận trong năm với giá được xác_định lại theo quy_định tại Điều 8 Nghị_định này , chi_phí bán và thuế_thu_nhập doanh_nghiệp nhưng không quá 3 tháng lương_thực_hiện . 

- Phần lợi_nhuận còn lại được chuyển toàn_bộ vào quỹ đầu_tư phát_triển . 

2 . Hội_đồng thành_viên xem_xét , phê_duyệt báo_cáo tài_chính hàng năm và quyết_định phương_án sử_dụng lợi_nhuận sau thuế của Tổng_công_ty . 

Điều 35 .  Quản_lý Quỹ thưởng thành_tích bán vốn 

Quỹ thưởng thành_tích bán vốn được trích_lập theo quy_định tại Nghị_định này được dùng để thưởng khuyến_khích cho cán_bộ lãnh_đạo , chuyên_viên , nhân_viên của Tổng_công_ty theo thành_tích trong công_tác quản_lý , bán vốn nhà_nước ;  thưởng cá_nhân , tập_thể khác có đóng_góp vào thành_tích hoạt_động của Tổng_công_ty .  Mức thưởng cụ_thể do Tổng_giám_đốc quyết_định theo quy_chế sử_dụng Quỹ thưởng thành_tích bán vốn đã được Hội_đồng thành_viên thông_qua . 

Điều 36 .  Chế_độ kế_toán , báo_cáo kế_toán , báo_cáo tài_chính , báo_cáo thống_kê , kiểm_toán và công_khai tài_chính 

1 . Tổng_công_ty thực_hiện chế_độ kế_toán , báo_cáo kế_toán , báo_cáo tài_chính , báo_cáo thống_kê , kiểm_toán và công_khai tài_chính theo quy_định tại Nghị_định này , quy_định của <L rel="DaC"> Luật Kế_toán </L> và các quy_định liên_quan .
2 . Báo_cáo hợp_nhất của Tổng_công_ty không bao_gồm các công_ty tiếp_nhận chuyển_giao theo quy_định tại Khoản 1 Điều 7 Nghị_định này . 

3 . Tổng_công_ty thực_hiện cơ_chế_tài_chính quy_định tại Nghị_định này kể từ 01 tháng 01 năm 2013 . 

Điều 37 .  Quyền , trách_nhiệm của chủ sở_hữu nhà_nước đối_với Tổng_công_ty 

1 . Chính_phủ ban_hành Điều_lệ , sửa_đổi và bổ_sung Điều_lệ của Tổng_công_ty . 

2 . Thủ_tướng Chính_phủ : 

a ) Quyết_định thành_lập , mục_tiêu , nhiệm_vụ và ngành , nghề kinh_doanh ;  tổ_chức lại , chuyển_đổi sở_hữu , giải_thể và yêu_cầu phá_sản .  Phê_duyệt Đề_án thành_lập công_ty_con 100 % vốn nhà_nước .  Phê_duyệt chủ_trương thành_lập , tổ_chức lại , giải_thể chi_nhánh , văn_phòng đại_diện và các đơn_vị hạch_toán phụ_thuộc khác ; 

b ) Quyết_định vốn điều_lệ khi thành_lập và điều_chỉnh vốn điều_lệ trong quá_trình hoạt_động ; 

c ) Quyết_định bổ_nhiệm , bổ_nhiệm lại , miễn_nhiệm , từ_chức , khen_thưởng , kỷ_luật Chủ_tịch Hội_đồng thành_viên , Tổng_giám_đốc Tổng_công_ty ; 

d ) Phê_duyệt chiến_lược , kế_hoạch sản_xuất kinh_doanh và kế_hoạch đầu_tư phát_triển 5 năm . 

3 . Bộ Tài_chính : 

a ) Đề_nghị Thủ_tướng Chính_phủ quyết_định thành_lập , mục_tiêu , nhiệm_vụ và ngành , nghề kinh_doanh ;  tổ_chức lại , chuyển_đổi sở_hữu , giải_thể và yêu_cầu phá_sản .  Thẩm_định , trình Thủ_tướng Chính_phủ phê_duyệt Đề_án thành_lập công_ty_con 100 % vốn nhà_nước ;  chủ_trương thành_lập , tổ_chức lại , giải_thể chi_nhánh , văn_phòng đại_diện và các đơn_vị hạch_toán phụ_thuộc khác ; 

b ) Trình Chính_phủ ban_hành Điều_lệ , sửa_đổi và bổ_sung Điều_lệ ; 

c ) Đề_nghị Thủ_tướng Chính_phủ quyết_định_mức vốn điều_lệ và điều_chỉnh vốn điều_lệ ; 

d ) Đề_nghị Thủ_tướng Chính_phủ quyết_định bổ_nhiệm , bổ_nhiệm lại , miễn_nhiệm , từ_chức , khen_thưởng , kỷ_luật Chủ_tịch Hội_đồng thành_viên , Tổng_giám_đốc Tổng_công_ty ; 

đ ) Đề_nghị Thủ_tướng Chính_phủ phê_duyệt chiến_lược , kế_hoạch sản_xuất kinh_doanh và kế_hoạch đầu_tư phát_triển 5 năm ; 

e ) Quyết_định bổ_nhiệm , bổ_nhiệm lại , miễn_nhiệm , từ_chức , khen_thưởng , kỷ_luật thành_viên Hội_đồng thành_viên , Kiểm_soát viên và trả lương cho chức_danh Kiểm_soát viên ; 

g ) Phê_duyệt danh_mục các dự_án đầu_tư nhóm A , B hàng năm và thông_báo Bộ Kế_hoạch và Đầu_tư để tổng_hợp , giám_sát ; 

h ) Phê_duyệt chủ_trương thay_đổi tỷ_lệ sở_hữu của Tổng_công_ty tại các doanh_nghiệp thuộc danh_mục Nhà_nước phải giữ cổ_phần chi_phối ;  việc tiếp_nhận doanh_nghiệp tự_nguyện tham_gia làm công_ty_con , công_ty liên_kết ; 

i ) Phê_duyệt chủ_trương vay , cho vay , mua , bán tài_sản có giá_trị bằng hoặc lớn hơn 50 % vốn điều_lệ hoặc một tỷ_lệ khác nhỏ hơn được quy_định tại Điều_lệ Tổng_công_ty ;  phê_duyệt chủ_trương vay nợ nước_ngoài của Tổng_công_ty ; 

k ) Quyết_định lương của Chủ_tịch và thành_viên Hội_đồng thành_viên , Tổng_giám_đốc , Kiểm_soát viên , quỹ lương hằng năm của Hội_đồng thành_viên ; 

l ) Chấp_thuận để Hội_đồng thành_viên phê_duyệt báo_cáo tài_chính , phân_phối lợi_nhuận , trích_lập và sử_dụng các quỹ ; 

m ) Đề_nghị Thủ_tướng Chính_phủ phê_duyệt Đề_án tổng_thể sắp_xếp , đổi_mới Tổng_công_ty ; 

n ) Thực_hiện giám_sát , kiểm_tra và thanh_tra việc chấp_hành pháp_luật ;  việc quản_lý , sử_dụng , bảo_toàn và phát_triển vốn ;  việc thực_hiện chiến_lược , kế_hoạch ;  việc thực_hiện chế_độ tuyển_dụng , tiền_lương , tiền thưởng của Tổng_công_ty .  Đánh_giá việc thực_hiện mục_tiêu , nhiệm_vụ , ngành , nghề kinh_doanh được giao và kết_quả hoạt_động , hiệu_quả sản_xuất kinh_doanh của Tổng_công_ty .  Đánh_giá đối_với Chủ_tịch và thành_viên Hội_đồng thành_viên , Kiểm_soát viên , Tổng_giám_đốc , Phó_Tổng_giám_đốc , Kế_toán_trưởng trong việc quản_lý , điều_hành Tổng_công_ty . 

4 . Hội_đồng thành_viên Tổng_công_ty : 

a ) Quyết_định chiến_lược , kế_hoạch sản_xuất kinh_doanh và kế_hoạch đầu_tư phát_triển 5 năm của Tổng_công_ty sau khi đề_nghị và được cấp có thẩm_quyền phê_duyệt . 

b ) Quyết_định kế_hoạch sản_xuất kinh_doanh và kế_hoạch đầu_tư phát_triển hàng năm của Tổng_công_ty và gửi quyết_định đến Bộ Tài_chính , Bộ Kế_hoạch và Đầu_tư để tổng_hợp , giám_sát .

c ) Đề_nghị cấp có thẩm_quyền việc bổ_nhiệm , bổ_nhiệm lại , miễn_nhiệm , từ_chức , khen_thưởng , kỷ_luật đối_với thành_viên Hội_đồng thành_viên . 

d ) Quyết_định bổ_nhiệm , bổ_nhiệm lại , miễn_nhiệm , từ_chức , ký hợp_đồng , chấm_dứt hợp_đồng , khen_thưởng , kỷ_luật Phó_Tổng_giám_đốc , Kế_toán_trưởng Tổng_công_ty . 

đ ) Đề_nghị cấp có thẩm_quyền điều_chỉnh vốn điều_lệ ;  sửa_đổi , bổ_sung Điều_lệ Tổng_công_ty ;  tổ_chức lại , chuyển_đổi sở_hữu , giải_thể và yêu_cầu phá_sản Tổng_công_ty . 

e ) Quyết_định việc góp vốn , nắm giữ , tăng , giảm vốn của Tổng_công_ty tại các doanh_nghiệp ;  đối_với các nội_dung quy_định tại Điểm h Khoản 3 Điều này Hội_đồng thành_viên quyết_định sau khi đề_nghị và được Bộ Tài_chính phê_duyệt chủ_trương . 

g ) Cử Người đại_diện phần vốn góp của Tổng_công_ty tại doanh_nghiệp khác ;  cho ý_kiến bằng văn_bản để Người đại_diện phần vốn góp của Tổng_công_ty tham_gia biểu_quyết các nội_dung quy_định tại Nghị_định này . 

h ) Quyết_định hoặc ủy_quyền Tổng_giám_đốc quyết_định dự_án đầu_tư , hợp_đồng vay , cho vay , mua , bán tài_sản trong phạm_vi thẩm_quyền được quy_định tại Điều_lệ Tổng_công_ty và các quy_định của pháp_luật . 

i ) Đề_nghị Bộ Tài_chính phê_duyệt chủ_trương vay nợ nước_ngoài . 

k ) Quyết_định thành_lập , tổ_chức lại , giải_thể chi_nhánh , văn_phòng đại_diện và các đơn_vị hạch_toán phụ_thuộc khác sau khi đề_nghị và được cấp có thẩm_quyền phê_duyệt chủ_trương . 

l ) Quy_định các quy_chế quản_lý nội_bộ của Tổng_công_ty .  Phê_duyệt báo_cáo tài_chính , phân_phối lợi_nhuận , trích_lập và sử_dụng các quỹ sau khi được cấp có thẩm_quyền chấp_thuận . 

m ) Quyết_định lương đối_với các chức_danh do Hội_đồng thành_viên bổ_nhiệm . 

n ) Quyết_định các giải_pháp phát_triển thị_trường , tiếp_thị và công_nghệ của Tổng_công_ty . 

o ) Quyền , trách_nhiệm của Hội_đồng thành_viên Tổng_công_ty đối_với công_ty_con do Tổng_công_ty đầu_tư 100 % vốn điều_lệ : 

- Quyết_định thành_lập , mục_tiêu , nhiệm_vụ và ngành , nghề kinh_doanh ;  tổ_chức lại , chuyển_đổi sở_hữu , giải_thể và yêu_cầu phá_sản sau khi được cấp có thẩm_quyền phê_duyệt ; 

- Phê_duyệt Điều_lệ , sửa_đổi và bổ_sung Điều_lệ ; 

- Quyết_định vốn điều_lệ khi thành_lập và điều_chỉnh vốn điều_lệ trong quá_trình hoạt_động của công_ty ; 

- Quyết_định bổ_nhiệm , bổ_nhiệm lại , miễn_nhiệm , từ_chức , khen_thưởng , kỷ_luật Chủ_tịch và thành_viên Hội_đồng thành_viên hoặc Chủ_tịch công_ty , Tổng_giám_đốc ( Giám_đốc ) , Kiểm_soát viên ; 

- Phê_duyệt chiến_lược , kế_hoạch sản_xuất kinh_doanh và kế_hoạch đầu_tư phát_triển 05 năm ; 

- Phê_duyệt chủ_trương vay , cho vay , mua , bán tài_sản có giá_trị bằng hoặc lớn hơn 50 % vốn điều_lệ của công_ty hoặc một tỷ_lệ khác nhỏ hơn quy_định tại Điều_lệ của công_ty ; 

- Phê_duyệt báo_cáo tài_chính hàng năm , phân_phối lợi_nhuận , trích_lập và sử_dụng các quỹ . 

p ) Thực_hiện sắp_xếp , đổi_mới Tổng_công_ty sau khi được cấp có thẩm_quyền phê_duyệt Đề_án tổng_thể . 

q ) Chịu trách_nhiệm quản_lý và điều_hành Tổng_công_ty tuân_thủ đúng quy_định của pháp_luật và các quyết_định của chủ sở_hữu ;  quản_lý sử_dụng , bảo_toàn và phát_triển vốn có hiệu_quả ;  báo_cáo kịp_thời cho chủ sở_hữu về việc doanh_nghiệp hoạt_động thua_lỗ , không bảo_đảm khả_năng thanh_toán , không hoàn_thành mục_tiêu , nhiệm_vụ do chủ sở_hữu giao hoặc những trường_hợp sai_phạm khác . 

Điều 38 .  Quan_hệ của Tổng_công_ty với các Bộ , ngành , địa_phương 

1 . Các Bộ , ngành liên_quan thực_hiện quản_lý nhà_nước đối_với Tổng_công_ty theo chức_năng quản_lý nhà_nước chuyên_ngành phù_hợp với quy_định của pháp_luật . 

2 . Ủy_ban nhân_dân cấp tỉnh thực_hiện quản_lý nhà_nước đối_với Tổng_công_ty trong việc chấp_hành các quy_định quản_lý hành_chính trên địa_bàn theo quy_định của pháp_luật . 

3 . Các Bộ , ngành , Ủy_ban nhân_dân cấp tỉnh thực_hiện : 

a ) Cung_cấp thông_tin về tình_hình thực_hiện kế_hoạch sắp_xếp , chuyển_đổi của các doanh_nghiệp thuộc đối_tượng chuyển_giao cho Tổng_công_ty ; 

b ) Chỉ_đạo hoạt_động sắp_xếp doanh_nghiệp thuộc phạm_vi quản_lý ;  thực_hiện chuyển_giao quyền đại_diện chủ sở_hữu nhà_nước tại các doanh_nghiệp sau khi sắp_xếp cho Tổng_công_ty ; 

c ) Phối_hợp với Tổng_công_ty : 

- Xử_lý các tồn_tại , vướng_mắc của doanh_nghiệp chuyển_giao ; 

- Có ý_kiến với Tổng_công_ty về việc bán vốn nhà_nước tại các doanh_nghiệp cung_ứng sản_phẩm , dịch_vụ công_ích đã nhận chuyển_giao và doanh_nghiệp được giao quản_lý đất nông , lâm_trường ; 

- Sắp_xếp , giải_quyết xử_lý chế_độ cho Người đại_diện do các Bộ , ngành , Ủy_ban nhân_dân cấp tỉnh cử sau khi Tổng_công_ty thực_hiện bán_hết phần vốn nhà_nước tại doanh_nghiệp . 

d ) Chỉ_đạo các sở , ban , ngành liên_quan phối_hợp với Tổng_công_ty thực_hiện bán vốn nhà_nước tại doanh_nghiệp . 

4 . Tổng_công_ty có trách_nhiệm : 

a ) Chủ_động phối_hợp với các Bộ , ngành , Ủy_ban nhân_dân cấp tỉnh : 

- Xử_lý các tồn_tại , vướng_mắc cho doanh_nghiệp nhận chuyển_giao ; 

- Thỏa_thuận với Ủy_ban nhân_dân cấp tỉnh về việc bán vốn nhà_nước tại các doanh_nghiệp cung_ứng sản_phẩm , dịch_vụ công_ích đã nhận chuyển_giao và doanh_nghiệp được giao quản_lý đất nông , lâm_trường ; 

- Phối_hợp với các Bộ , ngành , Ủy_ban nhân_dân cấp tỉnh thực_hiện chế_độ cho Người đại_diện vốn . 

b ) Định_kỳ cung_cấp cho các Bộ , ngành và Ủy_ban nhân_dân cấp tỉnh thông_tin sau : 

- Tình_hình hoạt_động_sản_xuất kinh_doanh của doanh_nghiệp ; 

- Các thay_đổi về Người đại_diện vốn nhà_nước kiêm_nhiệm hiện đang làm_việc tại các Bộ , ngành hoặc sở , ban , ngành của địa_phương tại doanh_nghiệp ; 

- Các trường_hợp bán_hết phần vốn nhà_nước tại doanh_nghiệp ; 

- Các thông_tin có liên_quan khác . 

Điều 39 .  Hiệu_lực thi_hành và tổ_chức thực_hiện 

Nghị_định này có hiệu_lực thi_hành kể từ ngày 20 tháng 12 năm 2013 . 

Những quy_định tại các <QĐ rel="DaC"> Quyết_định số : 151/2005/QĐ-TTg và 152/2005/QĐ-TTg ngày 20 tháng 6 năm 2005 </QĐ> trái với quy_định tại Nghị_định này thì thực_hiện theo quy_định tại Nghị_định này .
Bộ_trưởng , Thủ_trưởng cơ_quan ngang Bộ , Thủ_trưởng cơ_quan thuộc Chính_phủ , Chủ_tịch Ủy_ban nhân_dân các tỉnh , thành_phố trực_thuộc Trung_ương và Hội_đồng thành_viên Tổng_công_ty chịu trách_nhiệm thi_hành Nghị_định này . 

Trong quá_trình thực_hiện , nếu có vướng_mắc , Hội_đồng thành_viên Tổng_công_ty phản_ánh về Bộ Tài_chính để nghiên_cứu tổng_hợp trình Chính_phủ sửa_đổi , bổ_sung ./. 