Thông tư Quy định mẫu biên bản, mẫu quyết định sử dụng để xử phạt vi phạm hành chính trong lĩnh vực hàng không dân dụng

Căn_cứ <L rel="CC"> Luật Hàng_không dân_dụng Việt_Nam ngày 29 tháng 6 năm 2006 </L> và <L rel="CC"> Luật sửa_đổi , bổ_sung một_số điều của <L rel="none"> Luật Hàng_không dân_dụng Việt_Nam </L> ngày 21 tháng 11 năm 2014 </L> ;
Căn_cứ <L rel="CC"> Luật Xử_lý vi_phạm hành_chính ngày 20 tháng 6 năm 2012 </L> ;
Căn_cứ <NĐ rel="CC"> Nghị_định số 12/2017/NĐ-CP ngày 10 tháng 02 năm 2017 </NĐ> của Chính_phủ quy_định chức_năng , nhiệm_vụ , quyền_hạn và cơ_cấu tổ_chức của Bộ Giao_thông vận_tải ;
Căn_cứ <NĐ rel="CC"> Nghị_định số 81/2013/NĐ-CP ngày 19 tháng 7 năm 2013 </NĐ> của Chính_phủ quy_định chi_tiết một_số điều và biện_pháp thi_hành <L rel="none"> Luật Xử_lý vi_phạm hành_chính </L> và <NĐ rel="none"> Nghị_định số 97/2017/NĐ-CP ngày 18 tháng 8 năm 2017 </NĐ> của Chính_phủ về sửa_đổi , bổ_sung một_số điều của <NĐ rel="none"> Nghị_định số 81/2013/NĐ-CP ngày 19 tháng 7 năm 2013 </NĐ> của Chính_phủ quy_định chi_tiết một_số điều và biện_pháp thi_hành <L rel="none"> Luật xử_lý vi_phạm hành_chính </L> ;
Điều 1 .  Phạm_vi điều_chỉnh 

Thông_tư này ban_hành mẫu biên_bản và mẫu quyết_định xử_phạt vi_phạm hành_chính trong lĩnh_vực hàng_không dân_dụng . 

Điều 2 .  Đối_tượng áp_dụng 

Thông_tư này áp_dụng đối_với các cá_nhân , tổ_chức có hành_vi vi_phạm hành_chính trong lĩnh_vực hàng_không dân_dụng ;  người có thẩm_quyền lập biên_bản vi_phạm , quyết_định xử_phạt vi_phạm hành_chính trong lĩnh_vực hàng_không dân_dụng và cá_nhân , tổ_chức có liên_quan đến việc xử_phạt vi_phạm hành_chính trong lĩnh_vực hàng_không dân_dụng . 

Điều 3 .  Mẫu biên_bản và quyết_định xử_phạt vi_phạm hành_chính trong lĩnh_vực hàng_không dân_dụng 

1 . Ban_hành kèm theo Thông_tư này Phụ_lục mẫu biên_bản , mẫu quyết_định xử_phạt vi_phạm hành_chính trong lĩnh_vực hàng_không dân_dụng . 

2 . Ngoài các mẫu biên_bản , mẫu quyết_định quy_định tại khoản 1 Điều này , người có thẩm_quyền có_thể áp_dụng các mẫu biên_bản , mẫu quyết_định khác ban_hành kèm theo <NĐ rel="DaC"> Nghị_định số 97/2017/NĐ-CP ngày 18 tháng 8 năm 2017 </NĐ> sửa_đổi , bổ_sung một_số điều của <NĐ rel="none"> Nghị_định số 81/2013/NĐ-CP ngày 19 tháng 7 năm 2013 </NĐ> của Chính_phủ quy_định chi_tiết một_số điều và biện_pháp thi_hành <L rel="none"> Luật Xử_lý vi_phạm hành_chính </L> .
Điều 4 .  Hiệu_lực thi_hành 

Thông_tư này có hiệu_lực kể từ ngày 15 tháng 7 năm 2018 và thay_thế <TT rel="BTT"> Thông_tư số 53/2013/TT-BGTVT ngày 13 tháng 12 năm 2013 </TT> của Bộ_trưởng Bộ Giao_thông vận_tải ban_hành mẫu biên_bản , mẫu quyết_định xử_phạt vi_phạm hành_chính trong lĩnh_vực hàng_không dân_dụng .
Điều 5 .  Tổ_chức thực_hiện 

Chánh_Văn_phòng Bộ , Chánh Thanh_tra Bộ , Vụ_trưởng các Vụ , Cục_trưởng Cục Hàng_không Việt_Nam , Thủ_trưởng cơ_quan , đơn_vị và cá_nhân có liên_quan chịu trách_nhiệm thi_hành Thông_tư này ./. 