Nghị định Sửa đổi, bổ sung một số điều của Nghị định số 42/2010/NĐ-CP ngày 15 tháng 4 năm 2010 của Chính phủ quy định chi tiết thi hành một số điều của Luật Thi đua, Khen thưởng và Luật sửa đổi, bổ sung một số điều của Luật Thi đua, Khen thưởng

Căn_cứ <L rel="CC"> Luật Tổ_chức Chính_phủ ngày 25 tháng 12 năm 2001 </L> ;
Căn_cứ <L rel="CC"> Luật Thi_đua , khen_thưởng ngày 26 tháng 11 năm 2003 </L> và <L rel="CC"> Luật sửa_đổi , bổ_sung một_số điều của <L rel="none"> Luật Thi_đua , khen_thưởng </L> ngày 14 tháng 6 năm 2005 </L> ;
Căn_cứ Điều 3 <L rel="CC"> Luật số 32/2009/QH12 ngày 18 tháng 6 năm 2009 </L> sửa_đổi , bổ_sung một_số điều của <L rel="none"> Luật Di_sản văn_hóa </L> ;
Điều 1 . Sửa_đổi , bổ_sung một_số điều của <NĐ rel="DSD"> Nghị_định số 42/2010/NĐ-CP </NĐ> ngày 15 tháng 4 năm 2010 của Chính_phủ quy_định chi_tiết thi_hành một_số điều của <L rel="none"> Luật Thi_đua , khen_thưởng </L> và <L rel="none"> Luật sửa_đổi , bổ_sung một_số điều của <L rel="none"> Luật Thi_đua , khen_thưởng </L> </L> ( sau đây gọi tắt là <NĐ rel="DSD"> Nghị_định số 42/2010/NĐ-CP </NĐ> ) như sau :
1 . Sửa_đổi Điểm_c Khoản 15 Điều 53 như sau : 

“ Điều 53 .  Quy_định chung về thủ_tục khen_thưởng 

15 . 

c ) Khi có văn_bản xin ý_kiến của Ban Thi_đua – Khen_thưởng Trung_ương trong thời_hạn 10 ngày làm_việc kể từ khi nhận được văn_bản đề_nghị ( tính theo dấu bưu_điện ) , cơ_quan được xin ý_kiến có trách_nhiệm trả_lời .  Sau 10 ngày làm_việc , nếu không có ý_kiến trả_lời , Ban Thi_đua – Khen_thưởng Trung_ương sẽ tiến_hành các thủ_tục trình khen_thưởng theo quy_định .  ” 

2 . Sửa_đổi Khoản 16 Điều 53 như sau : 

“ 16 .  Đối_với những đơn_vị có nghĩa_vụ nộp ngân_sách nhà_nước , khi trình các hình_thức khen_thưởng : Cờ thi_đua , Bằng khen , Chiến_sỹ thi_đua cấp Bộ , ngành , đoàn_thể trung_ương , tỉnh , thành_phố trực_thuộc trung_ương , Tập_thể lao_động xuất_sắc và các hình_thức khen_thưởng cấp nhà_nước cho tập_thể hoặc cá_nhân là thủ_trưởng đơn_vị , trong báo_cáo thành_tích phải kê_khai rõ các nội_dung sau : 

a ) Số tiền thuế và các khoản thu khác thực_tế đã nộp trong năm so với đăng_ký ; 

b ) Tỷ_lệ % về số nộp ngân_sách nhà_nước so với năm trước ; 

c ) Cam_kết đã nộp đủ , đúng các loại thuế , các khoản thu khác theo quy_định của pháp_luật và nộp đúng thời_hạn . 

Việc thẩm_định mức_độ hoàn_thành nghĩa_vụ nộp ngân_sách nhà_nước do cấp Bộ , cấp tỉnh lấy ý_kiến của cơ_quan quản_lý thuế có thẩm_quyền và chịu trách_nhiệm trước pháp_luật về tính trung_thực đối_với kết_quả thẩm_định .  ” 

3 . Sửa_đổi Khoản 18 Điều 53 như sau : 

“ 18 .  Ban Thi_đua – Khen_thưởng Trung_ương thẩm_định hồ_sơ khen_thưởng và trình Thủ_tướng Chính_phủ trong thời_hạn 10 ngày làm_việc ( 20 ngày làm_việc đối_với trường_hợp phải lấy ý_kiến hiệp_y ) , kể từ ngày nhận đủ hồ_sơ theo quy_định .  Việc xem_xét hồ_sơ đề_nghị tặng danh_hiệu Anh_hùng được thực_hiện theo Quy_chế hoạt_động của Hội_đồng Thi_đua – Khen_thưởng Trung_ương . 

a ) Thời_gian thẩm_định hồ_sơ khen_thưởng tại cấp xã , cấp huyện thuộc tỉnh , thành_phố trực_thuộc trung_ương và tại cấp Bộ , ban , ngành , đoàn_thể Trung_ương : 

Đối_với hình_thức khen_thưởng thường_xuyên thuộc thẩm_quyền quyết_định của cấp xã , cấp huyện : cơ_quan thi_đua , khen_thưởng thẩm_định hồ_sơ khen_thưởng và trình cấp có thẩm_quyền trong thời_hạn 10 ngày làm_việc , kể từ ngày nhận đủ hồ_sơ theo quy_định . 

b ) Thời_gian thẩm_định hồ_sơ khen_thưởng tại cấp Bộ , ban , ngành , đoàn_thể Trung_ương , tỉnh , thành_phố trực_thuộc trung_ương : 

Đối_với hình_thức khen_thưởng thuộc thẩm_quyền quyết_định của cấp Bộ , ban , ngành , đoàn_thể Trung_ương , tỉnh , thành_phố trực_thuộc trung_ương , cơ_quan thi_đua , khen_thưởng thẩm_định hồ_sơ khen_thưởng và trình cấp có thẩm_quyền trong thời_hạn 15 ngày làm_việc từ ngày nhận đủ hồ_sơ theo quy_định . 

Đối_với việc trình khen_thưởng thường_xuyên cấp Nhà_nước , trong thời_hạn 20 ngày làm_việc ( 30 ngày làm_việc đối_với các hình_thức khen_thưởng : “ Huân_chương Độc_lập ” , “ Huân_chương Hồ_Chí_Minh_” , “ Huân_chương Sao vàng ” ;  danh_hiệu Anh_hùng , danh_hiệu “ Bà mẹ Việt_Nam Anh_hùng ” ;  danh_hiệu Nhà_giáo , Thầy_thuốc , Nghệ_sĩ , Nghệ_nhân ;  “ Giải_thưởng Hồ_Chí_Minh_” , “ Giải_thưởng Nhà_nước ” , “ Chiến_sĩ thi_đua toàn_quốc ” ) , kể từ ngày nhận đủ hồ_sơ theo quy_định , Bộ_trưởng , Thủ_trưởng cơ_quan ngang Bộ , thủ_trưởng cơ_quan thuộc Chính_phủ , Chánh_án Tòa_án nhân_dân tối_cao , Viện_trưởng Viện_Kiểm_sát nhân_dân tối_cao , Tổng_kiểm_toán nhà_nước , lãnh_đạo cơ_quan trung_ương của đoàn_thể , Chủ_tịch Ủy_ban nhân_dân tỉnh , thành_phố trực_thuộc trung_ương xem_xét , trình Thủ_tướng Chính_phủ . 

c ) Thời_gian thông_báo , trả kết_quả khen_thưởng : 

Sau khi nhận được thông_báo , quyết_định khen_thưởng của Chủ_tịch nước , Thủ_tướng Chính_phủ , trong thời_hạn 10 ngày làm_việc , Ban Thi_đua – Khen_thưởng Trung_ương thông_báo và trả kết_quả khen_thưởng cho đơn_vị trình khen_thưởng . 

Sau khi nhận được thông_báo , quyết_định khen_thưởng của cấp có thẩm_quyền khen_thưởng , trong thời_hạn 10 ngày làm_việc , cơ_quan trình khen_thưởng thông_báo và trả kết_quả khen_thưởng cho các trường_hợp được khen_thưởng .  ” 

4 . Sửa_đổi Khoản 21 Điều 53 như sau : 

“ 21 .  Trong thời_hạn 10 ngày làm_việc , kể từ ngày nhận được tờ_trình của Ban Thi_đua – Khen_thưởng Trung_ương và hồ_sơ theo quy_định , Văn_phòng Chính_phủ trình Thủ_tướng Chính_phủ .  Trong thời_hạn 10 ngày làm_việc , kể từ ngày có văn_bản đề_nghị của Thủ_tướng Chính_phủ và hồ_sơ theo quy_định , Văn_phòng Chủ_tịch nước trình Chủ_tịch nước xem_xét , quyết_định khen_thưởng .  ” 

5 . Bổ_sung Khoản 23 Điều 53 như sau : 

“ 23 .  Tập_thể , cá_nhân làm 01 báo_cáo thành_tích và hồ_sơ có liên_quan theo mẫu tại Phụ_lục kèm theo Nghị_định này để nộp cơ_quan , tổ_chức quyết_định khen_thưởng theo thẩm_quyền hoặc trình cấp có thẩm_quyền khen_thưởng .  Khi trình Thủ_tướng Chính_phủ , Bộ , ban , ngành , các cơ_quan , tổ_chức ở trung_ương , Ủy_ban nhân_dân cấp tỉnh đồng_thời gửi các file điện_tử của hồ_sơ trình ( ở định_dạng .  doc đối_với các tờ_trình , danh_sách , báo_cáo thành_tích của các tập_thể , cá_nhân được đề_nghị , ở định_dạng .  pdf đối_với các hồ_sơ khác có liên_quan ) đến Ban Thi_đua – Khen_thưởng Trung_ương , trừ văn_bản có nội_dung thuộc bí_mật nhà_nước .  Thẩm_định xong , Ban Thi_đua – Khen_thưởng Trung_ương gửi hồ_sơ khen_thưởng bằng văn_bản và bản điện_tử của toàn_bộ hồ_sơ khen_thưởng đến Văn_phòng Chính_phủ .  ” 

6 . Sửa_đổi Khoản 3 Điều 54 như sau : 

“ Điều 54 .  Thủ_tục xét tặng danh_hiệu “ Chiến_sĩ thi_đua toàn_quốc ” 

3 . Hồ_sơ trình Thủ_tướng Chính_phủ gồm 02 bộ ( bản_chính ) , gồm có : 

a ) Tờ_trình kèm theo danh_sách đề_nghị tặng danh_hiệu “ Chiến_sĩ thi_đua toàn_quốc ” của Bộ , ban , ngành , Văn_phòng Chủ_tịch nước , Văn_phòng Quốc_hội , Ủy_ban Trung_ương Mặt_trận Tổ_quốc Việt_Nam , cơ_quan trung_ương của các đoàn_thể , Ủy_ban nhân_dân tỉnh , thành_phố trực_thuộc trung_ương ; 

b ) Báo_cáo thành_tích của cá_nhân đề_nghị tặng danh_hiệu “ Chiến_sĩ thi_đua toàn_quốc ” ;  trong báo_cáo thành_tích phải nêu rõ nội_dung đề_tài , sáng_kiến , các giải_pháp trong công_tác và quản_lý đem lại hiệu_quả thiết_thực và trích lục ý_kiến xác_nhận của Hội_đồng Khoa_học , sáng_kiến cấp Bộ , ngành , đoàn_thể trung_ương , tỉnh , thành_phố trực_thuộc trung_ương ;  trường_hợp sáng_kiến , giải_pháp , đề_tài đã được cơ_quan có thẩm_quyền cấp giấy chứng_nhận thì gửi kèm bản_sao giấy chứng_nhận thay cho ý_kiến xác_nhận của Hội_đồng Khoa_học , sáng_kiến cấp Bộ , ngành , đoàn_thể trung_ương , tỉnh , thành_phố trực_thuộc trung_ương . 

Cá_nhân là thủ_trưởng đơn_vị thuộc đối_tượng có nghĩa_vụ nộp ngân_sách nhà_nước phải thực_hiện quy_định tại Khoản 2 Điều này ( tức_là Khoản 16 Điều 53 <NĐ rel="DaC"> Nghị_định số 42/2010/NĐ-CP </NĐ> đã được sửa_đổi tại Nghị_định này ) ;
c ) Biên_bản và kết_quả bỏ_phiếu kín của Hội_đồng Thi_đua – Khen_thưởng cấp Bộ , ban , ngành , đoàn_thể trung_ương , tỉnh , thành_phố trực_thuộc trung_ương .  Các trường_hợp đề_nghị Thủ_tướng Chính_phủ tặng danh_hiệu “ Chiến_sĩ thi_đua toàn_quốc ” phải có số phiếu đồng_ý của các thành_viên Hội_đồng từ 90 % trở lên .  ” 

7 . Bổ_sung Khoản 4 Điều 54 như sau : 

“ 4 . Hồ_sơ Ban Thi_đua – Khen_thưởng Trung_ương trình Thủ_tướng Chính_phủ gồm 01 bộ ( bản_chính ) , gồm có : Tờ_trình của Ban Thi_đua – Khen_thưởng Trung_ương trình Thủ_tướng Chính_phủ ( kèm theo danh_sách ) và toàn_bộ hồ_sơ có liên_quan quy_định tại Khoản 6 Điều này ( tức_là Khoản 3 Điều 54 <NĐ rel="DaC"> Nghị_định số 42/2010/NĐ-CP </NĐ> đã được sửa_đổi tại Nghị_định này ) . ”
8 . Sửa_đổi Khoản 1 Điều 55 như sau : 

“ Điều 55 .  Thủ_tục xét tặng danh_hiệu Chiến_sĩ thi_đua các cấp và danh_hiệu thi_đua khác 

1 . Các danh_hiệu “ Chiến_sỹ thi_đua cấp Bộ , ngành , tỉnh , đoàn_thể trung_ương ” , “ Chiến_sỹ thi_đua cơ_sở ” , “ Lao_động tiên_tiến ” , “ Chiến_sỹ tiên_tiến ” , “ Tập_thể lao_động xuất_sắc ” , “ Đơn_vị quyết_thắng ” , “ Tập_thể lao_động tiên_tiến ” , “ Đơn_vị tiên_tiến ” được xét tặng hàng năm . Thủ_tục , hồ_sơ xét tặng các danh_hiệu nêu trên thực_hiện theo quy_định tại Khoản 1 Điều 84 <L rel="DaC"> Luật thi_đua , khen_thưởng </L> . ”
9 . Bổ_sung Khoản 3 Điều 55 như sau : 

“ 3 .  Hồ_sơ đề_nghị xét tặng Cờ thi_đua , “ Chiến_sỹ thi_đua cơ_sở ” , mỗi danh_hiệu gồm 01 bộ hồ_sơ ( bản_chính ) , gồm có : 

a ) Văn_bản đề_nghị khen_thưởng của cấp trình khen_thưởng ; 

b ) Báo_cáo thành_tích của các trường_hợp đề_nghị khen_thưởng ; 

c ) Biên_bản và kết_quả bỏ_phiếu kín của Hội_đồng Thi_đua – Khen_thưởng cấp trình khen_thưởng .  ” 

10 .  Sửa_đổi Khoản 5 Điều 56 như sau : 

“ Điều 56 .  Hồ_sơ , thủ_tục xét tặng “ Cờ thi_đua của Chính_phủ ” 

5 . Hồ_sơ đề_nghị Thủ_tướng Chính_phủ tặng “ Cờ thi_đua của Chính_phủ ” gồm 02 bộ ( bản_chính ) , gồm có : 

a ) Tờ_trình ( kèm theo danh_sách tập_thể được đề_nghị tặng “ Cờ thi_đua của Chính_phủ ” ) của Bộ , ban , ngành , Văn_phòng Chủ_tịch nước , Văn_phòng Quốc_hội , Ủy_ban Trung_ương Mặt_trận Tổ_quốc Việt_Nam , cơ_quan trung_ương của các đoàn_thể , Ủy_ban nhân_dân tỉnh , thành_phố trực_thuộc trung_ương ; 

b ) Báo_cáo thành_tích của tập_thể được đề_nghị tặng “ Cờ thi_đua của Chính_phủ ” ; 

c ) Biên_bản và kết_quả bỏ_phiếu kín của Hội_đồng Thi_đua – Khen_thưởng cấp Bộ , ban , ngành , đoàn_thể trung_ương , cấp tỉnh , thành_phố trực_thuộc trung_ương .  ” 

11 .  Bổ_sung Khoản 7 Điều 56 như sau : 

“ 7 . Hồ_sơ Ban Thi_đua – Khen_thưởng Trung_ương trình Thủ_tướng Chính_phủ gồm 01 bộ ( bản_chính ) , gồm có : Tờ_trình của Ban Thi_đua – Khen_thưởng Trung_ương trình Thủ_tướng Chính_phủ ( kèm theo danh_sách ) và hồ_sơ có liên_quan quy_định tại Khoản 10 Điều này ( tức_là Khoản 5 Điều 56 <NĐ rel="DaC"> Nghị_định số 42/2010/NĐ-CP </NĐ> đã được sửa_đổi tại Nghị_định này ) . ”
12 .  Sửa_đổi Khoản 4 Điều 57 như sau : 

“ Điều 57 .  Hồ_sơ , thủ_tục xét tặng Huân_chương các loại 

4 . Hồ_sơ đề_nghị tặng Huân_chương các loại , mỗi loại 03 bộ ( bản_chính ) , gồm có : 

a ) Tờ_trình của Bộ , ban , ngành , Văn_phòng Chủ_tịch nước , Văn_phòng Quốc_hội , Tòa_án nhân_dân tối_cao , Viện_Kiểm_sát nhân_dân tối_cao , Kiểm_toán Nhà_nước , Ủy_ban Trung_ương Mặt_trận Tổ_quốc Việt_Nam , cơ_quan Trung_ương của các đoàn_thể , Ủy_ban nhân_dân tỉnh , thành_phố trực_thuộc trung_ương ; 

c ) Biên_bản của Hội_đồng Thi_đua – Khen_thưởng cấp Bộ , ban , ngành , đoàn_thể Trung_ương , tỉnh , thành_phố trực_thuộc trung_ương ” . 

13 .  Sửa_đổi Khoản 5 Điều 57 như sau : 

“ 5 .  Hồ_sơ đề_nghị khen_thưởng cho người nước_ngoài và người Việt_Nam ở nước_ngoài gồm 03 bộ ( bản_chính ) , gồm có : Tờ_trình của Bộ , ban , ngành , đoàn_thể Trung_ương , tỉnh , thành_phố trực_thuộc trung_ương và báo_cáo thành_tích cá_nhân do cơ_quan trình khen_thưởng thực_hiện .  ” 

14 .  Bổ_sung Khoản 6 Điều 57 như sau : 

“ 6 . Hồ_sơ Ban Thi_đua – Khen_thưởng Trung_ương trình Thủ_tướng Chính_phủ gồm 02 bộ ( bản_chính ) , gồm có : Tờ_trình của Ban Thi_đua – Khen_thưởng Trung_ương trình Thủ_tướng Chính_phủ ( kèm theo danh_sách ) và hồ_sơ có liên_quan quy_định tại các Khoản 12 và 13 Điều này ( tức_là các Khoản 4 và 5 Điều 57 <NĐ rel="DaC"> Nghị_định số 42/2010/NĐ-CP </NĐ> đã được sửa_đổi tại Nghị_định này ) . ”
Sửa_đổi Khoản 2 Điều 58 như sau : 

“ Điều 58 .  Hồ_sơ , thủ_tục xét tặng “ Bằng khen của Thủ_tướng Chính_phủ ” 

2 . Hồ_sơ đề_nghị tặng “ Bằng khen của Thủ_tướng Chính_phủ ” gồm 02 bộ ( bản_chính ) , gồm có : 

a ) Tờ_trình của Bộ , ban , ngành , đoàn_thể Trung_ương , Ủy_ban nhân_dân tỉnh , thành_phố trực_thuộc trung_ương ; 

c ) Biên_bản của Hội_đồng Thi_đua – Khen_thưởng cấp Bộ , ban , ngành , đoàn_thể Trung_ương , tỉnh , thành_phố trực_thuộc trung_ương .  ” 

16 .  Sửa_đổi Khoản 3 Điều 58 như sau : 

“ 3 . Hồ_sơ Ban Thi_đua – Khen_thưởng Trung_ương trình Thủ_tướng Chính_phủ gồm 01 bộ ( bản_chính ) , gồm có : Tờ_trình của Ban Thi_đua – Khen_thưởng trình Thủ_tướng Chính_phủ ( kèm theo danh_sách ) và hồ_sơ có liên_quan quy_định tại Khoản 15 Điều này ( tức_là Khoản 2 Điều 58 <NĐ rel="DaC"> Nghị_định số 42/2010/NĐ-CP </NĐ> đã được sửa_đổi tại Nghị_định này ) . ”
17 .  Sửa_đổi tên gọi của Điều 59 như sau : 

“ Điều 59 .  Thủ_tục xét tặng “ Huân_chương Đại_đoàn_kết dân_tộc ” . 

18 .  Sửa_đổi Khoản 2 Điều 60 như sau : 

“ Điều 60 .  Hồ_sơ , thủ_tục xét tặng Huy_chương 

2 . Hồ_sơ đề_nghị tặng Huy_chương gồm 03 bộ ( bản_chính ) , gồm có : 

a ) Tờ_trình của Bộ , ban , ngành , đoàn_thể Trung_ương , tỉnh , thành_phố trực_thuộc trung_ương ; 

b ) Bản danh_sách trích_ngang của các trường_hợp đề_nghị khen_thưởng Huy_chương .  ” 

19 .  Bổ_sung Khoản 3 Điều 60 như sau : 

“ 3 . Hồ_sơ Ban Thi_đua – Khen_thưởng Trung_ương trình Thủ_tướng Chính_phủ gồm 02 bộ ( bản_chính ) , gồm có : Tờ_trình của Ban Thi_đua – Khen_thưởng Trung_ương trình Thủ_tướng Chính_phủ và hồ_sơ có liên_quan quy_định tại Khoản 18 Điều này ( tức_là Khoản 2 Điều 60 <NĐ rel="DaC"> Nghị_định số 42/2010/NĐ-CP </NĐ> đã được sửa_đổi tại Nghị_định này ) . ”
20 .  Sửa_đổi Khoản 3 Điều 61 như sau : 

“ Điều 61 .  Hồ_sơ , thủ_tục đơn_giản 

3 . Hồ_sơ đề_nghị khen_thưởng theo thủ_tục đơn_giản gồm 03 bộ ( bản_chính ) , gồm có : 

b ) Bản tóm_tắt thành_tích của cơ_quan , đơn_vị quản_lý trực_tiếp , trong đó ghi rõ hành_động , thành_tích , công_trạng để đề_nghị khen_thưởng theo thủ_tục đơn_giản .  ” 

21 .  Bổ_sung Khoản 5 Điều 61 như sau : 

“ 5 . Hồ_sơ Ban Thi_đua – Khen_thưởng Trung_ương trình Thủ_tướng Chính_phủ gồm 02 bộ ( bản_chính ) , gồm có : Tờ_trình của Ban Thi_đua – Khen_thưởng Trung_ương trình Thủ_tướng Chính_phủ và hồ_sơ có liên_quan quy_định tại Khoản 20 Điều này ( tức_là Khoản 3 Điều 61 <NĐ rel="DaC"> Nghị_định số 42/2010/NĐ-CP </NĐ> đã được sửa_đổi Nghị_định này ) . ”
22 .  Bổ_sung Khoản 3 Điều 62 như sau : 

“ Điều 62 .  Hồ_sơ , thủ_tục xét tặng danh_hiệu “ Bà mẹ Việt_Nam Anh_hùng ” 

3 . Hồ_sơ Ban Thi_đua – Khen_thưởng Trung_ương trình Thủ_tướng Chính_phủ gồm 02 bộ ( bản_chính ) , gồm có : Tờ_trình của Ban Thi_đua – Khen_thưởng và danh_sách trích_ngang các trường_hợp đề_nghị xét tặng danh_hiệu “ Bà mẹ Việt_Nam Anh_hùng .  ” 

23 .  Sửa_đổi các Khoản 3 và 4 Điều 63 như sau : 

“ Điều 63 .  Hồ_sơ , thủ_tục xét tặng danh_hiệu “ Tỉnh anh_hùng ” , “ Thành_phố anh_hùng ” , danh_hiệu “ Anh_hùng Lao_động ” , “ Anh_hùng Lực_lượng vũ_trang nhân_dân ” 

3 . Hồ_sơ đề_nghị xét tặng danh_hiệu Anh_hùng gồm 03 bộ ( bản_chính ) , gồm có : 

a ) Tờ_trình của Bộ , ban , ngành , đoàn_thể Trung_ương , tỉnh , thành_phố trực_thuộc trung_ương ( có ý_kiến đề_nghị bằng văn_bản của cấp_ủy Đảng cùng cấp ) ; 

b ) Báo_cáo thành_tích của tập_thể , cá_nhân đề_nghị xét tặng danh_hiệu Anh_hùng có xác_nhận của cơ_quan có thẩm_quyền ; 

c ) Biên_bản và kết_quả bỏ_phiếu kín đề_nghị tặng danh_hiệu Anh_hùng của Hội_đồng Thi_đua – Khen_thưởng cấp Bộ , ngành , đoàn_thể Trung_ương , tỉnh , thành_phố trực_thuộc trung_ương : Các trường_hợp trình Thủ_tướng Chính_phủ đề_nghị Chủ_tịch nước phong_tặng danh_hiệu Anh_hùng phải có số phiếu đồng_ý của các thành_viên Hội_đồng từ 90 % trở lên . 

4 . Hồ_sơ Ban Thi_đua – Khen_thưởng Trung_ương trình Thủ_tướng Chính_phủ gồm 02 bộ ( bản_chính ) , gồm có : Tờ_trình của Ban Thi_đua – Khen_thưởng Trung_ương trình Thủ_tướng Chính_phủ ( kèm theo danh_sách ) và hồ_sơ có liên_quan quy_định tại Khoản này ( tức_là Khoản 3 Điều 63 <NĐ rel="DaC"> Nghị_định số 42/2010/NĐ-CP </NĐ> đã được sửa_đổi tại Nghị_định này ) . "
24 .  Sửa_đổi các Khoản 2 và 4 Điều 64 như sau : 

" Điều 64 .  Hồ_sơ , thủ_tục xét tặng danh_hiệu " Nhà_giáo , Thầy_thuốc , Nghệ_sĩ , Nghệ_nhân " 

" 2 .  Bộ Giáo_dục và Đào_tạo soạn_thảo , trình Chính_phủ ban_hành Nghị_định quy_định tiêu_chuẩn , quy_trình , thủ_tục , hồ_sơ đề_nghị xét tặng danh_hiệu " Nhà_giáo Nhân_dân " , " Nhà_giáo ưu_tú " . 

Bộ Y_tế soạn_thảo , trình Chính_phủ ban_hành Nghị_định quy_định tiêu_chuẩn , quy_trình , thủ_tục , hồ_sơ đề_nghị xét tặng danh_hiệu " Thầy_thuốc nhân_dân " , " Thầy_thuốc ưu_tú " . 

Bộ Văn_hóa , Thể_thao và Du_lịch soạn_thảo , trình Chính_phủ ban_hành Nghị_định quy_định tiêu_chuẩn , quy_trình , thủ_tục , hồ_sơ đề_nghị xét tặng danh_hiệu " Nghệ_sĩ nhân_dân " , " Nghệ_sĩ ưu_tú " . 

Bộ Văn_hóa , Thể_thao và Du_lịch chủ_trì , phối_hợp với Bộ Công_Thương soạn_thảo , trình Chính_phủ ban_hành Nghị_định quy_định tiêu_chuẩn , quy_trình , thủ_tục , hồ_sơ đề_nghị xét tặng danh_hiệu " Nghệ_sĩ nhân_dân " , " Nghệ_nhân ưu_tú " . 

4 . Hồ_sơ trình các danh_hiệu " Nhà_giáo , Thầy_thuốc , Nghệ_sĩ , Nghệ_nhân " nhân_dân , ưu_tú gồm 03 bộ ( bản_chính ) , gồm có : 

a ) Tờ_trình của Hội_đồng cấp Nhà_nước ( kèm theo danh_sách ) . 

b ) Tóm_tắt thành_tích cá_nhân , có xác_nhận của Hội_đồng cấp Nhà_nước . 

c ) Biên_bản và kết_quả bỏ_phiếu kín của Hội_đồng cấp Nhà_nước .  " 

25 .  Bổ_sung Khoản 6 Điều 64 như sau : 

" 6 . Hồ_sơ Ban Thi_đua – Khen_thưởng Trung_ương trình Thủ_tướng Chính_phủ gồm 02 bộ ( bản_chính ) , gồm có : Tờ_trình của Ban Thi_đua – Khen_thưởng Trung_ương trình Thủ_tướng Chính_phủ và hồ_sơ có liên_quan quy_định tại Khoản 24 Điều này ( tức_là Khoản 4 Điều 64 <NĐ rel="DaC"> Nghị_định số 42/2010/NĐ-CP </NĐ> đã được sửa_đổi tại Nghị_định này ) . "
26 .  Sửa_đổi Khoản 4 Điều 65 như sau : 

" Điều 65 .  Hồ_sơ , thủ_tục xét tặng " Giải_thưởng Hồ_Chí_Minh " và " Giải_thưởng Nhà_nước " 

4 . Hồ_sơ trình Thủ_tướng Chính_phủ gồm 03 bộ ( bản_chính ) , gồm có : 

a ) Tờ_trình của Hội_đồng cấp Nhà_nước ; 

b ) Báo_cáo thành_tích và các văn_bản , tư_liệu của tác_giả có liên_quan đến công_trình , tác_phẩm , cụm công_trình , cụm tác_phẩm , có xác_nhận của cơ_quan có thẩm_quyền ; 

c ) Biên_bản và kết_quả bỏ_phiếu kín của Hội_đồng giải_thưởng cấp Nhà_nước .  " 

27 .  Sửa_đổi Khoản 5 Điều 65 như sau : 

" 5 .  Bộ Khoa_học và Công_nghệ soạn_thảo , trình Chính_phủ ban_hành Nghị_định quy_định tiêu_chuẩn , quy_trình , thủ_tục , hồ_sơ đề_nghị xét tặng " Giải_thưởng Hồ_Chí_Minh " và " Giải_thưởng Nhà_nước " về khoa_học và công_nghệ . 

Bộ Văn_hóa , Thể_thao và Du_lịch soạn_thảo , trình Chính_phủ ban_hành nghị_định quy_định tiêu_chuẩn , quy_trình , thủ_tục , hồ_sơ đề_nghị xét tặng " Giải_thưởng Hồ_Chí_Minh " và " Giải_thưởng Nhà_nước " về văn_học , nghệ_thuật .  " 

28 .  Bổ_sung Khoản 6 Điều 65 như sau : 

" 6 . Hồ_sơ Ban Thi_đua – Khen_thưởng Trung_ương trình Thủ_tướng Chính_phủ gồm 02 bộ ( bản_chính ) , gồm có : Tờ_trình của Ban Thi_đua – Khen_thưởng Trung_ương trình Thủ_tướng Chính_phủ ( kèm theo danh_sách ) và hồ_sơ có liên_quan quy_định tại Khoản 26 Điều này ( tức_là Khoản 4 Điều 65 <NĐ rel="DaC"> Nghị_định số 42/2010/NĐ-CP </NĐ> đã được sửa_đổi tại Nghị_định này ) . "
Điều 2 .  Nghị_định này có hiệu_lực thi_hành kể từ ngày 20 tháng 6 năm 2012 . 

Điều 3 .  Bộ_trưởng , Thủ_trưởng cơ_quan ngang Bộ , Thủ_trưởng cơ_quan thuộc Chính_phủ , Chủ_tịch Ủy_ban nhân_dân tỉnh , thành_phố trực_thuộc trung_ương , các cơ_quan , tổ_chức , đơn_vị và cá_nhân có liên_quan chịu trách_nhiệm thi_hành Nghị_định này ./. 