Nghị định quy định về điều kiện đầu tư và hoạt động trong lĩnh vực giáo dục

Căn_cứ <L rel="CC"> Luật tổ_chức Chính_phủ ngày 19 tháng 6 năm 2015 </L> ;
Căn_cứ <L rel="CC"> Luật trẻ_em ngày 05 tháng 4 năm 2016 </L> ;
Căn_cứ <L rel="CC"> Luật giáo_dục ngày 14 tháng 6 năm 2005 </L> ; <L rel="CC"> Luật sửa_đổi , bổ_sung một_số điều của <L rel="none"> Luật giáo_dục </L> ngày 25 tháng 11 năm 2009 </L> ;
Căn_cứ <L rel="CC"> Luật giáo_dục nghề_nghiệp ngày 27 tháng 11 năm 2014 </L> ;
Điều 1 .  Phạm_vi điều_chỉnh , đối_tượng áp_dụng 

1 . Nghị_định này quy_định về môi_trường giáo_dục an_toàn , lành_mạnh , thân_thiện , phòng , chống bạo_lực học_đường . 

2 . Nghị_định này áp_dụng đối_với cơ_sở giáo_dục mầm_non , cơ_sở giáo_dục phổ_thông , cơ_sở giáo_dục thường_xuyên , cơ_sở giáo_dục nghề_nghiệp , trường chuyên_biệt , cơ_sở giáo_dục có vốn đầu_tư nước_ngoài hoặc liên_kết đào_tạo với nước_ngoài tại Việt_Nam ( sau đây gọi chung là cơ_sở giáo_dục ) , lớp xóa mù_chữ , lớp ngoại_ngữ , lớp tin_học , lớp dạy kỹ_năng , lớp dạy năng_khiếu , lớp dạy văn_hóa , lớp dành cho trẻ_em vì hoàn_cảnh khó_khăn hoặc có hoàn_cảnh đặc_biệt không được đi học ở nhà_trường ( sau đây gọi chung là lớp độc_lập ) có người học dưới 18 tuổi ;  các cơ_quan , tổ_chức và cá_nhân có liên_quan . 

Điều 2 .  Giải_thích từ_ngữ 

1 . Môi_trường giáo_dục là tất_cả các điều_kiện về vật_chất và tinh_thần có ảnh_hưởng đến hoạt_động giáo_dục , học_tập , rèn_luyện và phát_triển của người học . 

2 . Môi_trường giáo_dục an_toàn là môi_trường giáo_dục mà người học được bảo_vệ , không bị tổn_hại về thể_chất và tinh_thần . 

3 . Môi_trường giáo_dục lành_mạnh là môi_trường giáo_dục không có tệ_nạn xã_hội , không bạo_lực ;  người học , cán_bộ quản_lý , giáo_viên , nhân_viên có lối sống lành_mạnh , ứng_xử văn_hóa . 

4 . Môi_trường giáo_dục thân_thiện là môi_trường giáo_dục mà người học được tôn_trọng , đối_xử công_bằng , bình_đẳng và nhân_ái ;  được phát_huy dân_chủ và tạo điều_kiện để phát_triển phẩm_chất và năng_lực . 

5 . Bạo_lực học_đường là hành_vi hành_hạ , ngược_đãi , đánh_đập ;  xâm_hại thân_thể , sức_khỏe ;  lăng_mạ , xúc_phạm danh_dự , nhân_phẩm ;  cô_lập , xua_đuổi và các hành_vi cố_ý khác gây tổn_hại về thể_chất , tinh_thần của người học xảy ra trong cơ_sở giáo_dục hoặc lớp độc_lập . 

Điều 3 .  Yêu_cầu về địa_điểm , cơ_sở vật_chất , thiết_bị dạy_học , đồ_dùng , đồ_chơi trẻ_em 

1 . Địa_điểm đặt cơ_sở giáo_dục , lớp độc_lập không vi_phạm_quy_định tại khoản 13 Điều 6 của <L rel="DaC"> Luật trẻ_em </L> và không nằm trong vùng cảnh_báo nguy_hiểm .
2 . Cơ_sở vật_chất của cơ_sở giáo_dục bảo_đảm các yêu_cầu sau : 

a ) Có khuôn_viên , cổng trường , biển tên trường , tường rào , hàng_rào , sân vườn , cây_xanh bảo_đảm an_toàn , vệ_sinh , phù_hợp cảnh_quan , môi_trường thân_thiện ; 

b ) Có sân_chơi , bãi_tập , khu để xe phù_hợp và thân_thiện với người học ; 

c ) Có khối phòng học , phòng học bộ_môn , phòng phục_vụ học_tập bảo_đảm đủ ánh_sáng , thoáng mát , có bàn ghế phù_hợp với người học .  Có khu nhà_ăn , nhà_nghỉ đối_với các cơ_sở giáo_dục tổ_chức bán_trú , nội_trú ; 

d ) Có công_trình vệ_sinh , nước_sạch và các công_trình xây_dựng khác bảo_đảm an_toàn , thân_thiện , dễ tiếp_cận , phù_hợp với nhu_cầu đa_dạng của người sử_dụng . 

3 . Thiết_bị dạy_học , đồ_dùng , đồ_chơi trẻ_em của cơ_sở giáo_dục , lớp độc_lập bảo_đảm phù_hợp với đặc_điểm tâm sinh_lý lứa tuổi của người học ;  được sắp_xếp và sử_dụng an_toàn , hợp_lý , dễ tiếp_cận . 

Điều 4 .  Yêu_cầu về tài_liệu , học liệu giảng_dạy 

1 . Đối_với cơ_sở giáo_dục : 

a ) Tài_liệu , học liệu giảng_dạy và học_tập phù_hợp với mục_tiêu , nội_dung chương_trình giáo_dục ;  bảo_đảm tính khoa_học , tính sư_phạm , tính nhân_văn và tính thẩm_mỹ ;  phù_hợp với đặc_điểm tâm sinh_lý của người học ;  không chứa_đựng các yếu_tố kích_động bạo_lực , khiêu_dâm ;  không trái với văn_hóa , lịch_sử Việt_Nam ;  không có định_kiến giới , phân_biệt đối_xử ; 

b ) Có tài_liệu , học liệu về giáo_dục đạo_đức , lối sống , kỹ_năng sống , giáo_dục ý_thức chấp_hành pháp_luật , giáo_dục giới_tính , phòng_chống tai_nạn thương_tích , phòng_chống xâm_hại ; 

c ) Có hệ_thống công_nghệ thông_tin kết_nối Internet và website đáp_ứng yêu_cầu dạy và học ;  được kiểm_soát chặt_chẽ , bảo_đảm nội_dung an_toàn , lành_mạnh , phù_hợp với độ tuổi người học . 

2 . Đối_với lớp độc_lập : Tối_thiểu phải đạt yêu_cầu quy_định tại điểm a khoản 1 Điều này . 

Điều 5 .  Hoạt_động bảo_đảm môi_trường giáo_dục an_toàn , lành_mạnh , thân_thiện 

1 . Đối_với cơ_sở giáo_dục 

a ) Bảo_đảm an_ninh trật_tự ;  an_toàn vệ_sinh thực_phẩm ;  an_toàn phòng , chống tai_nạn , thương_tích ;  an_toàn , phòng , chống cháy , nổ ;  an_toàn phòng , chống thảm_họa , thiên_tai ; 

b ) Xây_dựng , công_khai và thực_hiện nghiêm_túc bộ quy_tắc ứng_xử văn_hóa trong cơ_sở giáo_dục có sự tham_gia của người học ; 

c ) Thiết_lập kênh thông_tin như hộp_thư góp_ý , đường_dây_nóng và các hình_thức khác để tiếp_nhận , xử_lý các thông_tin của người học ;  bảo_mật cho người cung_cấp thông_tin ; 

d ) Tổ_chức các hoạt_động trải nghiệm sáng_tạo , hoạt_động giáo_dục kỹ_năng sống , hoạt_động ngoài giờ chính khóa , hoạt_động xã_hội , từ_thiện vì cộng_đồng , hoạt_động vui_chơi , giải_trí , văn_hóa , thể_thao an_toàn , lành_mạnh , thân_thiện , bình_đẳng , phù_hợp với độ tuổi , đặc_điểm sinh_lý , tâm_lý của người học ; 

đ ) Thực_hiện công_tác y_tế trường_học , công_tác tư_vấn , công_tác trợ_giúp người học ; 

e ) Thường_xuyên trao_đổi thông_tin với gia_đình người học và cộng_đồng trong việc bảo_đảm an_toàn tính_mạng , thân_thể , nhân_phẩm , danh_dự và bí_mật đời_sống riêng_tư của người học . 

2 . Đối_với lớp độc_lập : Tối_thiểu phải đạt yêu_cầu quy_định tại điểm a và điểm e khoản 1 Điều này . 

Điều 6 .  Phòng , chống bạo_lực học_đường 

1 . Biện_pháp phòng_ngừa bạo_lực học_đường : 

a ) Tuyên_truyền , phổ_biến nâng cao nhận_thức của người học , cán_bộ quản_lý , giáo_viên , nhân_viên trong cơ_sở giáo_dục , gia_đình người học và cộng_đồng về mối nguy_hiểm và hậu_quả của bạo_lực học_đường ;  về trách_nhiệm phát_hiện , thông_báo , tố_giác hành_vi bạo_lực học_đường ;  ngăn_ngừa và can_thiệp kịp_thời đối_với các hành_vi bạo_lực học_đường phù_hợp với khả_năng của bản_thân ; 

b ) Giáo_dục , trang_bị kiến_thức , kỹ_năng về phòng , chống xâm_hại người học ;  phòng , chống bạo_lực học_đường ;  bạo_lực trẻ_em trên môi_trường mạng cho người học , cán_bộ quản_lý , nhà_giáo , nhân_viên của cơ_sở giáo_dục và gia_đình người học ;  giáo_dục , tư_vấn kiến_thức , kỹ_năng tự bảo_vệ cho người học ; 

c ) Công_khai kế_hoạch phòng , chống bạo_lực học_đường và các kênh tiếp_nhận thông_tin , tố_giác về bạo_lực học_đường ; 

d ) Tổ_chức kiểm_tra , giám_sát , thu_thập và xử_lý thông_tin liên_quan đến bạo_lực học_đường ; 

đ ) Thực_hiện các phương_pháp giáo_dục tích_cực , không bạo_lực đối_với người học . 

2 . Biện_pháp hỗ_trợ người học có nguy_cơ bị bạo_lực học_đường : 

a ) Phát_hiện kịp_thời người học có hành_vi gây_gổ , có nguy_cơ gây bạo_lực học_đường , người học có nguy_cơ bị bạo_lực học_đường ; 

b ) Đánh_giá mức_độ nguy_cơ , hình_thức bạo_lực có_thể xảy ra để có biện_pháp ngăn_chặn , hỗ_trợ cụ_thể ; 

c ) Thực_hiện tham_vấn , tư_vấn cho người học có nguy_cơ bị bạo_lực và gây ra bạo_lực nhằm ngăn_chặn , loại_bỏ nguy_cơ xảy ra bạo_lực . 

3 . Biện_pháp can_thiệp khi xảy ra bạo_lực học_đường : 

a ) Đánh_giá sơ_bộ về mức_độ tổn_hại của người học , đưa ra nhận_định về tình_trạng hiện_thời của người học ; 

b ) Thực_hiện ngay các biện_pháp trợ_giúp , chăm_sóc y_tế , tư_vấn đối_với người học bị bạo_lực ;  theo_dõi , đánh_giá sự an_toàn của người bị bạo_lực ; 

c ) Thông_báo kịp_thời với gia_đình người học để phối_hợp xử_lý ;  trường_hợp vụ_việc vượt quá khả_năng giải_quyết của cơ_sở giáo_dục thì thông_báo kịp_thời với cơ_quan công_an , Ủy_ban nhân_dân xã , phường , thị_trấn và các cơ_quan liên_quan để phối_hợp xử_lý theo quy_định của pháp_luật . 

Điều 7 .  Bộ Giáo_dục và Đào_tạo 

1 . Chủ_trì , phối_hợp với các bộ , ngành , địa_phương , tổ_chức chính_trị-xã_hội , các tổ_chức và cá_nhân có liên_quan bảo_đảm môi_trường giáo_dục an_toàn , lành_mạnh , thân_thiện , phòng , chống bạo_lực học_đường trong cơ_sở giáo_dục và lớp độc_lập thuộc phạm_vi quản_lý . 

2 . Hướng_dẫn việc lồng_ghép , tích_hợp nội_dung , kiến_thức về bảo_đảm môi_trường giáo_dục an_toàn , lành_mạnh , thân_thiện , phòng , chống bạo_lực học_đường vào kế_hoạch giáo_dục của cơ_sở giáo_dục và lớp độc_lập thuộc phạm_vi quản_lý . 

3 . Hướng_dẫn công_tác tư_vấn học_đường , công_tác xã_hội_trường_học . 

4 . Tổ_chức thanh_tra , kiểm_tra cơ_sở giáo_dục và lớp độc_lập thuộc phạm_vi quản_lý trong việc thực_hiện các quy_định về môi_trường giáo_dục an_toàn , lành_mạnh , thân_thiện , phòng , chống bạo_lực học_đường . 

Điều 8 .  Bộ Lao_động-Thương_binh và Xã_hội 

2 . Hướng_dẫn việc lồng_ghép , tích_hợp nội_dung , kiến_thức về bảo_đảm môi_trường giáo_dục an_toàn , lành_mạnh , thân_thiện , phòng , chống bạo_lực học_đường vào chương_trình đào_tạo của cơ_sở giáo_dục và lớp độc_lập thuộc phạm_vi quản_lý . 

3 . Tổ_chức thanh_tra , kiểm_tra cơ_sở giáo_dục và lớp độc_lập thuộc phạm_vi quản_lý trong việc thực_hiện các quy_định về môi_trường giáo_dục an_toàn , lành_mạnh , thân_thiện , phòng , chống bạo_lực học_đường . 

Điều 9 .  Bộ Thông_tin và Truyền_thông 

Chỉ_đạo , hướng_dẫn các cơ_quan báo_chí trong việc tuyên_truyền về bảo_đảm môi_trường giáo_dục an_toàn , lành_mạnh , thân_thiện , phòng , chống bạo_lực học_đường . 

Điều 10 .  Bộ Công_an 

1 . Chỉ_đạo , hướng_dẫn công_an các cấp_phối_hợp với cơ_sở giáo_dục bảo_đảm an_ninh trật_tự , an_toàn trường_học , phòng , chống vi_phạm pháp_luật và phòng_ngừa , ngăn_chặn , xử_lý các vụ_việc bạo_lực học_đường . 

2 . Chỉ_đạo triển_khai việc bảo_đảm môi_trường giáo_dục an_toàn , lành_mạnh , thân_thiện , phòng , chống bạo_lực học_đường trong cơ_sở giáo_dục thuộc phạm_vi quản_lý . 

3 . Tổ_chức thanh_tra , kiểm_tra trường_giáo_dưỡng trong việc thực_hiện các quy_định về môi_trường giáo_dục an_toàn , lành_mạnh , thân_thiện , phòng , chống bạo_lực học_đường . 

Điều 11 .  Bộ Y_tế 

Phối_hợp với Bộ Giáo_dục và Đào_tạo hướng_dẫn và tổ_chức thực_hiện công_tác y_tế trường_học bảo_đảm việc chăm_sóc sức_khỏe , phòng_chống dịch , bệnh cho người học . 

Điều 12 .  Trách_nhiệm của các bộ , cơ_quan ngang bộ 

1 . Chỉ_đạo triển_khai việc bảo_đảm môi_trường giáo_dục an_toàn , lành_mạnh , thân_thiện , phòng , chống bạo_lực học_đường trong cơ_sở giáo_dục và lớp độc_lập thuộc phạm_vi quản_lý . 

2 . Tổ_chức thanh_tra , kiểm_tra cơ_sở giáo_dục , lớp độc_lập thuộc phạm_vi quản_lý trong việc thực_hiện các quy_định về môi_trường giáo_dục an_toàn , lành_mạnh , thân_thiện , phòng , chống bạo_lực học_đường . 

Điều 13 .  Trách_nhiệm của Ủy_ban nhân_dân các cấp 

1 . Chỉ_đạo triển_khai việc bảo_đảm quy_định về môi_trường giáo_dục an_toàn , lành_mạnh , thân_thiện , phòng , chống bạo_lực học_đường theo phân_cấp quản_lý . 

2 . Chỉ_đạo các cơ_quan , ban , ngành của địa_phương bảo_đảm an_ninh trật_tự , an_toàn trong cơ_sở giáo_dục , lớp độc_lập ;  điều_tra và xử_lý vụ_việc bạo_lực học_đường , gây mất an_toàn cho cơ_sở giáo_dục , lớp độc_lập theo phân_cấp quản_lý . 

3 . Tổ_chức thanh_tra , kiểm_tra các cơ_sở giáo_dục , lớp độc_lập trong việc thực_hiện các quy_định về môi_trường giáo_dục an_toàn , lành_mạnh , thân_thiện , phòng , chống bạo_lực học_đường theo phân_cấp quản_lý . 

Điều 14 .  Đề_nghị Mặt_trận Tổ_quốc Việt_Nam và các tổ_chức thành_viên của Mặt_trận 

1 . Giám_sát , phản_biện , tham_vấn , kiến_nghị đối_với các cơ_quan nhà_nước trong việc bảo_đảm môi_trường giáo_dục an_toàn , lành_mạnh , thân_thiện , phòng , chống bạo_lực học_đường . 

2 . Tổ_chức tuyên_truyền , vận_động thành_viên , hội_viên , đoàn_viên , đội_viên của tổ_chức và toàn xã_hội hỗ_trợ , tham_gia xây_dựng môi_trường giáo_dục an_toàn , lành_mạnh , thân_thiện , phòng , chống bạo_lực học_đường . 

Điều 15 .  Đề_nghị các tổ_chức xã_hội 

1 . Vận_động thành_viên của tổ_chức và xã_hội hỗ_trợ , tham_gia xây_dựng môi_trường giáo_dục an_toàn , lành_mạnh , thân_thiện , phòng , chống bạo_lực học_đường . 

2 . Tổ_chức việc kết_nối , thu_thập thông_tin , kiến_nghị của các tổ_chức xã_hội và của người học chuyển đến các cơ_quan nhà_nước để góp_ý , tư_vấn xây_dựng môi_trường giáo_dục an_toàn , lành_mạnh , thân_thiện , phòng , chống bạo_lực học_đường . 

Điều 16 .  Hiệu_lực thi_hành 

Nghị_định này có hiệu_lực thi_hành từ ngày 05 tháng 9 năm 2017 . 

Điều 17 .  Trách_nhiệm thi_hành 

Bộ_trưởng , Thủ_trưởng cơ_quan ngang bộ , Thủ_trưởng cơ_quan thuộc Chính_phủ , Chủ_tịch Ủy_ban nhân_dân các cấp , các cơ_quan , tổ_chức , cá_nhân có liên_quan chịu trách_nhiệm thi_hành Nghị_định này ./. 

Nơi nhận : 

- Ban_Bí_thư Trung_ương Đảng ; 

- Thủ_tướng , các Phó_Thủ_tướng Chính_phủ ; 

- Các bộ , cơ_quan ngang bộ , cơ_quan thuộc Chính_phủ ; 

- HĐND , UBND các tỉnh , thành_phố trực_thuộc trung_ương ; 

- Văn_phòng Trung_ương và các Ban của Đảng ; 

- Văn_phòng Tổng_Bí_thư ; 

- Văn_phòng Chủ_tịch nước ; 

- Văn_phòng Quốc_hội ; 

- Hội_đồng dân_tộc và các Ủy_ban của Quốc_hội ; 

- Tòa_án nhân_dân tối_cao ; 

- Viện kiểm_sát nhân_dân tối_cao ; 

- Kiểm_toán nhà_nước ; 

- Ủy_ban Giám_sát tài_chính Quốc_gia ; 

- Ngân_hàng Chính_sách xã_hội ; 

- Ngân_hàng Phát_triển Việt_Nam ; 

- Ủy_ban trung_ương Mặt_trận Tổ_quốc Việt_Nam ; 

- Cơ_quan trung_ương của các đoàn_thể ; 

- VPCP : BTCN , các PCN , Trợ_lý ttg , TGĐ Cổng TTĐT , các Vụ , Cục , đơn_vị trực_thuộc , Công_báo ; 

- Lưu : VT , KGVX ( 3b ) .  KN 

TM .  CHÍNH_PHỦ 

THỦ_TƯỚNG 

Nguyễn_Xuân_Phúc 