Nghị định Quy định chi tiết một số điều của Luật Trẻ em

Căn_cứ <L rel="CC"> Luật tổ_chức Chính_phủ ngày 19 tháng 6 năm 2015 </L> ;
Căn_cứ <L rel="CC"> Luật trẻ_em ngày 05 tháng 4 năm 2016 </L> ;
Căn_cứ <L rel="CC"> Luật tổ_chức chính_quyền địa_phương ngày 19 tháng 6 năm 2015 </L> ; Theo đề_nghị của Bộ_trưởng Bộ Lao_động-Thương_binh và Xã_hội ; Chính_phủ ban_hành <NĐ rel="CC"> Nghị_định quy_định chi_tiết một_số điều của <L rel="none"> Luật trẻ_em </L> </NĐ> .
Điều 1 .  Phạm_vi điều_chỉnh 

Nghị_định này quy_định chi_tiết một_số điều của <L rel="DHD"> Luật trẻ_em </L> về các nhóm trẻ_em có hoàn_cảnh đặc_biệt và chính_sách hỗ_trợ hỗ_trợ , can_thiệp đối_với trường_hợp trẻ_em bị xâm_hại hoặc có nguy_cơ bị bạo_lực , bóc_lột , bỏ_rơi và trẻ_em có hoàn_cảnh đặc_biệt trách_nhiệm bảo_vệ trẻ_em trên môi_trường mạng chăm_sóc thay_thế cho trẻ_em trách_nhiệm của cơ_quan , tổ_chức , cơ_sở giáo_dục , gia_đình , cá_nhân trong việc bảo_đảm để trẻ_em được tham_gia vào các vấn_đề về trẻ_em .
Điều 2 .  Đối_tượng áp_dụng 

Các cơ_quan , tổ_chức , cơ_sở giáo_dục , gia_đình , cá_nhân quy_định tại Điều 3 <L rel="DaC"> Luật trẻ_em </L> .
Chương_II 

CÁC NHÓM TRẺ_EM CÓ HOÀN_CẢNH ĐẶC_BIỆT VÀ CHÍNH_SÁCH HỖ_TRỢ 

Mục 1 .  CÁC NHÓM TRẺ_EM CÓ HOÀN_CẢNH ĐẶC_BIỆT 

Điều 3 .  Trẻ_em mồ_côi cả cha và mẹ 

1 . Trẻ_em mồ_côi cả cha và mẹ không có người chăm_sóc . 

2 . Trẻ_em mồ_côi cả cha và mẹ được nuôi_dưỡng trong cơ_sở cung_cấp dịch_vụ bảo_vệ trẻ_em hoặc cơ_sở trợ_giúp xã_hội . 

3 . Trẻ_em mồ_côi cả cha và mẹ sống với người thân_thích . 

4 . Trẻ_em mồ_côi cả cha và mẹ được nhận chăm_sóc thay_thế bởi cá_nhân , gia_đình không phải người thân_thích , trừ trường_hợp được nhận làm con_nuôi . 

Điều 4 .  Trẻ_em bị bỏ_rơi 

1 . Trẻ_em bị bỏ_rơi chưa được chăm_sóc thay_thế . 

2 . Trẻ_em bị bỏ_rơi được chăm_sóc thay_thế . 

Điều 5 .  Trẻ_em không nơi nương_tựa 

1 . Trẻ_em mồ_côi cha hoặc mẹ và người còn lại mất_tích theo quy_định của pháp_luật . 

2 . Trẻ_em mồ_côi cha hoặc mẹ và người còn lại đang hưởng chế_độ chăm_sóc , nuôi_dưỡng tại cơ_sở trợ_giúp xã_hội hoặc không còn khả_năng chăm_sóc , nuôi_dưỡng . 

3 . Trẻ_em mồ_côi cha hoặc mẹ và người còn lại đang chấp_hành án phạt tù tại trại_giam hoặc đang chấp_hành quyết_định đưa vào cơ_sở giáo_dục bắt_buộc , cơ_sở cai_nghiện bắt_buộc . 

4 . Trẻ_em có cả cha và mẹ mất_tích theo quy_định của pháp_luật . 

5 . Trẻ_em có cha hoặc mẹ mất_tích theo quy_định của pháp_luật và người còn lại đang hưởng chế_độ chăm_sóc , nuôi_dưỡng tại cơ_sở trợ_giúp xã_hội . 

6 . Trẻ_em có cha hoặc mẹ mất_tích theo quy_định của pháp_luật và người còn lại đang chấp_hành án phạt tù tại trại_giam hoặc đang chấp_hành quyết_định đưa vào cơ_sở giáo_dục bắt_buộc , cơ_sở cai_nghiện bắt_buộc . 

7 . Trẻ_em có cả cha và mẹ không còn khả_năng chăm_sóc trẻ_em . 

8 . Trẻ_em có cả cha và mẹ đang hưởng chế_độ chăm_sóc , nuôi_dưỡng tại cơ_sở trợ_giúp xã_hội . 

9 . Trẻ_em có cả cha và mẹ đang chấp_hành án phạt tù tại trại_giam hoặc đang chấp_hành quyết_định đưa vào cơ_sở giáo_dục bắt_buộc , cơ_sở cai_nghiện bắt_buộc . 

10 .  Trẻ_em có cha hoặc mẹ đang hưởng chế_độ chăm_sóc , nuôi_dưỡng tại cơ_sở trợ_giúp xã_hội và người còn lại đang chấp_hành án phạt tù tại trại_giam hoặc đang chấp_hành quyết_định đưa vào cơ_sở giáo_dục bắt_buộc , cơ_sở cai_nghiện bắt_buộc . 

11 .  Trẻ_em sống trong gia_đình có cả cha và mẹ trong độ tuổi trẻ_em . 

12 .  Trẻ_em có cả cha và mẹ bị hạn_chế quyền làm cha_mẹ hoặc tạm_thời cách_ly khỏi cha hoặc mẹ theo quy_định của pháp_luật . 

Điều 6 .  Trẻ_em khuyết_tật 

1 . Trẻ_em khuyết_tật đặc_biệt nặng . 

2 . Trẻ_em khuyết_tật nặng . 

3 . Trẻ_em khuyết_tật nhẹ . 

Điều 7 .  Trẻ_em nhiễm HIV/AIDS 

Trẻ_em nhiễm HIV/AIDS theo quy_định pháp_luật . 

Điều 8 .  Trẻ_em vi_phạm pháp_luật 

1 . Trẻ_em vi_phạm pháp_luật đang bị áp_dụng biện_pháp xử_lý hành_chính , giáo_dục tại xã , phường , thị_trấn hoặc biện_pháp đưa vào trường_giáo_dưỡng ;  đang bị áp_dụng biện_pháp thay_thế xử_lý vi_phạm hành_chính quản_lý tại gia_đình . 

2 . Trẻ_em vi_phạm pháp_luật chưa xác_định được nơi cư_trú ổn_định đang chấp_hành biện_pháp xử_lý hành_chính giáo_dục tại xã , phường , thị_trấn , tại cơ_sở cung_cấp dịch_vụ bảo_vệ trẻ_em , cơ_sở trợ_giúp xã_hội . 

3 . Trẻ_em vi_phạm pháp_luật đang bị áp_dụng biện_pháp tư_pháp giáo_dục tại xã , phường , thị_trấn hoặc đưa vào trường_giáo_dưỡng ;  đang bị áp_dụng hình_phạt cải_tạo không giam_giữ , tù có thời_hạn hoặc tù có thời_hạn nhưng được hưởng án_treo . 

4 . Trẻ_em chấp_hành xong hình_phạt tù có thời_hạn hoặc chấp_hành xong biện_pháp đưa vào trường_giáo_dưỡng . 

Điều 9 .  Trẻ_em nghiện ma_túy 

1 . Trẻ_em nghiện ma_túy trong cơ_sở cai_nghiện . 

2 . Trẻ_em nghiện ma_túy đang áp_dụng biện_pháp cai_nghiện , điều_trị nghiện tại gia_đình , cộng_đồng . 

Điều 10 .  Trẻ_em phải bỏ học kiếm sống chưa hoàn_thành phổ_cập giáo_dục trung_học cơ_sở 

1 . Trẻ_em phải bỏ học kiếm sống chưa hoàn_thành_phố_cập giáo_dục trung_học cơ_sở không có người chăm_sóc . 

2 . Trẻ_em phải bỏ học kiếm sống chưa hoàn_thành phổ_cập giáo_dục trung_học cơ_sở sống cùng cha , mẹ hoặc người chăm_sóc . 

Điều 11 .  Trẻ_em bị tổn_hại nghiêm_trọng về thể_chất và tinh_thần do bị bạo_lực 

Trẻ_em bị bạo_lực dẫn đến rối_loạn tâm_thần , hành_vi , hạn_chế khả_năng giao_tiếp , học_tập hoặc khả_năng tự thực_hiện một_số việc phục_vụ nhu_cầu sinh_hoạt cá_nhân hàng ngày theo kết_luận của cơ_quan giám_định , cơ_sở khám bệnh , chữa bệnh hoặc người có chuyên_môn được cơ_quan , tổ_chức , cá_nhân có thẩm_quyền yêu_cầu kiểm_tra , đánh_giá mức_độ tổn_hại của trẻ_em . 

Điều 12 .  Trẻ_em bị bóc_lột 

1 . Trẻ_em bị bắt_buộc tham_gia lao_động trái quy_định của pháp_luật về lao_động . 

2 . Trẻ_em bị rủ_rê , xúi_giục , kích_động , lợi_dụng , lôi_kéo , dụ_dỗ , ép_buộc tham_gia các hoạt_động trình_diễn hoặc bị sử_dụng trong sản_xuất các sản_phẩm khiêu_dâm . 

3 . Trẻ_em bị rủ_rê , xúi_giục , kích_động , lợi_dụng , lôi_kéo , dụ_dỗ , ép_buộc tham_gia hoạt_động du_lịch mà bị xâm_hại tình_dục ;  bị cho , nhận hoặc cung_cấp để hoạt_động mại_dâm . 

4 . Trẻ_em bị rủ_rê , xúi_giục , kích_động , lợi_dụng , lôi_kéo , dụ_dỗ , ép_buộc tham_gia hoạt_động vận_chuyển , mua_bán , sản_xuất , tàng_trữ chất gây nghiện và các hàng_hóa khác bị cấm giao_dịch theo quy_định của pháp_luật . 

5 . Trẻ_em bị rủ_rê , xúi_giục , kích_động , lợi_dụng , lôi_kéo , dụ_dỗ , ép_buộc tham_gia các hoạt_động trục_lợi khác . 

Điều 13 .  Trẻ_em bị xâm_hại tình_dục 

1 . Trẻ_em bị hiếp_dâm . 

2 . Trẻ_em bị cưỡng_dâm . 

3 . Trẻ_em bị giao_cấu . 

4 . Trẻ_em bị dâm_ô . 

5 . Trẻ_em bị sử_dụng vào mục_đích mại_dâm , khiêu_dâm dưới mọi hình_thức . 

Điều 14 .  Trẻ_em bị mua_bán 

1 . Trẻ_em bị mua_bán trở về sống với cha , mẹ . 

2 . Trẻ_em bị mua_bán trở về được nhận chăm_sóc thay_thế . 

Điều 15 .  Trẻ_em mắc bệnh hiểm_nghèo hoặc bệnh phải điều_trị dài ngày thuộc hộ nghèo hoặc hộ cận nghèo 

1 . Trẻ_em thuộc hộ nghèo mắc bệnh hiểm_nghèo hoặc bệnh phải điều_trị dài ngày theo quy_định của cơ_quan có thẩm_quyền . 

2 . Trẻ_em thuộc hộ cận nghèo mắc bệnh hiểm_nghèo hoặc bệnh phải điều_trị dài ngày theo quy_định của cơ_quan có thẩm_quyền . 

Điều 16 .  Trẻ_em di_cư , trẻ_em lánh_nạn , tị_nạn chưa xác_định được cha_mẹ hoặc không có người chăm_sóc 

1 . Trẻ_em là công_dân Việt_Nam di_cư , lánh_nạn trong nước chưa xác_định được cha_mẹ hoặc không có người chăm_sóc . 

2 . Trẻ_em có quốc_tịch nước_ngoài di_cư , lánh_nạn , tị_nạn không có người chăm_sóc . 

3 . Trẻ_em chưa xác_định được quốc_tịch , chưa xác_định được cha_mẹ hoặc không có người chăm_sóc di_cư , lánh_nạn , tị_nạn vào Việt_Nam . 

Mục 2 .  CHÍNH_SÁCH HỖ_TRỢ 

Điều 17 .  Các yêu_cầu đối_với việc xây_dựng và thực_hiện chính_sách hỗ_trợ trẻ_em có hoàn_cảnh đặc_biệt 

1 . Tuân_thủ nguyên_tắc bảo_đảm thực_hiện quyền và bổn_phận của trẻ_em quy_định tại Điều 5 và các yêu_cầu bảo_vệ trẻ_em quy_định tại Điều 47 <L rel="DaC"> Luật trẻ_em </L> .
2 . Độ tuổi , định_mức , thời_hạn , phương_thức thực_hiện chính_sách hỗ_trợ đối_với trẻ_em có hoàn_cảnh đặc_biệt được quy_định trong pháp_luật về các lĩnh_vực có liên_quan phù_hợp với điều_kiện phát_triển kinh_tế-xã_hội . 

Điều 18 .  Chính_sách chăm_sóc sức_khỏe 

1 . Nhà_nước đóng hoặc hỗ_trợ đóng bảo_hiểm_y_tế cho trẻ_em có hoàn_cảnh đặc_biệt theo quy_định của pháp_luật về bảo_hiểm_y_tế . 

2 . Nhà_nước trả hoặc hỗ_trợ trả chi_phí khám bệnh , chữa bệnh hoặc giám_định sức_khỏe cho trẻ_em có hoàn_cảnh đặc_biệt theo quy_định của pháp_luật về khám bệnh , chữa bệnh . 

3 . Trẻ_em có hoàn_cảnh đặc_biệt được hưởng các chính_sách chăm_sóc sức_khỏe khác theo quy_định của pháp_luật . 

Điều 19 .  Chính_sách trợ_giúp xã_hội 

1 . Nhà_nước thực_hiện chế_độ trợ_cấp hằng tháng đối_với cá_nhân , gia_đình nhận chăm_sóc thay_thế ;  hỗ_trợ chi_phí mai_táng và chế_độ trợ_cấp , trợ_giúp khác cho trẻ_em có hoàn_cảnh đặc_biệt theo quy_định của pháp_luật về chính_sách trợ_giúp xã_hội . 

2 . Nhà_nước hỗ_trợ tiền ăn , ở , đi_lại theo quy_định của pháp_luật về chính_sách trợ_giúp xã_hội cho trẻ_em bị xâm_hại và trẻ_em có hoàn_cảnh đặc_biệt đang được bảo_vệ khẩn_cấp theo quy_định tại khoản 1 Điều 31 Nghị_định này . 

Điều 20 .  Chính_sách hỗ_trợ giáo_dục , đào_tạo và giáo_dục nghề_nghiệp 

Trẻ_em có hoàn_cảnh đặc_biệt được miễn , giảm học_phí và hỗ_trợ chi_phí học_tập theo quy_định của pháp_luật giáo_dục , đào_tạo và giáo_dục nghề_nghiệp . 

Điều 21 .  Chính_sách trợ_giúp pháp_lý , hỗ_trợ tư_vấn , trị_liệu tâm_lý và các dịch_vụ bảo_vệ trẻ_em khác 

1 . Trẻ_em có hoàn_cảnh đặc_biệt được trợ_giúp pháp_lý theo quy_định của pháp_luật về trợ_giúp pháp_lý . 

2 . Trẻ_em có hoàn_cảnh đặc_biệt được hỗ_trợ tư_vấn , trị_liệu tâm_lý và các dịch_vụ bảo_vệ trẻ_em khác theo quy_định tại Điều 48 , 49 , 50 <L rel="DaC"> Luật trẻ_em </L> .
I 

HỖ_TRỢ , CAN_THIỆP ĐỐI_VỚI TRƯỜNG_HỢP TRẺ_EM BỊ XÂM_HẠI HOẶC CÓ NGUY_CƠ BỊ BẠO_LỰC , BÓC_LỘT , BỎ_RƠI VÀ TRẺ_EM CÓ HOÀN_CẢNH ĐẶC_BIỆT 

Mục 1 .  TỔNG_ĐÀI ĐIỆN_THOẠI QUỐC_GIA BẢO_VỆ TRẺ_EM 

Điều 22 .  Nhiệm_vụ của Tổng_đài điện_thoại quốc_gia_bảo_vệ trẻ_em 

1 . Tổng_đài điện_thoại quốc_gia_bảo_vệ trẻ_em cung_cấp dịch_vụ bảo_vệ trẻ_em qua điện_thoại do Bộ Lao_động-Thương_binh và Xã_hội quản_lý . 

2 . Tiếp_nhận thông_báo , tố_giác từ cơ_quan , tổ_chức , cơ_sở giáo_dục , gia_đình , cá_nhân qua điện_thoại . 

3 . Liên_hệ với các cá_nhân , cơ_quan , tổ_chức có liên_quan hoặc có thẩm_quyền ;  khai_thác thông_tin trên phương_tiện thông_tin đại_chúng , môi_trường mạng về nguy_cơ , hành_vi xâm_hại trẻ_em để kiểm_tra thông_tin , thông_báo , tố_giác ban_đầu . 

4 . Chuyển , cung_cấp thông_tin , thông_báo , tố_giác hoặc giới_thiệu trẻ_em có nguy_cơ hoặc bị xâm_hại , trẻ_em có hoàn_cảnh đặc_biệt , cha , mẹ , người chăm_sóc trẻ_em tới các cơ_quan , tổ_chức , cá_nhân có thẩm_quyền , chức_năng bảo_vệ trẻ_em . 

5 . Phối_hợp với các cơ_quan , tổ_chức , cá_nhân , cơ_sở cung_cấp dịch_vụ bảo_vệ trẻ_em , cá_nhân có thẩm_quyền , chức_năng bảo_vệ trẻ_em trong phạm_vi toàn_quốc để đáp_ứng việc tiếp_nhận , trao_đổi , xác_minh thông_tin , thông_báo , tố_giác về trẻ_em bị xâm_hại hoặc có nguy_cơ bị bạo_lực , bóc_lột , bỏ_rơi . 

6 . Hỗ_trợ người làm công_tác bảo_vệ trẻ_em cấp xã trong việc xây_dựng , thực_hiện kế_hoạch hỗ_trợ , can_thiệp đối_với từng trường_hợp trẻ_em bị xâm_hại hoặc có nguy_cơ bị bạo_lực , bóc_lột , bỏ_rơi ;  theo_dõi , đánh_giá việc xây_dựng và thực_hiện kế_hoạch này . 

7 . Tư_vấn tâm_lý , pháp_luật , chính_sách cho trẻ_em , cha , mẹ , thành_viên gia_đình , người chăm_sóc trẻ_em . 

8 . Lưu_trữ , phân_tích , tổng_hợp thông_tin để cung_cấp , thông_tin , thông_báo , tố_giác khi có yêu_cầu của các cơ_quan , tổ_chức , cá_nhân có thẩm_quyền , đối_với vụ_việc xâm_hại trẻ_em và các cơ_sở cung_cấp dịch_vụ bảo_vệ trẻ_em ;  thực_hiện báo_cáo định_kỳ , đột_xuất cho cơ_quan quản_lý nhà_nước về trẻ_em và các cơ_quan khác có thẩm_quyền , trách_nhiệm về bảo_vệ trẻ_em . 

Điều 23 .  Điều_kiện bảo_đảm hoạt_động của Tổng_đài điện_thoại quốc_gia_bảo_vệ trẻ_em 

1 . Tổng_đài điện_thoại quốc_gia_bảo_vệ trẻ_em hoạt_động 24 giờ tất_cả các ngày , được Nhà_nước bảo_đảm nguồn_lực hoạt_động . 

2 . Được sử_dụng số điện_thoại ngắn 03 số , không thu phí viễn_thông và phí tư_vấn đối_với người gọi đến Tổng_đài điện_thoại quốc_gia_bảo_vệ trẻ_em . 

3 . Được tiếp_nhận viện_trợ , hỗ_trợ tài_chính , kỹ_thuật của các cơ_quan , tổ_chức , cá_nhân ;  được quảng_bá số điện_thoại và các dịch_vụ của Tổng_đài điện_thoại quốc_gia_bảo_vệ trẻ_em theo quy_định của pháp_luật . 

Mục 2 .  TIẾP_NHẬN , XỬ_LÝ THÔNG_TIN , THÔNG_BÁO , TỐ_GIÁC HÀNH_VI XÂM_HẠI TRẺ_EM 

Điều 24 .  Nguyên_tắc bảo_mật thông_tin 

1 . Mọi thông_tin , thông_báo , tố_giác trong quá_trình tiếp_nhận , xác_minh phải được bảo_mật vì lợi_ích , sự an_toàn của người cung_cấp thông_tin và vì lợi_ích tốt nhất của trẻ_em có liên_quan . 

2 . Quá_trình cung_cấp , trao_đổi thông_tin phục_vụ cho việc bảo_vệ trẻ_em giữa nơi tiếp_nhận thông_tin và cơ_quan , tổ_chức , cá_nhân có thẩm_quyền , chức_năng bảo_vệ trẻ_em phải được bảo_mật . 

3 . Thông_tin , báo_cáo định_kỳ , đột_xuất của cơ_quan , tổ_chức có thẩm_quyền , chức_năng bảo_vệ trẻ_em phải xác_định mức_độ bảo_mật và phạm_vi cung_cấp thông_tin , báo_cáo . 

Điều 25 .  Tiếp_nhận và phối_hợp xử_lý thông_tin 

1 . Các cơ_quan , tổ_chức , cơ_sở giáo_dục , gia_đình , cá_nhân nếu phát_hiện hoặc có thông_tin về hành_vi xâm_hại trẻ_em hoặc trẻ_em có nguy_cơ bị xâm_hại có trách_nhiệm thông_báo ngay cho Tổng_đài điện_thoại quốc_gia_bảo_vệ trẻ_em hoặc cơ_quan lao_động-thương_binh và xã_hội các cấp hoặc cơ_quan công_an các cấp hoặc Ủy_ban nhân_dân cấp xã nơi xảy ra vụ_việc ( sau đây gọi là nơi tiếp_nhận thông_tin ) .  Nơi tiếp_nhận thông_tin có trách_nhiệm ghi_chép đầy_đủ thông_tin về hành_vi xâm_hại trẻ_em , trẻ_em bị xâm_hại hoặc có nguy_cơ bị xâm_hại theo Mẫu_số 01 tại Phụ_lục ban_hành kèm theo Nghị_định này . 

2 . Cơ_quan , tổ_chức , cá_nhân có nhiệm_vụ bảo_vệ , chăm_sóc , giáo_dục trẻ_em có trách_nhiệm cung_cấp thông_tin và phối_hợp với cơ_quan lao_động-thương_binh và xã_hội các cấp , cơ_quan công_an các cấp , Ủy_ban nhân_dân cấp xã nơi xảy ra vụ_việc hoặc nơi trẻ_em cư_trú để thực_hiện việc kiểm_tra tính xác_thực về hành_vi xâm_hại , tình_trạng mất an_toàn , mức_độ nguy_cơ gây tổn_hại đối_với trẻ_em khi được yêu_cầu . 

3 . Trường_hợp tiếp_nhận , giải_quyết tin báo , tố_giác về tội_phạm xâm_hại trẻ_em thực_hiện theo quy_định của pháp_luật về tố_tụng_hình_sự . 

Điều 26 .  Đánh_giá ban_đầu mức_độ tổn_hại của trẻ_em bị xâm_hại , trẻ_em có nguy_cơ bị bạo_lực , bóc_lột , bỏ_rơi và trẻ_em có hoàn_cảnh đặc_biệt 

1 . Tổng_đài điện_thoại quốc_gia_bảo_vệ trẻ_em hoặc cơ_quan lao_động-thương_binh và xã_hội các cấp hoặc cơ_quan công_an các cấp có trách_nhiệm phối_hợp xử_lý thông_tin , thông_báo , tố_giác về trẻ_em bị xâm_hại , trẻ_em có nguy_cơ bị bạo_lực , bóc_lột , bỏ_rơi ;  chuyển ngay thông_tin đến Ủy_ban nhân_dân cấp xã nơi xảy ra vụ_việc để thực_hiện việc đánh_giá nguy_cơ ban_đầu về mức_độ tổn_hại của trẻ_em . 

2 . Chủ_tịch Ủy_ban nhân_dân cấp xã nơi xảy ra vụ_việc chỉ_đạo người làm công_tác bảo_vệ trẻ_em cấp xã tiến_hành việc đánh_giá nguy_cơ ban_đầu , mức_độ tổn_hại của trẻ_em theo Mẫu_số 02 tại Phụ_lục ban_hành kèm theo Nghị_định này để có cơ_sở áp_dụng hoặc không áp_dụng các biện_pháp can_thiệp khẩn_cấp . 

3 . Trường_hợp trẻ_em được xác_định có nguy_cơ hoặc đang bị tổn_hại nghiêm_trọng về tính_mạng , sức_khỏe , nhân_phẩm thì trong vòng 12 giờ từ khi nhận thông_tin , Chủ_tịch Ủy_ban nhân_dân cấp xã , cơ_quan , tổ_chức , cá_nhân có thẩm_quyền phải áp_dụng các biện_pháp can_thiệp khẩn_cấp hoặc tạm_thời cách_ly trẻ_em khỏi môi_trường hoặc người gây tổn_hại cho trẻ_em quy_định tại Điều 31 và Điều 32 của Nghị_định này . 

Mục 3 .  KẾ_HOẠCH HỖ_TRỢ , CAN_THIỆP ĐỐI_VỚI TRƯỜNG_HỢP TRẺ_EM BỊ XÂM_HẠI HOẶC CÓ NGUY_CƠ BỊ BẠO_LỰC , BÓC_LỘT , BỎ_RƠI VÀ TRẺ_EM CÓ HOÀN_CẢNH ĐẶC_BIỆT 

Điều 27 .  Xác_định nhu_cầu cần hỗ_trợ , can_thiệp của trẻ_em bị xâm_hại hoặc có nguy_cơ bị bạo_lực , bóc_lột , bỏ_rơi và trẻ_em có hoàn_cảnh đặc_biệt 

1 . Sau khi đánh_giá ban_đầu về nguy_cơ và mức_độ tổn_hại của trẻ_em , người làm công_tác bảo_vệ trẻ_em cấp xã thực_hiện hoặc yêu_cầu Tổng_đài điện_thoại quốc_gia_bảo_vệ trẻ_em và các cơ_sở cung_cấp dịch_vụ bảo_vệ trẻ_em hỗ_trợ thực_hiện việc thu_thập thông_tin , đánh_giá nguy_cơ cụ_thể theo Mẫu_số 03 tại Phụ_lục ban_hành kèm theo Nghị_định này bao_gồm : 

a ) Tình_trạng thể_chất , tâm_lý , tình_cảm của trẻ_em bị xâm_hại hoặc có nguy_cơ bị bạo_lực , bóc_lột , bỏ_rơi và trẻ_em có hoàn_cảnh đặc_biệt ; 

b ) Hoàn_cảnh gia_đình , mối quan_hệ của trẻ_em và năng_lực bảo_vệ trẻ_em của cha , mẹ , các thành_viên trong gia_đình ; 

c ) Các yếu_tố làm trẻ_em có_thể bị xâm_hại hoặc tiếp_tục bị xâm_hại hoặc các yếu_tố dẫn đến trẻ_em tiếp_tục rơi vào hoàn_cảnh đặc_biệt ; 

d ) Điều_kiện , khả_năng học_tập và khả_năng tự bảo_vệ của trẻ_em ; 

đ ) Mức_độ an_toàn và khả_năng hỗ_trợ của cộng_đồng dân_cư nơi trẻ_em sinh_sống ; 

e ) Nhu_cầu chăm_sóc y_tế , chữa_trị các tổn_hại về thể_chất và tinh_thần của trẻ_em ;  nhu_cầu trợ_giúp xã_hội , hỗ_trợ giáo_dục , đào_tạo , giáo_dục nghề_nghiệp , trợ_giúp pháp_lý , hỗ_trợ tư_vấn , trị_liệu tâm_lý và các dịch_vụ bảo_vệ trẻ_em khác ; 

g ) Ý_kiến , nguyện_vọng của trẻ_em được hỗ_trợ , can_thiệp ; 

h ) Ý_kiến , nguyện_vọng của cha , mẹ , người chăm_sóc trẻ_em trừ trường_hợp cha , mẹ , người chăm_sóc là người gây tổn_hại cho trẻ_em . 

2 . Trường_hợp trẻ_em cần được áp_dụng kế_hoạch hỗ_trợ , can_thiệp , Chủ_tịch Ủy_ban nhân_dân cấp xã chủ_trì cuộc họp với các cá_nhân , tổ_chức có trách_nhiệm bảo_vệ trẻ_em , đại_diện địa_bàn dân_cư nơi trẻ_em cư_trú , sinh_sống hoặc nơi xảy ra vụ_việc , cha , mẹ hoặc người chăm_sóc trẻ_em để xác_định các biện_pháp bảo_vệ trẻ_em theo quy_định tại các Điều 47 , 48 , 49 , 50 <L rel="DaC"> Luật trẻ_em </L> .
Điều 28 .  Xây_dựng , phê_duyệt kế_hoạch hỗ_trợ , can_thiệp 

1 . Căn_cứ mức_độ tổn_hại và nhu_cầu cần hỗ_trợ , can_thiệp đối_với trẻ_em , trong thời_hạn 05 ngày làm_việc , trừ trường_hợp khẩn_cấp , người làm công_tác bảo_vệ trẻ_em cấp xã xây_dựng kế_hoạch hỗ_trợ , can_thiệp trình Chủ_tịch Ủy_ban nhân_dân cấp xã phê_duyệt theo Mẫu_số 04 tại Phụ_lục ban_hành kèm theo Nghị_định này . 

2 . Hồ_sơ trình Chủ_tịch Ủy_ban nhân_dân cấp xã phê_duyệt kế_hoạch hỗ_trợ , can_thiệp bao_gồm : 

a ) Báo_cáo tiếp_nhận thông_tin trẻ_em và đánh_giá nguy_cơ ban_đầu về tình_trạng trẻ_em bị xâm_hại hoặc có nguy_cơ bị bạo_lực , bóc_lột , bỏ_rơi và trẻ_em có hoàn_cảnh đặc_biệt ; 

b ) Báo_cáo thu_thập thông_tin , đánh_giá nguy_cơ cụ_thể tình_hình trẻ_em , biên_bản cuộc họp xác_định nhu_cầu cần hỗ_trợ , can_thiệp cho trẻ_em tại khoản 2 Điều 27 Nghị_định này và các tài_liệu khác có liên_quan ( nếu có ) ; 

c ) Dự_thảo Quyết_định phê_duyệt và kế_hoạch hỗ_trợ , can_thiệp theo Mẫu_số 05 tại Phụ_lục ban_hành kèm theo Nghị_định này . 

3 . Kế_hoạch hỗ_trợ , can_thiệp trẻ_em bị xâm_hại hoặc có nguy_cơ bị bạo_lực , bóc_lột , bỏ_rơi và trẻ_em có hoàn_cảnh đặc_biệt bao_gồm các nội_dung sau : 

a ) Các dịch_vụ , công_việc cần thực_hiện , thời_điểm bắt_đầu và dự_kiến kết_thúc ; 

b ) Phân_công trách_nhiệm cơ_quan , tổ_chức , cá_nhân trên địa_bàn cấp xã thực_hiện các biện_pháp hỗ_trợ , can_thiệp ; 

c ) Các cơ_sở cung_cấp dịch_vụ bảo_vệ trẻ_em cần huy_động cung_cấp dịch_vụ cụ_thể ; 

d ) Dự_toán kinh_phí cho từng dịch_vụ , công_việc . 

4 . Chủ_tịch Ủy_ban nhân_dân cấp xã xem_xét , ban_hành quyết_định phê_duyệt kế_hoạch hỗ_trợ , can_thiệp trong thời_hạn 02 ngày làm_việc trừ trường_hợp khẩn_cấp . 

5 . Quyết_định và kế_hoạch hỗ_trợ , can_thiệp được gửi đến cơ_quan , tổ_chức , cá_nhân có trách_nhiệm thực_hiện và cha , mẹ hoặc người chăm_sóc trẻ_em . 

Điều 29 .  Thực_hiện kế_hoạch hỗ_trợ , can_thiệp 

1 . Người_làm công_tác bảo_vệ trẻ_em cấp xã trực_tiếp thực_hiện một_số hoạt_động hỗ_trợ , can_thiệp và chủ_trì , phối_hợp triển_khai thực_hiện kế_hoạch hỗ_trợ , can_thiệp cụ_thể như sau : 

a ) Theo_dõi , đôn_đốc việc thực_hiện các dịch_vụ , hoạt_động hỗ_trợ , can_thiệp ;  kiến_nghị Chủ_tịch Ủy_ban nhân_dân cấp xã kịp_thời điều_chỉnh kế_hoạch phù_hợp với thay_đổi của cá_nhân trẻ_em và mức_độ an_toàn của môi_trường trẻ_em đang sinh_sống ; 

b ) Kết_nối dịch_vụ , hoạt_động trên địa_bàn xã hoặc yêu_cầu sự hỗ_trợ của cơ_quan có trách_nhiệm bảo_vệ trẻ_em các cấp , cơ_sở cung_cấp dịch_vụ bảo_vệ trẻ_em ngoài địa_bàn ; 

c ) Vận_động cơ_quan , tổ_chức , cá_nhân , cộng_đồng tham_gia hỗ_trợ . 

2 . Cơ_sở khám bệnh , chữa bệnh , cơ_sở giáo_dục , cơ_sở cung_cấp dịch_vụ trợ_giúp pháp_lý , cơ_quan công_an , cơ_sở cung_cấp dịch_vụ bảo_vệ trẻ_em các cấp và các cơ_quan , tổ_chức , cá_nhân có trách_nhiệm bảo_vệ trẻ_em tham_gia thực_hiện , hỗ_trợ việc thực_hiện kế_hoạch . 

3 . Cha , mẹ , người chăm_sóc trẻ_em có trách_nhiệm thực_hiện kế_hoạch hỗ_trợ , can_thiệp theo quyết_định của Chủ_tịch Ủy_ban nhân_dân cấp xã . 

4 . Tổng_đài điện_thoại quốc_gia_bảo_vệ trẻ_em có trách_nhiệm giới_thiệu , kết_nối các dịch_vụ hỗ_trợ , can_thiệp cần_thiết trong trường_hợp cấp tỉnh không có dịch_vụ hoặc theo đề_nghị của người làm công_tác bảo_vệ trẻ_em cấp xã . 

Điều 30 .  Rà_soát , đánh_giá sau khi thực_hiện kế_hoạch hỗ_trợ , can_thiệp 

1 . Người_làm công_tác bảo_vệ trẻ_em cấp xã chủ_trì , phối_hợp với cơ_quan , tổ_chức , cá_nhân , cơ_sở cung_cấp dịch_vụ bảo_vệ trẻ_em tham_gia thực_hiện kế_hoạch hỗ_trợ , can_thiệp tổ_chức rà_soát , đánh_giá việc thực_hiện kế_hoạch cụ_thể như sau : 

a ) Đánh_giá tình_trạng trẻ_em và mức_độ an_toàn của môi_trường trẻ_em đang sinh_sống sau khi thực_hiện các biện_pháp hỗ_trợ , can_thiệp ; 

b ) Trình_Chủ_tịch Ủy_ban nhân_dân cấp xã việc kết_thúc kế_hoạch hỗ_trợ , can_thiệp nếu trẻ_em không còn nguy_cơ bị xâm_hại và các yếu_tố về thể_chất , tâm_lý , nhận_thức , tình_cảm của trẻ_em ổn_định ; 

c ) Trình_Chủ_tịch Ủy_ban nhân_dân cấp xã tiếp_tục quy_trình xây_dựng , phê_duyệt kế_hoạch hỗ_trợ , can_thiệp nếu trẻ_em vẫn có nguy_cơ bị xâm_hại hoặc các yếu_tố về thể_chất , tâm_lý , nhận_thức và tình_cảm của trẻ_em chưa ổn_định . 

2 . Rà_soát , đánh_giá tình_trạng của trẻ_em sau khi thực_hiện kế_hoạch hỗ_trợ , can_thiệp theo Mẫu_số 06 tại Phụ_lục ban_hành kèm theo Nghị_định này . 

3 . Hồ_sơ kế_hoạch hỗ_trợ , can_thiệp được lưu_trữ tại Ủy_ban nhân_dân cấp xã và nhập vào cơ_sở dữ_liệu trẻ_em quốc_gia . 

Điều 31 .  Can_thiệp trong trường_hợp trẻ_em cần được bảo_vệ khẩn_cấp 

1 . Trẻ_em cần được bảo_vệ khẩn_cấp là trẻ_em đang bị đe_dọa hoặc bị gây tổn_hại nghiêm_trọng đến tính_mạng , sức_khỏe , nhân_phẩm hoặc cha , mẹ , người chăm_sóc trẻ_em chính là người gây tổn_hại cho trẻ_em . 

2 . Việc can_thiệp trong trường_hợp trẻ_em cần được bảo_vệ khẩn_cấp phải được thực_hiện trong thời_gian nhanh nhất có_thể và không quá 12 giờ từ khi nhận được thông_tin . 

3 . Trách_nhiệm của người làm công_tác bảo_vệ trẻ_em cấp xã : 

a ) Tiếp_nhận thông_tin , kết_nối với cơ_quan công_an để ngăn_chặn các hành_vi đe_dọa hoặc gây tổn_hại nghiêm_trọng đến tính_mạng , sức_khỏe , nhân_phẩm của trẻ_em xảy ra trên địa_bàn xã ;  phối_hợp với cơ_sở khám bệnh , chữa bệnh thực_hiện việc sơ_cứu , cấp_cứu ban_đầu cho trẻ_em cần được bảo_vệ khẩn_cấp và lưu_giữ đồ_vật , tài_liệu liên_quan đến tổn_hại của trẻ_em do bị xâm_hại để hỗ_trợ việc điều_tra , xử_lý , bảo_vệ trẻ_em ; 

b ) Tiếp_tục đánh_giá mức_độ tổn_hại và mức_độ an_toàn môi_trường sống của trẻ_em , xây_dựng kế_hoạch hỗ_trợ , can_thiệp trình Chủ_tịch Ủy_ban nhân_dân cấp xã phê_duyệt và triển_khai thực_hiện ; 

c ) Trong trường_hợp cần_thiết phối_hợp với Tổng_đài điện_thoại quốc_gia_bảo_vệ trẻ_em để được hướng_dẫn , hỗ_trợ việc can_thiệp khẩn_cấp và xây_dựng , thực_hiện kế_hoạch hỗ_trợ , can_thiệp . 

4 . Trách_nhiệm của cơ_quan công_an 

a ) Tiếp_nhận thông_tin , triển_khai việc ngăn_chặn các hành_vi đe_dọa hoặc gây tổn_hại nghiêm_trọng đến tính_mạng , sức_khỏe , nhân_phẩm của trẻ_em ; 

b ) Phối_hợp với người làm công_tác bảo_vệ trẻ_em cấp xã nơi xảy ra vụ_việc để thực_hiện việc bảo_vệ trẻ_em khẩn_cấp , bảo_đảm sự an_toàn về tính_mạng , sức_khỏe , nhân_phẩm và vì lợi_ích tốt nhất của trẻ_em ; 

c ) Trong trường_hợp cần_thiết , phối_hợp với Tổng_đài điện_thoại quốc_gia_bảo_vệ trẻ_em để hỗ_trợ việc can_thiệp khẩn_cấp . 

5 . Trách_nhiệm của cơ_sở khám bệnh , chữa bệnh 

a ) Khám bệnh , chữa bệnh cho trẻ_em bị xâm_hại và trẻ_em được áp_dụng kế_hoạch hỗ_trợ , can_thiệp theo quy_định tại khoản 1 Điều 52 <L rel="DaC"> Luật trẻ_em </L> ;
b ) Hướng_dẫn việc thu_thập bằng_chứng , lưu_giữ chứng_cứ tổn_hại của trẻ_em do bị xâm_hại phục_vụ_việc giám_định theo hướng_dẫn của Bộ Y_tế ; 

c ) Lưu_trữ hồ_sơ khám bệnh , chữa bệnh theo quy_định của pháp_luật . 

Điều 32 .  Tạm_thời cách_ly trẻ_em khỏi cha , mẹ , người chăm_sóc trẻ_em và áp_dụng biện_pháp chăm_sóc thay_thế 

1 . Việc tạm_thời cách_ly trẻ_em khỏi cha , mẹ , người chăm_sóc trẻ_em và áp_dụng biện_pháp chăm_sóc thay_thế theo quy_định tại điểm b và điểm c khoản 2 Điều 50 <L rel="DaC"> Luật trẻ_em </L> được thực_hiện đối_với trường_hợp trẻ_em bị xâm_hại , có nguy_cơ bị bạo_lực , bóc_lột , bỏ_rơi bởi cha , mẹ , người chăm_sóc trẻ_em ; trẻ_em bị xâm_hại nhưng cha , mẹ , người chăm_sóc trẻ_em từ_chối thực_hiện kế_hoạch hỗ_trợ , can_thiệp hoặc trẻ_em bị xâm_hại có nguy_cơ tiếp_tục bị xâm_hại bởi cha , mẹ , người chăm_sóc trẻ_em .
2 . Chủ_tịch Ủy_ban nhân_dân cấp xã nơi trẻ_em cư_trú hoặc nơi xảy ra trường_hợp quy_định tại khoản 1 Điều này có thẩm_quyền ra quyết_định tạm_thời cách_ly trẻ_em khỏi cha , mẹ , người chăm_sóc trẻ_em theo Mẫu_số 07 tại Phụ_lục ban_hành kèm theo Nghị_định này và bố_trí nơi tạm_trú an_toàn theo quy_định tại điểm b khoản 2 Điều 50 <L rel="DaC"> Luật trẻ_em </L> và áp_dụng biện_pháp chăm_sóc thay_thế theo quy_định tại khoản 3 Điều 52 <L rel="DaC"> Luật trẻ_em </L> trong vòng 12 giờ tính từ thời_điểm tiếp_nhận thông_tin .
3 . Thời_hạn tạm_thời cách_ly được quyết_định căn_cứ vào đánh_giá nhu_cầu và môi_trường an_toàn của trẻ_em , được gia_hạn , nhưng thời_hạn cách_ly tối_đa không quá 15 ngày_trừ trường_hợp phải tiếp_tục cách_ly theo yêu_cầu của cơ_quan có thẩm_quyền .  Khi cha , mẹ , người chăm_sóc trẻ_em được đánh_giá bảo_đảm điều_kiện an_toàn cho trẻ_em theo Mẫu_số 03 tại Phụ_lục ban_hành kèm theo Nghị_định này thì Chủ_tịch Ủy_ban nhân_dân cấp xã hủy bỏ quyết_định tạm_thời cách_ly . 

4 . Trẻ_em được tạm_thời cách_ly khẩn_cấp khỏi cha , mẹ , người chăm_sóc trẻ_em cần được thực_hiện ngay việc giao chăm_sóc thay_thế trước khi thực_hiện các thủ_tục nhận chăm_sóc thay_thế . 

Chương_IV 

TRÁCH_NHIỆM BẢO_VỆ TRẺ_EM TRÊN MÔI_TRƯỜNG MẠNG 

Điều 33 .  Thông_tin bí_mật đời_sống riêng_tư , bí_mật cá_nhân của trẻ_em 

Thông_tin bí_mật đời_sống riêng_tư , bí_mật cá_nhân của trẻ_em là các thông_tin về : tên , tuổi ;  đặc_điểm nhận_dạng cá_nhân ;  thông_tin về tình_trạng sức_khỏe và đời tư được ghi trong bệnh_án ;  hình_ảnh cá_nhân ;  thông_tin về các thành_viên trong gia_đình , người chăm_sóc trẻ_em ;  tài_sản cá_nhân ;  số điện_thoại ;  địa_chỉ thư_tín cá_nhân ;  địa_chỉ , thông_tin về nơi ở , quê_quán ;  địa_chỉ , thông_tin về trường , lớp , kết_quả học_tập và các mối quan_hệ bạn_bè của trẻ_em ;  thông_tin về dịch_vụ cung_cấp cho cá_nhân trẻ_em . 

Điều 34 .  Truyền_thông , giáo_dục , nâng cao năng_lực về bảo_vệ trẻ_em trên môi_trường mạng 

1 . Cơ_quan quản_lý nhà_nước về thông_tin , truyền_thông ;  về giáo_dục , đào_tạo ;  về giáo_dục nghề_nghiệp ;  về trẻ_em ;  các tổ_chức hoạt_động vì trẻ_em ;  tổ_chức hoạt_động trên môi_trường mạng có trách_nhiệm truyền_thông nâng cao nhận_thức , nâng cao năng_lực , phổ_biến kỹ_năng cho cha , mẹ , người chăm_sóc trẻ_em , giáo_viên , trẻ_em và cơ_quan , tổ_chức có liên_quan về lợi_ích , tác_động tiêu_cực của môi_trường mạng đối_với trẻ_em ;  về việc phòng_ngừa , ngăn_chặn hành_vi xâm_hại trẻ_em trên môi_trường mạng theo quy_định của pháp_luật về công_nghệ thông_tin , an_toàn thông_tin và các lĩnh_vực có liên_quan . 

2 . Cha , mẹ , giáo_viên , người chăm_sóc trẻ_em có trách_nhiệm giáo_dục kiến_thức , hướng_dẫn kỹ_năng an_toàn cho trẻ_em khi tham_gia môi_trường mạng ;  trẻ_em có bổn_phận tìm_hiểu , học kiến_thức , rèn_luyện kỹ_năng tự bảo_vệ mình khi tham_gia môi_trường mạng . 

3 . Tổ_chức , doanh_nghiệp cung_cấp dịch_vụ trên môi_trường mạng phải hướng_dẫn việc sử_dụng dịch_vụ , sử_dụng các thiết_bị công_nghệ thông_tin , tiếp_cận thông_tin để bảo_vệ trẻ_em trên môi_trường mạng . 

Điều 35 .  Bảo_đảm an_toàn cho trẻ_em trong việc trao_đổi , cung_cấp thông_tin trên môi_trường mạng 

1 . Cơ_quan , tổ_chức , cá_nhân tham_gia hoạt_động trên môi_trường mạng phải phối_hợp với cơ_quan nhà_nước có thẩm_quyền và tổ_chức , cá_nhân khác trong việc bảo_đảm an_toàn thông_tin của trẻ_em trên môi_trường mạng ;  ngăn_chặn thông_tin gây hại cho trẻ_em theo quy_định của pháp_luật về an_toàn thông_tin mạng . 

2 . Doanh_nghiệp kinh_doanh , cung_cấp dịch_vụ trên môi_trường mạng phải có biện_pháp sử_dụng dịch_vụ bảo_vệ người sử_dụng là trẻ_em . 

3 . Doanh_nghiệp kinh_doanh , cung_cấp dịch_vụ trên môi_trường mạng phải cảnh_báo hoặc gỡ bỏ thông_tin , dịch_vụ gây hại cho trẻ_em , thông_tin , dịch_vụ giả_mạo , xuyên_tạc xâm_hại đến quyền và lợi_ích hợp_pháp của trẻ_em . 

4 . Doanh_nghiệp cung_cấp dịch_vụ trò_chơi điện_tử trên môi_trường mạng phải có công_cụ kiểm_soát thời_gian , bảo_vệ trẻ_em khỏi tình_trạng lạm_dụng , nghiện trò_chơi điện_tử . 

5 . Tổ_chức , doanh_nghiệp , cá_nhân hoạt_động , cung_cấp dịch_vụ trên môi_trường mạng phải xây_dựng hoặc sử_dụng , phổ_biến phần_mềm , các công_cụ bảo_vệ trẻ_em trên môi_trường mạng . 

Điều 36 .  Các biện_pháp bảo_vệ thông_tin bí_mật đời_sống riêng_tư cho trẻ_em trên môi_trường mạng 

1 . Cơ_quan , tổ_chức , doanh_nghiệp cung_cấp dịch_vụ trên môi_trường mạng và cá_nhân khi đưa thông_tin bí_mật đời_sống riêng_tư của trẻ_em lên mạng phải có sự đồng_ý của cha , mẹ , người chăm_sóc trẻ_em và trẻ_em từ đủ 07 tuổi trở lên ;  có trách_nhiệm bảo_đảm an_toàn thông_tin của trẻ_em . 

2 . Cơ_quan , tổ_chức , doanh_nghiệp cung_cấp dịch_vụ trên môi_trường mạng phải sử_dụng các biện_pháp , công_cụ bảo_đảm an_toàn về thông_tin bí_mật đời_sống riêng_tư của trẻ_em , các thông_điệp cảnh_báo nguy_cơ khi trẻ_em cung_cấp , thay_đổi thông_tin bí_mật đời_sống riêng_tư của trẻ_em . 

3 . Cha , mẹ , người chăm_sóc trẻ_em , trẻ_em từ đủ 07 tuổi trở lên và cơ_quan , tổ_chức , cá_nhân có trách_nhiệm bảo_vệ trẻ_em theo quy_định của pháp_luật có quyền yêu_cầu cơ_quan , tổ_chức cung_cấp dịch_vụ và cá_nhân tham_gia hoạt_động trên môi_trường mạng xóa_bỏ các thông_tin bí_mật đời_sống riêng_tư của trẻ_em để bảo_đảm sự an_toàn và lợi_ích tốt nhất của trẻ_em . 

Điều 37 .  Các biện_pháp hỗ_trợ , can_thiệp trẻ_em bị xâm_hại trên môi_trường mạng 

1 . Cơ_quan quản_lý nhà_nước về thông_tin , truyền_thông và quản_lý nhà_nước về trẻ_em ;  tổ_chức , doanh_nghiệp hoạt_động , cung_cấp dịch_vụ trên môi_trường mạng có trách_nhiệm tổ_chức tiếp_nhận thông_tin , đánh_giá , phân_loại mức_độ an_toàn cho trẻ_em được các cơ_quan , tổ_chức , cá_nhân và trẻ_em gửi tới ;  công_bố danh_sách các mạng thông_tin , dịch_vụ , sản_phẩm trực_tuyến theo mức_độ an_toàn đối_với trẻ_em ;  bảo_đảm việc phát_hiện , loại_bỏ các hình_ảnh , tài_liệu , thông_tin không phù_hợp với trẻ_em . 

2 . Cơ_quan công_an có trách_nhiệm tổ_chức thực_hiện các biện_pháp hỗ_trợ , can_thiệp bảo_vệ trẻ_em trên môi_trường mạng . 

Chương_V 

CHĂM_SÓC THAY_THẾ CHO TRẺ_EM 

Mục 1 .  TRÌNH_TỰ , THỦ_TỤC ĐĂNG_KÝ , LẬP DANH_SÁCH , ĐIỀU_PHỐI VIỆC LỰA_CHỌN CÁ_NHÂN , GIA_ĐÌNH NHẬN CHĂM_SÓC THAY_THẾ 

Điều 38 .  Trách_nhiệm tìm cá_nhân , gia_đình nhận chăm_sóc thay_thế cho trẻ_em 

1 . Người_làm công_tác bảo_vệ trẻ_em cấp xã có trách_nhiệm lập hồ_sơ của trẻ_em cần chăm_sóc thay_thế và tìm cá_nhân , gia_đình nhận chăm_sóc thay_thế cho trẻ_em theo quy_định tại Điều 62 <L rel="DaC"> Luật trẻ_em </L> .
2 . Người đứng đầu_cơ_sở trợ_giúp xã_hội có trách_nhiệm lập hồ_sơ của trẻ_em đang nuôi_dưỡng tại cơ_sở có đủ điều_kiện chuyển đến cá_nhân , gia_đình nhận chăm_sóc thay_thế , gia_đình nhận trẻ_em làm con_nuôi ;  đề_nghị cơ_quan có thẩm_quyền tìm cá_nhân , gia_đình nhận chăm_sóc thay_thế cho trẻ_em hoặc giải_quyết cho trẻ_em làm con_nuôi . 

3 . Hồ_sơ của trẻ_em cần tìm cá_nhân , gia_đình chăm_sóc thay_thế gồm : 

a ) Giấy_chứng sinh hoặc giấy khai_sinh hoặc chứng_minh nhân_dân hoặc căn_cước công_dân hoặc hộ_chiếu ( nếu có ) ; 

b ) Giấy khám sức_khỏe do cơ_quan y_tế cấp theo quy_định của pháp_luật ; 

c ) 02 ảnh toàn_thân , nhìn thẳng , kích_cỡ 8 cm x 10 cm , chụp trong thời_gian trước thời_điểm lập hồ_sơ không quá 06 tháng ; 

d ) Báo_cáo đánh_giá của người làm công_tác bảo_vệ trẻ_em cấp xã về hoàn_cảnh , tình_trạng và nhu_cầu , nguyện_vọng của trẻ_em theo Mẫu_số 10 tại Phụ_lục ban_hành kèm theo Nghị_định này ; 

đ ) Biên_bản xác_nhận do Ủy_ban nhân_dân cấp xã hoặc công_an cấp xã nơi phát_hiện trẻ_em bị bỏ_rơi ; 

e ) Bản_sao Quyết_định tạm_thời cách_ly trẻ_em khỏi cha , mẹ , người chăm_sóc trẻ_em và áp_dụng biện_pháp chăm_sóc thay_thế của Chủ_tịch Ủy_ban nhân_dân cấp xã hoặc Tòa_án nhân_dân cấp huyện . 

4 . Hồ_sơ của trẻ_em đang ở trong cơ_sở trợ_giúp xã_hội cần tìm cá_nhân , gia_đình chăm_sóc thay_thế bao_gồm : 

a ) Hồ_sơ quy_định tại khoản 3 Điều này ; 

b ) Bản_sao Quyết_định của cơ_quan có thẩm_quyền tiếp_nhận trẻ_em vào cơ_sở trợ_giúp xã_hội ; 

c ) Báo_cáo đánh_giá của người có thẩm_quyền của cơ_sở trợ_giúp xã_hội về hoàn_cảnh , tình_trạng và nhu_cầu , nguyện_vọng của trẻ_em theo quy_định tại điểm đ khoản 3 Điều này . 

Điều 39 .  Đăng_ký nhận chăm_sóc thay_thế 

1 . Cá_nhân , người đại_diện gia_đình có nguyện_vọng và đủ điều_kiện nhận chăm_sóc thay_thế theo quy_định tại khoản 2 Điều 63 <L rel="DaC"> Luật trẻ_em </L> làm đơn theo Mẫu_số 08 tại Phụ_lục ban_hành kèm theo Nghị_định này gửi Ủy_ban nhân_dân cấp xã nơi cư_trú để lập danh_sách đăng_ký nhận chăm_sóc thay_thế .
2 . Cá_nhân , người đại_diện gia_đình đăng_ký hoặc nhận trẻ_em chăm_sóc , thay_thế được các cơ_sở cung_cấp dịch_vụ bảo_vệ trẻ_em tư_vấn về các quy_định của pháp_luật liên_quan đến quyền và bổn_phận của trẻ_em , bảo_vệ trẻ_em và các kỹ_năng về chăm_sóc thay_thế . 

3 . Cá_nhân , người đại_diện gia_đình là người nước_ngoài , ngoài quy_định tại khoản 1 , khoản 2 Điều này phải cư_trú tại Việt_Nam ít_nhất 06 tháng và còn thời_hạn cư_trú tại Việt_Nam ít_nhất 12 tháng vào thời_điểm đăng_ký . 

4 . Trường_hợp đăng_ký nhận con_nuôi được thực_hiện theo quy_định của pháp_luật về nuôi con_nuôi . 

Điều 40 .  Lập danh_sách cá_nhân , gia_đình đăng_ký nhận chăm_sóc thay_thế 

1 . Ủy_ban nhân_dân cấp xã có trách_nhiệm tiếp_nhận , lập , lưu_trữ danh_sách cá_nhân , gia_đình có nguyện_vọng nhận chăm_sóc thay_thế theo Mẫu_số 09 tại Phụ_lục ban_hành kèm theo Nghị_định này ;  hằng quý cập_nhật danh_sách gửi cơ_quan lao_động-thương_binh và xã_hội cấp huyện để thực_hiện trách_nhiệm điều_phối việc lựa_chọn cá_nhân , gia_đình nhận chăm_sóc thay_thế . 

2 . Điều_kiện , thủ_tục nhận chế_độ trợ_cấp hằng tháng đối_với cá_nhân , gia_đình nhận chăm_sóc thay_thế được thực_hiện theo quy_định của pháp_luật về chính_sách trợ_giúp xã_hội . 

Điều 41 .  Hồ_sơ cá_nhân , gia_đình được lựa_chọn chăm_sóc thay_thế 

1 . Hồ_sơ cá_nhân , người đại_diện gia_đình nhận chăm_sóc thay_thế không phải là người thân_thích bao_gồm : 

a ) Đơn đăng_ký nhận chăm_sóc thay_thế ; 

b ) Giấy khám sức_khỏe trong thời_gian 06 tháng tính đến ngày nộp hồ_sơ do cơ_quan y_tế cấp theo quy_định của pháp_luật ; 

c ) Lý_lịch tư_pháp do cơ_quan có thẩm_quyền cấp đối_với cá_nhân , người đại_diện gia_đình chăm_sóc , thay_thế là người nước_ngoài . 

2 . Cá_nhân , người đại_diện gia_đình nhận chăm_sóc thay_thế là người thân_thích của trẻ_em thực_hiện theo quy_định tại khoản 4 Điều 65 <L rel="DaC"> Luật trẻ_em </L> .
Điều 42 .  Lựa_chọn hình_thức và cá_nhân , gia_đình nhận chăm_sóc thay_thế 

1 . Người_làm công_tác bảo_vệ trẻ_em cấp xã có trách_nhiệm lựa_chọn hình_thức , cá_nhân , gia_đình chăm_sóc thay_thế phù_hợp với trẻ_em ; xác_minh điều_kiện của cá_nhân , gia_đình nhận chăm_sóc thay_thế quy_định tại khoản 2 Điều 63 <L rel="DaC"> Luật trẻ_em </L> theo Mẫu_số 11 tại Phụ_lục ban_hành kèm theo Nghị_định này ; cung_cấp thông_tin về cá_nhân , gia_đình nhận chăm_sóc thay_thế cho trẻ_em và lấy ý_kiến của trẻ_em từ đủ 07 tuổi trở lên .
2 . Thứ_tự ưu_tiên lựa_chọn hình_thức chăm_sóc thay_thế : 

a ) Chăm_sóc thay_thế bởi cá_nhân , gia_đình là người thân_thích ; 

b ) Chăm_sóc thay_thế bởi cá_nhân , gia_đình không phải là người thân_thích ; 

c ) Chăm_sóc thay_thế tại cơ_sở trợ_giúp xã_hội . 

3 . Thứ_tự ưu_tiên chọn cá_nhân , gia_đình nhận chăm_sóc thay_thế : 

a ) Người thân_thích ; 

b ) Cá_nhân , người đại_diện gia_đình nhận chăm_sóc thay_thế nơi trẻ_em cư_trú ; 

c ) Công_dân Việt_Nam cư_trú trong nước ; 

d ) Người nước_ngoài cư_trú tại Việt_Nam . 

4 . Trong trường_hợp khẩn_cấp phải cách_ly trẻ_em khỏi cha , mẹ , người chăm_sóc trẻ_em theo quy_định tại Điều 32 của Nghị_định này nhưng chưa lựa_chọn được cá_nhân , gia_đình nhận chăm_sóc thay_thế_thì Chủ_tịch Ủy_ban nhân_dân cấp xã đề_nghị cơ_quan có thẩm_quyền ra quyết_định tạm_thời đưa trẻ_em vào cơ_sở trợ_giúp xã_hội và tiếp_tục lựa_chọn hình_thức chăm_sóc thay_thế phù_hợp . 

5 . Người_làm công_tác bảo_vệ trẻ_em cấp xã có trách_nhiệm lựa_chọn , thông_báo , cung_cấp thông_tin , hồ_sơ của trẻ_em cần chăm_sóc thay_thế cho cá_nhân , gia_đình nhận chăm_sóc thay_thế . 

6 . Việc giới_thiệu trẻ_em cho cá_nhân , gia_đình chăm_sóc thay_thế phải bảo_đảm vì lợi_ích tốt nhất của trẻ_em và yêu_cầu đối_với việc chăm_sóc thay_thế theo quy_định tại Điều 60 <L rel="DaC"> Luật trẻ_em </L> .
7 . Ủy_ban nhân_dân cấp xã nơi cư_trú của cá_nhân , gia_đình nhận chăm_sóc thay_thế có trách_nhiệm ban_hành quyết_định giao , nhận trẻ_em cho cá_nhân , gia_đình nhận chăm_sóc thay_thế theo Mẫu_số 12 tại Phụ_lục ban_hành kèm theo Nghị_định này ;  tổ_chức việc giao , nhận trẻ_em giữa Ủy_ban nhân_dân cấp xã và cá_nhân , gia_đình nhận chăm_sóc thay_thế trong thời_hạn 15 ngày làm_việc kể từ ngày ban_hành quyết_định . 

8 . Trường_hợp nơi trẻ_em cư_trú hoặc nơi xảy ra vụ_việc xâm_hại trẻ_em , trẻ_em bị bỏ_rơi khác địa_bàn cư_trú của cá_nhân , gia_đình nhận chăm_sóc thay_thế , Ủy_ban nhân_dân cấp xã nơi trẻ_em cư_trú hoặc nơi xảy ra vụ_việc xâm_hại trẻ_em , trẻ_em bị bỏ_rơi phối_hợp với Ủy_ban nhân_dân cấp xã nơi cư_trú của cá_nhân , gia_đình nhận chăm_sóc thay_thế thực_hiện thủ_tục giao , nhận và theo_dõi tình_hình chăm_sóc trẻ_em . 

Điều 43 .  Trách_nhiệm thông_tin , báo_cáo quá_trình phát_triển của trẻ_em được nhận chăm_sóc thay_thế 

1 . Cá_nhân , gia_đình nhận chăm_sóc thay_thế có trách_nhiệm cung_cấp thông_tin đầy_đủ , trung_thực về tình_trạng sức_khỏe , thể_chất , tinh_thần , sự hòa_nhập của trẻ_em được chăm_sóc thay_thế khi có yêu_cầu của Ủy_ban nhân_dân cấp xã hoặc người làm công_tác bảo_vệ trẻ_em cấp xã nơi cư_trú . 

2 . Sau 01 tháng , 03 tháng kể từ ngày cá_nhân , gia_đình nhận chăm_sóc thay_thế , người làm công_tác bảo_vệ trẻ_em cấp xã nơi cá_nhân , gia_đình nhận chăm_sóc thay_thế cư_trú có trách_nhiệm theo_dõi , đánh_giá điều_kiện sống , tình_trạng sức_khỏe , thể_chất , tinh_thần , sự hòa_nhập của trẻ_em với cá_nhân , gia_đình nhận chăm_sóc thay_thế ;  định_kỳ 06 tháng hoặc khi trẻ_em phải chuyển_đổi hình_thức , chuyển_đổi cá_nhân , gia_đình chăm_sóc thay_thế báo_cáo Ủy_ban nhân_dân cấp xã theo Mẫu_số 13 tại Phụ_lục ban_hành kèm theo Nghị_định này . 

3 . Ủy_ban nhân_dân cấp xã nơi cư_trú của cá_nhân , gia_đình nhận chăm_sóc thay_thế có trách_nhiệm thông_báo với Ủy_ban nhân_dân cấp xã nơi trẻ_em được nhận chăm_sóc thay_thế cư_trú hoặc nơi xảy ra vụ_việc xâm_hại trẻ_em , trẻ_em bị bỏ_rơi về tình_hình của trẻ_em được nhận chăm_sóc thay_thế khi có yêu_cầu . 

Mục 2 .  TRÌNH_TỰ , THỦ_TỤC TIẾP_NHẬN , CHUYỂN HÌNH_THỨC CHĂM_SÓC THAY_THẾ 

Điều 44 .  Trường_hợp trẻ_em được nhận chăm_sóc thay_thế tại cơ_sở trợ_giúp xã_hội 

1 . Trẻ_em quy_định tại khoản 1 Điều 67 <L rel="DaC"> Luật trẻ_em </L> và khoản 4 Điều 42 Nghị_định này được chăm_sóc thay_thế tại cơ_sở trợ_giúp xã_hội .
2 . Ủy_ban nhân_dân cấp xã nơi trẻ_em cư_trú hoặc nơi xảy ra vụ_việc xâm_hại trẻ_em , trẻ_em bị bỏ_rơi có trách_nhiệm lập hồ_sơ đề_nghị đưa trẻ_em vào chăm_sóc thay_thế tại cơ_sở trợ_giúp xã_hội cấp huyện hoặc cấp tỉnh quản_lý theo quy_định tại khoản 3 Điều 38 Nghị_định này . 

3 . Trẻ_em được nhận chăm_sóc thay_thế tại cơ_sở trợ_giúp xã_hội được hưởng chính_sách áp_dụng đối_với trẻ_em có hoàn_cảnh đặc_biệt . 

Điều 45 .  Chuyển trẻ_em đang được chăm_sóc thay_thế tại cơ_sở trợ_giúp xã_hội đến cá_nhân , gia_đình nhận chăm_sóc thay_thế , gia_đình nhận trẻ_em làm con_nuôi 

1 . Người đứng đầu_cơ_sở trợ_giúp xã_hội có trách_nhiệm lập danh_sách theo Mẫu_số 14 tại Phụ_lục ban_hành kèm theo Nghị_định này và hồ_sơ trẻ_em có nhu_cầu tìm cá_nhân , gia_đình chăm_sóc thay_thế theo quy_định tại khoản 3 Điều 38 Nghị_định này gửi Sở Lao_động-Thương_binh và Xã_hội đối_với cơ_sở_thuộc trách_nhiệm quản_lý cấp tỉnh hoặc Ủy_ban nhân_dân cấp huyện đối_với cơ_sở_thuộc trách_nhiệm quản_lý cấp huyện . 

2 . Trong thời_hạn 10 ngày làm_việc , Sở Lao_động-Thương_binh và Xã_hội , Ủy_ban nhân_dân cấp huyện có trách_nhiệm thẩm_định hồ_sơ , đối_chiếu với danh_sách cá_nhân , gia_đình đăng_ký nhận chăm_sóc thay_thế để xem_xét , đánh_giá sự phù_hợp của cá_nhân , gia_đình đăng_ký nhận chăm_sóc thay_thế ;  nếu thấy phù_hợp , Sở Lao_động-Thương_binh và Xã_hội , Ủy_ban nhân_dân cấp huyện chuyển danh_sách và hồ_sơ đến Ủy_ban nhân_dân cấp xã nơi cá_nhân , gia_đình đăng_ký nhận chăm_sóc thay_thế cư_trú . 

3 . Người đúng đầu_cơ_sở trợ_giúp xã_hội có trách_nhiệm phối_hợp với Ủy_ban nhân_dân cấp xã nơi cư_trú của cá_nhân , gia_đình nhận chăm_sóc thay_thế thông_báo tình_hình của trẻ_em cho cá_nhân , gia_đình nhận chăm_sóc thay_thế , tổ_chức cho cá_nhân , gia_đình nhận chăm_sóc thay_thế tiếp_xúc với trẻ_em và đưa trẻ_em đến nhà của cá_nhân , gia_đình nhận chăm_sóc thay_thế để trẻ_em làm_quen với môi_trường mới ;  lấy ý_kiến , nguyện_vọng của trẻ_em về cá_nhân , gia_đình nhận chăm_sóc thay_thế trong trường_hợp trẻ_em từ đủ 07 tuổi trở lên . 

4 . Trong thời_hạn 15 ngày làm_việc , Ủy_ban nhân_dân cấp xã xem_xét các điều_kiện của cá_nhân , gia_đình nhận chăm_sóc thay_thế , nếu đủ điều_kiện , Ủy_ban nhân_dân cấp xã quyết_định giao trẻ_em cho cá_nhân , gia_đình nhận chăm_sóc thay_thế theo quy_định tại khoản 1 Điều 66 <L rel="DaC"> Luật trẻ_em </L> . Ủy_ban nhân_dân cấp xã gửi quyết_định giao trẻ_em cho cá_nhân , gia_đình nhận chăm_sóc thay_thế đến Sở Lao_động-Thương_binh và Xã_hội hoặc Ủy_ban nhân_dân cấp huyện hoặc cơ_quan , tổ_chức có thẩm_quyền để làm cơ_sở chấm_dứt việc chăm_sóc thay_thế cho trẻ_em tại cơ_sở trợ_giúp xã_hội . Việc giao , nhận trẻ_em được thực_hiện khi có quyết_định chăm_sóc thay_thế của Ủy_ban nhân_dân cấp xã và quyết_định chấm_dứt chăm_sóc thay_thế tại cơ_sở trợ_giúp xã_hội .
5 . Chính_sách đối_với trẻ_em được chăm_sóc thay_thế và cá_nhân , gia_đình nhận chăm_sóc thay_thế thực_hiện theo quy_định của pháp_luật về chính_sách trợ_giúp xã_hội . 

6 . Thủ_tục chuyển trẻ_em sang gia_đình nhận làm con_nuôi được thực_hiện theo quy_định của pháp_luật nuôi con_nuôi . 

Điều 46 .  Theo_dõi , đánh_giá trẻ_em từ cơ_sở trợ_giúp xã_hội chuyển đến cá_nhân , gia_đình nhận chăm_sóc thay_thế 

1 . Người đứng đầu_cơ_sở trợ_giúp xã_hội cử người đại_diện phối_hợp với người làm công_tác bảo_vệ trẻ_em cấp xã tiếp_tục theo_dõi , đánh_giá điều_kiện sống , tình_trạng sức_khỏe , thể_chất , tinh_thần , sự hòa_nhập của trẻ_em với cá_nhân , gia_đình nhận chăm_sóc thay_thế để kịp_thời đề_nghị với các cơ_quan , tổ_chức , cá_nhân có liên_quan về biện_pháp hỗ_trợ , can_thiệp phù_hợp . 

2 . Người_làm công_tác bảo_vệ trẻ_em cấp xã có trách_nhiệm theo_dõi , đánh_giá việc chăm_sóc trẻ_em được cá_nhân , gia_đình nhận chăm_sóc thay_thế theo quy_định tại khoản 2 Điều 43 Nghị_định này . 

Điều 47 .  Theo_dõi , đánh_giá việc chăm_sóc thay_thế cho trẻ_em tại cơ_sở trợ_giúp xã_hội 

Sở Lao_động-Thương_binh và Xã_hội , cơ_quan lao_động-thương_binh và xã_hội cấp huyện có trách_nhiệm theo_dõi , đánh_giá việc chăm_sóc thay_thế tại cơ_sở trợ_giúp xã_hội thuộc thẩm_quyền quản_lý , thông_báo cho Ủy_ban nhân_dân cấp xã nơi ban_hành quyết_định chăm_sóc thay_thế cho trẻ_em . 

Điều 48 .  Chấm_dứt việc chăm_sóc thay_thế cho trẻ_em 

1 . Cá_nhân , đại_diện gia_đình nhận chăm_sóc thay_thế theo quy_định tại điểm c , d khoản 1 Điều 69 <L rel="DaC"> Luật trẻ_em </L> gửi đơn đề_nghị chấm_dứt việc chăm_sóc thay_thế theo Mẫu_số 15 tại Phụ_lục ban_hành kèm theo Nghị_định này đến Ủy_ban nhân_dân cấp xã nơi ban_hành quyết_định giao , nhận trẻ_em cho cá_nhân , gia_đình nhận chăm_sóc thay_thế để thực_hiện thủ_tục chấm_dứt việc chăm_sóc thay_thế .
2 . Chủ_tịch Ủy_ban nhân_dân cấp xã có trách_nhiệm ban_hành quyết_định chấm_dứt việc chăm_sóc thay_thế và chuyển hình_thức chăm_sóc thay_thế căn_cứ vào kết_quả theo_dõi , đánh_giá việc trẻ_em được cá_nhân , gia_đình nhận chăm_sóc thay_thế hoặc theo đề_nghị của cá_nhân , gia_đình nhận chăm_sóc thay_thế hoặc theo nguyện_vọng của trẻ_em được quy_định tại Điều 69 <L rel="DaC"> Luật trẻ_em </L> theo Mẫu_số 16 tại Phụ_lục ban_hành kèm theo Nghị_định này .
3 . Đối_với trường_hợp trẻ_em được chuyển từ cơ_sở trợ_giúp xã_hội đến cá_nhân , gia_đình nhận chăm_sóc thay_thế , trong thời_hạn 05 ngày làm_việc , kể từ ngày nhận quyết_định giao trẻ_em cho cá_nhân , gia_đình nhận chăm_sóc thay_thế của Ủy_ban nhân_dân cấp xã , Giám_đốc Sở Lao_động-Thương_binh và Xã_hội hoặc Chủ_tịch Ủy_ban nhân_dân cấp huyện hoặc cá_nhân có thẩm_quyền quyết_định chấm_dứt việc chăm_sóc trẻ_em tại cơ_sở trợ_giúp xã_hội và gửi quyết_định này đến Ủy_ban nhân_dân cấp xã để thực_hiện giao , nhận trẻ_em cho cá_nhân , gia_đình nhận chăm_sóc thay_thế . 

I 

TRÁCH_NHIỆM CỦA CƠ_QUAN , TỔ_CHỨC , CƠ_SỞ GIÁO_DỤC , GIA_ĐÌNH , CÁ_NHÂN TRONG VIỆC BẢO_ĐẢM ĐỂ TRẺ_EM ĐƯỢC THAM_GIA VÀO CÁC VẤN_ĐỀ VỀ TRẺ_EM 

Điều 49 .  Trách_nhiệm của các bộ , cơ_quan ngang bộ , cơ_quan thuộc Chính_phủ 

1 . Các bộ , cơ_quan ngang bộ , cơ_quan thuộc Chính_phủ trong quá_trình xây_dựng chương_trình , chính_sách , văn_bản quy_phạm pháp_luật , quy_hoạch , kế_hoạch phát_triển kinh_tế-xã_hội về trẻ_em hoặc liên_quan đến trẻ_em ( sau đây gọi là cơ_quan chủ_trì soạn_thảo văn_bản ) phải có sự tham_gia của trẻ_em như sau : 

a ) Bảo_đảm để trẻ_em được thông_tin về nội_dung của văn_bản đang soạn_thảo cần lấy ý_kiến của trẻ_em thông_qua một hoặc các hình_thức phù_hợp được quy_định tại khoản 2 Điều 74 <L rel="DaC"> Luật trẻ_em </L> ;
b ) Thuyết_minh nội_dung của văn_bản đang soạn_thảo phù_hợp với trẻ_em để trẻ_em hiểu , góp ý_kiến , bày_tỏ nguyện_vọng ; 

c ) Tiếp_nhận , xem_xét , trả_lời ý_kiến , nguyện_vọng của trẻ_em hoặc giải_thích , trả_lời ý_kiến , nguyện_vọng của trẻ_em không được tiếp_thu thông_qua một hoặc các hình_thức phù_hợp được quy_định tại khoản 2 Điều 74 <L rel="DaC"> Luật trẻ_em </L> .
2 . Trường_hợp cơ_quan chủ_trì soạn_thảo văn_bản không trực_tiếp tổ_chức việc lấy ý_kiến của trẻ_em theo quy_định tại khoản 1 Điều này thì việc lấy ý_kiến trẻ_em được thực_hiện như sau : 

a ) Gửi văn_bản đang soạn_thảo kèm theo nội_dung cần lấy ý_kiến của trẻ_em đến Tổ_chức đại_diện tiếng_nói , nguyện_vọng của trẻ_em hoặc Hội bảo_vệ quyền trẻ_em Việt_Nam để tổ_chức lấy ý_kiến của trẻ_em trước khi cơ_quan chủ_trì soạn_thảo văn_bản ban_hành theo thẩm_quyền hoặc trình cơ_quan có thẩm_quyền ban_hành ; 

b ) Ý_kiến , nguyện_vọng của trẻ_em thông_qua Tổ_chức đại_diện tiếng_nói , nguyện_vọng của trẻ_em hoặc Hội bảo_vệ quyền trẻ_em Việt_Nam phải được cơ_quan chủ_trì soạn_thảo văn_bản nghiên_cứu , tiếp_thu , giải_trình , phản_hồi cho Tổ_chức đại_diện tiếng_nói , nguyện_vọng của trẻ_em hoặc Hội bảo_vệ quyền trẻ_em Việt_Nam để phản_ánh lại với trẻ_em . 

3 . Hồ_sơ ban_hành theo thẩm_quyền hoặc gửi cơ_quan có thẩm_quyền thẩm_định , thẩm_tra , ban_hành của cơ_quan chủ_trì soạn_thảo văn_bản phải có nội_dung tổng_hợp , giải_trình , tiếp_thu ý_kiến , nguyện_vọng của trẻ_em trong bản tổng_hợp , giải_trình , tiếp_thu ý_kiến của cơ_quan , tổ_chức , cá_nhân . 

4 . Các bộ , cơ_quan ngang bộ , cơ_quan thuộc Chính_phủ trong quá_trình hướng_dẫn , triển_khai thực_hiện chương_trình , chính_sách , văn_bản quy_phạm pháp_luật , quy_hoạch , kế_hoạch phát_triển kinh_tế-xã_hội nếu nhận được ý_kiến , nguyện_vọng của trẻ_em về những vấn_đề có tác_động , ảnh_hưởng đến trẻ_em thì phải tiếp_nhận , xem_xét và trả_lời trực_tiếp cho trẻ_em hoặc cơ_quan , tổ_chức gửi ý_kiến , nguyện_vọng của trẻ_em . 

5 . Bộ Lao_động-Thương_binh và Xã_hội hướng_dẫn , kiểm_tra , thanh_tra các hoạt_động có sự tham_gia của trẻ_em vào các vấn_đề về trẻ_em ;  đình_chỉ hoặc đề_nghị cơ_quan có thẩm_quyền đình_chỉ hoạt_động có sự tham_gia của trẻ_em nếu vi_phạm pháp_luật hoặc không vì lợi_ích tốt nhất của trẻ_em . 

Điều 50 .  Trách_nhiệm của Ủy_ban nhân_dân các cấp 

1 . Ủy_ban nhân_dân các cấp trong quá_trình xây_dựng các quyết_định , chương_trình , chính_sách , văn_bản quy_phạm pháp_luật , quy_hoạch , kế_hoạch phát_triển kinh_tế-xã_hội về trẻ_em hoặc có liên_quan đến trẻ_em phải có sự tham_gia của trẻ_em theo quy_định tại các điểm a , b , c khoản 1 Điều 49 Nghị_định này . 

2 . Ủy_ban nhân_dân các cấp trong quá_trình triển_khai thực_hiện chương_trình , chính_sách , văn_bản quy_phạm pháp_luật , quy_hoạch , kế_hoạch phát_triển kinh_tế-xã_hội nếu nhận được ý_kiến , nguyện_vọng của trẻ_em về những vấn_đề có tác_động , ảnh_hưởng đến trẻ_em thì phải tiếp_nhận , xem_xét và trả_lời trực_tiếp cho trẻ_em hoặc cơ_quan , tổ_chức gửi ý_kiến , nguyện_vọng của trẻ_em . 

3 . Chỉ_đạo các cơ_quan có liên_quan hướng_dẫn , kiểm_tra , thanh_tra các hoạt_động có sự tham_gia của trẻ_em vào các vấn_đề về trẻ_em trên địa_bàn ;  đình_chỉ hoặc đề_nghị cơ_quan có thẩm_quyền đình_chỉ các hoạt_động có sự tham_gia của trẻ_em nếu vi_phạm pháp_luật hoặc không vì lợi_ích tốt nhất của trẻ_em ;  xử_lý hoặc đề_nghị cơ_quan có thẩm_quyền xử_lý các hành_vi ngăn_cản trẻ_em được tiếp_cận thông_tin , bày_tỏ ý_kiến , nguyện_vọng và tham_gia hoạt_động xã_hội phù_hợp . 

4 . Ủy_ban nhân_dân các cấp có trách_nhiệm quản_lý , tạo điều_kiện để trẻ_em được tham_gia vào các vấn_đề về trẻ_em theo phạm_vi và hình_thức quy_định tại Điều 74 và yêu_cầu tại khoản 1 Điều 78 <L rel="DaC"> Luật trẻ_em </L> .
Điều 51 .  Trách_nhiệm của tổ_chức đại_diện tiếng_nói , nguyện_vọng của trẻ_em 

1 . Trung_ương Đoàn_Thanh_niên Cộng_sản Hồ_Chí_Minh thực_hiện nhiệm_vụ của tổ_chức đại_diện tiếng_nói , nguyện_vọng của trẻ_em được quy_định tại Điều 77 <L rel="DaC"> Luật trẻ_em </L> .
2 . Hằng năm , đề_xuất với Chính_phủ kế_hoạch thực_hiện nhiệm_vụ đại_diện tiếng_nói , nguyện_vọng của trẻ_em và giám_sát việc thực_hiện ý_kiến , nguyện_vọng của trẻ_em theo quy_định tại điểm b khoản 4 Điều 91 <L rel="DaC"> Luật trẻ_em </L> .
3 . Chủ_trì , phối_hợp với các bộ , cơ_quan ngang bộ , cơ_quan thuộc Chính_phủ , Ủy_ban nhân_dân cấp tỉnh , Trung_ương Hội Liên_hiệp Phụ_nữ Việt_Nam , Hội bảo_vệ quyền trẻ_em Việt_Nam và cơ_quan , tổ_chức có liên_quan trong việc thực_hiện nhiệm_vụ đại_diện tiếng_nói , nguyện_vọng của trẻ_em và giám_sát việc thực_hiện quyền trẻ_em theo ý_kiến , nguyện_vọng của trẻ_em theo kế_hoạch được Chính_phủ phê_duyệt . 

Điều 52 .  Trách_nhiệm của các tổ_chức chính_trị-xã_hội , tổ_chức xã_hội , tổ_chức xã_hội-nghề_nghiệp 

1 . Đề_nghị Mặt_trận Tổ_quốc Việt_Nam , các tổ_chức chính_trị-xã_hội , tổ_chức xã_hội , tổ_chức xã_hội-nghề_nghiệp ( sau đây gọi là tổ_chức ) khi xây_dựng và thực_hiện quyết_định , chương_trình , hoạt_động về trẻ_em hoặc có liên_quan đến trẻ_em phải lấy ý_kiến của trẻ_em thông_qua một hoặc các hình_thức phù_hợp theo quy_định tại khoản 2 Điều 74 <L rel="DaC"> Luật trẻ_em </L> .
2 . Các tổ_chức phải thuyết_minh nội_dung quyết_định , chương_trình , hoạt_động đang xây_dựng hoặc đang thực_hiện phù_hợp với trẻ_em để trẻ_em hiểu , góp ý_kiến , bày_tỏ nguyện_vọng ;  ý_kiến , nguyện_vọng của trẻ_em gửi đến tổ_chức phải được tiếp_nhận , xem_xét và trả_lời trực_tiếp cho trẻ_em hoặc cơ_quan , tổ_chức gửi ý_kiến , nguyện_vọng của trẻ_em theo tôn_chỉ , mục_đích , chức_năng , nhiệm_vụ của tổ_chức . 

3 . Các tổ_chức có trách_nhiệm gửi ý_kiến , nguyện_vọng của trẻ_em mà tổ_chức nhận được đến cơ_quan , tổ_chức , cá_nhân có chức_năng , nhiệm_vụ , thẩm_quyền xem_xét , giải_quyết và theo_dõi việc trả_lời các ý_kiến , kiến_nghị đó . 

4 . Các tổ_chức thực_hiện các hoạt_động , sự_kiện có sự tham_gia của trẻ_em phải bảo_đảm các điều_kiện an_toàn , phù_hợp với trẻ_em ;  chấp_hành các hướng_dẫn , thanh_tra , kiểm_tra hoặc quyết_định đình_chỉ của cơ_quan có thẩm_quyền . 

Điều 53 .  Trách_nhiệm của nhà_trường , cơ_sở giáo_dục khác 

1 . Nhà_trường tạo điều_kiện để học_sinh tham_gia các hoạt_động xã_hội phù_hợp ; bày_tỏ ý_kiến , nguyện_vọng về những vấn_đề học_sinh quan_tâm thông_qua các hình_thức được quy_định tại khoản 2 Điều 74 <L rel="DaC"> Luật trẻ_em </L> .
2 . Ban Giám_hiệu nhà_trường có trách_nhiệm tiếp_nhận ý_kiến , kiến_nghị , nguyện_vọng của học_sinh và xem_xét , trả_lời những vấn_đề thuộc phạm_vi trách_nhiệm của Ban Giám_hiệu trong thời_hạn 07 ngày làm_việc .  Nội_dung trả_lời nêu rõ việc thực_hiện hoặc không thực_hiện , thời_gian thực_hiện , lý_do không thực_hiện ý_kiến , kiến_nghị , nguyện_vọng của học_sinh . 

3 . Ban Giám_hiệu nhà_trường có trách_nhiệm gửi ý_kiến , kiến_nghị , nguyện_vọng của học_sinh đến các cơ_quan , tổ_chức , cá_nhân có chức_năng , thẩm_quyền xem_xét , giải_quyết nếu ý_kiến , kiến_nghị , nguyện_vọng không thuộc phạm_vi trách_nhiệm của Ban Giám_hiệu và theo_dõi việc trả_lời để phản_hồi cho học_sinh . 

4 . Giáo_viên làm tổng phụ_trách Đội hoặc bí_thư chi_đoàn phản_ánh hoặc tổng_hợp ý_kiến , kiến_nghị , nguyện_vọng của học_sinh chuyển đến Ban Giám_hiệu nhà_trường hoặc giáo_viên trong trường_hợp học_sinh không muốn phản_ánh trực_tiếp vấn_đề với Ban Giám_hiệu nhà_trường hoặc giáo_viên ;  thông_tin việc tiếp_thu , xem_xét , giải_quyết ý_kiến , kiến_nghị , nguyện_vọng cho học_sinh . 

Điều 54 .  Trách_nhiệm của cơ_sở cung_cấp dịch_vụ bảo_vệ trẻ_em , cơ_sở trợ_giúp xã_hội 

1 . Cơ_sở cung_cấp dịch_vụ bảo_vệ trẻ_em , cơ_sở trợ_giúp xã_hội phải công_bố các thông_tin sau đây khi có yêu_cầu của trẻ_em , cha_mẹ , người chăm_sóc trẻ_em : 

a ) Quyết_định thành_lập hoặc giấy đăng_ký hoạt_động do cơ_quan có thẩm_quyền cấp ; 

b ) Chức_năng , nhiệm_vụ , nội_dung hoạt_động và các dịch_vụ được cung_cấp ; 

c ) Giá các dịch_vụ ( nếu có ) ; 

d ) Biện_pháp , chế_độ cung_cấp dịch_vụ cho trẻ_em ; 

đ ) Trách_nhiệm tham_gia trong quá_trình cung_cấp dịch_vụ của cha_mẹ , người chăm_sóc trẻ_em hoặc chính trẻ_em . 

2 . Cơ_sở cung_cấp dịch_vụ bảo_vệ trẻ_em , cơ_sở trợ_giúp xã_hội phải tiếp_nhận , xem_xét , trả_lời trực_tiếp hoặc bằng văn_bản về ý_kiến , kiến_nghị , nguyện_vọng của trẻ_em , cha_mẹ , người chăm_sóc trẻ_em , cơ_quan , tổ_chức có liên_quan đối_với các dịch_vụ do cơ_sở cung_cấp . 

Điều 55 .  Trách_nhiệm của cơ_quan thông_tin đại_chúng , cơ_quan , tổ_chức cung_cấp dịch_vụ trên môi_trường mạng 

1 . Cơ_quan thông_tin đại_chúng , cơ_quan , tổ_chức cung_cấp dịch_vụ trên môi_trường mạng có trách_nhiệm đăng_tải ý_kiến , nguyện_vọng của trẻ_em gửi đến phù_hợp với tôn_chỉ , mục_đích hoạt_động của cơ_quan , tổ_chức và quy_định của pháp_luật .  Trường_hợp không đăng_tải phải trả_lời và giải_thích rõ lý_do . 

2 . Gửi và yêu_cầu cơ_quan , tổ_chức , cá_nhân có trách_nhiệm trả_lời bằng văn_bản ý_kiến , nguyện_vọng của trẻ_em . 

3 . Cơ_quan thông_tin đại_chúng , cơ_quan , tổ_chức cung_cấp dịch_vụ trên môi_trường mạng có quyền và nghĩa_vụ không tiết_lộ thông_tin bí_mật đời_sống riêng_tư , bí_mật cá_nhân của trẻ_em theo yêu_cầu của trẻ_em , cha_mẹ , người chăm_sóc trẻ_em hoặc trong trường_hợp việc tiết_lộ thông_tin đó gây tổn_hại cho trẻ_em , không vì lợi_ích tốt nhất của trẻ_em theo Điều 33 Nghị_định này . 

Điều 56 .  Trách_nhiệm của gia_đình 

1 . Chăm_sóc , nuôi_dưỡng trẻ_em . 

2 . Giáo_dục trẻ_em . 

3 . Bảo_vệ an_toàn cho trẻ_em . 

4 . Tạo điều_kiện để trẻ_em tham_gia hoạt_động văn_hóa , nghệ_thuật , thể_thao và các hoạt_động xã_hội phù_hợp . 

5 . Tạo điều_kiện hướng_dẫn trẻ_em tiếp_cận nguồn thông_tin an_toàn , phù_hợp với độ tuổi , giới_tính và mức_độ trưởng_thành của trẻ_em . 

6 . Bảo_đảm sự tham_gia của trẻ_em trong gia_đình theo quy_định tại Điều 75 và khoản 1 Điều 78 <L rel="DaC"> Luật trẻ_em </L> .
I 

ĐIỀU_KHOẢN THI_HÀNH 

Điều 57 .  Hiệu_lực thi_hành 

1 . Nghị_định này có hiệu_lực thi_hành từ ngày 01 tháng 7 năm 2017 . 

2 . <NĐ rel="HHL"> Nghị_định số 71/2011/NĐ-CP ngày 22 tháng 8 năm 2011 </NĐ> của Chính_phủ quy_định chi_tiết và hướng_dẫn thi_hành một_số điều của <L rel="none"> Luật bảo_vệ , chăm_sóc và giáo_dục trẻ_em </L> hết hiệu_lực kể từ ngày Nghị_định này có hiệu_lực thi_hành .
Điều 58 .  Trách_nhiệm thi_hành 

Các Bộ_trưởng , Thủ_trưởng cơ_quan ngang bộ , Thủ_trưởng cơ_quan thuộc Chính_phủ , Chủ_tịch Ủy_ban nhân_dân các tỉnh , thành_phố trực_thuộc trung_ương chịu trách_nhiệm thi_hành Nghị_định này ./. 