Nghị định sửa đổi, bổ sung một số điều của Nghị định số 213/2013/NĐ-CP ngày 20 tháng 12 năm 2013 của Chính phủ về tổ chức và hoạt động của thanh tra ngành Khoa học và Công nghệ

Căn_cứ <L rel="CC"> Luật tổ_chức Chính_phủ ngày 19 tháng 6 năm 2015 </L> ;
Căn_cứ <L rel="CC"> Luật_khoa_học và công_nghệ ngày 18 tháng 6 năm 2013 </L> ;
Căn_cứ <L rel="CC"> Luật thanh_tra ngày 15 tháng 11 năm 2010 </L> ;
Căn_cứ <L rel="CC"> Luật xử_lý vi_phạm hành_chính ngày 20 tháng 6 năm 2012 </L> ;
Điều 1 . Sửa_đổi , bổ_sung một_số điều của <NĐ rel="DSD"> Nghị_định số 213/2013/NĐ-CP ngày 20 tháng 12 năm 2013 </NĐ> của Chính_phủ về tổ_chức và hoạt_động của thanh_tra ngành Khoa_học và Công_nghệ như sau :
1 . Bổ_sung điểm c vào khoản 2 Điều 4 như sau : 

“ c ) Chi_cục Tiêu_chuẩn Đo_lường Chất_lượng trực_thuộc Sở Khoa_học và Công_nghệ các tỉnh , thành_phố trực_thuộc trung_ương .  ” 

2 . Sửa_đổi , bổ_sung Điều 9 như sau : 

“ Điều 9 .  Nhiệm_vụ , quyền_hạn của Tổng_cục Tiêu_chuẩn Đo_lường Chất_lượng và Tổng_cục_trưởng Tổng_cục Tiêu_chuẩn Đo_lường Chất_lượng ;  Cục An_toàn bức_xạ và hạt_nhân và Cục_trưởng Cục An_toàn bức_xạ và hạt_nhân ;  Chi_cục Tiêu_chuẩn Đo_lường Chất_lượng , Chi_cục_trưởng Chi_cục Tiêu_chuẩn Đo_lường Chất_lượng 

1 . Tổng_cục Tiêu_chuẩn Đo_lường Chất_lượng ( sau đây gọi là Tổng_cục ) và Tổng_cục_trưởng Tổng_cục Tiêu_chuẩn Đo_lường Chất_lượng ( sau đây gọi là Tổng_cục_trưởng ) ; Cục An_toàn bức_xạ và hạt_nhân ( sau đây gọi là Cục ) và Cục_trưởng Cục An_toàn bức_xạ và hạt_nhân ( sau đây gọi là Cục_trưởng ) ; Chi_cục Tiêu_chuẩn Đo_lường Chất_lượng ( sau đây gọi là Chi_cục ) và Chi_cục_trưởng Chi_cục Tiêu_chuẩn Đo_lường Chất_lượng ( sau đây gọi là Chi_cục_trưởng ) thực_hiện nhiệm_vụ , quyền_hạn quy_định tại Điều 10 , Điều 11 <NĐ rel="DaC"> Nghị_định số 07/2012/NĐ-CP ngày 09 tháng 02 năm 2012 </NĐ> của Chính_phủ quy_định về cơ_quan được giao thực_hiện chức_năng thanh_tra chuyên_ngành và hoạt_động thanh_tra chuyên_ngành .
2 . Chi_cục_trưởng có thẩm_quyền xử_phạt vi_phạm hành_chính tương_ứng với thẩm_quyền xử_phạt vi_phạm hành_chính của Chánh thanh_tra Sở theo quy_định tại khoản 2 Điều 46 <L rel="DaC"> Luật xử_lý vi_phạm hành_chính </L> và <NĐ rel="DaC"> Nghị_định quy_định về xử_phạt vi_phạm hành_chính trong lĩnh_vực tiêu_chuẩn , đo_lường và chất_lượng sản_phẩm , hàng hóa </NĐ> . ”
3 . Bổ_sung Điều 10a vào sau Điều 10 như sau : 

“ Điều 10a .  Bộ_phận tham_mưu công_tác thanh_tra chuyên_ngành tại Chi_cục 

Bộ_phận tham_mưu về công_tác thanh_tra tại Chi_cục thuộc phòng chuyên_môn , nghiệp_vụ của Chi_cục do Chi_cục_trưởng phân_công .  Bộ_phận tham_mưu về công_tác thanh_tra của Chi_cục có nhiệm_vụ , quyền_hạn sau đây : 

1 . Chủ_trì , phối_hợp với các đơn_vị có liên_quan xây_dựng chương_trình , kế_hoạch thanh_tra của Chi_cục ; 

2 . Giúp Chi_cục_trưởng triển_khai các hoạt_động thanh_tra thuộc thẩm_quyền của Chi_cục_trưởng ; 

3 . Tham_gia thanh_tra theo kế_hoạch , thanh_tra thường_xuyên và thanh_tra đột_xuất khi được Chi_cục_trưởng giao ; 

4 . Tổng_hợp , xây_dựng báo_cáo của Chi_cục về kết_quả công_tác thanh_tra chuyên_ngành , giải_quyết khiếu_nại , tố_cáo và phòng , chống tham_nhũng gửi về Thanh_tra Sở , Tổng_cục theo quy_định của pháp_luật ; 

5 . Theo_dõi , đôn_đốc , kiểm_tra việc thực_hiện kết_luận , kiến_nghị , quyết_định xử_lý về thanh_tra của Chi_cục_trưởng ; 

6 . Thực_hiện các nhiệm_vụ khác do Chi_cục_trưởng giao và theo quy_định của pháp_luật .  ” 

4 . Sửa_đổi , bổ_sung khoản 1 , khoản 2 và bổ_sung khoản 4a vào sau khoản 4 Điều 12 như sau : 

a ) Sửa_đổi , bổ_sung khoản 1 , khoản 2 Điều 12 như sau : 

“ 1 .  Thanh_tra Bộ hướng_dẫn về nghiệp_vụ thanh_tra chuyên_ngành khoa_học và công_nghệ đối_với Tổng_cục , Cục , Thanh_tra Cục , Thanh_tra Sở , Chi_cục . 

2 . Tổng_cục , Cục , Thanh_tra Cục thực_hiện sự chỉ_đạo về công_tác , hướng_dẫn về nghiệp_vụ thanh_tra chuyên_ngành khoa_học và công_nghệ của Thanh_tra Bộ ;  hỗ_trợ Thanh_tra Bộ hướng_dẫn nghiệp_vụ thanh_tra chuyên_ngành khoa_học và công_nghệ đối_với Thanh_tra Sở , Chi_cục ;  phối_hợp với Thanh_tra Sở , Chi_cục khi tiến_hành hoạt_động thanh_tra chuyên_ngành thuộc thẩm_quyền được giao .  ” 

b ) Bổ_sung khoản 4a vào sau khoản 4 Điều 12 như sau : 

“ 4a .  Chi_cục có trách_nhiệm thực_hiện hướng_dẫn về nghiệp_vụ thanh_tra chuyên_ngành khoa_học và công_nghệ của Thanh_tra Bộ , Thanh_tra Sở , Tổng_cục ;  cử cán_bộ tham_gia phối_hợp thanh_tra chuyên_ngành khoa_học và công_nghệ với Thanh_tra Bộ , Tổng_cục , Cục , Thanh_tra Cục và Thanh_tra Sở khi được đề_nghị .  ” 

5 . Sửa_đổi , bổ_sung khoản 3 Điều 14 như sau : 

“ 3 .  Công_chức thanh_tra chuyên_ngành khoa_học và công_nghệ chỉ sử_dụng thẻ và trang_phục được cấp khi thực_hiện nhiệm_vụ thanh_tra chuyên_ngành theo quy_định pháp_luật .  ” 

6 . Bổ_sung khoản 5 vào Điều 19 như sau : 

“ 5 .  Chi_cục tiến_hành thanh_tra các nội_dung quy_định tại khoản 2 Điều này trong phạm_vi thẩm_quyền quản_lý nhà_nước được phân_cấp .  ” 

7 . Bổ_sung khoản 3a vào sau khoản 3 Điều 20 như sau : 

“ 3a .  Chi_cục_trưởng báo_cáo Chánh thanh_tra Sở xử_lý việc chồng_chéo trong hoạt_động thanh_tra chuyên_ngành với các cơ_quan thanh_tra chuyên_ngành của địa_phương .  ” 

8 . Bổ_sung khoản 1a vào sau khoản 1 Điều 22 như sau : 

“ 1a .  Chánh Thanh_tra Sở quyết_định thanh_tra lại vụ_việc đã được Chi_cục_trưởng thuộc Sở kết_luận nhưng phát_hiện có dấu_hiệu vi_phạm pháp_luật khi được Giám_đốc Sở giao .  ” 

9 . Sửa_đổi , bổ_sung điểm d khoản 2 Điều 23 như sau : 

“ d ) Chậm nhất ngày 20 tháng 11 hằng năm , Chi_cục căn_cứ định_hướng thanh_tra của ngành tiêu_chuẩn , đo_lường , chất_lượng và yêu_cầu công_tác quản_lý của Chi_cục có trách_nhiệm xây_dựng và gửi kế_hoạch thanh_tra đến Thanh_tra Sở để tổng_hợp , báo_cáo Giám_đốc Sở . 

Chậm nhất vào ngày 05 tháng 12 hằng năm , căn_cứ vào định_hướng thanh_tra của ngành khoa_học và công_nghệ và yêu_cầu quản_lý của Sở Khoa_học và Công_nghệ , Thanh_tra Sở có trách_nhiệm xây_dựng kế_hoạch thanh_tra của Thanh_tra Sở và tổng_hợp kế_hoạch thanh_tra chuyên_ngành của Chi_cục , trình Giám_đốc Sở xem_xét , phê_duyệt . 

Giám_đốc Sở Khoa_học và Công_nghệ có trách_nhiệm xem_xét , phê_duyệt kế_hoạch thanh_tra của Sở chậm nhất vào ngày 15 tháng 12 hằng năm ;  ” 

10 .  Sửa_đổi , bổ_sung khoản 2 và bổ_sung khoản 6 vào Điều 24 như sau : 

a ) Sửa_đổi , bổ_sung khoản 2 Điều 24 như sau : 

“ 2 .  Chủ_tịch Ủy_ban nhân_dân tỉnh , thành_phố trực_thuộc trung_ương có trách_nhiệm chỉ_đạo Giám_đốc Sở Khoa_học và Công_nghệ bảo_đảm kinh_phí , trang_phục và các điều_kiện cần_thiết khác cho hoạt_động của Thanh_tra Sở và Chi_cục .  ” 

b ) Bổ_sung khoản 6 vào Điều 24 như sau : 

“ 6 .  Chi_cục_trưởng có trách_nhiệm tổ_chức , chỉ_đạo hoạt_động thanh_tra chuyên_ngành của Chi_cục ;  bảo_đảm các điều_kiện về kinh_phí , trang_bị kỹ_thuật , trang_phục và các điều_kiện cần_thiết khác phục_vụ hoạt_động thanh_tra chuyên_ngành của Chi_cục .  ” 

11 .  Sửa_đổi , bổ_sung khoản 2 Điều 25 như sau : 

“ 2 .  Cơ_quan , tổ_chức , cá_nhân không thuộc diện quy_định tại khoản 1 Điều này khi nhận được yêu_cầu , kiến_nghị , quyết_định xử_lý về thanh_tra của Bộ Khoa_học và Công_nghệ , Thanh_tra Bộ , Sở Khoa_học và Công_nghệ , Thanh_tra Sở , Tổng_cục , Cục , Thanh_tra Cục , Chi_cục có trách_nhiệm thực_hiện và trả_lời bằng văn_bản về việc thực_hiện yêu_cầu , kiến_nghị , quyết_định xử_lý đó .  ” 

Điều 2 .  Điều_khoản thi_hành 

1 . Nghị_định này có hiệu_lực thi_hành từ ngày ký ban_hành . 

2 . Bộ_trưởng Bộ Khoa_học và Công_nghệ chịu trách_nhiệm hướng_dẫn thi_hành Nghị_định này . 

3 . Các Bộ_trưởng , Thủ_trưởng cơ_quan ngang bộ , Thủ_trưởng cơ_quan thuộc Chính_phủ , Chủ_tịch Ủy_ban nhân_dân tỉnh , thành_phố trực_thuộc trung_ương chịu trách_nhiệm thi_hành Nghị_định này ./. 