Nghị định Nghị định quy định trình tự, thủ tục thực hiện thí điểm cấp thị thực điện tử cho người nước ngoài nhập cảnh Việt Nam

Căn_cứ <L rel="CC"> Luật tổ_chức Chính_phủ ngày 19 tháng 6 năm 2015 </L> ;
Căn_cứ <L rel="CC"> Luật nhập_cảnh , xuất_cảnh , quá_cảnh , cư_trú của người nước_ngoài tại Việt_Nam ngày 16 tháng 6 năm 2014 </L> ;
Căn_cứ <L rel="CC"> Luật giao_dịch điện_tử ngày 29 tháng 11 năm 2005 </L> ;
Căn_cứ <L rel="CC"> Luật công_nghệ thông_tin ngày 29 tháng 6 năm 2006 </L> ;
Căn_cứ <NQ rel="CC"> Nghị_quyết số 30/2016/QH14 </NQ> về thực_hiện thí_điểm cấp thị_thực điện_tử cho người nước_ngoài nhập_cảnh Việt_Nam ngày 22 tháng 11 năm 2016 ;
Điều 1 .  Phạm_vi điều_chỉnh 

Nghị_định này quy_định trình_tự , thủ_tục thực_hiện thí_điểm cấp thị_thực điện_tử cho người nước_ngoài nhập_cảnh Việt_Nam . 

Điều 2 .  Đối_tượng áp_dụng 

1 . Người nước_ngoài là công_dân của các nước thuộc danh_sách được thí_điểm cấp thị_thực điện_tử quy_định tại Phụ_lục I ban_hành kèm theo Nghị_định này . 

2 . Cơ_quan , tổ_chức , cá_nhân có liên_quan . 

Điều 3 .  Giải_thích từ_ngữ 

1 . Cổng thông_tin điện_tử về xuất nhập_cảnh là cổng thông_tin điện_tử của Cục Quản_lý xuất nhập_cảnh-Bộ Công_an có tên_miền tiếng Việt là “ https ://www .  xuatnhapcanh .  gov .  vn ” ;  tiếng Anh là “ https ://www .  immigration .  gov .  vn ” , có chức_năng xuất_bản thông_tin , cung_cấp dịch_vụ công trực_tuyến và hỗ_trợ tìm_kiếm , liên_kết , lưu_trữ thông_tin liên_quan đến lĩnh_vực quản_lý xuất nhập_cảnh . 

2 . Trang thông_tin cấp thị_thực điện_tử là trang thông_tin điện_tử thuộc Cổng thông_tin điện_tử về xuất nhập_cảnh của Cục Quản_lý xuất nhập_cảnh-Bộ Công_an , có chức_năng tiếp_nhận , giải_quyết và cấp thị_thực điện_tử cho người nước_ngoài . 

3 . Tài_khoản điện_tử là tài_khoản do Cục Quản_lý xuất nhập_cảnh cấp cho cơ_quan , tổ_chức mời , bảo_lãnh để truy_cập vào Trang thông_tin cấp thị_thực điện_tử , gửi hồ_sơ mời , bảo_lãnh và nhận kết_quả trả_lời . 

4 . Mã hồ_sơ điện_tử là một dãy các ký_tự chữ và số được tạo theo một nguyên_tắc thống_nhất do Cục Quản_lý xuất nhập_cảnh cấp cho người nước_ngoài , cơ_quan , tổ_chức mời , bảo_lãnh người nước_ngoài để theo_dõi kết_quả giải_quyết và in thị_thực điện_tử . 

Điều 4 .  Trình_tự , thủ_tục cấp thị_thực điện_tử theo đề_nghị của người nước_ngoài 

1 . Người nước_ngoài đề_nghị cấp thị_thực điện_tử thực_hiện như sau : 

a ) Truy_cập Trang thông_tin cấp thị_thực điện_tử để khai_thông_tin đề_nghị cấp thị_thực điện_tử , tải ảnh và trang nhân_thân hộ_chiếu theo Mẫu_số 01 ban_hành kèm theo Nghị_định này . 

b ) Nhận mã hồ_sơ điện_tử và nộp phí cấp thị_thực vào tài_khoản quy_định tại Trang thông_tin cấp thị_thực điện_tử . 

2 . Trong thời_hạn 03 ngày làm_việc , kể từ ngày nhận đủ thông_tin đề_nghị cấp thị_thực điện_tử và phí cấp thị_thực , Cục Quản_lý xuất nhập_cảnh xem_xét , giải_quyết , trả_lời người đề_nghị cấp thị_thực điện_tử tại Trang thông_tin cấp thị_thực điện_tử . 

3 . Người nước_ngoài đề_nghị cấp thị_thực điện_tử sử_dụng mã hồ_sơ điện_tử để kiểm_tra kết_quả giải_quyết của Cục Quản_lý xuất nhập_cảnh tại Trang thông_tin cấp thị_thực điện_tử ;  trường_hợp được cấp thị_thực điện_tử thì sử_dụng mã hồ_sơ điện_tử để in thị_thực điện_tử theo Mẫu_số 02 ban_hành kèm theo Nghị_định này . 

Điều 5 .  Trình_tự , thủ_tục cấp thị_thực điện_tử theo đề_nghị của cơ_quan , tổ_chức mời , bảo_lãnh 

1 . Trước khi đề_nghị cấp thị_thực điện_tử cho người nước_ngoài , cơ_quan , tổ_chức tại Việt_Nam đăng_ký tài_khoản điện_tử theo quy_định tại khoản 2 Điều này và có chữ_ký điện_tử theo quy_định của <L rel="DaC"> Luật giao_dịch điện_tử </L> và các văn_bản hướng_dẫn .
2 . Đăng_ký , hủy tài_khoản điện_tử 

a ) Cơ_quan , tổ_chức gửi văn_bản đề_nghị cấp tài_khoản điện_tử cho Cục Quản_lý xuất nhập_cảnh theo Mẫu_số 03 ban_hành kèm theo Nghị_định này .  Việc đề_nghị cấp tài_khoản điện_tử chỉ thực_hiện một lần , trừ trường_hợp thay_đổi nội_dung hoặc tài_khoản bị hủy theo quy_định tại điểm c khoản này . 

b ) Cục Quản_lý xuất nhập_cảnh có văn_bản trả_lời và cấp tài_khoản điện_tử theo Mẫu_số 04 ban_hành kèm theo Nghị_định này trong thời_hạn 03 ngày làm_việc , kể từ ngày nhận được văn_bản đề_nghị của cơ_quan , tổ_chức ;  trường_hợp không cấp tài_khoản điện_tử thì Cục Quản_lý xuất nhập_cảnh có văn_bản trả_lời nêu rõ lý_do theo Mẫu_số 05 ban_hành kèm theo Nghị_định này . 

c ) Tài_khoản điện_tử bị hủy trong trường_hợp cơ_quan , tổ_chức có tài_khoản đề_nghị bằng văn_bản hoặc cơ_quan , tổ_chức có tài_khoản vi_phạm các quy_định của pháp_luật về giao_dịch điện_tử và về quản_lý xuất nhập_cảnh .  Khi hủy tài_khoản , Cục Quản_lý xuất nhập_cảnh có văn_bản thông_báo , nêu rõ lý_do theo Mẫu_số 06 ban_hành kèm theo Nghị_định này . 

3 . Cơ_quan , tổ_chức đề_nghị cấp thị_thực điện_tử cho người nước_ngoài sử_dụng tài_khoản điện_tử truy_cập vào Trang thông_tin cấp thị_thực điện_tử để đề_nghị cấp thị_thực điện_tử cho người nước_ngoài theo quy_định tại Điều 4 của Nghị_định này . 

4 . Cục Quản_lý xuất nhập_cảnh xem_xét , giải_quyết , trả_lời cơ_quan , tổ_chức tại Trang thông_tin cấp thị_thực điện_tử trong thời_hạn 03 ngày làm_việc , kể từ ngày nhận đủ thông_tin đề_nghị cấp thị_thực điện_tử và phí cấp thị_thực . 

5 . Cơ_quan , tổ_chức đề_nghị cấp thị_thực điện_tử cho người nước_ngoài sử_dụng mã hồ_sơ điện_tử để nhận văn_bản trả_lời của Cục Quản_lý xuất nhập_cảnh tại Trang thông_tin cấp thị_thực điện_tử và thông_báo kết_quả giải_quyết cho người nước_ngoài . 

6 . Người nước_ngoài được cấp thị_thực điện_tử sử_dụng mã hồ_sơ điện_tử do cơ_quan , tổ_chức thông_báo để in thị_thực điện_tử . 

Điều 6 .  Nhập_cảnh , xuất_cảnh bằng thị_thực điện_tử 

Người nước_ngoài sử_dụng thị_thực điện_tử nhập_cảnh , xuất_cảnh qua các cửa_khẩu quốc_tế quy_định tại Phụ_lục II ban_hành kèm theo Nghị_định này . 

Điều 7 .  Trách_nhiệm của Bộ Công_an 

1 . Chủ_trì giúp Chính_phủ tổ_chức thực_hiện thí_điểm cấp thị_thực điện_tử cho người nước_ngoài có nhu_cầu nhập_cảnh Việt_Nam . 

2 . Xây_dựng , quản_lý , vận_hành hệ_thống thông_tin tiếp_nhận đề_nghị , xét_duyệt , cấp thị_thực điện_tử đảm_bảo_an_ninh , an_toàn , bảo_mật và liên_tục . 

3 . Chủ_trì , phối_hợp với Bộ Quốc_phòng trong việc truyền , nhận đầy_đủ , kịp_thời thông_tin về người nước_ngoài được cấp thị_thực điện_tử tới đơn_vị kiểm_soát xuất nhập_cảnh thuộc Bộ Công_an và đơn_vị kiểm_soát xuất nhập_cảnh thuộc Bộ Quốc_phòng . 

4 . Phối_hợp với Bộ Giao_thông vận_tải thông_báo cho các Hãng hàng không kết_nối với Trang thông_tin cấp thị_thực điện_tử để kiểm_tra thông_tin về hành_khách đã được cấp thị_thực điện_tử trước khi chuyên_chở vào Việt_Nam . 

Điều 8 .  Trách_nhiệm của Bộ Quốc_phòng 

1 . Phối_hợp với Bộ Công_an trong việc thực_hiện <NQ rel="DaC"> Nghị_quyết của Quốc_hội về thực_hiện thí_điểm cấp thị_thực điện_tử cho người nước_ngoài nhập_cảnh Việt_Nam </NQ> .
2 . Chỉ_đạo các đơn_vị kiểm_soát xuất nhập_cảnh thuộc Bộ Quốc_phòng kết_nối với Cục Quản_lý xuất nhập_cảnh để tiếp_nhận thông_tin cấp thị_thực điện_tử cho người nước_ngoài và thực_hiện kiểm_soát nhập_cảnh , xuất_cảnh của người nước_ngoài được cấp thị_thực điện_tử tại cửa_khẩu . 

Điều 9 .  Danh_sách các nước có công_dân được thí_điểm cấp thị_thực điện_tử và danh_sách các cửa_khẩu cho phép người nước_ngoài nhập_cảnh , xuất_cảnh bằng thị_thực điện_tử 

1 . Ban_hành kèm theo Nghị_định này danh_sách các nước có công_dân được thí_điểm cấp thị_thực điện_tử ( Phụ_lục I ) và danh_sách các cửa_khẩu cho phép người nước_ngoài nhập_cảnh , xuất_cảnh bằng thị_thực điện_tử ( Phụ_lục II ) . 

2 . Trong thời_gian thực_hiện thí_điểm cấp thị_thực điện_tử cho người nước_ngoài nhập_cảnh Việt_Nam , các Phụ_lục quy_định tại khoản 1 Điều này có_thể được sửa_đổi , bổ_sung theo quyết_nghị của Chính_phủ . 

Điều 10 .  Áp_dụng giao_dịch điện_tử trong việc mời , bảo_lãnh người nước_ngoài nhập_cảnh Việt_Nam 

1 . Cơ_quan , tổ_chức mời , bảo_lãnh người nước_ngoài theo quy_định tại khoản 1 Điều 16 của <L rel="DaC"> Luật nhập_cảnh , xuất_cảnh , quá_cảnh , cư_trú của người nước_ngoài tại Việt_Nam </L> được lựa_chọn việc gửi văn_bản đề_nghị cấp thị_thực cho người nước_ngoài qua giao_dịch điện_tử tại Cổng thông_tin điện_tử về xuất nhập_cảnh .
2 . Trước khi gửi văn_bản đề_nghị qua giao_dịch điện_tử , cơ_quan , tổ_chức mời , bảo_lãnh người nước_ngoài phải đủ điều_kiện quy_định tại khoản 1 và khoản 2 Điều 5 của Nghị_định này . 

Điều 11 .  Hiệu_lực thi_hành 

Nghị_định này có hiệu_lực thi_hành trong thời_hạn 02 năm kể từ ngày 01 tháng 02 năm 2017 . 

Điều 12 .  Trách_nhiệm thi_hành 

Các Bộ_trưởng , Thủ_trưởng cơ_quan ngang bộ , Thủ_trưởng cơ_quan thuộc Chính_phủ , Chủ_tịch Ủy_ban nhân_dân các tỉnh , thành_phố trực_thuộc trung_ương chịu trách_nhiệm thi_hành Nghị_định này ./. 