Nghị định Quy định chi tiết và hướng dẫn thi hành một số điều của Luật Kế toán áp dụng trong hoạt động kinh doanh

Căn_cứ <L rel="CC"> Luật Tổ_chức Chính_phủ ngày 25 tháng 12 năm 2001 </L> ;
Căn_cứ <L rel="CC"> Luật Kế_toán ngày 17 tháng 6 năm 2003 </L> ;
Căn_cứ <L rel="CC"> Luật_Doanh_nghiệp nhà_nước ngày 26 tháng 11 năm 2003 </L> , <L rel="CC"> Luật Doanh_nghiệp ngày 12 tháng 6 năm 1999 </L> , <L rel="CC"> Luật_Đầu_tư nước_ngoài tại Việt_Nam ngày 12 tháng 11 năm 1996 </L> và <L rel="CC"> Luật sửa_đổi , bổ_sung một_số điều của <L rel="none"> Luật_Đầu_tư nước_ngoài tại Việt_Nam </L> ngày 09 tháng 6 năm 2000 </L> và <L rel="CC"> Luật Hợp_tác_xã ngày 26 tháng 11 năm 2003 </L> ;
Căn_cứ_điểm c , d , đ , e khoản 1 Điều 2 của <L rel="DaC"> Luật Kế_toán </L> , đối_tượng áp_dụng Nghị_định này là các tổ_chức , cá_nhân sau đây :
Căn_cứ khoản 3 Điều 9 của <L rel="CC"> Luật Kế_toán </L> , đối_tượng kế_toán thuộc hoạt_động kinh_doanh được quy_định như sau :
Căn_cứ Điều 16 của <L rel="CC"> Luật Kế_toán </L> , trách_nhiệm quản_lý , sử_dụng , cung_cấp thông_tin , tài_liệu kế_toán được quy_định như sau :
Căn_cứ khoản 2 Điều 19 của <L rel="CC"> Luật Kế_toán </L> , mẫu chứng từ kế_toán được quy_định như sau :
Căn_cứ khoản 2 Điều 18 của <L rel="CC"> Luật Kế_toán </L> , chứng từ điện_tử được quy_định như sau :
Căn_cứ khoản 2 Điều 18 của <L rel="CC"> Luật Kế_toán </L> , điều_kiện sử_dụng chứng_từ điện_tử được quy_định như sau :
Căn_cứ khoản 2 Điều 18 của <L rel="CC"> Luật Kế_toán </L> , giá_trị chứng_từ điện_tử được quy_định như sau :
Căn_cứ khoản 4 Điều 20 của <L rel="CC"> Luật Kế_toán , chữ_ký điện_tử </L> được quy_định như sau :
Căn_cứ khoản 1 , khoản 4 Điều 21 của <L rel="CC"> Luật Kế_toán </L> , trường_hợp bán hàng và mức tiền bán hàng không phải lập hóa_đơn bán hàng được quy_định như sau :
Căn_cứ khoản 3 Điều 22 và khoản 3 Điều 41 của <L rel="CC"> Luật Kế_toán </L> , chứng từ kế_toán sao_chụp được quy_định như sau :
Căn_cứ Điều 19 của <L rel="CC"> Luật Kế_toán </L> , chữ_viết trên chứng từ kế_toán được quy_định như sau :
Căn_cứ khoản 2 Điều 2 và Điều 26 của <L rel="CC"> Luật Kế_toán </L> , việc cụ_thể hóa sổ kế_toán được quy_định như sau :
Căn_cứ khoản 7 Điều 27 của <L rel="CC"> Luật Kế_toán </L> , việc ghi sổ kế_toán bằng máy vi_tính được quy_định như sau :
Căn_cứ khoản 3 Điều 29 và khoản 1 Điều 30 của <L rel="CC"> Luật Kế_toán </L> , kỳ_hạn lập báo_cáo tài_chính được quy_định như sau :
Căn_cứ khoản 2 Điều 30 của <L rel="CC"> Luật Kế_toán </L> , việc lập báo_cáo tài_chính tổng_hợp hoặc báo_cáo tài_chính hợp_nhất được quy_định như sau :
Căn_cứ Điều 11 và Điều 30 của <L rel="CC"> Luật Kế_toán </L> , đơn_vị tiền_tệ rút_gọn khi lập báo_cáo tài_chính hoặc công_khai báo_cáo tài_chính được quy_định như sau :
Căn_cứ Điều 29 , Điều 30 và Điều 31 của <L rel="CC"> Luật Kế_toán </L> , trường_hợp đơn_vị kế_toán hoạt_động ở nước_ngoài gửi báo_cáo tài_chính về Việt_Nam được quy_định như sau :
Căn_cứ Điều 31 của <L rel="CC"> Luật Kế_toán </L> , nơi nhận báo_cáo tài_chính được quy_định như sau :
Căn_cứ Điều 31 của <L rel="CC"> Luật Kế_toán </L> , thời_hạn nộp báo_cáo tài_chính được quy_định như sau :
Căn_cứ khoản 2 Điều 32 và Điều 33 của <L rel="CC"> Luật Kế_toán </L> , thời_hạn công_khai báo_cáo tài_chính năm được quy_định như sau :
Căn_cứ Điều 33 của <L rel="CC"> Luật Kế_toán </L> , việc nộp và công_khai báo_cáo tài_chính của đơn_vị kế_toán có các đơn_vị kế_toán trực_thuộc được quy_định như sau :
Căn_cứ khoản 2 Điều 2 của <L rel="CC"> Luật Kế_toán </L> , các đơn_vị được miễn lập và nộp báo_cáo tài_chính được quy_định như sau :
Căn_cứ Điều 35 của <L rel="CC"> Luật Kế_toán </L> , cơ_quan có thẩm_quyền quyết_định kiểm_tra kế_toán được quy_định như sau :
Căn_cứ Điều 35 của <L rel="CC"> Luật Kế_toán </L> , cơ_quan có thẩm_quyền kiểm_tra kế_toán được quy_định như sau :
Căn_cứ khoản 3 Điều 22 và khoản 2 Điều 40 của <L rel="CC"> Luật Kế_toán </L> , việc niêm_phong , tạm giữ , tịch_thu tài_liệu kế_toán được quy_định như sau :
Căn_cứ Điều 40 của <L rel="CC"> Luật Kế_toán </L> , loại tài_liệu kế_toán phải lưu_trữ gồm :
Căn_cứ Điều 40 của <L rel="CC"> Luật Kế_toán </L> , việc bảo_quản , lưu_trữ tài_liệu kế_toán được quy_định như sau :
Căn_cứ Điều 40 của <L rel="CC"> Luật Kế_toán </L> , nơi lưu_trữ tài_liệu kế_toán được quy_định như sau :
Căn_cứ Điều 40 của <L rel="CC"> Luật Kế_toán </L> , tài_liệu kế_toán phải lưu_trữ tối_thiểu 5 năm , gồm :
Căn_cứ Điều 40 của <L rel="CC"> Luật Kế_toán </L> , tài_liệu kế_toán phải lưu_trữ tối_thiểu 10 năm , gồm :
Căn_cứ Điều 40 của <L rel="CC"> Luật Kế_toán </L> , tài_liệu kế_toán phải lưu_trữ vĩnh_viễn được quy_định như sau :
Căn_cứ Điều 18 và Điều 40 của <L rel="CC"> Luật Kế_toán </L> , lưu_trữ chứng_từ điện_tử được quy_định như sau :
Căn_cứ Điều 40 của <L rel="CC"> Luật Kế_toán </L> , thời_điểm tính thời_hạn lưu_trữ tài_liệu kế_toán được quy_định như sau :
Căn_cứ Điều 40 của <L rel="CC"> Luật Kế_toán </L> , việc tiêu_hủy tài_liệu kế_toán được quy_định như sau :
Căn_cứ Điều 40 của <L rel="CC"> Luật Kế_toán </L> , thủ_tục tiêu_hủy tài_liệu kế_toán được quy_định như sau :
Căn_cứ khoản 2 Điều 48 của <L rel="CC"> Luật Kế_toán </L> , việc bố_trí , bãi_miễn kế_toán_trưởng được quy_định như sau :
Căn_cứ Điều 53 của <L rel="CC"> Luật Kế_toán </L> , tiêu_chuẩn và điều_kiện chuyên_môn của kế_toán_trưởng được quy_định như sau :
Căn_cứ khoản 1 Điều 56 của <L rel="CC"> Luật Kế_toán </L> , việc thuê làm kế_toán , thuê làm kế_toán_trưởng được quy_định như sau :
Căn_cứ Điều 57 của <L rel="CC"> Luật Kế_toán </L> , cơ_quan nhà_nước có thẩm_quyền cấp chứng_chỉ hành_nghề kế_toán được quy_định như sau :
Căn_cứ Điều 55 của <L rel="CC"> Luật Kế_toán </L> , doanh_nghiệp dịch_vụ kế_toán được quy_định như sau :
Căn_cứ Điều 55 của <L rel="CC"> Luật Kế_toán </L> , cá_nhân đăng_ký kinh_doanh dịch_vụ kế_toán được quy_định như sau :
Căn_cứ Điều 55 của <L rel="CC"> Luật Kế_toán </L> , tổ_chức và cá_nhân có đăng_ký kinh_doanh dịch_vụ kế_toán được thực_hiện các dịch_vụ kế_toán sau đây :
Căn_cứ khoản 5 Điều 56 của <L rel="CC"> Luật Kế_toán </L> , tổ_chức và cá_nhân hành_nghề kế_toán có trách_nhiệm sau :
Căn_cứ Điều 55 của <L rel="DaC"> Luật Kế_toán </L> , doanh_nghiệp dịch_vụ kế_toán , cá_nhân đăng_ký kinh_doanh dịch_vụ kế_toán nhưng không được cung_cấp dịch_vụ kế_toán khi người có trách_nhiệm quản_lý , điều_hành doanh_nghiệp dịch_vụ kế_toán hoặc cá_nhân đăng_ký kinh_doanh dịch_vụ kế_toán thuộc các trường_hợp sau :
Căn_cứ Điều 58 của <L rel="CC"> Luật Kế_toán </L> , quyền tham_gia tổ_chức nghề_nghiệp kế_toán và tổ_chức Hiệp_Hội kế_toán được quy_định như sau :
Điều 1 .  Phạm_vi điều_chỉnh 

Nghị_định này quy_định chi_tiết và hướng_dẫn thi_hành một_số điều của <L rel="DHD"> Luật Kế_toán </L> áp_dụng đối_với các đối_tượng quy_định tại Điều 2 của Nghị_định này ( sau đây gọi tắt là hoạt_động kinh_doanh ) .
Điều 2 .  Đối_tượng áp_dụng 

1 . Các tổ_chức hoạt_động kinh_doanh gồm : 

a ) Doanh_nghiệp nhà_nước ; 

b ) Công_ty trách_nhiệm hữu_hạn ; 

c ) Công_ty cổ_phần ; 

d ) Công_ty hợp danh ; 

đ ) Doanh_nghiệp tư_nhân ; 

e ) Doanh_nghiệp có vốn đầu_tư nước_ngoài ; 

g ) Chi_nhánh của doanh_nghiệp nước_ngoài hoạt_động tại Việt_Nam ; 

h ) Văn_phòng đại_diện của doanh_nghiệp nước_ngoài hoạt_động tại Việt_Nam ; 

i ) Hợp_tác_xã ; 

k ) Hộ kinh_doanh cá_thể và tổ_hợp_tác . 

2 . Người_làm kế_toán ;  người hành_nghề kế_toán ;  người khác có liên_quan đến kế_toán thuộc hoạt_động kinh_doanh . 

Điều 3 .  Đối_tượng kế_toán thuộc hoạt_động kinh_doanh 

1 . Đối_tượng kế_toán là tài_sản cố_định và tài_sản lưu_động , gồm : 

a ) Tiền và các khoản tương_đương tiền ; 

b ) Các khoản phải thu ; 

c ) Hàng tồn_kho ; 

d ) Đầu_tư tài_chính ngắn_hạn ; 

đ ) Tài_sản cố_định hữu_hình , tài_sản cố_định vô_hình , tài_sản cố_định thuê tài_chính ; 

e ) Đầu_tư tài_chính dài_hạn ; 

g ) Tài_sản ngắn_hạn và tài_sản dài_hạn khác . 

2 . Đối_tượng kế_toán là nợ phải trả , gồm : 

a ) Phải trả người bán ; 

b ) Phải trả nợ vay ; 

c ) Phải trả công_nhân_viên ; 

d ) Các khoản phải trả , phải nộp khác . 

3 . Đối_tượng kế_toán là vốn chủ sở_hữu , gồm : 

a ) Vốn của chủ sở_hữu ; 

b ) Các quỹ ; 

c ) Lợi_nhuận chưa phân_phối . 

4 . Các khoản doanh_thu , chi_phí kinh_doanh ;  thu_nhập khác và chi_phí khác . 

5 . Thuế và các khoản nộp ngân_sách nhà_nước . 

6 . Kết_quả và phân_chia kết_quả hoạt_động kinh_doanh . 

7 . Các tài_sản khác có liên_quan đến đơn_vị kế_toán . 

Điều 4 .  Trách_nhiệm quản_lý , sử_dụng , cung_cấp thông_tin , tài_liệu kế_toán 

1 . Đơn_vị kế_toán phải xây_dựng quy_chế về quản_lý , sử_dụng , bảo_quản tài_liệu kế_toán , trong đó quy_định rõ trách_nhiệm và quyền đối_với từng bộ_phận và từng người làm kế_toán ;  đơn_vị kế_toán phải đảm_bảo đầy_đủ cơ_sở vật_chất , phương_tiện quản_lý , bảo_quản tài_liệu kế_toán . 

2 . Đơn_vị kế_toán phải có trách_nhiệm cung_cấp tài_liệu kế_toán cho cơ_quan thuế và cơ_quan nhà_nước có thẩm_quyền thực_hiện chức_năng thanh_tra , kiểm_tra , điều_tra , kiểm_toán theo quy_định của pháp_luật .  Các cơ_quan được cung_cấp tài_liệu kế_toán phải có trách_nhiệm giữ_gìn , bảo_quản tài_liệu kế_toán trong thời_gian sử_dụng và phải hoàn_trả đầy_đủ , đúng hạn tài_liệu kế_toán đã sử_dụng . 

3 . Người đại_diện theo pháp_luật của đơn_vị kế_toán có quyền cung_cấp thông_tin , tài_liệu kế_toán cho các tổ_chức , cá_nhân theo quy_định của pháp_luật .  Việc khai_thác , sử_dụng tài_liệu kế_toán phải được sự đồng_ý bằng văn_bản của người đại_diện theo pháp_luật của đơn_vị kế_toán hoặc người được ủy_quyền của người đại_diện theo pháp_luật của đơn_vị kế_toán . 

Điều 5 .  Mẫu chứng từ kế_toán 

1 . Mẫu chứng từ kế_toán bao_gồm mẫu chứng từ kế_toán bắt_buộc và mẫu chứng từ kế_toán hướng_dẫn . 

a ) Mẫu chứng từ kế_toán bắt_buộc là mẫu chứng từ kế_toán do cơ_quan nhà_nước có thẩm_quyền quy_định nội_dung , kết_cấu của mẫu mà đơn_vị kế_toán phải thực_hiện đúng về biểu_mẫu , nội_dung , phương_pháp ghi các chỉ_tiêu và áp_dụng thống_nhất cho các đơn_vị kế_toán hoặc từng đơn_vị kế_toán cụ_thể . 

b ) Mẫu chứng từ kế_toán hướng_dẫn là mẫu chứng từ kế_toán do cơ_quan nhà_nước có thẩm_quyền quy_định ;  ngoài các nội_dung quy_định trên mẫu , đơn_vị kế_toán có_thể bổ_sung thêm chỉ_tiêu hoặc thay_đổi hình_thức mẫu biểu cho phù_hợp với việc ghi_chép và yêu_cầu quản_lý của đơn_vị . 

2 . Bộ Tài_chính quy_định danh_mục và mẫu chứng từ kế_toán bắt_buộc , danh_mục và mẫu chứng từ kế_toán hướng_dẫn ;  quy_định về in và phát_hành mẫu chứng từ kế_toán . 

Điều 6 .  Chứng_từ điện_tử 

1 . Chứng_từ điện_tử phải có đủ các nội_dung quy_định cho chứng từ kế_toán và phải được mã_hóa bảo_đảm an_toàn dữ_liệu điện_tử trong quá_trình xử_lý , truyền tin và lưu_trữ . 

2 . Chứng_từ điện_tử dùng trong kế_toán được chứa trong các vật_mang tin như băng_từ , đĩa từ , các loại thẻ thanh_toán . 

3 . Đối_với chứng_từ điện_tử , phải đảm_bảo tính bảo_mật và bảo_toàn dữ_liệu , thông_tin trong quá_trình sử_dụng và lưu_trữ ;  phải có biện_pháp quản_lý , kiểm_tra chống các hình_thức lợi_dụng khai_thác , thâm_nhập , sao_chép , đánh_cắp hoặc sử_dụng chứng_từ điện_tử không đúng quy_định .  Chứng_từ điện_tử khi bảo_quản , được quản_lý như tài_liệu kế_toán ở dạng nguyên_bản mà nó được tạo ra , gửi đi hoặc nhận nhưng phải có đủ thiết_bị phù_hợp để sử_dụng khi cần_thiết . 

Điều 7 .  Điều_kiện sử_dụng chứng_từ điện_tử 

1 . Tổ_chức cung_cấp dịch_vụ thanh_toán , dịch_vụ kế_toán , kiểm_toán sử_dụng chứng_từ điện_tử phải có các điều_kiện sau : 

a ) Có địa_điểm , các đường truyền_tải thông_tin , mạng thông_tin , thiết_bị truyền tin đáp_ứng yêu_cầu khai_thác , kiểm_soát , xử_lý , sử_dụng , bảo_quản và lưu_trữ chứng_từ điện_tử ; 

b ) Có đội_ngũ người thực_thi đủ trình_độ , khả_năng tương_xứng với yêu_cầu kỹ_thuật để thực_hiện quy_trình lập , sử_dụng chứng_từ điện_tử theo quy_trình kế_toán và thanh_toán ; 

c ) Các quy_định tại khoản 2 Điều này . 

2 . Tổ_chức , cá_nhân sử_dụng chứng_từ điện_tử và giao_dịch thanh_toán điện_tử phải có các điều_kiện sau : 

a ) Có chữ_ký điện_tử của người đại_diện theo pháp_luật , người được ủy_quyền của người đại_diện theo pháp_luật của tổ_chức hoặc cá_nhân sử_dụng chứng_từ điện_tử và giao_dịch thanh_toán điện_tử ; 

b ) Xác_lập phương_thức giao_nhận chứng_từ điện_tử và kỹ_thuật của vật_mang tin ; 

c ) Cam_kết về các hoạt_động diễn ra do chứng_từ điện_tử của mình lập khớp , đúng quy_định . 

Điều 8 .  Giá_trị chứng_từ điện_tử 

1 . Khi một chứng_từ bằng giấy được chuyển thành chứng_từ điện_tử để giao_dịch , thanh_toán thì chứng_từ điện_tử sẽ có giá_trị để thực_hiện nghiệp_vụ kinh_tế , tài_chính và khi đó chứng_từ bằng giấy chỉ có giá_trị lưu_giữ để theo_dõi và kiểm_tra , không có hiệu_lực để giao_dịch , thanh_toán . 

2 . Khi một chứng_từ điện_tử đã thực_hiện nghiệp_vụ kinh_tế , tài_chính chuyển thành chứng_từ bằng giấy thì chứng_từ bằng giấy đó chỉ có giá_trị lưu_giữ để ghi sổ kế_toán , theo_dõi và kiểm_tra , không có hiệu_lực để giao_dịch , thanh_toán . 

3 . Việc chuyển_đổi chứng_từ bằng giấy thành chứng_từ điện_tử hoặc ngược_lại được thực_hiện theo đúng quy_định về lập , sử_dụng , kiểm_soát , xử_lý , bảo_quản và lưu_giữ chứng_từ điện_tử và chứng_từ bằng giấy . 

Điều 9 .  Chữ_ký điện_tử trên chứng_từ điện_tử 

1 . Chữ_ký điện_tử là thông_tin dưới dạng điện_tử được gắn kèm một_cách phù_hợp với dữ_liệu điện_tử nhằm xác_lập mối liên_hệ giữa người gửi và nội_dung của dữ_liệu điện_tử đó .  Chữ_ký điện_tử xác_nhận người gửi đã chấp_nhận và chịu trách_nhiệm về nội_dung thông_tin trong chứng_từ điện_tử . 

2 . Chữ_ký điện_tử phải được mã_hóa bằng khóa mật_mã ;  chữ_ký điện_tử được xác_lập riêng cho từng cá_nhân để xác_định quyền và trách_nhiệm của người lập và những người liên_quan chịu trách_nhiệm về tính an_toàn và chính_xác của chứng_từ điện_tử .  Chữ_ký trên chứng_từ điện_tử có giá_trị như chữ_ký tay trên chứng_từ bằng giấy . 

3 . Trường_hợp thay_đổi nhân_viên kỹ_thuật giải_mã thì phải thay_đổi lại ký_hiệu mật , chữ_ký điện_tử , các khóa bảo_mật và phải thông_báo cho các bên có liên_quan đến giao_dịch điện_tử . 

4 . Người được giao quản_lý , sử_dụng ký_hiệu mật , chữ_ký điện_tử , mã khóa bảo_mật phải bảo_đảm bí_mật và chịu trách_nhiệm trước pháp_luật , nếu để lộ gây thiệt_hại tài_sản của đơn_vị và của các bên tham_gia giao_dịch . 

Điều 10 .  Hóa_đơn bán hàng 

1 . Tổ_chức , cá_nhân thuộc hoạt_động kinh_doanh có sử_dụng hóa_đơn bán hàng , khi bán_lẻ hàng_hóa hoặc cung_cấp dịch_vụ một lần có giá_trị dưới mức quy_định của Bộ Tài_chính thì không bắt_buộc phải lập hóa_đơn bán hàng , trừ khi người mua hàng yêu_cầu giao hóa_đơn thì người bán hàng phải lập và giao hóa_đơn theo đúng quy_định .  Hàng_hóa bán_lẻ hoặc cung_cấp dịch_vụ một lần có giá_trị dưới mức quy_định tuy không bắt_buộc phải lập hóa_đơn nhưng vẫn phải lập bảng kê bán_lẻ hàng_hóa , dịch_vụ hoặc có_thể lập hóa_đơn bán hàng theo quy_định để làm_chứng từ kế_toán .  Trường_hợp lập bảng kê bán_lẻ hàng_hóa , dịch_vụ thì cuối mỗi ngày phải căn_cứ vào số_liệu tổng_hợp của bảng kê để lập hóa_đơn bán hàng trong ngày theo quy_định . 

2 . Tổ_chức , cá_nhân khi mua sản_phẩm , hàng_hóa hoặc được cung_cấp dịch_vụ có quyền yêu_cầu người bán , người cung_cấp dịch_vụ lập và giao_liên 2 hóa_đơn bán hàng cho mình để sử_dụng và lưu_trữ theo quy_định , đồng_thời có trách_nhiệm kiểm_tra nội_dung các chỉ_tiêu ghi trên hóa_đơn và từ_chối không nhận hóa_đơn ghi sai các chỉ_tiêu , ghi chênh_lệch giá_trị với liên_hóa_đơn lưu của bên bán . 

3 . Tổ_chức , cá_nhân tự in hóa_đơn bán hàng phải được Bộ Tài_chính chấp_thuận bằng văn_bản trước khi thực_hiện .  Tổ_chức , cá_nhân được tự in hóa_đơn phải có hợp_đồng in hóa_đơn với tổ_chức nhận in , trong đó ghi rõ số_lượng , ký_hiệu , số thứ tự hóa_đơn .  Sau mỗi lần in hóa_đơn hoặc kết_thúc hợp_đồng in phải thực_hiện thanh_lý hợp_đồng in . 

4 . Đơn_vị kế_toán phải sử_dụng hóa_đơn bán hàng theo đúng quy_định ;  không được mua , bán , trao_đổi , cho hóa_đơn hoặc sử_dụng hóa_đơn của tổ_chức , cá_nhân khác ;  không được sử_dụng hóa_đơn để kê_khai trốn lậu thuế ;  phải mở sổ theo_dõi , có nội_quy quản_lý , phương_tiện bảo_quản và lưu_giữ hóa_đơn theo đúng quy_định của pháp_luật ;  không được để hư_hỏng , mất hóa_đơn .  Trường_hợp hóa_đơn bị hư_hỏng hoặc bị mất phải thông_báo bằng văn_bản với cơ_quan thuế cùng cấp . 

Điều 11 .  Chứng_từ kế_toán sao_chụp 

1 . Chứng_từ kế_toán sao_chụp phải được chụp từ bản_chính và phải có chữ_ký và dấu xác_nhận của người đại_diện theo pháp_luật của đơn_vị kế_toán lưu bản_chính hoặc cơ_quan nhà_nước có thẩm_quyền quyết_định tạm giữ , tịch_thu tài_liệu kế_toán trên chứng_từ sao_chụp . 

2 . Chứng_từ kế_toán sao_chụp chỉ được thực_hiện trong các trường_hợp sau đây : 

a ) Đơn_vị kế_toán có dự_án vay nợ , viện_trợ của nước_ngoài theo cam_kết phải nộp bản chứng_từ chính cho nhà tài_trợ nước_ngoài .  Trường_hợp này chứng_từ sao_chụp phải có chữ_ký và dấu xác_nhận của người đại_diện theo pháp_luật của nhà tài_trợ hoặc của đơn_vị kế_toán ; 

b ) Đơn_vị kế_toán bị cơ_quan nhà_nước có thẩm_quyền tạm giữ hoặc tịch_thu bản_chính chứng từ kế_toán .  Trường_hợp này chứng_từ sao_chụp phải có chữ_ký và dấu xác_nhận của người đại_diện của cơ_quan nhà_nước có thẩm_quyền quyết_định tạm giữ hoặc tịch_thu tài_liệu kế_toán trên chứng từ kế_toán sao_chụp theo quy_định tại Điều 26 của Nghị_định này ; 

c ) Chứng_từ kế_toán bị mất hoặc bị hủy_hoại do nguyên_nhân khách_quan như thiên_tai , hỏa_hoạn .  Trường_hợp này , đơn_vị kế_toán phải đến đơn_vị mua hoặc đơn_vị bán hàng_hóa , dịch_vụ và các đơn_vị khác có liên_quan để xin sao_chụp chứng từ kế_toán bị mất .  Trên chứng từ kế_toán sao_chụp phải có chữ_ký và dấu xác_nhận của người đại_diện theo pháp_luật của đơn_vị mua , đơn_vị bán hoặc của đơn_vị kế_toán khác ; 

d ) Các trường_hợp khác theo quy_định của pháp_luật . 

Điều 12 .  Dịch chứng từ kế_toán ra tiếng Việt 

1 . Chứng_từ kế_toán phát_sinh ở ngoài lãnh_thổ Việt_Nam ghi bằng tiếng nước_ngoài , khi sử_dụng để ghi sổ kế_toán ở Việt_Nam phải được dịch ra tiếng Việt . 

2 . Các chứng_từ ít phát_sinh thì phải dịch toàn_bộ chứng_từ .  Các chứng_từ phát_sinh nhiều lần thì phải dịch các nội_dung chủ_yếu theo quy_định của Bộ Tài_chính . 

3 . Bản dịch chứng_từ ra tiếng Việt phải đính kèm với bản_chính bằng tiếng nước_ngoài . 

Điều 13 .  Lựa_chọn và cụ_thể hóa sổ kế_toán 

1 . Hệ_thống sổ kế_toán mà đơn_vị kế_toán đã chọn phải được mở đầy_đủ các sổ kế_toán tổng_hợp và sổ kế_toán chi_tiết , đảm_bảo khả_năng đối_chiếu , tổng_hợp_số liệu kế_toán và lập báo_cáo tài_chính . 

2 . Hệ_thống sổ kế_toán đã chọn phải được sử_dụng thống_nhất trong một kỳ kế_toán năm . 

3 . Văn_phòng đại_diện của doanh_nghiệp nước_ngoài hoạt_động tại Việt_Nam , hộ kinh_doanh cá_thể và tổ_hợp_tác quy_định tại điểm h , k khoản 1 Điều 2 của Nghị_định này lập sổ kế_toán theo quy_định của Bộ Tài_chính . 

Điều 14 .  Ghi sổ kế_toán bằng máy vi_tính 

1 . Trường_hợp đơn_vị kế_toán ghi sổ kế_toán bằng máy vi_tính thì phần_mềm kế_toán lựa_chọn phải đáp_ứng được tiêu_chuẩn và điều_kiện theo quy_định , đảm_bảo khả_năng đối_chiếu , tổng_hợp_số liệu kế_toán và lập báo_cáo tài_chính . 

2 . Bộ Tài_chính quy_định tiêu_chuẩn và điều_kiện của phần_mềm kế_toán . 

Điều 15 .  Kỳ_hạn lập báo_cáo tài_chính 

1 . Đơn_vị kế_toán thuộc hoạt_động kinh_doanh phải lập báo_cáo tài_chính vào cuối kỳ kế_toán năm . 

2 . Đơn_vị kế_toán bị chia , tách , hợp_nhất , sáp_nhập , chuyển_đổi hình_thức sở_hữu , giải_thể , chấm_dứt hoạt_động , phá_sản phải lập báo_cáo tài_chính tại thời_điểm chia , tách , hợp_nhất , sáp_nhập , chuyển_đổi hình_thức sở_hữu , giải_thể , chấm_dứt hoạt_động , phá_sản . 

3 . Đối_với doanh_nghiệp nhà_nước , ngoài việc phải lập báo_cáo tài_chính năm , còn phải lập báo_cáo tài_chính quý . 

Điều 16 .  Lập báo_cáo tài_chính tổng_hợp hoặc báo_cáo tài_chính hợp_nhất 

1 . Đơn_vị kế_toán có các đơn_vị kế_toán trực_thuộc , thì ngoài việc phải lập báo_cáo tài_chính của đơn_vị kế_toán đó còn phải lập báo_cáo tài_chính tổng_hợp hoặc báo_cáo tài_chính hợp_nhất vào cuối kỳ kế_toán năm dựa trên báo_cáo tài_chính của các đơn_vị kế_toán trực_thuộc trong cùng đơn_vị kế_toán đó . 

2 . Công_ty_mẹ phải lập báo_cáo tài_chính hợp_nhất vào cuối kỳ kế_toán năm theo quy_định của Bộ Tài_chính . 

3 . Tổng_công_ty nhà_nước và doanh_nghiệp nhà_nước có các đơn_vị kế_toán trực_thuộc phải lập báo_cáo tài_chính tổng_hợp hoặc báo_cáo tài_chính hợp_nhất vào cuối kỳ kế_toán quý và cuối kỳ kế_toán năm . 

4 . Bộ Tài_chính quy_định cụ_thể việc lập báo_cáo tài_chính tổng_hợp và báo_cáo tài_chính hợp_nhất của đơn_vị kế_toán có các đơn_vị kế_toán trực_thuộc . 

Điều 17 .  Đơn_vị tiền_tệ rút_gọn và làm_tròn số khi lập báo_cáo tài_chính hoặc công_khai báo_cáo tài_chính 

1 . Đơn_vị kế_toán khi lập báo_cáo tài_chính tổng_hợp hoặc báo_cáo tài_chính hợp_nhất từ báo_cáo tài_chính của các đơn_vị kế_toán trực_thuộc , nếu có số_liệu báo_cáo trên 9 chữ_số thì được lựa_chọn sử_dụng đơn_vị tiền_tệ rút_gọn là nghìn đồng ( 1.000 đồng ) hoặc triệu đồng ( 1.000.000 đồng ) để lập báo_cáo tài_chính . 

2 . Đơn_vị kế_toán khi công_khai báo_cáo tài_chính được sử_dụng đơn_vị tiền_tệ rút_gọn là nghìn đồng hoặc triệu đồng_quy_định tại khoản 1 Điều này . 

3 . Khi sử_dụng đơn_vị tiền_tệ rút_gọn , đơn_vị kế_toán được làm_tròn số bằng cách : chữ_số sau chữ_số đơn_vị tiền_tệ rút_gọn nếu bằng năm ( 5 ) trở lên thì được tăng thêm một ( 1 ) đơn_vị ;  nếu nhỏ hơn năm ( 5 ) thì không tính . 

Điều 18 .  Chuyển_đổi báo_cáo tài_chính của đơn_vị kế_toán hoạt_động ở nước_ngoài 

Đơn_vị kế_toán hoạt_động ở nước_ngoài khi gửi báo_cáo tài_chính về cho đơn_vị kế_toán cấp trên ở Việt_Nam phải ghi theo đồng ngoại_tệ dùng để ghi sổ kế_toán , đồng_thời chuyển_đổi ra đồng Việt_Nam theo quy_định của Bộ Tài_chính và phải dịch ra tiếng Việt . 

Điều 19 .  Nơi nhận báo_cáo tài_chính 

1 . Báo_cáo tài_chính của đơn_vị kế_toán thuộc hoạt_động kinh_doanh phải nộp cho cơ_quan thuế , cơ_quan thống_kê , cơ_quan cấp đăng_ký kinh_doanh cùng cấp và cơ_quan khác theo quy_định của pháp_luật . 

2 . Đối_với doanh_nghiệp nhà_nước còn phải nộp báo_cáo tài_chính cho cơ_quan_tài_chính cùng cấp . 

3 . Đơn_vị kế_toán trực_thuộc còn phải nộp báo_cáo tài_chính cho đơn_vị kế_toán cấp trên . 

Điều 20 .  Thời_hạn nộp báo_cáo tài_chính 

1 . Đối_với doanh_nghiệp nhà_nước : 

a ) Thời_hạn nộp báo_cáo tài_chính quý : 

- Đơn_vị kế_toán phải nộp báo_cáo tài_chính quý chậm nhất là 20 ngày , kể từ ngày kết_thúc quý ;  đối_với Tổng_công_ty nhà_nước chậm nhất là 45 ngày ; 

- Đơn_vị kế_toán trực_thuộc Tổng_công_ty nhà_nước nộp báo_cáo tài_chính quý cho Tổng_công_ty theo thời_hạn do Tổng_công_ty quy_định . 

b ) Thời_hạn nộp báo_cáo tài_chính năm : 

Đơn_vị kế_toán phải nộp báo_cáo tài_chính năm chậm nhất là 30 ngày , kể từ ngày kết_thúc kỳ kế_toán năm ;  đối_với Tổng_công_ty nhà_nước chậm nhất là 90 ngày ; 

Đơn_vị kế_toán trực_thuộc Tổng_công_ty nhà_nước nộp báo_cáo tài_chính năm cho Tổng_công_ty theo thời_hạn do Tổng_công_ty quy_định . 

2 . Đối_với các loại doanh_nghiệp khác : 

a ) Đơn_vị kế_toán là doanh_nghiệp tư_nhân và công_ty hợp danh phải nộp báo_cáo tài_chính năm chậm nhất là 30 ngày , kể từ ngày kết_thúc kỳ kế_toán năm ;  đối_với các đơn_vị kế_toán khác , thời_hạn nộp báo_cáo tài_chính năm chậm nhất là 90 ngày ; 

b ) Đơn_vị kế_toán trực_thuộc nộp báo_cáo tài_chính năm cho đơn_vị kế_toán cấp trên theo thời_hạn do đơn_vị kế_toán cấp trên quy_định . 

Điều 21 .  Thời_hạn công_khai báo_cáo tài_chính năm 

a ) Đơn_vị kế_toán phải công_khai báo_cáo tài_chính năm trong thời_hạn 60 ngày , kể từ ngày kết_thúc kỳ kế_toán năm ;  đối_với Tổng_công_ty nhà_nước thời_hạn công_khai chậm nhất_là 120 ngày ; 

b ) Đơn_vị kế_toán trực_thuộc Tổng_công_ty nhà_nước phải công_khai báo_cáo tài_chính năm trong thời_hạn do Tổng_công_ty quy_định nhưng không chậm hơn 90 ngày . 

a ) Đơn_vị kế_toán là doanh_nghiệp tư_nhân và công_ty hợp danh phải công_khai báo_cáo tài_chính năm trong thời_hạn 60 ngày , kể từ ngày kết_thúc kỳ kế_toán năm ;  đối_với các doanh_nghiệp khác thời_hạn công_khai báo_cáo tài_chính chậm nhất_là 120 ngày ; 

b ) Đơn_vị kế_toán trực_thuộc phải công_khai báo_cáo tài_chính năm trong thời_hạn do đơn_vị kế_toán cấp trên quy_định . 

Điều 22 .  Nộp và công_khai báo_cáo tài_chính của đơn_vị kế_toán có các đơn_vị kế_toán trực_thuộc 

1 . Đơn_vị kế_toán có các đơn_vị kế_toán trực_thuộc , trong đó có Tổng_công_ty nhà_nước và công_ty_mẹ khi nộp báo_cáo tài_chính tổng_hợp hoặc báo_cáo tài_chính hợp_nhất phải nộp cả báo_cáo tài_chính của các đơn_vị kế_toán trực_thuộc và báo_cáo tài_chính của các công_ty_con . 

2 . Đơn_vị kế_toán quy_định tại khoản 1 Điều này khi công_khai báo_cáo tài_chính tổng_hợp hoặc báo_cáo tài_chính hợp_nhất phải công_khai cả báo_cáo tài_chính của các đơn_vị kế_toán trực_thuộc và báo_cáo tài_chính của các công_ty_con . 

Điều 23 .  Trường_hợp được miễn lập và nộp báo_cáo tài_chính 

1 . Đơn_vị kế_toán được miễn lập và nộp báo_cáo tài_chính gồm : Văn_phòng đại_diện của doanh_nghiệp nước_ngoài hoạt_động tại Việt_Nam , hộ kinh_doanh cá_thể và tổ_hợp_tác quy_định tại điểm h , k khoản 1 Điều 2 của Nghị_định này . 

2 . Đơn_vị kế_toán quy_định tại khoản 1 Điều này vẫn phải lập bảng kê_khai nộp thuế theo quy_định của pháp_luật . 

Điều 24 .  Cơ_quan có thẩm_quyền quyết_định kiểm_tra kế_toán 

1 . Bộ Tài_chính , các Bộ , cơ_quan ngang Bộ , cơ_quan thuộc Chính_phủ và cơ_quan khác ở Trung_ương trong phạm_vi nhiệm_vụ , quyền_hạn của mình quyết_định kiểm_tra kế_toán các đơn_vị kế_toán trong lĩnh_vực được phân_công phụ_trách . 

2 . Ủy_ban nhân_dân tỉnh , thành_phố trực_thuộc Trung_ương trong phạm_vi nhiệm_vụ , quyền_hạn của mình quyết_định kiểm_tra kế_toán các đơn_vị kế_toán tại địa_phương do mình quản_lý . 

3 . Đơn_vị kế_toán cấp trên , trong đó có Tổng_công_ty nhà_nước quyết_định kiểm_tra kế_toán các đơn_vị kế_toán trực_thuộc . 

Điều 25 .  Cơ_quan có thẩm_quyền kiểm_tra kế_toán 

1 . Các cơ_quan có thẩm_quyền quyết_định kiểm_tra kế_toán quy_định tại Điều 24 của Nghị_định này đồng_thời có thẩm_quyền kiểm_tra kế_toán . 

2 . Cơ_quan Thanh_tra Nhà_nước , Thanh_tra Tài_chính , Kiểm_toán Nhà_nước , cơ_quan thuế khi thực_hiện nhiệm_vụ kiểm_tra , thanh_tra , kiểm_toán các đơn_vị kế_toán có quyền kiểm_tra kế_toán . 

Điều 26 .  Niêm_phong , tạm giữ , tịch_thu tài_liệu kế_toán 

1 . Cơ_quan nhà_nước có thẩm_quyền quyết_định niêm_phong tài_liệu kế_toán theo quy_định của pháp_luật thì đơn_vị kế_toán và người đại_diện của cơ_quan nhà_nước có thẩm_quyền thực_hiện nhiệm_vụ niêm_phong tài_liệu kế_toán phải lập " Biên_bản niêm_phong tài_liệu kế_toán " .  Biên_bản niêm_phong tài_liệu kế_toán phải ghi rõ : lý_do , số_lượng , chủng_loại , kỳ kế_toán của tài_liệu kế_toán bị niêm_phong .  Người đại_diện theo pháp_luật của đơn_vị kế_toán , người đại_diện của cơ_quan nhà_nước có thẩm_quyền niêm_phong tài_liệu kế_toán phải ký_tên và đóng_dấu vào Biên_bản niêm_phong tài_liệu kế_toán . 

2 . Trường_hợp cơ_quan nhà_nước có thẩm_quyền tạm giữ hoặc tịch_thu tài_liệu kế_toán thì đơn_vị kế_toán và người đại_diện của cơ_quan nhà_nước có thẩm_quyền thực_hiện nhiệm_vụ tạm giữ , tịch_thu tài_liệu kế_toán phải lập " Biên_bản giao_nhận tài_liệu kế_toán " .  Biên_bản giao_nhận tài_liệu kế_toán phải ghi rõ : lý_do , loại tài_liệu , số_lượng từng loại tài_liệu , hiện_trạng của từng loại tài_liệu bị tạm giữ hoặc bị tịch_thu ;  nếu tạm giữ thì ghi rõ thời_gian sử_dụng , thời_gian trả lại tài_liệu kế_toán .  Người đại_diện theo pháp_luật của đơn_vị kế_toán và người đại_diện của cơ_quan nhà_nước có thẩm_quyền tạm giữ , tịch_thu tài_liệu kế_toán phải ký_tên và đóng_dấu vào Biên_bản giao_nhận tài_liệu kế_toán ;  đồng_thời phải sao_chụp tài_liệu kế_toán bị tạm giữ hoặc bị tịch_thu và ký , đóng_dấu xác_nhận của người đại_diện của cơ_quan nhà_nước có thẩm_quyền tạm giữ hoặc tịch_thu tài_liệu kế_toán trên tài_liệu kế_toán sao_chụp .  Đối_với chứng từ kế_toán , sổ kế_toán và báo_cáo tài_chính lập trên máy vi_tính nhưng chưa in ra giấy thì cơ_quan nhà_nước có thẩm_quyền yêu_cầu đơn_vị kế_toán in ra giấy và thực_hiện các thủ_tục quy_định đối_với tài_liệu kế_toán trước khi tạm giữ hoặc tịch_thu . 

Điều 27 .  Loại tài_liệu kế_toán phải lưu_trữ 

1 . Chứng_từ kế_toán ; 

2 . Sổ kế_toán chi_tiết , sổ kế_toán tổng_hợp ; 

3 . Báo_cáo tài_chính , báo_cáo kế_toán quản_trị ; 

4 . Tài_liệu khác có liên_quan đến kế_toán ngoài các tài_liệu quy_định ở khoản 1 , khoản 2 và khoản 3 Điều này , bao_gồm : các loại hợp_đồng , Quyết_định bổ_sung vốn từ lợi_nhuận , phân_phối các quỹ từ lợi_nhuận , Quyết_định miễn_giảm thuế , hoàn thuế , truy_thu thuế , báo_cáo kết_quả kiểm_kê và đánh_giá tài_sản ;  các tài_liệu liên_quan đến kiểm_tra , thanh_tra , kiểm_toán ;  các tài_liệu liên_quan đến giải_thể , phá_sản , chia , tách , sáp_nhập , chấm_dứt hoạt_động , chuyển_đổi hình_thức sở_hữu ;  biên_bản tiêu_hủy tài_liệu kế_toán và các tài_liệu khác có liên_quan đến kế_toán . 

Điều 28 .  Bảo_quản , lưu_trữ tài_liệu kế_toán 

1 . Tài_liệu kế_toán phải được đơn_vị kế_toán bảo_quản đầy_đủ , an_toàn trong quá_trình sử_dụng .  Người_làm kế_toán có trách_nhiệm bảo_quản tài_liệu kế_toán của mình trong quá_trình sử_dụng . 

2 . Tài_liệu kế_toán lưu_trữ phải là bản_chính theo quy_định của pháp_luật cho từng loại tài_liệu kế_toán .  Trường_hợp tài_liệu kế_toán bị tạm giữ , bị tịch_thu , bị mất hoặc bị hủy_hoại thì phải có biên_bản kèm theo bản_sao chụp tài_liệu bị tạm giữ , bị tịch_thu , bị mất hoặc bị hủy_hoại .  Đối_với chứng từ kế_toán chỉ có một bản_chính nhưng cần phải lưu_trữ ở cả hai nơi thì một trong hai nơi được lưu_trữ bản chứng_từ sao_chụp theo quy_định tại Điều 11 của Nghị_định này . 

3 . Người đại_diện theo pháp_luật của đơn_vị kế_toán phải chịu trách_nhiệm tổ_chức bảo_quản , lưu_trữ tài_liệu kế_toán về sự an_toàn , đầy_đủ và hợp_pháp của tài_liệu kế_toán . 

4 . Tài_liệu kế_toán đưa vào lưu_trữ phải đầy_đủ , có hệ_thống , phải phân_loại , sắp_xếp thành từng bộ hồ_sơ riêng theo thứ_tự thời_gian phát_sinh và theo kỳ kế_toán năm . 

Điều 29 .  Nơi lưu_trữ tài_liệu kế_toán 

1 . Tài_liệu kế_toán của đơn_vị kế_toán nào được lưu_trữ tại kho của đơn_vị kế_toán đó .  Kho lưu_trữ phải có đầy_đủ thiết_bị bảo_quản và điều_kiện bảo_quản bảo_đảm an_toàn trong quá_trình lưu_trữ theo quy_định của pháp_luật .  Đơn_vị kế_toán có_thể thuê tổ_chức lưu_trữ thực_hiện lưu_trữ tài_liệu kế_toán trên cơ_sở hợp_đồng ký_kết giữa các bên . 

2 . Tài_liệu kế_toán của doanh_nghiệp có vốn đầu_tư nước_ngoài , chi_nhánh và Văn_phòng đại_diện của doanh_nghiệp nước_ngoài hoạt_động tại Việt_Nam trong thời_gian hoạt_động tại Việt_Nam theo Giấy_phép đầu_tư hoặc Giấy_phép thành_lập được cấp , phải được lưu_trữ tại đơn_vị kế_toán trong lãnh_thổ nước Cộng_hòa xã_hội chủ_nghĩa Việt_Nam .  Khi doanh_nghiệp có vốn đầu_tư nước_ngoài , chi_nhánh và Văn_phòng đại_diện của doanh_nghiệp nước_ngoài hoạt_động tại Việt_Nam kết_thúc hoạt_động tại Việt_Nam thì tài_liệu kế_toán được lưu_trữ tại nơi theo quyết_định của người đại_diện theo pháp_luật của đơn_vị kế_toán . 

3 . Tài_liệu kế_toán của đơn_vị giải_thể , phá_sản bao_gồm tài_liệu kế_toán của các kỳ kế_toán năm đang còn trong thời_hạn lưu_trữ và tài_liệu kế_toán liên_quan đến việc giải_thể , phá_sản được lưu_trữ tại nơi theo quyết_định của người đại_diện theo pháp_luật của đơn_vị kế_toán . 

4 . Tài_liệu kế_toán của đơn_vị cổ_phần_hóa , chuyển_đổi hình_thức sở_hữu , bao_gồm tài_liệu kế_toán của các kỳ kế_toán năm đang còn trong thời_hạn lưu_trữ và tài_liệu kế_toán liên_quan đến cổ_phần_hóa , chuyển_đổi hình_thức sở_hữu được lưu_trữ tại đơn_vị kế_toán là chủ sở_hữu mới hoặc lưu_trữ tại nơi theo quyết_định của cơ_quan có thẩm_quyền quyết_định cổ_phần_hóa , chuyển_đổi hình_thức sở_hữu . 

5 . Tài_liệu kế_toán của các kỳ kế_toán năm đang còn trong thời_hạn lưu_trữ của các đơn_vị được chia , tách thành hai hay nhiều đơn_vị mới : nếu tài_liệu kế_toán phân_chia được cho đơn_vị kế_toán mới thì phân_chia và lưu_trữ tại đơn_vị mới ;  nếu tài_liệu kế_toán không phân_chia được thì lưu_trữ tại đơn_vị kế_toán bị chia hoặc bị tách hoặc lưu_trữ tại nơi theo quyết_định của cơ_quan có thẩm_quyền quyết_định chia , tách đơn_vị .  Tài_liệu kế_toán liên_quan đến chia , tách thì lưu_trữ tại các đơn_vị kế_toán mới chia , tách . 

6 . Tài_liệu kế_toán của các kỳ kế_toán năm đang còn trong thời_hạn lưu_trữ và tài_liệu kế_toán liên_quan đến sáp_nhập các đơn_vị kế_toán thì lưu_trữ tại đơn_vị nhận sáp_nhập . 

7 . Tài_liệu kế_toán về an_ninh , quốc_phòng phải đưa vào lưu_trữ theo quy_định của pháp_luật . 

Điều 30 .  Tài_liệu kế_toán phải lưu_trữ tối_thiểu 5 năm 

1 . Tài_liệu kế_toán dùng cho quản_lý , điều_hành thường_xuyên của đơn_vị kế_toán , không sử_dụng trực_tiếp để ghi sổ kế_toán và lập báo_cáo tài_chính được lưu_trữ tối_thiểu 5 năm tính từ khi kết_thúc kỳ kế_toán năm như phiếu thu , phiếu chi , phiếu nhập kho , phiếu xuất kho không_lưu trong tập tài_liệu kế_toán của Phòng Kế_toán . 

2 . Tài_liệu kế_toán khác dùng cho quản_lý , điều_hành và chứng từ kế_toán khác không trực_tiếp ghi sổ kế_toán và lập báo_cáo tài_chính . 

Điều 31 .  Tài_liệu kế_toán phải lưu_trữ tối_thiểu 10 năm 

1 . Chứng_từ kế_toán sử_dụng trực_tiếp để ghi sổ kế_toán và lập báo_cáo tài_chính , các bảng kê , bảng tổng_hợp chi_tiết , các sổ kế_toán chi_tiết , các sổ kế_toán tổng_hợp , báo_cáo tài_chính tháng , quý , năm của đơn_vị kế_toán , biên_bản tiêu_hủy tài_liệu kế_toán và tài_liệu khác có liên_quan đến ghi sổ kế_toán và lập báo_cáo tài_chính , trong đó có báo_cáo kiểm_toán và báo_cáo kiểm_tra kế_toán . 

2 . Tài_liệu kế_toán liên_quan đến thanh_lý_tài_sản cố_định . 

3 . Tài_liệu kế_toán của đơn_vị chủ đầu_tư , bao_gồm tài_liệu kế_toán của các kỳ kế_toán năm và tài_liệu kế_toán về Báo_cáo quyết_toán vốn đầu_tư dự_án hoàn_thành . 

4 . Tài_liệu kế_toán liên_quan đến thành_lập , chia , tách , hợp_nhất , sáp_nhập , chuyển_đổi hình_thức sở_hữu , giải_thể , chấm_dứt hoạt_động , phá_sản đơn_vị kế_toán . 

5 . Tài_liệu kế_toán khác của đơn_vị kế_toán sử_dụng trong một_số trường_hợp mà pháp_luật quy_định phải lưu_trữ trên 10 năm thì thực_hiện lưu_trữ theo quy_định đó . 

6 . Tài_liệu , hồ_sơ kiểm_toán báo_cáo tài_chính của các tổ_chức kiểm_toán độc_lập . 

Điều 32 .  Tài_liệu kế_toán phải lưu_trữ vĩnh_viễn 

1 . Tài_liệu kế_toán có tính sử_liệu , có ý_nghĩa quan_trọng về kinh_tế , an_ninh , quốc_phòng .  Việc xác_định tài_liệu kế_toán lưu_trữ vĩnh_viễn do người đại_diện theo pháp_luật của đơn_vị kế_toán quyết_định căn_cứ vào tính sử_liệu và ý_nghĩa lâu_dài của tài_liệu , thông_tin để quyết_định cho từng trường_hợp cụ_thể và giao cho bộ_phận kế_toán hoặc bộ_phận khác lưu_trữ dưới hình_thức bản_gốc hoặc hình_thức khác . 

2 . Thời_hạn lưu_trữ vĩnh_viễn phải là thời_hạn lưu_trữ trên 10 năm cho đến khi tài_liệu kế_toán bị hủy_hoại tự_nhiên hoặc được tiêu_hủy theo quyết_định của người đại_diện theo pháp_luật của đơn_vị kế_toán . 

Điều 33 .  Lưu_trữ chứng_từ điện_tử 

1 . Chứng_từ điện_tử là các băng_từ , đĩa từ , thẻ thanh_toán phải được sắp_xếp theo thứ_tự thời_gian , được bảo_quản với đủ các điều_kiện kỹ_thuật chống thoái_hóa chứng_từ điện_tử và chống tình_trạng truy_cập thông_tin bất_hợp_pháp từ bên ngoài . 

2 . Chứng_từ điện_tử trước khi đưa vào lưu_trữ phải in ra giấy để lưu_trữ theo quy_định về lưu_trữ tài_liệu kế_toán .  Trường_hợp chứng_từ điện_tử được lưu_trữ bằng bản_gốc trên thiết_bị đặc_biệt thì phải lưu_trữ các thiết_bị đọc tin phù_hợp đảm_bảo khai_thác được khi cần_thiết . 

3 . Thời_điểm , thời_hạn lưu_trữ , nơi lưu_trữ và tiêu_hủy chứng_từ điện_tử thực_hiện theo quy_định tại các Điều 28 , 29 , 30 , 31 , 32 , 34 , 35 và Điều 36 của Nghị_định này . 

Điều 34 .  Thời_điểm tính thời_hạn lưu_trữ tài_liệu kế_toán 

1 . Thời_điểm tính thời_hạn lưu_trữ đối_với tài_liệu kế_toán quy_định tại Điều 30 , khoản 1 , khoản 2 và khoản 5 Điều 31 và Điều 32 của Nghị_định này được tính từ ngày kết_thúc kỳ kế_toán năm . 

2 . Thời_điểm tính thời_hạn lưu_trữ đối_với các tài_liệu kế_toán quy_định tại khoản 3 Điều 31 của Nghị_định này được tính từ ngày Báo_cáo quyết_toán vốn đầu_tư dự_án hoàn_thành được duyệt . 

3 . Thời_điểm tính thời_hạn lưu_trữ đối_với tài_liệu kế_toán quy_định tại khoản 4 và tài_liệu , hồ_sơ kiểm_toán quy_định tại khoản 6 Điều 31 của Nghị_định này được tính từ ngày kết_thúc công_việc . 

Điều 35 .  Tiêu_hủy tài_liệu kế_toán 

1 . Tài_liệu kế_toán đã hết thời_hạn lưu_trữ theo quy_định thì được phép tiêu_hủy theo quyết_định của người đại_diện theo pháp_luật của đơn_vị kế_toán , trừ khi có quyết_định của cơ_quan nhà_nước có thẩm_quyền . 

2 . Tài_liệu kế_toán lưu_trữ của đơn_vị kế_toán nào thì đơn_vị kế_toán đó thực_hiện tiêu_hủy . 

3 . Tùy theo điều_kiện cụ_thể của mỗi đơn_vị kế_toán để thực_hiện tiêu_hủy tài_liệu kế_toán bằng hình_thức tiêu_hủy tự chọn .  Đối_với tài_liệu kế_toán thuộc loại bí_mật thì tiêu_hủy bằng cách đốt cháy , cắt , xé nhỏ bằng máy hoặc bằng thủ_công , đảm_bảo tài_liệu kế_toán đã tiêu_hủy sẽ không_thể sử_dụng lại các thông_tin , số_liệu trên đó . 

Điều 36 .  Thủ_tục tiêu_hủy tài_liệu kế_toán 

1 . Người đại_diện theo pháp_luật của đơn_vị kế_toán quyết_định thành_lập " Hội_đồng tiêu_hủy tài_liệu kế_toán hết thời_hạn lưu_trữ " .  Thành_phần Hội_đồng gồm : lãnh_đạo đơn_vị , kế_toán_trưởng và đại_diện của bộ_phận lưu_trữ . 

2 . Hội_đồng tiêu_hủy tài_liệu kế_toán phải tiến_hành kiểm_kê , đánh_giá , phân_loại theo từng loại tài_liệu kế_toán , lập " Danh_mục tài_liệu kế_toán tiêu_huỷ " và " Biên_bản tiêu_hủy tài_liệu kế_toán hết thời_hạn lưu_trữ " . 

3 . " Biên_bản tiêu_hủy tài_liệu kế_toán hết thời_hạn lưu_trữ " phải lập ngay sau khi tiêu_hủy tài_liệu kế_toán và phải ghi rõ các nội_dung : loại tài_liệu kế_toán đã tiêu_hủy , thời_hạn lưu_trữ của mỗi loại , hình_thức tiêu_hủy , kết_luận và chữ_ký của các thành_viên Hội_đồng tiêu_hủy . 

Điều 37 .  Bố_trí , bãi_miễn kế_toán_trưởng 

1 . Tất_cả các đơn_vị kế_toán quy_định tại khoản 1 Điều 2 của Nghị_định này đều phải bố_trí người làm kế_toán_trưởng , trừ Văn_phòng đại_diện của doanh_nghiệp nước_ngoài hoạt_động tại Việt_Nam , hộ kinh_doanh cá_thể và tổ_hợp_tác quy_định tại điểm h , k khoản 1 Điều 2 của Nghị_định này không bắt_buộc phải bố_trí người làm kế_toán_trưởng mà được phép cử người phụ_trách kế_toán . 

2 . Khi thành_lập đơn_vị kế_toán phải bố_trí ngay người làm kế_toán_trưởng .  Trường_hợp khuyết kế_toán_trưởng thì cấp có thẩm_quyền phải bố_trí ngay kế_toán_trưởng mới .  Trường_hợp chưa có người có đủ tiêu_chuẩn và điều_kiện bổ_nhiệm kế_toán_trưởng thì phải cử người phụ_trách kế_toán hoặc thuê kế_toán_trưởng .  Đối_với doanh_nghiệp nhà_nước , công_ty trách_nhiệm hữu_hạn , công_ty cổ_phần , doanh_nghiệp có vốn đầu_tư nước_ngoài và hợp_tác_xã chỉ được cử người phụ_trách kế_toán trong thời_hạn tối_đa là một năm tài_chính , sau đó phải bố_trí người làm kế_toán_trưởng . 

3 . Việc bố_trí , bãi_miễn kế_toán_trưởng được thực_hiện theo quy_định của pháp_luật đối_với từng loại_hình doanh_nghiệp . 

4 . Khi thay_đổi kế_toán_trưởng , người đại_diện theo pháp_luật của đơn_vị kế_toán phải tổ_chức bàn_giao công_việc và tài_liệu kế_toán giữa kế_toán_trưởng cũ và kế_toán_trưởng mới , đồng_thời thông_báo cho các bộ_phận có liên_quan trong đơn_vị và cho ngân_hàng nơi mở tài_khoản giao_dịch biết họ , tên và mẫu chữ_ký của kế_toán_trưởng mới .  Kế_toán_trưởng mới chịu trách_nhiệm về công_việc_làm của mình kể từ ngày nhận bàn_giao công_việc .  Kế_toán_trưởng cũ vẫn phải chịu trách_nhiệm về tính chính_xác , đầy_đủ , khách_quan của thông_tin , tài_liệu kế_toán trong thời_gian mình phụ_trách . 

Điều 38 .  Tiêu_chuẩn và điều_kiện của kế_toán_trưởng 

1 . Người được bố_trí làm kế_toán_trưởng phải có các tiêu_chuẩn sau : 

a ) Kế_toán_trưởng của đơn_vị kế_toán quy_định tại điểm a , b , c , e khoản 1 Điều 2 của Nghị_định này phải có chuyên_môn , nghiệp_vụ về kế_toán từ trình_độ đại_học trở lên và có thời_gian công_tác thực_tế về kế_toán ít_nhất là hai năm .  Trường_hợp có chuyên_môn , nghiệp_vụ về kế_toán trình_độ cao_đẳng thì thời_gian công_tác thực_tế về kế_toán ít_nhất là ba năm ; 

b ) Kế_toán_trưởng của đơn_vị kế_toán quy_định tại điểm d , đ , g , i khoản 1 Điều 2 của Nghị_định này phải có chuyên_môn , nghiệp_vụ về kế_toán từ bậc trung_cấp trở lên và có thời_gian công_tác thực_tế về kế_toán ít_nhất là ba năm ; 

c ) Kế_toán_trưởng của đơn_vị kế_toán có các đơn_vị kế_toán trực_thuộc và kế_toán_trưởng Tổng_công_ty nhà_nước phải có trình_độ chuyên_môn , nghiệp_vụ về kế_toán từ trình_độ đại_học trở lên và có thời_gian công_tác thực_tế về kế_toán ít_nhất là năm năm . 

2 . Người được bố_trí làm kế_toán_trưởng phải có các điều_kiện sau đây : 

a ) Không thuộc các đối_tượng không được làm kế_toán quy_định tại Điều 51 của <L rel="DaC"> Luật Kế_toán </L> ;
b ) Đã qua lớp bồi_dưỡng kế_toán_trưởng và được cấp chứng_chỉ bồi_dưỡng kế_toán_trưởng theo quy_định của Bộ Tài_chính . 

Điều 39 .  Thuê làm kế_toán , thuê làm kế_toán_trưởng 

1 . Đơn_vị kế_toán được thuê doanh_nghiệp dịch_vụ kế_toán hoặc người có đăng_ký kinh_doanh dịch_vụ kế_toán làm kế_toán hoặc làm kế_toán_trưởng . 

2 . Người được thuê làm kế_toán , thuê làm kế_toán_trưởng phải đảm_bảo những tiêu_chuẩn nghề_nghiệp quy_định tại các Điều 51 , 55 , 56 và Điều 57 của <L rel="DaC"> Luật Kế_toán </L> .
3 . Người được thuê làm kế_toán_trưởng phải có đủ các điều_kiện : 

a ) Có chứng_chỉ hành_nghề kế_toán theo quy_định tại Điều 57 của <L rel="DaC"> Luật Kế_toán </L> ;
b ) Có chứng_chỉ bồi_dưỡng kế_toán_trưởng theo quy_định của Bộ Tài_chính ; 

c ) Có đăng_ký kinh_doanh dịch_vụ kế_toán hoặc có đăng_ký hành_nghề kế_toán trong doanh_nghiệp dịch_vụ kế_toán . 

4 . Người được thuê làm kế_toán có trách_nhiệm và quyền của người làm kế_toán quy_định tại khoản 2 , khoản 3 Điều 50 của <L rel="DaC"> Luật Kế_toán </L> . Người được thuê làm kế_toán_trưởng có trách_nhiệm và quyền của kế_toán_trưởng quy_định tại Điều 54 của <L rel="DaC"> Luật Kế_toán </L> .
5 . Người đại_diện theo pháp_luật của đơn_vị kế_toán phải chịu trách_nhiệm về việc thuê làm kế_toán , thuê làm kế_toán_trưởng . 

Điều 40 .  Cơ_quan nhà_nước có thẩm_quyền cấp chứng_chỉ hành_nghề kế_toán 

1 . Bộ Tài_chính có thẩm_quyền tổ_chức thi và cấp chứng_chỉ hành_nghề kế_toán hoặc ủy_quyền cho tổ_chức nghề_nghiệp kế_toán tổ_chức thi và cấp chứng_chỉ hành_nghề kế_toán . 

2 . Bộ Tài_chính quy_định chương_trình bồi_dưỡng , hội_đồng thi_tuyển , thủ_tục , thẩm_quyền cấp và thu_hồi chứng_chỉ hành_nghề kế_toán theo quy_định của <L rel="DaC"> Luật Kế_toán </L> và các quy_định khác của pháp_luật có liên_quan .
Điều 41 .  Doanh_nghiệp dịch_vụ kế_toán 

1 . Doanh_nghiệp dịch_vụ kế_toán được thành_lập và hoạt_động theo quy_định của pháp_luật với một trong ba hình_thức : Công_ty trách_nhiệm hữu_hạn , công_ty hợp danh và doanh_nghiệp tư_nhân . Để thành_lập doanh_nghiệp dịch_vụ kế_toán phải có ít_nhất hai người có chứng_chỉ hành_nghề kế_toán , trong đó có một trong những người quản_lý doanh_nghiệp dịch_vụ kế_toán phải có chứng_chỉ hành_nghề kế_toán theo quy_định tại Điều 57 của <L rel="DaC"> Luật Kế_toán </L> và Điều 40 của Nghị_định này .
2 . Việc thành_lập , tổ_chức quản_lý và hoạt_động của doanh_nghiệp dịch_vụ kế_toán phải tuân theo quy_định của pháp_luật về doanh_nghiệp và theo quy_định của Nghị_định này . 

3 . Doanh_nghiệp dịch_vụ kế_toán được đăng_ký kinh_doanh dịch_vụ kế_toán theo quy_định tại Điều 43 của Nghị_định này . 

4 . Trong quá_trình hoạt_động , doanh_nghiệp dịch_vụ kế_toán phải đảm_bảo có ít_nhất một người quản_lý doanh_nghiệp có chứng_chỉ hành_nghề kế_toán quy_định tại Điều 57 của <L rel="DaC"> Luật Kế_toán </L> và Điều 40 của Nghị_định này .
Điều 42 .  Cá_nhân đăng_ký kinh_doanh dịch_vụ kế_toán 

1 . Cá_nhân có chứng_chỉ hành_nghề kế_toán và có các điều_kiện khác theo quy_định của pháp_luật được phép đăng_ký kinh_doanh dịch_vụ kế_toán theo quy_định của pháp_luật về đăng_ký kinh_doanh và đăng_ký nộp thuế_như hộ kinh_doanh cá_thể và theo quy_định của Nghị_định này . 

2 . Cá_nhân đăng_ký kinh_doanh dịch_vụ kế_toán phải có văn_phòng và địa_chỉ giao_dịch . 

Điều 43 .  Nội_dung dịch_vụ kế_toán 

1 . Làm kế_toán ; 

2 . Làm kế_toán_trưởng ; 

3 . Thiết_lập cụ_thể hệ_thống kế_toán cho đơn_vị kế_toán ; 

4 . Cung_cấp và tư_vấn áp_dụng công_nghệ thông_tin về kế_toán ; 

5 . Bồi_dưỡng nghiệp_vụ kế_toán , cập_nhật kiến_thức kế_toán ; 

6 . Tư_vấn tài_chính ; 

7 . Kê_khai thuế ; 

8 . Các dịch_vụ khác về kế_toán theo quy_định của pháp_luật . 

Điều 44 .  Trách_nhiệm của tổ_chức , cá_nhân hành_nghề kế_toán 

1 . Thực_hiện công_việc kế_toán liên_quan đến nội_dung dịch_vụ kế_toán thỏa_thuận trong hợp_đồng . 

2 . Tuân_thủ pháp_luật về kế_toán và pháp_luật về hoạt_động nghề_nghiệp kế_toán . 

3 . Chịu trách_nhiệm trước khách_hàng và trước pháp_luật về nội_dung dịch_vụ kế_toán đã cung_cấp và phải bồi_thường thiệt_hại do mình gây ra . 

4 . Thường_xuyên trau_dồi kiến_thức chuyên_môn và kinh_nghiệm nghề_nghiệp , thực_hiện chương_trình cập_nhật kiến_thức hàng năm theo quy_định của Bộ Tài_chính hoặc của các tổ_chức nghề_nghiệp được Bộ Tài_chính ủy_quyền . 

5 . Tuân_thủ sự quản_lý nghề_nghiệp và kiểm_soát chất_lượng dịch_vụ kế_toán của Bộ Tài_chính hoặc của tổ_chức nghề_nghiệp kế_toán được Bộ Tài_chính ủy_quyền . 

Điều 45 .  Trường_hợp không được cung_cấp dịch_vụ kế_toán 

1 . Là bố , mẹ ;  vợ , chồng ;  con ;  anh chị_em ruột của người có trách_nhiệm quản_lý điều_hành , kể_cả kế_toán_trưởng của đơn_vị kế_toán quy_định tại điểm a , b , c , e , g , i khoản 1 Điều 2 của Nghị_định này . 

2 . Có quan_hệ kinh_tế , tài_chính với khách_hàng . 

3 . Không đủ năng_lực , chuyên_môn hoặc không đủ điều_kiện để thực_hiện dịch_vụ kế_toán . 

4 . Đang làm kế_toán_trưởng thuê cho đơn_vị kế_toán có quan_hệ kinh_tế , tài_chính với khách_hàng . 

5 . Đơn_vị kế_toán có những yêu_cầu trái với đạo_đức nghề_nghiệp hoặc trái với yêu_cầu về chuyên_môn nghiệp_vụ kế_toán , tài_chính . 

6 . Các trường_hợp khác theo quy_định của pháp_luật . 

Điều 46 .  Quyền tham_gia tổ_chức nghề_nghiệp kế_toán 

1 . Đơn_vị kế_toán , người làm kế_toán , người hành_nghề kế_toán trong các doanh_nghiệp dịch_vụ kế_toán hoặc cá_nhân hành_nghề kế_toán có quyền tham_gia Hội Kế_toán Việt_Nam .  Doanh_nghiệp dịch_vụ kế_toán và người hành_nghề kế_toán phải đăng_ký danh_sách hành_nghề với Hội Kế_toán Việt_Nam và chịu sự quản_lý của Hội Kế_toán về đạo_đức nghề_nghiệp và chuyên_môn nghiệp_vụ theo sự ủy_quyền của Bộ Tài_chính . 

2 . Bộ Tài_chính quy_định cụ_thể việc đăng_ký và quản_lý danh_sách doanh_nghiệp và cá_nhân hành_nghề kế_toán . 

Điều 47 .  Hiệu_lực thi_hành 

1 . Nghị_định này có hiệu_lực thi_hành sau 15 ngày , kể từ ngày đăng Công_báo . 

2 . Các quy_định về kế_toán trước_đây thuộc hoạt_động kinh_doanh trái với Nghị_định này đều hết hiệu_lực thi_hành từ ngày Nghị_định này có hiệu_lực . 

Điều 48 .  Tổ_chức thực_hiện 

1 . Bộ_trưởng Bộ Tài_chính chịu trách_nhiệm hướng_dẫn , tổ_chức thi_hành Nghị_định này . 

2 . Các Bộ_trưởng , Thủ_trưởng các cơ_quan ngang Bộ , Thủ_trưởng cơ_quan thuộc Chính_phủ , Chủ_tịch Hội_đồng nhân_dân , Chủ_tịch Ủy_ban nhân_dân các tỉnh , thành_phố trực_thuộc Trung_ương chịu trách_nhiệm tổ_chức thi_hành Nghị_định này . 
