Nghị định Quy định về hoạt động tiêm chủng

Căn_cứ <L rel="CC"> Luật Tổ_chức Chính_phủ ngày 19 tháng 6 năm 2015 </L> ;
Căn_cứ <L rel="CC"> Luật_Phòng , chống bệnh truyền_nhiễm ngày 21 tháng 11 năm 2007 </L> ;
Căn_cứ <L rel="CC"> Luật_Đầu_tư ngày 26 tháng 11 năm 2014 </L> ;
Căn_cứ <NĐ rel="CC"> Nghị_định số 104/2016/NĐ-CP ngày 01 tháng 7 năm 2016 </NĐ> của Chính_phủ quy_định về hoạt_động tiêm_chủng , kính đề_nghị Quý cơ_quan xem_xét , đăng_tải thông_tin theo quy_định .
Điều 1 .  Phạm_vi Điều_chỉnh 

Nghị_định này quy_định về an_toàn tiêm_chủng và bồi_thường_khi sử_dụng vắc xin . 

Điều 2 .  Phạm_vi áp_dụng 

1 . Nghị_định này áp_dụng đối_với các cơ_sở y_tế thực_hiện tiêm_chủng vắc xin trong Chương_trình tiêm_chủng mở_rộng và tiêm_chủng chống dịch . 

2 . Tổ_chức , cá_nhân kinh_doanh dịch_vụ tiêm_chủng phải đáp_ứng các yêu_cầu : An_toàn tiêm_chủng theo quy_định tại Nghị_định này , thực_hiện chế_độ báo_cáo theo quy_định , có kế_hoạch bảo_đảm cung_ứng đủ vắc xin cho hoạt_động tiêm_chủng tại cơ_sở . 

Điều 3 .  Giải_thích từ_ngữ 

1 . Tiêm_chủng là việc đưa vắc xin vào cơ_thể con_người với Mục_đích tạo cho cơ_thể khả_năng đáp_ứng miễn_dịch để dự_phòng_bệnh_tật . 

2 . Tiêm_chủng chống dịch là hoạt_động tiêm_chủng miễn_phí do Nhà_nước tổ_chức cho những người có nguy_cơ mắc bệnh truyền_nhiễm tại vùng có dịch , người được cơ_quan nhà_nước có thẩm_quyền cử đến vùng có dịch . 

3 . Thiết_bị dây_chuyền lạnh là hệ_thống_thiết_bị bảo_quản , theo_dõi nhiệt_độ và vận_chuyển vắc xin từ nhà sản_xuất đến các Điểm tiêm_chủng . 

4 . Sự_cố bất_lợi sau tiêm_chủng là hiện_tượng bất_thường về sức_khỏe bao_gồm các biểu_hiện tại chỗ tiêm hoặc toàn_thân xảy ra sau tiêm_chủng , không nhất_thiết do việc sử_dụng vắc xin , bao_gồm phản_ứng thông_thường sau tiêm_chủng và tai_biến nặng sau tiêm_chủng . 

5 . Tai_biến nặng sau tiêm_chủng là sự_cố bất_lợi sau tiêm_chủng có_thể đe_dọa đến tính_mạng người được tiêm_chủng hoặc để lại di_chứng hoặc làm người được tiêm_chủng tử_vong . 

6 . Cơ_sở tiêm_chủng là cơ_sở y_tế đủ Điều_kiện và đã thực_hiện việc công_bố đủ Điều_kiện tiêm_chủng theo quy_định tại Nghị_định này . 

Chương_II 

AN_TOÀN TIÊM_CHỦNG 

Mục 1 .  QUY_TRÌNH TIÊM_CHỦNG 

Điều 4 .  Quản_lý đối_tượng tiêm_chủng 

1 . Nội_dung quản_lý đối_tượng tiêm_chủng bao_gồm : 

a ) Họ , tên , ngày , tháng , năm sinh và địa_chỉ thường_trú của đối_tượng tiêm_chủng ; 

b ) Tên cha hoặc mẹ hoặc người giám_hộ đối_với trường_hợp người được tiêm_chủng là trẻ_em ; 

c ) Tiền_sử tiêm_chủng , tiền_sử bệnh_tật liên_quan đến chỉ_định tiêm_chủng . 

2 . Ủy_ban nhân_dân xã , phường , thị_trấn chịu trách_nhiệm chỉ_đạo Trạm Y_tế Điều_tra , lập danh_sách các đối_tượng thuộc diện tiêm_chủng bắt_buộc theo quy_định của <L rel="DaC"> Luật_phòng , chống bệnh truyền_nhiễm </L> và thông_báo cho đối_tượng để tham_gia tiêm_chủng đúng lịch , đủ liều .
3 . Cơ_sở tiêm_chủng chịu trách_nhiệm : 

a ) Cấp và ghi sổ theo_dõi tiêm_chủng cá_nhân hoặc sổ tiêm_chủng điện_tử ; 

b ) Thống_kê danh_sách các đối_tượng được tiêm_chủng tại cơ_sở . 

4 . Trường_hợp người được tiêm_chủng đã có mã_số định_danh công_dân thì không cần thu_thập các thông_tin quy_định tại Điểm a và Điểm b Khoản 1 Điều này . 

Điều 5 .  Quy_trình tiêm_chủng 

1 . Việc tiêm_chủng phải thực_hiện đầy_đủ các bước sau : 

a ) Trước khi tiêm_chủng : Khám sàng_lọc , tư_vấn cho đối_tượng tiêm_chủng .  Trường_hợp đối_tượng tiêm_chủng là trẻ_em thì việc tư_vấn được thực_hiện với cha , mẹ hoặc người giám_hộ của trẻ ; 

b ) Trong khi tiêm_chủng : Thực_hiện tiêm_chủng theo đúng chỉ_định , bảo_đảm an_toàn ; 

c ) Sau khi tiêm_chủng : Theo_dõi người được tiêm_chủng ít_nhất 30 phút sau tiêm_chủng và hướng_dẫn gia_đình hoặc đối_tượng tiêm_chủng để tiếp_tục theo_dõi ít_nhất 24 giờ sau tiêm_chủng . 

2 . Khi đang triển_khai tiêm_chủng mà xảy ra tai_biến nặng sau tiêm_chủng , người đứng đầu_cơ_sở tiêm_chủng có trách_nhiệm : 

a ) Dừng ngay buổi tiêm_chủng ; 

b ) Xử_trí cấp_cứu , chẩn_đoán nguyên_nhân tai_biến nặng sau tiêm_chủng ;  trường_hợp vượt quá khả_năng thì phải chuyển người bị tai_biến nặng sau tiêm_chủng đến cơ_sở khám bệnh , chữa bệnh gần nhất ; 

c ) Thống_kê đầy_đủ thông_tin liên_quan đến trường_hợp tai_biến nặng theo quy_định của Bộ_trưởng Bộ Y_tế và báo_cáo cho Sở Y_tế trong thời_hạn 24 giờ kể từ thời Điểm xảy ra tai_biến . 

3 . Cơ_sở khám bệnh , chữa bệnh tiếp_nhận trường_hợp tai_biến nặng sau tiêm_chủng phải tiến_hành cấp_cứu , Điều_trị và báo_cáo Sở Y_tế trong thời_hạn 24 giờ kể từ thời Điểm tiếp_nhận người bị tai_biến . 

4 . Trường_hợp xảy ra tai_biến nặng sau tiêm_chủng vắc xin ngoài Chương_trình tiêm_chủng mở_rộng và tiêm_chủng chống dịch , cơ_sở nơi xảy ra tai_biến nặng sau tiêm_chủng có trách_nhiệm báo_cáo Sở Y_tế nơi cơ_sở đặt trụ_sở theo quy_định tại Khoản 2 Điều này và thực_hiện bồi_thường theo quy_định của pháp_luật về dân_sự nếu có lỗi gây ra tai_biến nặng sau tiêm_chủng . 

Điều 6 .  Điều_tra , báo_cáo và thông_báo kết_quả Điều_tra , xử_trí trường_hợp tai_biến nặng sau tiêm_chủng 

1 . Trong thời_hạn 24 giờ , kể từ khi xảy ra trường_hợp tai_biến nặng sau tiêm_chủng , Sở Y_tế có trách_nhiệm tổ_chức việc Điều_tra và trong thời_hạn 05 ngày làm_việc kể từ khi nhận báo_cáo Điều_tra trường_hợp tai_biến nặng sau tiêm_chủng , Sở Y_tế phải tổ_chức họp Hội_đồng tư_vấn chuyên_môn đánh_giá nguyên_nhân tai_biến sau tiêm_chủng trên địa_bàn ( sau đây gọi chung là Hội_đồng tư_vấn chuyên_môn tỉnh ) để : 

a ) Đánh_giá , kết_luận nguyên_nhân gây tai_biến nặng sau tiêm_chủng ; 

b ) Xác_định trường_hợp được bồi_thường theo quy_định tại Khoản 6 Điều 30 của <L rel="DaC"> Luật_phòng , chống bệnh truyền_nhiễm </L> và Khoản 2 Điều 15 Nghị_định này ;
c ) Xác_định trách_nhiệm của tổ_chức , cá_nhân trong việc sản_xuất , kinh_doanh , bảo_quản , sử_dụng vắc xin , sinh phẩm y_tế có liên_quan đến tai_biến nặng sau tiêm_chủng . 

2 . Trong thời_hạn 24 giờ , kể từ thời Điểm có biên_bản họp Hội_đồng tư_vấn chuyên_môn tỉnh , Giám_đốc Sở Y_tế có trách_nhiệm : 

a ) Thông_báo công_khai và báo_cáo Bộ Y_tế về nguyên_nhân gây tai_biến nặng sau tiêm_chủng ; 

b ) Thông_báo cho gia_đình của người bị tai_biến nặng sau tiêm_chủng về nguyên_nhân gây tai_biến . 

3 . Trường_hợp nghi_ngờ nguyên_nhân dẫn đến tai_biến nặng sau tiêm_chủng do chất_lượng vắc xin , Giám_đốc Sở Y_tế phải có văn_bản quyết_định tạm dừng sử_dụng lô vắc xin liên_quan trên địa_bàn quản_lý sau khi có ý_kiến đồng_ý bằng văn_bản của Bộ Y_tế .  Khi Hội_đồng tư_vấn chuyên_môn tỉnh có kết_luận nguyên_nhân tai_biến nặng không liên_quan đến chất_lượng vắc xin , Giám_đốc Sở Y_tế quyết_định cho phép sử_dụng lại lô vắc xin đó và báo_cáo Bộ Y_tế . 

4 . Trong trường_hợp cần_thiết , Bộ Y_tế tổ_chức họp Hội_đồng tư_vấn chuyên_môn của Bộ Y_tế để đánh_giá lại kết_luận của Hội_đồng tư_vấn chuyên_môn tỉnh . 

5 . Bộ_trưởng Bộ Y_tế có trách_nhiệm quy_định cụ_thể Điều này . 

Mục 2 .  QUẢN_LÝ VẮC XIN 

Điều 7 .  Cung_ứng vắc xin cho hoạt_động tiêm_chủng 

1 . Vắc xin sử_dụng cho hoạt_động tiêm_chủng trong Chương_trình tiêm_chủng mở_rộng , tiêm_chủng chống dịch do Nhà_nước bảo_đảm về số_lượng , chủng_loại phù_hợp với nhu_cầu hằng năm và được dự_trữ trong 6 tháng . 

2 . Căn_cứ số_lượng đối_tượng tiêm_chủng , thời_gian và định_mức sử_dụng của từng loại vắc xin , cơ_sở tiêm_chủng có trách_nhiệm lập dự_kiến nhu_cầu vắc xin quy_định tại Khoản 1 Điều này của cả năm gửi cơ_quan được giao quản_lý về tiêm_chủng tuyến huyện , tuyến tỉnh tổng_hợp gửi Sở Y_tế trước ngày 30 tháng 11 hằng năm để chỉ_đạo cấp vắc xin theo kế_hoạch . 

3 . Căn_cứ dự_kiến nhu_cầu vắc xin của các cơ_sở tiêm_chủng , Sở Y_tế có trách_nhiệm tổng_hợp , gửi kế_hoạch về Bộ Y_tế trước ngày 15 tháng 12 hằng năm để phê_duyệt kế_hoạch cung_ứng vắc xin và phân_phối trên cơ_sở kế_hoạch đã được phê_duyệt . 

4 . Khi xảy ra tình_trạng thừa , thiếu vắc xin cục_bộ tại các cơ_sở tiêm_chủng , Sở Y_tế giúp Ủy_ban nhân_dân tỉnh chỉ_đạo việc Điều_phối vắc xin giữa các cơ_sở tiêm_chủng trên địa_bàn để bảo_đảm cung_ứng vắc xin đầy_đủ , kịp_thời , liên_tục và báo_cáo Bộ Y_tế về tình_hình sử_dụng vắc xin theo định_kỳ hằng tháng . 

5 . Khi xảy ra tình_trạng thừa , thiếu vắc xin cục_bộ tại một_số tỉnh , Bộ_trưởng Bộ Y_tế có trách_nhiệm chỉ_đạo các đơn_vị liên_quan Điều_phối vắc xin giữa các tỉnh . 

Điều 8 .  Tiếp_nhận , vận_chuyển , bảo_quản vắc xin 

1 . Vắc xin phải được bảo_quản trong dây_chuyền lạnh từ khi sản_xuất tới khi sử_dụng và ở nhiệt_độ phù_hợp đối_với từng loại vắc xin theo yêu_cầu của nhà sản_xuất trong hồ_sơ đăng_ký lưu_hành với Bộ Y_tế , cụ_thể như sau : 

a ) Kho bảo_quản vắc xin phải tuân_thủ quy_định về thực_hành tốt bảo_quản thuốc ; 

b ) Việc vận_chuyển vắc xin từ kho bảo_quản đến Điểm tiêm_chủng phải được thực_hiện bằng xe lạnh , hòm lạnh , phích vắc xin ; 

c ) Bảo_quản vắc xin tại các Điểm tiêm_chủng bằng tủ_lạnh , phích vắc xin hoặc hòm lạnh từ khi bắt_đầu tiêm_chủng đến lúc kết_thúc buổi tiêm_chủng , trường_hợp phải lưu_trữ vắc xin thì phải kiểm_tra nhiệt_độ bảo_quản và ghi_chép tối_thiểu 02 lần/ngày ; 

đ ) Có thiết_bị theo_dõi nhiệt_độ của vắc xin trong quá_trình vận_chuyển , bảo_quản , sử_dụng và ghi_chép đầy_đủ khi vận_chuyển , giao hàng ; 

đ ) Bộ_trưởng Bộ Y_tế hướng_dẫn việc tiếp_nhận , vận_chuyển , bảo_quản vắc xin . 

2 . Khi tiếp_nhận vắc xin , người tiếp_nhận vắc xin có trách_nhiệm kiểm_tra tình_trạng bảo_quản và các thông_tin khác theo quy_định của Bộ_trưởng Bộ Y_tế . 

Mục 3 .  ĐIỀU_KIỆN CƠ_SỞ TIÊM_CHỦNG 

Điều 9 .  Điều_kiện đối_với cơ_sở tiêm_chủng cố_định 

1 . Cơ_sở vật_chất : 

a ) Khu_vực chờ trước khi tiêm_chủng phải bố_trí đủ chỗ ngồi trong một buổi tiêm_chủng , bảo_đảm che được mưa , nắng , kín gió và thông_thoáng ; 

b ) Khu_vực thực_hiện tư_vấn , khám sàng_lọc có diện_tích tối_thiểu là 8 m2 ; 

c ) Khu_vực thực_hiện tiêm_chủng có diện_tích tối_thiểu là 8 m2 ; 

d ) Khu_vực theo_dõi và xử_trí phản_ứng sau tiêm_chủng có diện_tích tối_thiểu là 15 m2 ; 

đ ) Riêng đối_với Điểm tiêm vắc xin viêm gan B liều sơ_sinh tại các cơ_sở khám bệnh , chữa bệnh có phòng sinh thì không thực_hiện theo các Điểm a , Điểm b , Điểm c và Điểm d Khoản này mà thực_hiện theo quy_định sau đây : Bố_trí phòng tiêm hoặc bàn tiêm vắc xin riêng , nơi tiêm_chủng bảo_đảm đủ ấm cho trẻ , có nơi khám sàng_lọc cho trẻ , tư_vấn cho các bà mẹ hoặc người giám_hộ của trẻ ; 

e ) Bảo_đảm các Điều_kiện về vệ_sinh , đủ ánh_sáng và bố_trí theo nguyên_tắc một_chiều tại các khu_vực quy_định tại các Điểm a , Điểm b , Điểm c và Điểm d Khoản này . 

2 . Trang_thiết_bị : 

a ) Có tủ_lạnh , phích vắc xin hoặc hòm lạnh , các thiết_bị theo_dõi nhiệt_độ tại nơi bảo_quản và trong quá_trình vận_chuyển vắc xin ; 

b ) Có đủ thiết_bị tiêm , các dụng_cụ , hóa_chất để sát_khuẩn và các vật_tư cần_thiết khác ; 

c ) Có hộp chống sốc , phác_đồ chống sốc treo tại nơi theo_dõi , xử_trí phản_ứng sau tiêm_chủng theo quy_định của Bộ_trưởng Bộ Y_tế ; 

d ) Có dụng_cụ chứa_chất_thải y_tế theo quy_định của Bộ_trưởng Bộ Y_tế . 

3 . Nhân_sự : 

a ) Số_lượng : Có tối_thiểu 03 nhân_viên chuyên_ngành y , trong đó có ít_nhất 01 nhân_viên có trình_độ chuyên_môn từ y_sỹ trở lên ;  đối_với cơ_sở tiêm_chủng tại các vùng_sâu , vùng_xa , vùng đặc_biệt khó_khăn phải có tối_thiểu 02 nhân_viên có trình_độ từ trung_cấp chuyên_ngành y trở lên , trong đó có ít_nhất 01 nhân_viên có trình_độ chuyên_môn từ y_sỹ trở lên ; 

b ) Nhân_viên y_tế tham_gia hoạt_động tiêm_chủng phải được tập_huấn chuyên_môn về tiêm_chủng .  Nhân_viên trực_tiếp thực_hiện khám sàng_lọc , tư_vấn , theo_dõi , xử_trí phản_ứng sau tiêm_chủng phải có trình_độ chuyên_môn từ y_sỹ trở lên ;  nhân_viên thực_hành tiêm_chủng có trình_độ từ Điều_dưỡng trung_học trở lên . 

Điều 10 .  Điều_kiện đối_với Điểm tiêm_chủng lưu_động 

1 . Việc tiêm_chủng tại nhà chỉ được thực_hiện_tại các xã thuộc vùng_sâu , vùng_xa , xã có Điều_kiện kinh_tế-xã_hội đặc_biệt khó_khăn khi đáp_ứng các Điều_kiện sau : 

a ) Chỉ áp_dụng đối_với hoạt_động tiêm_chủng thuộc Chương_trình tiêm_chủng mở_rộng , tiêm_chủng chống dịch ; 

b ) Phải do cơ_sở tiêm_chủng đã công_bố đủ Điều_kiện tiêm_chủng quy_định tại Điều 11 Nghị_định này thực_hiện ; 

c ) Có phích vắc xin , có đủ dụng_cụ tiêm_chủng và đáp_ứng Điều_kiện quy_định tại các Điểm b , Điểm c và Điểm d Khoản 2 Điều 9 Nghị_định này ; 

d ) Nhân_sự bảo_đảm Điều_kiện theo quy_định tại Điểm d Khoản 2 Điều này . 

2 . Điều_kiện đối_với Điểm tiêm_chủng lưu_động khác : 

a ) Phải do cơ_sở tiêm_chủng đã công_bố đủ Điều_kiện tiêm_chủng quy_định tại Điều 11 Nghị_định này thực_hiện ; 

b ) Cơ_sở vật_chất : Có bàn tư_vấn , khám sàng_lọc , bàn tiêm_chủng , nơi theo_dõi , xử_trí phản_ứng sau tiêm_chủng và phải bố_trí theo nguyên_tắc một_chiều .  Điểm tiêm_chủng phải bảo_đảm đủ Điều_kiện về vệ_sinh , che được mưa , nắng , kín gió , thông_thoáng , đủ ánh_sáng ; 

c ) Trang_thiết_bị : Có phích vắc xin hoặc hòm lạnh , đáp_ứng Điều_kiện quy_định tại các Điểm b , Điểm c và Điểm d Khoản 2 Điều 9 Nghị_định này ; 

d ) Nhân_sự : Có tối_thiểu 02 nhân_viên chuyên_ngành y , trong đó nhân_viên trực_tiếp thực_hiện khám sàng_lọc , tư_vấn , theo_dõi , xử_trí phản_ứng sau tiêm_chủng phải đáp_ứng Điều_kiện quy_định tại Điểm b Khoản 3 Điều 9 Nghị_định này . 

Điều 11 .  Công_bố cơ_sở đủ Điều_kiện tiêm_chủng 

1 . Trước khi thực_hiện hoạt_động tiêm_chủng , cơ_sở tiêm_chủng phải gửi văn_bản thông_báo đủ Điều_kiện tiêm_chủng theo mẫu quy_định tại Phụ_lục ban_hành kèm theo Nghị_định này cho Sở Y_tế nơi cơ_sở tiêm_chủng đặt trụ_sở . 

2 . Trong thời_hạn 10 ngày , kể từ ngày nhận được thông_báo đủ Điều_kiện tiêm_chủng , Sở Y_tế phải đăng_tải thông_tin về tên , địa_chỉ , người đứng đầu_cơ_sở đã công_bố đủ Điều_kiện tiêm_chủng trên Trang thông_tin điện_tử của Sở Y_tế ( thời Điểm tính ngày phải công_bố thông_tin được xác_định theo dấu công_văn đến của Sở Y_tế ) . 

3 . Cơ_sở chỉ được thực_hiện hoạt_động tiêm_chủng sau khi đã thực_hiện việc công_bố đủ Điều_kiện tiêm_chủng , người đứng đầu_cơ_sở thực_hiện tiêm_chủng tự công_bố đủ Điều_kiện tiêm_chủng chịu trách_nhiệm trước pháp_luật về việc tự công_bố của mình . 

4 . Trong quá_trình thanh_tra , kiểm_tra Điều_kiện tiêm_chủng tại các cơ_sở tiêm_chủng , nếu phát_hiện cơ_sở tiêm_chủng không tuân_thủ các Điều_kiện quy_định tại Điều 9 hoặc Điều 10 Nghị_định này thì đoàn thanh_tra , kiểm_tra phải lập biên_bản tạm đình_chỉ hoạt_động và kiến_nghị cấp có thẩm_quyền quyết_định việc xử_lý theo quy_định của pháp_luật đồng_thời gửi 01 bản biên_bản về Sở Y_tế nơi cơ_sở tiêm_chủng đặt trụ_sở . 

5 . Trong thời_hạn 05 ngày làm_việc , kể từ ngày nhận được biên_bản tạm đình_chỉ hoạt_động quy_định tại Khoản 3 Điều này ( thời Điểm nhận biên_bản được xác_định theo dấu công_văn đến của Sở Y_tế ) , Sở Y_tế rút tên cơ_sở khỏi danh_sách cơ_sở tự công_bố đã đăng_tải trên Trang thông_tin điện_tử của Sở Y_tế . 

Mục 4 .  ĐIỀU_KIỆN BẢO_ĐẢM CÔNG_TÁC TIÊM_CHỦNG 

Điều 12 .  Hệ_thống cung_ứng dịch_vụ tiêm_chủng 

1 . Các cơ_sở y_tế nhà_nước theo chức_năng , nhiệm_vụ được giao phải thực_hiện tiêm_chủng vắc xin trong Chương_trình tiêm_chủng mở_rộng , tiêm_chủng chống dịch và phải bảo_đảm các Điều_kiện tiêm_chủng theo quy_định tại Nghị_định này . 

2 . Cơ_sở khám bệnh , chữa bệnh của nhà_nước_ngoài quy_định tại Khoản 1 Điều này ;  các cơ_sở khám bệnh , chữa bệnh tư_nhân nếu đã công_bố đủ Điều_kiện tiêm_chủng theo quy_định tại Nghị_định này được phép đăng_ký với Sở Y_tế sở_tại để thực_hiện tiêm_chủng vắc xin trong Chương_trình tiêm_chủng mở_rộng và phải tổ_chức triển_khai tiêm_chủng chống dịch khi cơ_quan quản_lý nhà_nước có thẩm_quyền yêu_cầu . 

Điều 13 .  Giá dịch_vụ tiêm_chủng 

1 . Giá dịch_vụ tiêm_chủng được tính dựa trên các yếu_tố sau đây : 

a ) Giá mua vắc xin ; 

b ) Chi_phí vận_chuyển , bảo_quản vắc xin ; 

c ) Chi_phí dịch_vụ tiêm_chủng . 

2 . Chi_phí dịch_vụ tiêm_chủng được tính theo từng loại vắc xin , số lần tiêm hoặc uống và được tính đúng , tính đủ các yếu_tố chi_phí trực_tiếp , gián_tiếp sau đây : 

a ) Tiền công khám sàng_lọc , tư_vấn , công tiêm , theo_dõi sau tiêm_chủng ; 

b ) Tiền vật_tư tiêu_hao ; 

c ) Tiền điện , nước , nhiên_liệu , xử_lý chất_thải y_tế và vệ_sinh môi_trường trực_tiếp cho việc thực_hiện dịch_vụ tiêm_chủng ; 

d ) Khấu_hao tài_sản cố_định ;  chi_phí chi_trả lãi tiền vay theo các hợp_đồng vay vốn , huy_động để đầu_tư , mua_sắm trang_thiết_bị thực_hiện dịch_vụ tiêm_chủng ( nếu có ) được tính và phân_bổ vào chi_phí của dịch_vụ sử_dụng nguồn vốn này ; 

đ ) Chi_phí của bộ_phận gián_tiếp , các chi_phí hợp_pháp khác để bảo_đảm cho hoạt_động của cơ_sở tiêm_chủng . 

3 . Không tính vào giá dịch_vụ tiêm_chủng vắc xin trong Chương_trình tiêm_chủng mở_rộng , tiêm_chủng chống dịch đối_với các Khoản chi_phí đã được ngân_sách nhà_nước bảo_đảm . 

4 . Bộ_trưởng Bộ Y_tế quy_định cụ_thể giá dịch_vụ tiêm_chủng vắc xin trong Chương_trình tiêm_chủng mở_rộng , tiêm_chủng chống dịch . 

Điều 14 .  Nguồn kinh_phí cho hoạt_động tiêm_chủng 

1 . Nguồn kinh_phí hình_thành cho hoạt_động tiêm_chủng : 

a ) Ngân_sách nhà_nước ; 

b ) Tài_trợ của các tổ_chức và cá_nhân trong , ngoài nước ; 

c ) Nguồn Quỹ bảo_hiểm_y_tế ; 

d ) Các nguồn thu hợp_pháp khác theo quy_định của pháp_luật . 

2 . Ngân_sách nhà_nước bảo_đảm kinh_phí cho : 

a ) Sử_dụng vắc xin , sinh phẩm y_tế cho các đối_tượng quy_định tại Khoản 3 Điều 28 và Khoản 4 Điều 29 của <L rel="DaC"> Luật_phòng , chống bệnh truyền_nhiễm </L> ;
b ) Đầu_tư hệ_thống dây_chuyền lạnh cho Chương_trình tiêm_chủng mở_rộng và tiêm_chủng chống dịch ; 

c ) Công_tác thông_tin , giáo_dục , truyền_thông , kiểm_tra , thanh_tra hoạt_động tiêm_chủng , chi_phí đào_tạo , nghiên_cứu khoa_học để ứng_dụng kỹ_thuật mới , phương_pháp mới trong tiêm_chủng ; 

d ) Bồi_thường_khi sử_dụng vắc xin trong Chương_trình tiêm_chủng mở_rộng và tiêm_chủng chống dịch bị tai_biến ảnh_hưởng nghiêm_trọng đến sức_khỏe hoặc gây thiệt_hại đến tính_mạng của người được tiêm_chủng . 

I 

BỒI_THƯỜNG KHI SỬ_DỤNG VẮC XIN TRONG CHƯƠNG_TRÌNH TIÊM_CHỦNG MỞ_RỘNG , TIÊM_CHỦNG CHỐNG DỊCH GÂY ẢNH_HƯỞNG NGHIÊM_TRỌNG ĐẾN SỨC_KHỎE , TÍNH_MẠNG CỦA NGƯỜI ĐƯỢC TIÊM_CHỦNG 

Điều 15 .  Các trường_hợp được bồi_thường 

1 . Khi sử_dụng vắc xin trong Chương_trình tiêm_chủng mở_rộng và tiêm_chủng chống dịch nếu xảy ra tai_biến nặng ảnh_hưởng nghiêm_trọng đến sức_khỏe hoặc gây thiệt_hại đến tính_mạng của người được tiêm_chủng , Nhà_nước có trách_nhiệm bồi_thường cho người bị thiệt_hại . 

2 . Trường_hợp được Nhà_nước bồi_thường bao_gồm : 

a ) Người được tiêm_chủng bị tai_biến nặng để lại di_chứng dẫn đến bị khuyết_tật ; 

b ) Người được tiêm_chủng bị tử_vong . 

Điều 16 .  Các thiệt_hại , phạm_vi và mức bồi_thường 

1 . Thiệt_hại do để lại di_chứng dẫn đến bị khuyết_tật được bồi_thường 30 tháng lương cơ_sở và các chi_phí quy_định tại Khoản 3 , Khoản 4 Điều này . 

2 . Thiệt_hại đến tính_mạng được hỗ_trợ như sau : 

a ) Các chi_phí quy_định tại Khoản 3 Điều này trước khi tử_vong ; 

b ) Chi_phí mai_táng phí bằng 10 tháng lương cơ_sở do Nhà_nước quy_định ; 

c ) Chi bù_đắp tổn_thất về tinh_thần là 100.000.000 đồng cho thân_nhân của người bị thiệt_hại ; 

d ) Các chi_phí do thu_nhập bị mất hoặc giảm_sút theo quy_định tại Khoản 4 Điều này . 

3 . Chi_phí do phải khám bệnh , chữa bệnh tại các cơ_sở y_tế : 

a ) Trường_hợp người được tiêm_chủng được Nhà_nước bồi_thường có thẻ bảo_hiểm_y_tế đến khám bệnh , chữa bệnh tại các cơ_sở y_tế thì việc thanh_toán chi_phí khám bệnh , chữa bệnh , phục_hồi chức_năng được thực_hiện theo quy_định của pháp_luật về bảo_hiểm_y_tế .  Phần chi_phí mà đối_tượng có thẻ bảo_hiểm_y_tế phải đồng chi_trả và các dịch_vụ khám bệnh , chữa bệnh có chi_phí vượt mức thanh_toán của bảo_hiểm_y_tế hoặc ngoài phạm_vi thanh_toán của bảo_hiểm_y_tế thì được thanh_toán theo hóa_đơn ( mức tối_đa không quá khung_giá dịch_vụ đăng_ký với Bộ Y_tế ) ; 

b ) Trường_hợp người được tiêm_chủng được Nhà_nước bồi_thường không có thẻ bảo_hiểm_y_tế đến khám bệnh , chữa bệnh tại các cơ_sở y_tế thì việc thanh_toán chi_phí khám bệnh , chữa bệnh , phục_hồi chức_năng , vận_chuyển bệnh_nhân được thực_hiện theo như quy_định hiện_hành về giá dịch_vụ khám bệnh , chữa bệnh đối_với cơ_sở y_tế công_lập và có hóa_đơn kèm theo ; 

c ) Trường_hợp người được tiêm_chủng được Nhà_nước bồi_thường phải nhập_viện Điều_trị , trong quá_trình Điều_trị nếu phát_hiện các bệnh khác kèm theo không liên_quan đến tiêm_chủng thì cá_nhân phải thanh_toán chi_phí khám bệnh , Điều_trị bệnh đó theo quy_định của pháp_luật về giá dịch_vụ khám bệnh , chữa bệnh .  Nếu người này có thẻ bảo_hiểm_y_tế thì việc thanh_toán chi_phí khám bệnh , chữa bệnh của bệnh đó được thực_hiện theo quy_định của pháp_luật về bảo_hiểm_y_tế . 

4 . Thiệt_hại do thu_nhập bị mất hoặc bị giảm_sút : 

a ) Hỗ_trợ thiệt_hại vật_chất cho 01 người phải nghỉ_việc không hưởng lương để chăm_sóc cho trường_hợp được Nhà_nước bồi_thường thì được hỗ_trợ theo thu_nhập thực_tế bằng mức đóng bảo_hiểm_xã_hội của tháng trước liền kề , cụ_thể : 

Mức hỗ_trợ = 

Mức lương đóng bảo_hiểm_xã_hội của người chăm_sóc phải nghỉ_việc không hưởng lương 

x 

Số ngày chăm_sóc thực_tế 

22 ngày 

b ) Nếu người chăm_sóc cho trường_hợp được Nhà_nước bồi_thường mà không xác_định được thu_nhập thực_tế của người đó thì xác_định_mức hỗ_trợ như sau : 

Mức lương tối_thiểu vùng nơi người chăm_sóc thường_trú tại thời Điểm giải_quyết bồi_thường 

c ) Trường_hợp người được tiêm_chủng được Nhà_nước bồi_thường là người lao_động theo quy_định của pháp_luật về lao_động thì được hỗ_trợ thu_nhập thực_tế bị mất hoặc giảm_sút trong thời_gian cứu_chữa .  Mức hỗ_trợ tương_tự như mức hỗ_trợ cho người chăm_sóc được quy_định tại Điểm a , Điểm b Khoản này . 

Điều 17 .  Hồ_sơ , thủ_tục xác_định trường_hợp được bồi_thường 

1 . Cơ_sở y_tế nơi xảy ra tai_biến nặng ảnh_hưởng nghiêm_trọng đến sức_khỏe hoặc gây thiệt_hại đến tính_mạng của người được tiêm_chủng phải chuẩn_bị đầy_đủ hồ_sơ , tài_liệu có liên_quan nhằm phục_vụ cho Hội_đồng tư_vấn chuyên_môn tỉnh xác_định các trường_hợp được bồi_thường . 

2 . Trường_hợp người được tiêm_chủng hoặc thân_nhân của người được tiêm_chủng cho rằng mình hoặc thân_nhân của mình thuộc trường_hợp quy_định tại Khoản 2 Điều 15 Nghị_định này thì phải chuẩn_bị và gửi cho Sở Y_tế hồ_sơ bao_gồm các tài_liệu , giấy_tờ sau : 

a ) Đơn yêu_cầu xác_định nguyên_nhân gây tai_biến và mức_độ tổn_thương ; 

b ) Phiếu , sổ xác_nhận tiêm_chủng_loại vắc xin có liên_quan ; 

c ) Giấy ra viện , hóa_đơn thanh_toán chi_phí khám bệnh , chữa bệnh , phục_hồi chức_năng , vận_chuyển bệnh_nhân ( bản_chính hoặc bản_sao có chứng_thực ) ; 

d ) Giấy_chứng_tử ( trong trường_hợp bị tử_vong ) ; 

đ ) Các giấy_tờ khác có liên_quan chứng_minh tai_biến hoặc thiệt_hại khác ( nếu có ) . 

3 . Trong thời_hạn 05 ngày làm_việc , kể từ ngày nhận được đơn và các giấy_tờ hợp_lệ , nếu xác_định yêu_cầu thuộc trách_nhiệm giải_quyết của mình thì Sở Y_tế phải thụ_lý và thông_báo bằng văn_bản về việc thụ_lý đơn cho người bị thiệt_hại hoặc thân_nhân của người bị thiệt_hại ( sau đây gọi tắt là người bị thiệt_hại ) .  Trường_hợp hồ_sơ không đầy_đủ thì Sở Y_tế có văn_bản hướng_dẫn người bị thiệt_hại bổ_sung . 

4 . Trong thời_hạn 15 ngày , kể từ ngày nhận được đơn yêu_cầu của người bị thiệt_hại , Sở Y_tế phải hoàn_thành việc xác_định nguyên_nhân gây tai_biến , mức_độ tổn_thương và thông_báo bằng văn_bản cho người yêu_cầu đồng_thời báo_cáo Bộ Y_tế . 

Điều 18 .  Thủ_tục bồi_thường 

1 . Trong thời_hạn 05 ngày làm_việc , kể từ ngày nhận được kết_luận của Hội_đồng tư_vấn chuyên_môn tỉnh ( thời Điểm tiếp_nhận được tính theo dấu tiếp_nhận công_văn đến của Sở Y_tế ) , Sở Y_tế ra quyết_định giải_quyết bồi_thường đối_với các trường_hợp được Nhà_nước bồi_thường theo quy_định tại Nghị_định này . 

2 . Quyết_định giải_quyết bồi_thường phải có các nội_dung chính sau : 

a ) Tên , địa_chỉ của người được bồi_thường ; 

b ) Tóm_tắt lý_do bồi_thường ; 

c ) Mức bồi_thường ; 

d ) Hiệu_lực của quyết_định giải_quyết bồi_thường . 

3 . Quyết_định giải_quyết bồi_thường phải được gửi cho người bị thiệt_hại , người có lỗi hoặc cơ_quan tổ_chức có lỗi gây thiệt_hại ( nếu có ) . 

4 . Quyết_định giải_quyết bồi_thường có hiệu_lực sau 15 ngày , kể từ ngày người bị thiệt_hại nhận được quyết_định , trừ trường_hợp người bị thiệt_hại không đồng_ý và khởi_kiện ra tòa_án . 

Điều 19 .  Trình_tự , thủ_tục cấp và chi_trả tiền bồi_thường 

1 . Trong thời_hạn 05 ngày làm_việc , kể từ ngày quyết_định giải_quyết bồi_thường có hiệu_lực pháp_luật , Sở Y_tế phải có văn_bản gửi Chương_trình tiêm_chủng mở_rộng quốc_gia đề_nghị cấp kinh_phí để thực_hiện bồi_thường kèm theo quyết_định giải_quyết bồi_thường có hiệu_lực pháp_luật . 

2 . Trong thời_hạn 10 ngày , kể từ ngày nhận được văn_bản đề_nghị cấp kinh_phí để thực_hiện bồi_thường , Chương_trình tiêm_chủng mở_rộng quốc_gia phải cấp kinh_phí cho Sở Y_tế để chi_trả cho người bị thiệt_hại . 

3 . Trong thời_hạn 05 ngày làm_việc , kể từ ngày nhận được kinh_phí do Chương_trình tiêm_chủng mở_rộng quốc_gia cấp , Sở Y_tế phải thực_hiện việc chi_trả bồi_thường cho người bị thiệt_hại . 

Việc chi_trả phải thực_hiện 01 lần bằng tiền_mặt cho người bị thiệt_hại hoặc chuyển Khoản theo yêu_cầu của người bị thiệt_hại .  Trường_hợp người bị thiệt_hại có yêu_cầu trả bằng chuyển Khoản thì thực_hiện theo yêu_cầu và thông_báo bằng văn_bản cho người bị thiệt_hại .  Nếu chi_trả bồi_thường bằng tiền_mặt thì phải thông_báo trước ít_nhất 02 ngày cho người bị thiệt_hại , việc nhận tiền bồi_thường được lập thành 02 bản , mỗi bên tham_gia giao_nhận giữ 01 bản . 

Điều 20 .  Thủ_tục , trách_nhiệm bồi_hoàn 

1 . Trong thời_hạn 05 ngày làm_việc , kể từ ngày có kết_luận của Hội_đồng tư_vấn chuyên_môn tỉnh theo quy_định tại Điểm_c Khoản 1 Điều 6 Nghị_định này , Sở Y_tế ra quyết_định yêu_cầu bồi_hoàn cho Nhà_nước . 

2 . Quyết_định yêu_cầu bồi_hoàn phải có các nội_dung chính sau : 

a ) Tên , địa_chỉ của tổ_chức , cá_nhân có lỗi gây thiệt_hại ; 

b ) Tóm_tắt lý_do yêu_cầu bồi_hoàn ; 

c ) Mức bồi_hoàn ; 

d ) Hiệu_lực của quyết_định yêu_cầu bồi_hoàn . 

3 . Quyết_định yêu_cầu bồi_hoàn phải được gửi cho tổ_chức , cá_nhân có lỗi gây ra thiệt_hại . 

4 . Quyết_định yêu_cầu bồi_hoàn có hiệu_lực sau 15 ngày kể từ ngày tổ_chức , cá_nhân nhận được quyết_định , trừ trường_hợp tổ_chức , cá_nhân không đồng_ý và khởi_kiện ra tòa_án . 

5 . Tổ_chức , cá_nhân có lỗi gây thiệt_hại theo quy_định tại Khoản 2 Điều này có trách_nhiệm nộp tiền bồi_hoàn cho Chương_trình tiêm_chủng mở_rộng quốc_gia và nộp biên_lai cho cơ_quan ra quyết_định yêu_cầu bồi_hoàn . 

6 . Trường_hợp cơ_quan thẩm_quyền đã ra quyết_định yêu_cầu bồi_hoàn mà tổ_chức , cá_nhân có lỗi không chấp_hành thì bị xử_lý theo quy_định của pháp_luật . 

Chương_IV 

TRÁCH_NHIỆM THỰC_HIỆN 

Điều 21 .  Trách_nhiệm của Ủy_ban nhân_dân tỉnh 

1 . Chỉ_đạo , tổ_chức triển_khai thực_hiện hoạt_động tiêm_chủng theo quy_định tại Nghị_định này trên địa_bàn . 

2 . Bảo_đảm nguồn_lực và ngân_sách địa_phương cho hoạt_động tiêm_chủng trên địa_bàn . 

3 . Chỉ_đạo tổ_chức thanh_tra , kiểm_tra và xử_lý các vi_phạm liên_quan đến hoạt_động tiêm_chủng trên địa_bàn . 

Điều 22 .  Trách_nhiệm của Bộ Y_tế 

1 . Xây_dựng , triển_khai kế_hoạch sử_dụng vắc xin và tiêm_chủng hằng năm ;  xây_dựng các kế_hoạch ngắn_hạn , trung_hạn , dài_hạn trong lĩnh_vực vắc xin và tiêm_chủng . 

2 . Xây_dựng các quy_định và các hướng_dẫn chuyên_môn về tiêm_chủng . 

3 . Chỉ_đạo tổ_chức thanh_tra , kiểm_tra việc sử_dụng vắc xin trên phạm_vi cả nước . 

4 . Triển_khai ứng_dụng công_nghệ thông_tin trong quản_lý hoạt_động tiêm_chủng . 

5 . Hướng_dẫn cụ_thể các bước tổ_chức buổi tiêm_chủng ;  giám_sát , Điều_tra , báo_cáo và thông_báo nguyên_nhân tai_biến nặng sau tiêm_chủng ;  quy_định_chế_độ báo_cáo , quản_lý đối_tượng tiêm_chủng , cung_ứng vắc xin cho hoạt_động tiêm_chủng . 

Điều 23 .  Trách_nhiệm của các Bộ , ngành 

1 . Bộ Giáo_dục và Đào_tạo có trách_nhiệm : 

a ) Chỉ_đạo các cơ_sở giáo_dục kiểm_tra thông_tin về tình_trạng tiêm_chủng đối_với đối_tượng là học_sinh mầm_non , tiểu_học khi nhập_học đồng_thời tuyên_truyền , vận_động cha , mẹ , người giám_hộ hợp_pháp của học_sinh thực_hiện tiêm_chủng đối_với các trường_hợp chưa tiêm_chủng đầy_đủ và phối_hợp với cơ_sở y_tế triển_khai công_tác tiêm_chủng ; 

b ) Kiểm_tra , giám_sát các cơ_sở giáo_dục trong việc thực_hiện công_tác tiêm_chủng . 

2 . Bộ Quốc_phòng có trách_nhiệm phối_hợp với Bộ Y_tế triển_khai các hoạt_động tiêm_chủng tại vùng_sâu , vùng_xa , vùng_biên_giới , hải_đảo , tại các cơ_sở quân_y , quân_dân y . 

3 . Bộ Tài_chính có trách_nhiệm bảo_đảm kinh_phí cho công_tác tiêm_chủng mở_rộng , tiêm_chủng chống dịch theo quy_định của <L rel="DaC"> Luật ngân_sách nhà_nước </L> .
4 . Đài_Truyền_hình Việt_Nam , Đài Tiếng_nói Việt_Nam , Thông_tấn_xã Việt_Nam , các cơ_quan thông_tin đại_chúng và thông_tin cơ_sở có trách_nhiệm tổ_chức hoạt_động truyền_thông về lợi_ích của tiêm_chủng phòng_bệnh để người dân thực_hiện tiêm_chủng đầy_đủ , đúng lịch . 

5 . Các Bộ , ngành khác theo chức_năng , nhiệm_vụ được giao có trách_nhiệm phối_hợp với Bộ Y_tế thực_hiện Nghị_định này . 

Điều 24 .  Trách_nhiệm của cơ_sở tiêm_chủng 

1 . Các cơ_sở tiêm_chủng phải bảo_đảm thực_hiện đúng các quy_định của pháp_luật , những quy_định và hướng_dẫn chuyên_môn về an_toàn tiêm_chủng , quản_lý đối_tượng tiêm_chủng , báo_cáo theo quy_định . 

2 . Lưu_giữ , quản_lý các tài_liệu , hồ_sơ về tiêm_chủng và phản_ứng sau tiêm_chủng theo quy_định . 

Điều 25 .  Trách_nhiệm của người thực_hiện tiêm_chủng 

1 . Tư_vấn đầy_đủ cho người được tiêm_chủng hoặc gia_đình trẻ được tiêm_chủng về lợi_ích và những rủi_ro có_thể gặp phải khi tiêm_chủng . 

2 . Hướng_dẫn người được tiêm_chủng hoặc gia_đình trẻ được tiêm_chủng cách theo_dõi , xử_trí phản_ứng sau tiêm_chủng . 

3 . Tuân_thủ đúng các quy_định về chuyên_môn trong tiêm_chủng . 

Điều 26 .  Trách_nhiệm của cha , mẹ hoặc người giám_hộ của trẻ và của người được tiêm_chủng 

1 . Cha , mẹ hoặc người giám_hộ của trẻ phải đăng_ký tiêm_chủng cho trẻ sau khi sinh hoặc khi đi tiêm_chủng lần đầu và đưa trẻ đi tiêm_chủng theo quy_định . 

2 . Các đối_tượng thuộc diện tiêm_chủng mở_rộng chủ_động đăng_ký tiêm_chủng với cơ_sở y_tế tại địa_phương và đi tiêm_chủng đầy_đủ theo quy_định . 

3 . Phối_hợp , tuân_thủ đầy_đủ các hướng_dẫn của cán_bộ y_tế khi thực_hiện tiêm_chủng và theo_dõi , xử_trí phản_ứng sau tiêm_chủng . 

4 . Khai_báo đầy_đủ , trung_thực các thông_tin về tình_trạng sức_khỏe trong thời_gian tiêm_chủng và sau khi tiêm_chủng . 

5 . Phải thực_hiện tiêm_chủng trong trường_hợp có chỉ_định về chuyên_môn . 

6 . Lưu_giữ , bảo_quản sổ theo_dõi tiêm_chủng cá_nhân .  Cung_cấp thông_tin về việc tiêm_chủng của trẻ cho cơ_sở giáo_dục quy_định tại Điểm a Khoản 1 Điều 23 Nghị_định này khi có yêu_cầu . 

Chương_V 

ĐIỀU_KHOẢN THI_HÀNH 

Điều 27 .  Hiệu_lực thi_hành 

Nghị_định này có hiệu_lực thi_hành kể từ ngày 01 tháng 7 năm 2016 . 

Điều 28 .  Điều_Khoản chuyển_tiếp và lộ_trình thực_hiện 

1 . Đối_với cơ_sở tiêm_chủng đã được cấp giấy chứng_nhận đủ Điều_kiện tiêm_chủng trước ngày Nghị_định này có hiệu_lực thi_hành được hoạt_động đến hết thời_gian ghi trên giấy chứng_nhận và phải hoàn_thành việc công_bố cơ_sở đủ Điều_kiện tiêm_chủng theo quy_định tại Điều 11 Nghị_định này trước khi giấy chứng_nhận đủ Điều_kiện tiêm_chủng hết hạn . 

2 . Đối_với cơ_sở tiêm_chủng đã nộp hồ_sơ đề_nghị cấp giấy chứng_nhận đủ Điều_kiện tiêm_chủng trước ngày Nghị_định này có hiệu_lực thi_hành nhưng chưa được cấp giấy chứng_nhận đủ Điều_kiện tiêm_chủng , Sở Y_tế có trách_nhiệm hướng_dẫn cơ_sở thực_hiện việc công_bố cơ_sở đủ Điều_kiện tiêm_chủng theo quy_định tại Điều 11 Nghị_định này trong thời_hạn 60 ngày kể từ ngày Nghị_định này có hiệu_lực thi_hành . 

Điều 29 .  Trách_nhiệm thi_hành 

1 . Các Bộ_trưởng , Thủ_trưởng cơ_quan ngang Bộ , Thủ_trưởng cơ_quan thuộc Chính_phủ , Chủ_tịch Ủy_ban nhân_dân tỉnh chịu trách_nhiệm thi_hành Nghị_định này . 

2 . Bộ_trưởng Bộ Y_tế trong phạm_vi nhiệm_vụ , quyền_hạn của mình phối_hợp với các Bộ , ngành có liên_quan quy_định chi Tiết , hướng_dẫn thi_hành các Điều , Khoản được giao trong Nghị_định này để đáp_ứng yêu_cầu quản_lý nhà_nước về hoạt_động tiêm_chủng ./. 

Nơi nhận : 

- Ban_Bí_thư Trung_ương Đảng ; 

- Thủ_tướng , các Phó_Thủ_tướng Chính_phủ ; 

- Các Bộ , cơ_quan ngang Bộ , cơ_quan thuộc Chính_phủ ; 

- HĐND , UBND các tỉnh , thành_phố trực_thuộc Trung_ương ; 

- Văn_phòng Trung_ương và các Ban của Đảng ; 

- Văn_phòng Tổng_Bí_thư ; 

- Văn_phòng Chủ_tịch nước ; 

- Hội_đồng Dân_tộc và các Ủy_ban của Quốc_hội ; 

- Văn_phòng Quốc_hội ; 

- Tòa_án nhân_dân tối_cao ; 

- Viện_Kiểm_sát nhân_dân tối_cao ; 

- Kiểm_toán Nhà_nước ; 

- Ủy_ban Giám_sát tài_chính Quốc_gia ; 

- Ngân_hàng Chính_sách xã_hội ; 

- Ngân_hàng Phát_triển Việt_Nam ; 

- Ủy_ban Trung_ương Mặt_trận Tổ_quốc Việt_Nam ; 

- Cơ_quan Trung_ương của các đoàn_thể ; 

- VPCP : BTCN , các PCN , Trợ_lý ttg ;  TGĐ Cổng TTĐT , các Vụ , Cục , đơn_vị trực_thuộc , Công_báo ; 

- Lưu : VT , KGVX ( 3b ) . 

TM .  CHÍNH_PHỦ 

THỦ_TƯỚNG 

Nguyễn_Xuân_Phúc 

PHỤ_LỤC 

MẪU THÔNG_BÁO CƠ_SỞ ĐỦ ĐIỀU_KIỆN TIÊM_CHỦNG 

( Kèm theo <NĐ rel="none"> Nghị_định số 104/2016/NĐ-CP ngày 01 tháng 7 năm 2016 </NĐ> của Chính_phủ )
… … … 1 … … … 

… … … 2 … … … 

------- 

CỘNG HÒA XÃ_HỘI CHỦ_NGHĨA VIỆT NAM 

Độc_lập-Tự_do-Hạnh_phúc 

--------------- 

Số : … …/… .  3 … . 

… … 4 … … , ngày … .  tháng … .  năm … . 

THÔNG_BÁO 

Cơ_sở đủ Điều_kiện tiêm_chủng 

Kính gửi : … … … … … … … … … … … … 5 … … … … … … … … … … … … 

Tên cơ_sở thông_báo : ... ... ... ... ... ... ... ... ... ... ... ... ... ... ... ... ... ... ... ... ... ... ... ... ... ... ... ... ... ... ... ... ... .  . 

Địa_chỉ : … … … … … … … … … … … … … … … … … … … .  . 6 ... ... ... ... ... ... ... ... ... ... ... ... ... ... ... ... ... . 

Người đứng đầu_cơ_sở : ... ... ... ... ... ... ... ... ... ... ... ... ... ... ... ... ... ... ... ... ... ... ... ... ... ... ... ... ... ... ... ... .  . 

Điện_thoại liên_hệ : … … … … … … … … … … … .  Email ( nếu có ) : ... ... ... ... ... ... ... ... ... ... ... ... ... .  . 

Thủ_trưởng đơn_vị 

( Ký , ghi rõ họ , tên và đóng_dấu ) 

___________________ 

1 Tên cơ_quan chủ_quản của cơ_sở đề_nghị thông_báo đủ Điều_kiện tiêm_chủng 

2 Tên cơ_sở đề_nghị thông_báo đủ Điều_kiện tiêm_chủng 

3 Chữ_viết tắt tên cơ_sở đề_nghị thông_báo đủ Điều_kiện tiêm_chủng 

4 Địa_danh 

5 Tên cơ_quan tiếp_nhận hồ_sơ đề_nghị thông_báo đủ Điều_kiện tiêm_chủng 

6 Địa_chỉ cụ_thể của cơ_sở đề_nghị thông_báo đủ Điều_kiện tiêm_chủng 