Nghị định Quy định điều kiện kinh doanh thuốc

Căn_cứ <L rel="CC"> Luật tổ_chức Chính_phủ ngày 19 tháng 6 năm 2015 </L> ;
Căn_cứ <L rel="CC"> Luật dược ngày 14 tháng 6 năm 2005 </L> ;
Căn_cứ <L rel="CC"> Luật đầu_tư ngày 26 tháng 11 năm 2014 </L> ;
Điều 1 .  Phạm_vi điều_chỉnh và đối_tượng áp_dụng 

1 . Nghị_định này quy_định điều_kiện kinh_doanh thuốc . 

2 . Nghị_định này áp_dụng đối_với cơ_quan , tổ_chức , cá_nhân trong nước và nước_ngoài hoạt_động trong lĩnh_vực dược tại Việt_Nam . 

Điều 2 .  Giải_thích từ_ngữ 

1 . Cơ_sở dược hợp_pháp là cơ_sở hoạt_động trong lĩnh_vực dược được thành_lập theo quy_định của pháp_luật , bao_gồm : 

a ) Cơ_sở kinh_doanh thuốc ; 

b ) Bộ_phận dược của cơ_sở khám bệnh , chữa bệnh ; 

c ) Các trường có đào_tạo chuyên_ngành dược ; 

d ) Các viện nghiên_cứu dược , viện và trung_tâm kiểm_nghiệm về thuốc ; 

đ ) Cơ_quan quản_lý nhà_nước về dược ; 

e ) Văn_phòng đại_diện của thương_nhân nước_ngoài hoạt_động trong lĩnh_vực dược tại Việt_Nam ; 

g ) Các cơ_sở dược khác theo quy_định của pháp_luật . 

2 . Thuốc thành_phẩm dạng phối_hợp có chứa hoạt_chất gây nghiện là thuốc thành_phẩm đáp_ứng đồng_thời các điều_kiện sau đây : 

a ) Có chứa các hoạt_chất không phải là hoạt_chất gây nghiện , không phải là hoạt_chất hướng_tâm_thần và không phải là tiền chất dùng làm thuốc ; 

b ) Có chứa hoạt_chất gây nghiện , hoặc có chứa hoạt_chất gây nghiện phối_hợp với hoạt_chất hướng_tâm_thần , hoặc có chứa hoạt_chất gây nghiện phối_hợp với tiền chất dùng làm thuốc , hoặc có chứa hoạt_chất gây nghiện phối_hợp với hoạt_chất hướng_tâm_thần và tiền chất dùng làm thuốc ; 

c ) Nồng_độ , hàm_lượng các hoạt_chất gây nghiện , hoạt_chất hướng_tâm_thần , tiền chất dùng làm thuốc đều nhỏ hơn hoặc bằng nồng_độ , hàm_lượng quy_định tại danh_mục do Bộ_trưởng Bộ Y_tế ban_hành . 

3 . Thuốc thành_phẩm dạng phối_hợp có chứa hoạt_chất hướng_tâm_thần là thuốc thành_phẩm đáp_ứng đồng_thời các điều_kiện sau đây : 

b ) Có chứa hoạt_chất hướng_tâm_thần hoặc có chứa hoạt_chất hướng_tâm_thần phối_hợp với tiền chất dùng làm thuốc ; 

c ) Nồng_độ , hàm_lượng các hoạt_chất hướng_tâm_thần , tiền chất dùng làm thuốc đều nhỏ hơn hoặc bằng nồng_độ , hàm_lượng quy_định tại Danh_mục do Bộ_trưởng Bộ Y_tế ban_hành . 

4 . Thuốc thành_phẩm dạng phối_hợp có chứa tiền chất là thuốc thành_phẩm đáp_ứng đồng_thời các điều_kiện sau đây : 

b ) Có chứa tiền chất dùng làm thuốc ở nồng_độ , hàm_lượng nhỏ hơn hoặc bằng nồng_độ , hàm_lượng quy_định tại Danh_mục do Bộ_trưởng Bộ Y_tế ban_hành . 

5 . Thuốc_hóa dược là thuốc chứa hoạt_chất đã xác_định thành_phần , công_thức , độ tinh_khiết . 

6 . Dược_liệu là nguyên_liệu làm thuốc có nguồn_gốc tự_nhiên từ thực_vật , động_vật , khoáng_vật và đạt tiêu_chuẩn làm thuốc . 

Dược_liệu không bao_gồm các bán thành_phẩm thuốc từ dược_liệu . 

7 . Bán thành_phẩm thuốc từ dược_liệu là nguyên_liệu làm thuốc từ dược_liệu dưới dạng cao , cốm , bột , cồn , dịch chiết , tinh_dầu và được sử_dụng trong sản_xuất thuốc từ dược_liệu . 

8 . Dược_liệu thô ( dược_liệu sống ) là nguyên_liệu có nguồn_gốc tự_nhiên từ thực_vật , động_vật , khoáng_vật có_thể dùng làm thuốc nhưng chưa qua sơ_chế , chế_biến . 

9 . Vị thuốc cổ_truyền là dược_liệu được chế_biến theo lý_luận và phương_pháp của y_học cổ_truyền dùng để sản_xuất thuốc Đông_y hoặc dùng để phòng_bệnh , chữa bệnh . 

10 .  Sơ_chế là kiểm_tra và phân_loại dược_liệu thô , loại_bỏ tạp_chất , ngâm , ủ , rửa , phơi , sấy , làm sạch , làm khô , chia_cắt hay tán bột . 

11 .  Chế_biến là quá_trình làm thay_đổi về chất và lượng của dược_liệu thô hoặc dược_liệu đã sơ_chế thành vị thuốc y_học cổ_truyền theo lý_luận và phương_pháp của y_học cổ_truyền . 

Điều 3 .  Các hình_thức tổ_chức kinh_doanh thuốc 

1 . Cơ_sở sản_xuất thuốc bao_gồm : 

a ) Doanh_nghiệp sản_xuất thuốc ; 

b ) Hợp_tác_xã , hộ kinh_doanh sản_xuất dược_liệu , thuốc đông_y và thuốc từ dược_liệu . 

2 . Cơ_sở bán_buôn thuốc bao_gồm : 

a ) Doanh_nghiệp bán_buôn thuốc ; 

b ) Hợp_tác_xã , hộ kinh_doanh bán_buôn dược_liệu , thuốc đông_y và thuốc từ dược_liệu ; 

c ) Đại_lý bán_buôn vắc xin , sinh phẩm y_tế . 

3 . Cơ_sở bán_lẻ thuốc bao_gồm các hình_thức tổ_chức kinh_doanh quy_định tại khoản 1 Điều 24 của <L rel="DaC"> Luật_dược </L> ; cơ_sở chuyên bán_lẻ thuốc đông_y , thuốc từ dược_liệu theo quy_định tại điểm đ khoản 1 Điều 26 của <L rel="DaC"> Luật dược </L> .
4 . Doanh_nghiệp xuất_khẩu , nhập_khẩu thuốc . 

5 . Doanh_nghiệp làm dịch_vụ bảo_quản thuốc . 

6 . Doanh_nghiệp làm dịch_vụ kiểm_nghiệm thuốc . 

7 . Cơ_sở làm dịch_vụ thử thuốc trên lâm_sàng . 

Chương_II 

KINH_DOANH THUỐC 

Mục 1 .  ĐIỀU_KIỆN CẤP GIẤY CHỨNG_NHẬN ĐỦ ĐIỀU_KIỆN KINH_DOANH THUỐC 

Điều 4 .  Đối_tượng được cấp Giấy chứng_nhận đủ điều_kiện kinh_doanh thuốc 

1 . Giấy chứng_nhận đủ điều_kiện kinh_doanh thuốc được cấp cho các cơ_sở kinh_doanh thuốc đáp_ứng các điều_kiện đối_với từng hình_thức kinh_doanh thuốc theo quy_định tại Chương này . 

2 . Cơ_sở kinh_doanh thuốc chỉ được hoạt_động theo đúng địa_điểm và phạm_vi kinh_doanh quy_định trong Giấy chứng_nhận đủ điều_kiện kinh_doanh thuốc . 

Điều 5 .  Điều_kiện cấp giấy chứng_nhận đủ điều_kiện kinh_doanh thuốc đối_với cơ_sở sản_xuất thuốc 

1 . Người quản_lý chuyên_môn về dược phải có Chứng_chỉ hành_nghề dược phù_hợp với từng hình_thức tổ_chức kinh_doanh của cơ_sở sản_xuất thuốc . 

2 . Cơ_sở sản_xuất thuốc phải đáp_ứng các điều_kiện sau : 

a ) Có số_lượng nhân_sự , có trình_độ và được đánh_giá phù_hợp với công_việc được giao ; 

b ) Nhà_xưởng , hệ_thống phụ_trợ và thiết_bị được trang_bị , bố_trí , thiết_kế , chế_tạo , đánh_giá , thẩm_định , sử_dụng và bảo_dưỡng phù_hợp với mục_đích sử_dụng ; 

c ) Có khu_vực kiểm_tra chất_lượng đáp_ứng yêu_cầu kiểm_tra chất_lượng phù_hợp quy_mô sản_xuất ; 

đ ) Có khu_vực bảo_quản bảo_đảm điều_kiện bảo_quản và các hoạt_động bảo_quản phù_hợp quy_mô sản_xuất ; 

đ ) Có hệ_thống quản_lý chất_lượng , hồ_sơ tài_liệu dựa trên các tiêu_chuẩn , công_thức , hướng_dẫn , quy_trình bao_trùm cho các hoạt_động được thực_hiện . 

Điều 6 .  Điều_kiện cấp Giấy chứng_nhận đủ điều_kiện kinh_doanh thuốc đối_với cơ_sở bán_buôn thuốc 

1 . Người quản_lý chuyên_môn về dược phải có Chứng_chỉ hành_nghề dược phù_hợp với từng hình_thức tổ_chức kinh_doanh của cơ_sở bán_buôn thuốc . 

2 . Cơ_sở bán_buôn thuốc phải đáp_ứng các điều_kiện sau : 

b ) Nhà_kho , hệ_thống phụ_trợ phải được thiết_kế , xây_dựng , sử_dụng và bảo_dưỡng phù_hợp với mục_đích bảo_quản và quy_mô sử_dụng , đảm_bảo bảo_quản theo đúng điều_kiện bảo_quản ghi trên nhãn thuốc ;  có khu_vực riêng để bảo_quản có trật_tự các loại sản_phẩm khác nhau ;  khu_vực tiếp_nhận , cấp_phát phải có khả_năng bảo_vệ thuốc khỏi các điều_kiện thời_tiết bất_lợi ;  các khu_vực bảo_quản liên_quan phải có biển hiệu thích_hợp , rõ_ràng ; 

c ) Thiết_bị bảo_quản và thiết_bị vận_chuyển phải được trang_bị , bố_trí , thiết_kế , đánh_giá , thẩm_định , sử_dụng và bảo_dưỡng phù_hợp với mục_đích sử_dụng , đảm_bảo điều_kiện bảo_quản và các hoạt_động bảo_quản ; 

d ) Kho bảo_quản phải trang_bị hệ_thống phát_điện dự_phòng cho hoạt_động của kho lạnh ; 

đ ) Có phương_tiện vận_chuyển thuốc bảo_đảm điều_kiện bảo_quản , yêu_cầu về an_ninh , an_toàn đối_với thuốc do cơ_sở kinh_doanh ; 

e ) Có hệ_thống quản_lý chất_lượng , hồ_sơ tài_liệu , các hướng_dẫn , quy_trình bao_trùm cho các hoạt_động được thực_hiện . 

Điều 7 .  Điều_kiện cấp Giấy chứng_nhận đủ điều_kiện kinh_doanh thuốc đối_với cơ_sở bán_lẻ thuốc 

1 . Chủ cơ_sở bán_lẻ thuốc phải có Chứng_chỉ hành_nghề dược phù_hợp với từng hình_thức tổ_chức kinh_doanh của cơ_sở bán_lẻ thuốc . 

2 . Cơ_sở bán_lẻ thuốc , trừ cơ_sở bán_lẻ dược_liệu , phải đáp_ứng các điều_kiện sau : 

a ) Phải có địa_điểm cố_định , riêng_biệt ;  bố_trí ở nơi cao_ráo , thoáng mát , an_toàn , cách xa nguồn ô_nhiễm và có biển_hiệu theo quy_định ; 

b ) Địa_điểm bán_lẻ phải được xây_dựng chắc_chắn , có trần_chống bụi , tường và nền nhà phải dễ làm vệ_sinh , đủ ánh_sáng nhưng không để thuốc bị tác_động trực_tiếp của ánh_sáng mặt_trời ;  bảo_đảm duy_trì điều_kiện bảo_quản ghi trên nhãn thuốc ; 

c ) Diện_tích phù_hợp với quy_mô kinh_doanh , phải có khu_vực để trưng_bày , bảo_quản thuốc và khu_vực để người mua thuốc tiếp_xúc và trao_đổi thông_tin về việc sử_dụng thuốc với người bán_lẻ ; 

d ) Phải bố_trí thêm diện_tích cho những hoạt_động khác : Khu_vực pha_chế theo đơn nếu có tổ_chức pha_chế theo đơn ;  khu_vực ra lẻ các thuốc không còn bao_bì tiếp_xúc trực_tiếp với thuốc để bán_lẻ trực_tiếp cho người_bệnh ;  nơi rửa tay cho người bán_lẻ và người mua thuốc ;  khu_vực tư_vấn riêng cho bệnh_nhân và ghế cho người mua thuốc trong thời_gian chờ_đợi ; 

đ ) Phải có tủ , giá , kệ bảo_quản thuốc đáp_ứng yêu_cầu về điều_kiện bảo_quản thuốc , yêu_cầu về bảo_đảm an_ninh , an_toàn đối_với thuốc ; 

e ) Trường_hợp kinh_doanh thêm mỹ_phẩm , thực_phẩm chức_năng , dụng_cụ y_tế thì phải có khu_vực riêng , không bày bán cùng với thuốc và không gây ảnh_hưởng đến thuốc , 

Điều 8 .  Điều_kiện cấp Giấy chứng_nhận đủ điều_kiện kinh_doanh thuốc đối_với doanh_nghiệp xuất_khẩu , nhập_khẩu thuốc 

1 . Người quản_lý chuyên_môn về dược phải có Chứng_chỉ hành_nghề dược phù_hợp với từng hình_thức tổ_chức kinh_doanh của cơ_sở xuất_khẩu , nhập_khẩu thuốc . 

2 . Cơ_sở nhập_khẩu thuốc , cơ_sở xuất_khẩu thuốc phải đáp_ứng các điều_kiện sau : 

b ) Nhà_kho , hệ_thống phụ_trợ phải được thiết_kế , xây_dựng , sử_dụng và bảo_dưỡng phù_hợp với mục_đích bảo_quản và quy_mô sử_dụng ; 

c ) Thiết_bị bảo_quản và thiết_bị vận_chuyển phải được trang_bị , bố_trí , thiết_kế , đánh_giá , thẩm_định , sử_dụng và bảo_dưỡng phù_hợp với mục_đích sử_dụng đảm_bảo điều_kiện bảo_quản và các hoạt_động bảo_quản ; 

d ) Có hệ_thống quản_lý chất_lượng , hồ_sơ tài_liệu , các hướng_dẫn , quy_trình bao_trùm cho các hoạt_động được thực_hiện . 

3 . Doanh_nghiệp có Giấy chứng_nhận đủ điều_kiện kinh_doanh thuốc với hình_thức bán_buôn thuốc . 

Điều 9 .  Điều_kiện cấp Giấy chứng_nhận đủ điều_kiện kinh_doanh thuốc đối_với doanh_nghiệp làm dịch_vụ bảo_quản thuốc 

1 . Người quản_lý chuyên_môn về dược phải có Chứng_chỉ hành_nghề dược phù_hợp với hình_thức doanh_nghiệp làm dịch_vụ bảo_quản thuốc . 

2 . Doanh_nghiệp làm dịch_vụ bảo_quản thuốc phải đáp_ứng các điều_kiện quy_định tại khoản 2 Điều 8 , điểm d khoản 1 Điều 19 Nghị_định này và phải bảo_đảm các trách_nhiệm đối_với bên thuê dịch_vụ về chất_lượng , số_lượng , giá_trị thuốc và bảo_đảm để bên thuê dịch_vụ thực_hiện trách_nhiệm đối_với thuốc do cơ_sở nhận bảo_quản . 

Điều 10 .  Điều_kiện cấp Giấy chứng_nhận đủ điều_kiện kinh_doanh thuốc đối_với doanh_nghiệp làm dịch_vụ kiểm_nghiệm thuốc 

1 . Người quản_lý chuyên_môn về dược phải có Chứng_chỉ hành_nghề dược phù_hợp với hình_thức doanh_nghiệp làm dịch_vụ kiểm_nghiệm thuốc . 

2 . Doanh_nghiệp kinh_doanh dịch_vụ kiểm_nghiệm thuốc phải đáp_ứng các điều_kiện sau : 

a ) Có đủ số_lượng nhân_sự , có trình_độ và được đánh_giá phù_hợp với công_việc được giao ; 

b ) Phòng_kiểm_nghiệm phải được bố_trí , thiết_kế phù_hợp , đủ rộng để bố_trí riêng_biệt các hoạt_động kiểm_nghiệm khác nhau , đủ chỗ cho trang_thiết_bị chuyên_môn , hồ_sơ tài_liệu và không_gian làm_việc cho nhân_viên ; 

c ) Các thiết_bị , máy_móc , dụng_cụ phải được trang_bị phù_hợp với phương_pháp_kiểm_nghiệp , mục_đích_kiểm_nghiệp của doanh_nghiệp và thích_hợp với việc lấy mẫu , phân_tích , hiệu chuẩn và xử_lý dữ_liệu ; 

d ) Được trang_bị đầy_đủ hóa_chất , thuốc_thử , chất chuẩn , tài_liệu kỹ_thuật đáp_ứng mục_đích kiểm_nghiệm ; 

đ ) Có hệ_thống quản_lý chất_lượng , hồ_sơ tài_liệu , hướng_dẫn , quy_trình bao_trùm cho các hoạt_động được thực_hiện . 

Điều 11 .  Điều_kiện cấp Giấy chứng_nhận đủ điều_kiện kinh_doanh đối_với cơ_sở làm dịch_vụ thử thuốc trên lâm_sàng 

1 . Người quản_lý chuyên_môn về dược phải có Chứng_chỉ hành_nghề dược phù_hợp với hình_thức cơ_sở làm dịch_vụ thử thuốc trên lâm_sàng , cụ_thể : 

a ) Người quản_lý chuyên_môn về dược của doanh_nghiệp làm dịch_vụ thử thuốc trên lâm_sàng phải có bằng tốt_nghiệp đại_học ngành dược hoặc ngành y đa_khoa và có 03 năm thực_hành chuyên_môn tại cơ_sở dược phù_hợp hoặc bệnh_viện , viện có giường_bệnh trừ trường_hợp quy_định tại điểm b khoản này ; 

b ) Người quản_lý chuyên_môn về dược của doanh_nghiệp làm dịch_vụ thử thuốc trên lâm_sàng của thuốc từ dược_liệu phải có bằng tốt_nghiệp đại_học ngành dược hoặc ngành y đa_khoa hoặc ngành y_học cổ_truyền hoặc ngành dược cổ_truyền và có 03 năm thực_hành chuyên_môn tại cơ_sở dược phù_hợp hoặc bệnh_viện , viện có giường_bệnh . 

2 . Cơ_sở làm dịch_vụ thử thuốc trên lâm_sàng phải đáp_ứng các điều_kiện sau đây : 

a ) Có đủ số_lượng nhân_sự , trình_độ chuyên_môn phù_hợp với công_việc được giao ; 

b ) Có địa_điểm , phòng thử_nghiệm lâm_sàng , phòng xét_nghiệm , thiết_bị xét_nghiệm sinh_hóa được thiết_kế , xây_dựng và có diện_tích phù_hợp với hoạt_động thử thuốc trên lâm_sàng ; 

c ) Có hệ_thống quản_lý chất_lượng hồ_sơ tài_liệu dựa trên các tiêu_chuẩn , công_thức , hướng_dẫn , quy_trình đối_với các hoạt_động thử thuốc trên lâm_sàng . 

Mục 2 .  ĐIỀU_KIỆN KINH_DOANH DƯỢC_LIỆU 

Điều 12 .  Điều_kiện chung đối_với cơ_sở xuất_khẩu , nhập_khẩu , bán_buôn , bán_lẻ và dịch_vụ bảo_quản dược_liệu 

1 . Cơ_sở xuất_khẩu , nhập_khẩu , bán_buôn , bán_lẻ và dịch_vụ bảo_quản dược_liệu phải được cấp Giấy chứng_nhận đủ điều_kiện kinh_doanh thuốc có phạm_vi kinh_doanh dược_liệu . 

2 . Điều_kiện cấp Giấy chứng_nhận đủ điều_kiện kinh_doanh thuốc có phạm_vi kinh_doanh dược_liệu : 

a ) Người quản_lý chuyên_môn của cơ_sở phải có chứng_chỉ hành_nghề dược , trừ các trường_hợp quy_định tại khoản 2 Điều 17 Nghị_định này ; 

b ) Có đủ điều_kiện tương_ứng_đối_với từng loại_hình kinh_doanh quy_định tại các điều 13 , 14 , 15 và 16 Nghị_định này . 

Điều 13 .  Xuất_khẩu , nhập_khẩu dược_liệu 

1 . Cơ_sở nhập_khẩu dược_liệu phải có đủ các điều_kiện sau đây : 

a ) Đã được cấp Giấy chứng_nhận đủ điều_kiện kinh_doanh thuốc với phạm_vi bán_buôn dược_liệu ; 

b ) Đáp_ứng nguyên_tắc , tiêu_chuẩn Thực_hành tốt bảo_quản thuốc đối_với dược_liệu ; 

c ) Cơ_sở kinh_doanh dược_liệu chưa đủ điều_kiện nhập_khẩu trực_tiếp phải ký_kết_hợp_đồng ủy_thác nhập_khẩu với cơ_sở có đủ điều_kiện nhập_khẩu theo quy_định và tên cơ_sở ủy_thác nhập_khẩu phải được thể_hiện trên đơn hàng nhập_khẩu . 

2 . Doanh_nghiệp có Giấy chứng_nhận đủ điều_kiện kinh_doanh thuốc với phạm_vi sản_xuất thuốc từ dược_liệu và có giấy chứng_nhận đạt nguyên_tắc thực_hành tốt sản_xuất thuốc ( GMP ) được nhập_khẩu dược_liệu để phục_vụ nhu_cầu sản_xuất của chính doanh_nghiệp và bán cho các cơ_sở sản_xuất thuốc khác , các cơ_sở khám bệnh , chữa bệnh theo quy_định của pháp_luật . 

3 . Cơ_sở xuất_khẩu dược_liệu phải có đủ các điều_kiện sau đây : 

a ) Các điều_kiện quy_định tại điểm a khoản 1 Điều này ; 

b ) Các điều_kiện quy_định của nước nhập_khẩu dược_liệu ( nếu có ) . 

Điều 14 .  Điều_kiện đối_với cơ_sở bán_buôn dược_liệu 

Đáp_ứng nguyên_tắc , tiêu_chuẩn Thực_hành tốt bảo_quản thuốc đối_với dược_liệu và nguyên_tắc , tiêu_chuẩn Thực_hành tốt phân_phối thuốc đối_với dược_liệu quy_định tại điểm g và điểm h khoản 1 Điểu 19 Nghị_định này . 

Điều 15 .  Điều_kiện đối_với cơ_sở bán_lẻ dược_liệu 

1 . Về cơ_sở vật_chất : 

a ) Có địa_điểm cố_định , diện_tích phù_hợp với quy_mô kinh_doanh , riêng_biệt ;  bố_trí ở nơi cao_ráo , thoáng mát , an_toàn , cách xa nguồn ô_nhiễm , bảo_đảm phòng_chống cháy nổ ;  phải có khu_vực trưng_bày , khu_vực bảo_quản dược_liệu ; 

b ) Có thiết_bị để bảo_quản thuốc tránh được các ảnh_hưởng bất_lợi của ánh_sáng , nhiệt , độ_ẩm , sự ô_nhiễm , sự xâm_nhập của côn_trùng , bao_gồm : Tủ , quầy , giá kệ chắc_chắn , trơn nhẵn , dễ vệ_sinh , thuận_tiện cho bày bán , bảo_quản thuốc ;  nhiệt_kế , ẩm_kế , điều hòa , máy hút ẩm để kiểm_soát nhiệt_độ , độ_ẩm tại cơ_sở bán_lẻ dược_liệu , hệ_thống chiếu sáng , quạt thông_gió .  Thiết_bị bảo_quản phù_hợp với yêu_cầu bảo_quản ghi trên nhãn .  Điều_kiện bảo_quản ở nhiệt_độ phòng duy_trì không quá 30 ° C , độ_ẩm không vượt quá 75 % . 

2 . Về nhân_sự : 

a ) Có_nhân_viên trình_độ phù_hợp với công_việc được giao , trong đó có ít_nhất có một người trình_độ từ dược_tá trở lên ; 

b ) Người trực_tiếp bán_lẻ dược_liệu phải thường_xuyên được đào_tạo , tập_huấn chuyên_môn , cập_nhật những quy_định pháp_luật mới về bảo_quản , quản_lý dược_liệu . 

3 . Cơ_sở bán_lẻ chỉ được bán các dược_liệu được mua tại các cơ_sở có đủ điều_kiện kinh_doanh dược_liệu ;  có nguồn_gốc xuất_xứ rõ_ràng và có bao_bì , ghi nhãn theo quy_định của Bộ_trưởng Bộ Y_tế về hướng_dẫn ghi nhãn thuốc ;  không được bán các dược_liệu có độc_tính chưa qua chế_biến theo Danh_mục dược_liệu có độc_tính sử_dụng làm thuốc tại Việt_Nam do Bộ_trưởng Bộ Y_tế ban_hành . 

Điều 16 .  Điều_kiện đối_với doanh_nghiệp làm dịch_vụ bảo_quản dược_liệu 

1 . Người quản_lý chuyên_môn về dược phải có Chứng_chỉ hành_nghề dược phù_hợp với hình_thức doanh_nghiệp làm dịch_vụ bảo_quản dược_liệu . 

2 . Doanh_nghiệp làm dịch_vụ bảo_quản dược_liệu phải đáp_ứng các điều_kiện sau : 

Điều 17 .  Kinh_doanh dược_liệu tại làng_nghề , làng truyền_thống , phố truyền_thống kinh_doanh dược_liệu 

1 . Hình_thức kinh_doanh xuất_khẩu , nhập_khẩu , bán_buôn , dịch_vụ bảo_quản dược_liệu tại làng_nghề , làng truyền_thống , phố truyền_thống kinh_doanh dược_liệu phải theo đúng các quy_định đối_với điều_kiện của loại_hình kinh_doanh tương_ứng tại các điều 13 , 14 , 15 và 16 Nghị_định này . 

2 . Hình_thức kinh_doanh bán_lẻ dược_liệu tại làng_nghề , làng truyền_thống , phố truyền_thống kinh_doanh dược_liệu phải theo đúng các quy_định tại Điều 15 Nghị_định này . Người phụ_trách chuyên_môn hoặc chủ cơ_sở bán_lẻ tại làng_nghề , làng truyền_thống , phố truyền_thống kinh_doanh dược_liệu phải có một trong các văn_bằng , chứng_chỉ quy_định tại điểm c khoản 3 Điều 15 <NĐ rel="DaC"> Nghị_định số 79/2006/NĐ-CP </NĐ> của Chính_phủ quy_định chi_tiết thi_hành một_số điều của <L rel="none"> Luật dược </L> hoặc giấy chứng_nhận hoặc chứng_chỉ đào_tạo về dược , y_học cổ_truyền do cơ_sở có chức_năng đào_tạo cấp .
Điều 18 .  Điều_kiện đối_với cơ_sở có hoạt_động chế_biến dược_liệu 

1 . Có Giấy chứng_nhận đủ điều_kiện kinh_doanh thuốc với phạm_vi kinh_doanh dược_liệu . 

2 . Người phụ_trách chuyên_môn của cơ_sở chế_biến dược_liệu phải có bằng tốt_nghiệp đại_học dược hoặc bằng tốt_nghiệp đại_học về y_học cổ_truyền và có thời_gian thực_hành ít_nhất 2 năm tại cơ_sở dược hợp_pháp . 

3 . Người trực_tiếp tham_gia chế_biến dược_liệu phải được thường_xuyên tập_huấn , cập_nhật kiến_thức chuyên_môn về chế_biến dược_liệu . 

4 . Nhà_xưởng , thiết_bị phải được thiết_kế , xây_dựng , sửa_chữa và bảo_dưỡng phù_hợp với các thao_tác trong quá_trình chế_biến và quy_mô chế_biến của cơ_sở , cụ_thể như sau : 

a ) Khu_vực bảo_quản dược_liệu đầu_vào phải đáp_ứng điều_kiện về vị_trí kho bảo_quản và thiết_kế kho bảo_quản đáp_ứng nguyên_tắc , tiêu_chuẩn Thực_hành tốt bảo_quản thuốc đối_với dược_liệu ; 

b ) Khu_vực chế_biến : 

Tùy theo quy_mô chế_biến các khu_vực chế_biến dược_liệu được bố_trí để thuận_tiện cho đường đi của nguyên_liệu trong quá_trình chế_biến bao_gồm hai khu_vực : Khu_vực sơ_chế , khu_vực phức chế . 

Khu_vực sơ_chế , phức chế dược_liệu phải đủ rộng , thông_thoáng , dễ vệ_sinh , bảo_đảm an_toàn và thao_tác thuận_lợi , có hệ_thống cung_cấp nước_sạch phục_vụ chế_biến dược_liệu ; 

c ) Khu_vực kiểm_tra chất_lượng : 

Khu_vực kiểm_tra chất_lượng nguyên_liệu và thành_phẩm phải được tách_biệt khỏi khu_vực chế_biến .  Khu_vực kiểm_tra chất_lượng phải được thiết_kế phù_hợp với các hoạt_động kiểm_tra ; 

d ) Khu_vực bảo_quản dược_liệu đã chế_biến phải đáp_ứng nguyên_tắc , tiêu_chuẩn Thực_hành tốt bảo_quản thuốc đối_với dược_liệu . 

5 . Hệ_thống phụ_trợ : 

a ) Hệ_thống xử_lý không_khí : 

Cơ_sở phải lắp_đặt hệ_thống xử_lý không_khí hoặc điều hòa tách riêng cho các khu_vực ; 

b ) Hệ_thống xử_lý nước : 

Tùy theo yêu_cầu của từng dạng phương pháp_chế_biến dược_liệu , nguồn nước_dùng cho mục_đích chế_biến ít_nhất phải đạt quy_chuẩn kỹ_thuật quốc_gia về nước sinh_hoạt ; 

c ) Hệ_thống xử_lý nước_thải , khí_thải và chất_thải rắn : 

Cơ_sở phải có biện_pháp thích_hợp xử_lý nước_thải , khí_thải và chất_thải rắn trong quá_trình chế_biến , bảo_đảm an_toàn và vệ_sinh ; 

d ) Hệ_thống phòng cháy , chữa_cháy : 

Cơ_sở phải trang_bị đủ dụng_cụ , thiết_bị phòng cháy , chữa_cháy theo quy_định về phòng_chống cháy nổ . 

6 . Cơ_sở phải có đủ trang_thiết_bị cần_thiết phục_vụ cho việc chế_biến dược_liệu .  Các thiết_bị này phải bảo_đảm an_toàn khi vận_hành , dễ làm vệ_sinh và bảo_dưỡng , tránh được sự nhiễm chéo , tích_tụ bụi và bẩn , tránh được những tác_động bất_lợi ảnh_hưởng đến chất_lượng sản_phẩm .  Cơ_sở phải xây_dựng và tuân_thủ đầy_đủ các hướng_dẫn vận_hành , vệ_sinh đối_với trang_thiết_bị . 

7 . Khu_vực kiểm_tra chất_lượng phải được trang_bị các máy , thiết_bị , dụng_cụ thích_hợp cho việc lấy mẫu , phân_tích , hiệu chuẩn và xử_lý dữ_liệu .  Các thiết_bị phân_tích phải phù_hợp với phương_pháp kiểm_nghiệm và phải đáp_ứng được yêu_cầu kiểm_tra chất_lượng của đơn_vị . 

8 . Trước khi thực_hiện hoạt_động chế_biến dược_liệu ít_nhất 30 ngày , cơ_sở phải thông_báo về Bộ Y_tế .  Bộ Y_tế tổ_chức kiểm_tra cơ_sở đủ điều_kiện chế_biến dược_liệu định_kỳ 3 năm một lần hoặc đột_xuất . 

Điều 19 .  Điều_kiện về áp_dụng các nguyên_tắc , tiêu_chuẩn Thực_hành tốt 

1 . Ngoài đáp_ứng điều_kiện quy_định tại các điều 5 , 6 , 7 , 8 , 9 , 10 , 11 , 14 , 16 và khoản 1 Điều 13 Nghị_định này , các cơ_sở kinh_doanh thuốc phải đáp_ứng các nguyên_tắc , tiêu_chuẩn Thực_hành tốt tối_thiểu của Tổ_chức Y_tế thế_giới được cập_nhật đăng trên Cổng thông_tin điện_tử của Bộ Y_tế tương_ứng với từng hình_thức và phạm_vi kinh_doanh sau đây : 

a ) Nguyên_tắc , tiêu_chuẩn Thực_hành tốt sản_xuất thuốc ( GMP ) đối_với cơ_sở sản_xuất thuốc ; 

b ) Nguyên_tắc , tiêu_chuẩn Thực_hành tốt phân_phối thuốc ( GDP ) đối_với cơ_sở bán_buôn thuốc ; 

c ) Nguyên_tắc , tiêu_chuẩn Thực_hành tốt nhà_thuốc ( GPP ) đối_với cơ_sở bán_lẻ thuốc ; 

d ) Nguyên_tắc , tiêu_chuẩn Thực_hành tốt bảo_quản thuốc ( GSP ) đối_với cơ_sở làm dịch_vụ bảo_quản thuốc và cơ_sở xuất_nhập_khẩu thuốc ; 

đ ) Nguyên_tắc , tiêu_chuẩn Thực_hành tốt kiểm_nghiệm thuốc ( GLP ) đối_với cơ_sở làm dịch_vụ kiểm_nghiệm thuốc ; 

e ) Nguyên_tắc , tiêu_chuẩn Thực_hành tốt thử thuốc trên lâm_sàng ( GCP ) đối_với cơ_sở kinh_doanh dịch_vụ thử thuốc trên lâm_sàng ; 

g ) Nguyên_tắc , tiêu_chuẩn Thực_hành tốt bảo_quản thuốc đối_với dược_liệu ( GSP ) áp_dụng với cơ_sở làm dịch_vụ bảo_quản dược_liệu và cơ_sở xuất_nhập_khẩu dược_liệu ; 

h ) Nguyên_tắc , tiêu_chuẩn Thực_hành tốt phân_phối thuốc đối_với dược_liệu ( GDP ) áp_dụng với cơ_sở bán_buôn dược_liệu . 

2 . Hồ_sơ , thủ_tục cấp giấy chứng_nhận Thực_hành tốt quy_định tại khoản 1 Điều này được thực_hiện theo quy_định tại <NĐ rel="DaC"> Nghị_định số 79/2006/NĐ-CP ngày 09 tháng 8 năm 2006 </NĐ> của Chính_phủ quy_định chi_tiết thi_hành một_số điều của <L rel="none"> Luật_dược </L> ; <NĐ rel="DaC"> Nghị_định số 89/2012/NĐ-CP ngày 24 tháng 10 năm 2012 </NĐ> của Chính_phủ sửa_đổi , bổ_sung một_số điều của <NĐ rel="none"> Nghị_định số 79/2006/NĐ-CP ngày 09 tháng 8 năm 2006 </NĐ> của Chính_phủ quy_định chi_tiết thi_hành một_số điều của <L rel="none"> Luật dược </L> và các văn_bản pháp_luật có liên_quan .
Mục 3 .  ĐIỀU_KIỆN KINH_DOANH THUỐC GÂY NGHIỆN , THUỐC HƯỚNG_TÂM_THẦN , TIỀN CHẤT DÙNG LÀM THUỐC , THUỐC THÀNH_PHẨM DẠNG PHỐI_HỢP CÓ CHỨA HOẠT_CHẤT GÂY NGHIỆN , HƯỚNG_TÂM_THẦN , TIỀN CHẤT 

Điều 20 .  Điều_kiện đối_với cơ_sở sản_xuất 

1 . Cơ_sở sản_xuất thuốc gây nghiện , thuốc hướng_tâm_thần , tiền chất dùng làm thuốc phải đáp_ứng các quy_định tại Điều 5 Nghị_định này và các quy_định sau : 

a ) Đáp_ứng nguyên_tắc , tiêu_chuẩn Thực_hành tốt sản_xuất thuốc phù_hợp với từng dạng bào_chế ít_nhất 02 năm ; 

b ) Thủ_kho bảo_quản thuốc gây nghiện phải tốt_nghiệp đại_học dược và có thời_gian hành_nghề ít_nhất 02 năm trở lên tại cơ_sở sản_xuất thuốc ; 

c ) Thủ_kho bảo_quản thuốc hướng_tâm_thần , tiền chất dùng làm thuốc phải tốt_nghiệp đại_học dược hoặc trung_học dược trở lên được ủy_quyền ( thủ_trưởng cơ_sở ủy_quyền bằng văn_bản , thời_gian ủy_quyền mỗi lần không quá 12 tháng ) ; 

d ) Nhân_viên chủ_chốt chịu trách_nhiệm về chế_độ ghi_chép , báo_cáo phải tốt_nghiệp đại_học dược có thời_gian hành_nghề ít_nhất 02 năm trở lên tại cơ_sở sản_xuất thuốc ; 

đ ) Hồ_sơ , sổ_sách : Cơ_sở sản_xuất thuốc gây nghiện , thuốc hướng_tâm_thần , tiền chất dùng làm thuốc phải lập và ghi_chép các loại sổ theo_dõi sau đây : Sổ pha_chế thuốc gây nghiện , thuốc hướng_tâm_thần , tiền chất dùng làm thuốc , sổ theo_dõi xuất , nhập thuốc gây nghiện , thuốc hướng_tâm_thần , tiền chất dùng làm thuốc , sổ bàn_giao bán thành_phẩm , thành_phẩm trong quá_trình sản_xuất , thẻ kho thuốc gây nghiện , thuốc hướng_tâm_thần , tiền chất dùng làm thuốc thực_hiện theo quy_định của Bộ_trưởng Bộ Y_tế . 

2 . Cơ_sở sản_xuất thuốc thành_phẩm dạng phối_hợp có chứa hoạt_chất gây nghiện , thuốc thành_phẩm dạng phối_hợp có chứa hoạt_chất hướng_tâm_thần , thuốc thành_phẩm dạng phối_hợp có chứa tiền chất phải đáp_ứng các quy_định sau : 

b ) Thủ_kho bảo_quản nguyên_liệu , bán thành_phẩm có chứa hoạt_chất gây nghiện phải tốt_nghiệp đại_học dược có thời_gian hành_nghề ít_nhất 02 năm trở lên tại cơ_sở sản_xuất thuốc ; 

c ) Thủ_kho bảo_quản nguyên_liệu , bán thành_phẩm có chứa hoạt_chất hướng_tâm_thần , nguyên_liệu , bán thành_phẩm có chứa tiền chất phải tốt_nghiệp đại_học dược hoặc trung_học dược trở lên được ủy_quyền ( thủ_trưởng cơ_sở ủy_quyền bằng văn_bản , thời_gian ủy_quyền mỗi lần không quá 12 tháng ) ; 

đ ) Hồ_sơ , sổ_sách : Cơ_sở sản_xuất thuốc thành_phẩm dạng phối_hợp có chứa hoạt_chất gây nghiện , thuốc thành_phẩm dạng phối_hợp có chứa hoạt_chất hướng_tâm_thần , thuốc thành_phẩm dạng phối_hợp có chứa tiền chất phải ghi_chép đầy_đủ vào_sổ theo_dõi nhập , xuất thuốc thành_phẩm dạng phối_hợp có chứa hoạt_chất gây nghiện , thuốc thành_phẩm dạng phối_hợp có chứa hoạt_chất hướng_tâm_thần , thuốc thành_phẩm dạng phối_hợp có chứa tiền chất theo quy_định của Bộ_trưởng Bộ Y_tế . 

Điều 21 .  Điều_kiện đối_với cơ_sở xuất_khẩu , nhập_khẩu 

1 . Cơ_sở xuất_khẩu , nhập_khẩu thuốc gây nghiện , thuốc hướng_tâm_thần , tiền chất dùng làm thuốc phải đáp_ứng các quy_định tại Điều 8 Nghị_định này và các quy_định sau : 

a ) Có ít_nhất 05 năm kinh_nghiệm trong xuất_khẩu , nhập_khẩu thuốc ; 

b ) Trong vòng 05 năm trước ngày đề_nghị bổ_sung hoạt_động xuất_khẩu , nhập_khẩu thuốc gây nghiện , thuốc hướng_tâm_thần , tiền chất dùng làm thuốc , cơ_sở xuất_khẩu , nhập_khẩu không kinh_doanh các thuốc bị vi_phạm về chất_lượng nghiêm_trọng do cơ_quan quản_lý nhà_nước về chất_lượng thuốc kết_luận hoặc không có hành_vi giả_mạo hoặc tự_ý sửa_chữa hồ_sơ , tài_liệu , giấy_tờ pháp_lý của các cơ_quan_chức_năng của Việt_Nam hoặc của nước_ngoài ;  không sử_dụng con_dấu giả hoặc giả_mạo chữ_ký hoặc dấu của cơ_sở nhập_khẩu , cơ_sở sản_xuất và các cơ_sở liên_quan trong hồ_sơ xuất_khẩu , nhập_khẩu thuốc ; 

c ) Có kho riêng đáp_ứng nguyên_tắc , tiêu_chuẩn Thực_hành tốt bảo_quản thuốc để bảo_quản thuốc gây nghiện , thuốc hướng_tâm_thần , tiền chất dùng làm thuốc phù_hợp với quy_mô kinh_doanh của cơ_sở nhưng diện_tích tối_thiểu 100 m2 và thể_tích tối_thiểu 300 m3 .  Kho phải có cửa , có khóa chắc_chắn , có các biện_pháp bảo_đảm an_toàn , không để thất_thoát ; 

d ) Có tối_thiểu 03 địa_điểm kinh_doanh đáp_ứng nguyên_tắc , tiêu_chuẩn Thực_hành tốt phân_phối thuốc tại 03 miền Bắc , miền Trung và miền Nam ; 

đ ) Có hệ_thống phần_mềm theo_dõi quản_lý thuốc gây nghiện , thuốc hướng_tâm_thần và tiền chất dùng làm thuốc và các biện_pháp đảm_bảo_an_ninh an_toàn , tránh thất_thoát ; 

e ) Nhân_sự : Thủ_kho , người phụ_trách báo_cáo , người phụ_trách chuyên_môn phải có bằng tốt_nghiệp đại_học dược và có thời_gian hành_nghề ít_nhất 02 năm trở lên tại cơ_sở sản_xuất , kinh_doanh thuốc . 

Các cá_nhân tham_gia vào hoạt_động kinh_doanh , xuất nhập_khẩu phải được tập_huấn về các văn_bản quy_phạm pháp_luật liên_quan đến quản_lý thuốc gây nghiện , thuốc hướng_tâm_thần và tiền chất dùng làm thuốc được cấp bởi các cơ_sở đào_tạo được Bộ Y_tế giao nhiệm_vụ ; 

g ) Hồ_sơ , sổ_sách : Doanh_nghiệp xuất_khẩu , nhập_khẩu thuốc gây nghiện , thuốc hướng_tâm_thần , tiền chất dùng làm thuốc phải lập và ghi_chép đầy_đủ các loại hồ_sơ , sổ_sách theo_dõi sau đây : sổ theo_dõi xuất , nhập thuốc gây nghiện , thuốc hướng_tâm_thần , tiền chất dùng làm thuốc ;  Phiếu xuất kho thuốc gây nghiện , thuốc hướng_tâm_thần , tiền chất dùng làm thuốc thực_hiện theo quy_định của Bộ_trưởng Bộ Y_tế ;  các chứng_từ liên_quan đến việc xuất_khẩu , nhập_khẩu , mua_bán thuốc gây nghiện , thuốc hướng_tâm_thần , tiền chất dùng làm thuốc . 

2 . Cơ_sở đáp_ứng các điều_kiện kinh_doanh thuốc theo quy_định tại Chương II <L rel="DaC"> Luật dược </L> và Nghị_định này được xuất_khẩu , nhập_khẩu thuốc thành_phẩm dạng phối_hợp có chứa hoạt_chất gây nghiện , thuốc thành_phẩm dạng phối_hợp có chứa hoạt_chất hướng_tâm_thần , thuốc thành_phẩm dạng phối_hợp có chứa tiền chất ; phải lập và ghi_chép các hồ_sơ sau đây :
a ) Sổ theo_dõi nhập_khẩu , xuất_khẩu thuốc thành_phẩm dạng phối_hợp có chứa hoạt_chất gây nghiện , thuốc thành_phẩm dạng phối_hợp có chứa hoạt_chất hướng_tâm_thần , thuốc thành_phẩm dạng phối_hợp có chứa tiền chất thực_hiện theo quy_định của Bộ_trưởng Bộ Y_tế ; 

b ) Chứng_từ liên_quan đến việc xuất_khẩu , nhập_khẩu , mua_bán thuốc thành_phẩm dạng phối_hợp có chứa hoạt_chất gây nghiện , thuốc thành_phẩm dạng phối_hợp có chứa hoạt_chất hướng_tâm_thần và thuốc thành_phẩm dạng phối_hợp có chứa tiền chất . 

Điều 22 .  Điều_kiện đối_với doanh_nghiệp bán_buôn 

1 . Doanh_nghiệp dược_phẩm tỉnh , thành_phố trực_thuộc trung_ương ( bao_gồm doanh_nghiệp chưa được cổ_phần_hóa và doanh_nghiệp đã cổ_phần_hóa ) được mua , bán thuốc thành_phẩm gây nghiện , thuốc thành_phẩm hướng_tâm_thần , thuốc thành_phẩm tiền chất đáp_ứng các quy_định tại Điều 6 Nghị_định này và các quy_định sau : 

a ) Phải có kho đáp_ứng nguyên_tắc , tiêu_chuẩn Thực_hành tốt bảo_quản thuốc , trong đó kho bảo_quản thuốc thành_phẩm gây nghiện , thuốc thành_phẩm hướng_tâm_thần , thuốc thành_phẩm tiền chất phải có khóa chắc_chắn , có các biện_pháp bảo_đảm an_toàn , không để thất_thoát .  Nếu không có kho riêng thì thuốc thành_phẩm gây nghiện , thuốc thành_phẩm hướng_tâm_thần , thuốc thành_phẩm tiền chất phải để một khu_vực riêng_biệt trong kho đáp_ứng nguyên_tắc , tiêu_chuẩn Thực_hành tốt bảo_quản thuốc ; 

b ) Nhân_sự : Thủ_kho phải tốt_nghiệp đại_học dược và có thời_gian hành_nghề ít_nhất 02 năm trở lên tại công_ty kinh_doanh thuốc ; 

c ) Hồ_sơ , sổ_sách : sổ theo_dõi xuất , nhập thuốc gây nghiện , thuốc hướng_tâm_thần , tiền chất dùng làm thuốc , Phiếu xuất kho thuốc gây nghiện , thuốc hướng_tâm_thần , tiền chất dùng làm thuốc thực_hiện theo quy_định của Bộ_trưởng Bộ Y_tế ;  các chứng_từ liên_quan đến việc xuất_khẩu , nhập_khẩu , mua_bán thuốc gây nghiện , thuốc hướng_tâm_thần , tiền chất dùng làm thuốc . 

2 . Cơ_sở đáp_ứng các điều_kiện kinh_doanh thuốc theo quy_định tại Chương II <L rel="DaC"> Luật dược </L> và Nghị_định này được mua , bán thuốc thành_phẩm dạng phối_hợp có chứa hoạt_chất gây nghiện , thuốc thành_phẩm dạng phối_hợp có chứa hoạt_chất hướng_tâm_thần , thuốc thành_phẩm dạng phối_hợp có chứa tiền chất ; phải lập và ghi_chép các hồ_sơ sau đây :
a ) Sổ theo_dõi xuất , nhập thuốc thành_phẩm dạng phối_hợp có chứa hoạt_chất gây nghiện , thuốc thành_phẩm dạng phối_hợp có chứa hoạt_chất hướng_tâm_thần , thuốc thành_phẩm dạng phối_hợp có chứa tiền chất thực_hiện theo quy_định của Bộ_trưởng Bộ Y_tế ; 

b ) Chứng_từ liên_quan đến việc mua_bán thuốc thành_phẩm dạng phối_hợp có chứa hoạt_chất gây nghiện , thuốc thành_phẩm dạng phối_hợp có chứa hoạt_chất hướng_tâm_thần , thuốc thành_phẩm dạng phối_hợp có chứa tiền chất . 

Điều 23 .  Điều_kiện đối_với cơ_sở bán_lẻ 

1 . Cơ_sở bán_lẻ thuốc thành_phẩm gây nghiện , thuốc thành_phẩm hướng_tâm_thần , thuốc thành_phẩm tiền chất phải đáp_ứng các quy_định tại Điều 7 Nghị_định này và các quy_định sau : 

a ) Phải là nhà_thuốc đáp_ứng nguyên_tắc , tiêu_chuẩn Thực_hành tốt nhà_thuốc ; 

b ) Phải đăng_ký với Sở Y_tế trên địa_bàn ; 

c ) Chủ nhà_thuốc , người quản_lý chuyên_môn phải trực_tiếp_quản_lý và bán_lẻ thuốc thành_phẩm gây nghiện ; 

d ) Dược_sỹ trung_học trở lên quản_lý và bán_lẻ thuốc thành_phẩm hướng_tâm_thần , thuốc thành_phẩm tiền chất ; 

đ ) Phải lập , ghi_chép và lưu_giữ các loại hồ_sơ sau đây theo quy_định của Bộ_trưởng Bộ Y_tế : Sổ theo_dõi xuất , nhập thuốc gây nghiện , thuốc hướng_tâm_thần , tiền chất dùng làm thuốc , sổ theo_dõi thông_tin chi_tiết khách_hàng , Phiếu xuất kho thuốc gây nghiện , thuốc hướng_tâm_thần , tiền chất dùng làm thuốc của nơi cung_cấp thuốc ;  Đơn thuốc gây nghiện , hướng_tâm_thần lưu tại cơ_sở sau khi bán ;  Biên_bản nhận thuốc thành_phẩm gây nghiện do người_nhà người_bệnh nộp lại . 

2 . Cơ_sở bán_lẻ thuốc thành_phẩm dạng phối_hợp có chứa hoạt_chất gây nghiện , thuốc thành_phẩm dạng phối_hợp có chứa hoạt_chất hướng_tâm thân , thuốc thành_phẩm dạng phối_hợp có chứa tiền chất phải đáp_ứng quy_định tại Điều 7 Nghị_định này và các quy_định sau : 

a ) Là nhà_thuốc đáp_ứng Thực_hành tốt nhà_thuốc ; 

b ) Phải có sổ theo_dõi , kiểm_kê , lập báo_cáo số_lượng mua , nhập , tồn_kho , số_lượng đã xuất bán và tồn , địa_chỉ khách_hàng 6 tháng , hàng năm theo quy_định của Bộ_trưởng Bộ Y_tế . 

Mục 4 .  ĐIỀU_KIỆN KINH_DOANH THUỐC PHÓNG_XẠ 

Điều 24 .  Điều_kiện kinh_doanh 

1 . Có giấy_phép về bảo_đảm an_toàn bức_xạ do Bộ Khoa_học và Công_nghệ cấp . 

2 . Người phụ_trách an_toàn bức_xạ phải được đào_tạo kiến_thức về an_toàn bức_xạ và phải có chứng_chỉ đào_tạo về an_toàn bức_xạ do cơ_sở được Bộ Khoa_học và Công_nghệ cho phép đào_tạo cấp . 

Điều 25 .  Pha_chế , sử_dụng thuốc phóng_xạ 

1 . Việc pha_chế , sử_dụng thuốc phóng_xạ chỉ được thực_hiện trong các cơ_sở y_học hạt_nhân được Bộ Khoa_học và Công_nghệ cấp giấy_phép về bảo_đảm an_toàn bức_xạ . 

2 . Cơ_sở y_học hạt_nhân được cấp phép có nhu_cầu sử_dụng thuốc phóng_xạ phải lập bảng dự_trù theo mẫu quy_định để Bộ Y_tế xét_duyệt ;  đồng_thời báo_cáo Bộ Khoa_học và Công_nghệ để theo_dõi . 

Chương_III 

ĐIỀU_KHOẢN THI_HÀNH 

Điều 26 .  Điều_khoản chuyển_tiếp 

1 . Đối_với Chứng_chỉ hành_nghề dược đã được cấp với thời_hạn 5 năm , khi hết hạn , cá_nhân phải làm thủ_tục cấp lại Chứng_chỉ hành_nghề dược tại cơ_quan nhà_nước có thẩm_quyền . 

2 . Đối_với Giấy chứng_nhận đủ điều_kiện kinh_doanh thuốc đã cấp với thời_hạn 5 năm , khi hết hạn , cơ_sở kinh_doanh làm thủ_tục cấp tại cơ_quan nhà_nước có thẩm_quyền . 

3 . Cơ_sở đang sản_xuất , xuất_khẩu , nhập_khẩu , bán_buôn , bán_lẻ thuốc gây nghiện , thuốc hướng_tâm_thần , tiền chất dùng làm thuốc , thuốc thành_phẩm dạng phối_hợp có chứa hoạt_chất gây nghiện , thuốc thành_phẩm dạng phối_hợp có chứa hoạt_chất hướng_tâm_thần , thuốc thành_phẩm dạng phối_hợp có chứa tiền chất được tiếp_tục hoạt_động cho đến khi thực_hiện theo các quy_định của <L rel="DaC"> Luật dược 2016 </L> .
Điều 27 .  Hiệu_lực thi_hành 

1 . Nghị_định này có hiệu_lực thi_hành từ ngày 01 tháng 7 năm 2016 . 

2 . Điều 20 , 21 , 22 , 23 , 24 , 25 , 26 và 27 Mục 2 Chương IV , Chương_V của <NĐ rel="HHL1"> Nghị_định số 79/2006/NĐ-CP ngày 09 tháng 8 năm 2006 </NĐ> của Chính_phủ quy_định chi_tiết thi_hành một_số điều của <L rel="none"> Luật dược </L> hết hiệu_lực kể từ ngày Nghị_định này có hiệu_lực thi_hành .
Điều 28 .  Trách_nhiệm tổ_chức thực_hiện 

1 . Bộ_trưởng Bộ Y_tế chịu trách_nhiệm hướng_dẫn , tổ_chức thi_hành Nghị_định này . 

2 . Các Bộ_trưởng , Thủ_trưởng cơ_quan ngang bộ , Thủ_trưởng cơ_quan thuộc Chính_phủ , Chủ_tịch Ủy_ban nhân_dân các tỉnh , thành_phố trực_thuộc trung_ương và các cơ_quan , tổ_chức , cá_nhân có liên_quan chịu trách_nhiệm thi_hành Nghị_định này ./ 

Nơi nhận : 

- Ban_Bí_thư Trung_ương Đảng ; 

- Thủ_tướng , các Phó_Thủ_tướng Chính_phủ ; 

- Các bộ , cơ_quan ngang bộ , cơ_quan thuộc Chính_phủ ; 

- HĐND , UBND các tỉnh , thành_phố trực_thuộc trung_ương : 

- Văn_phòng Trung_ương và các Ban của Đảng ; 

- Văn_phòng Tổng_Bí_thư ; 

- Văn_phòng Chủ_tịch nước ; 

- Hội_đồng dân_tộc và các Ủy_ban của Quốc_hội ; 

- Văn_phòng Quốc_hội ; 

- Tòa_án nhân_dân tối_cao ; 

- Viện kiểm_sát nhân_dân tối_cao ; 

- Kiểm_toán nhà_nước ; 

- Ủy_ban Giám_sát tài_chính Quốc_gia ; 

- Ngân_hàng Chính_sách xã_hội ; 

- Ngân_hàng Phát_triển Việt_Nam ; 

- Ủy_ban trung_ương Mặt_trận Tổ_quốc Việt_Nam ; 

- Cơ_quan Trung_ương của các đoàn_thể ; 

- VPCP : BTCN , các PCN , Trợ_lý ttg , TGĐ Cổng TTĐT , các Vụ , Cục , đơn_vị trực_thuộc , Công_báo ; 

- Lưu : VT , KGVX ( 3 ) 

TM .  CHÍNH_PHỦ 

THỦ_TƯỚNG 

Nguyễn_Xuân_Phúc 