Thông tư Hướng dẫn thực hiện Nghị định số 100/2016/NĐ-CP ngày 01 tháng 7 năm 2016 của Chính phủ quy định chi tiết thi hành Luật sửa đổi, bổ sung một số điều của Luật Thuế giá trị gia tăng, Luật Thuế tiêu thụ đặc biệt và Luật Quản lý thuế và sửa đổi một số điều tại các Thông tư về thuế

Căn_cứ <L rel="CC"> Luật Quản_lý thuế số 78/2006/QH11 </L> và <L rel="CC"> Luật số 21/2012/QH13 </L> sửa_đổi , bổ_sung một_số điều của <L rel="none"> Luật Quản_lý thuế </L> ;
Căn_cứ <L rel="CC"> Luật thuế giá_trị gia_tăng số 13/2008/QH12 </L> và <L rel="CC"> Luật số 31/2013/QH13 </L> sửa_đổi , bổ_sung một_số điều của <L rel="none"> Luật thuế giá_trị gia_tăng </L> ;
Căn_cứ <L rel="CC"> Luật số 106/2016/QH13 </L> sửa_đổi , bổ_sung một_số điều của <L rel="none"> Luật Thuế giá_trị gia_tăng </L> , <L rel="none"> Luật Thuế tiêu_thụ đặc_biệt </L> và <L rel="none"> Luật Quản_lý thuế </L> ;
Căn_cứ <L rel="CC"> Luật thuế_thu_nhập doanh_nghiệp số 14/2008/QH12 </L> và <L rel="CC"> Luật số 32/2013/QH13 </L> sửa_đổi , bổ_sung một_số điều của <L rel="none"> Luật thuế_thu_nhập doanh_nghiệp </L> ;
Căn_cứ <NĐ rel="CC"> Nghị_định số 83/2013/NĐ-CP ngày 22 tháng 7 năm 2013 </NĐ> của Chính_phủ quy_định chi_tiết thi_hành một_số điều của <L rel="none"> Luật Quản_lý thuế </L> và <L rel="none"> Luật sửa_đổi , bổ_sung một_số điều của <L rel="none"> Luật Quản_lý thuế </L> </L> ;
Căn_cứ <NĐ rel="CC"> Nghị_định số 218/2013/NĐ-CP ngày 26 tháng 12 năm 2013 </NĐ> của Chính_phủ quy_định chi_tiết và hướng_dẫn thi_hành một_số điều của <L rel="none"> Luật thuế_thu_nhập doanh_nghiệp </L> ;
Căn_cứ <NĐ rel="CC"> Nghị_định số 100/2016/NĐ-CP ngày 01 tháng 7 năm 2016 </NĐ> của Chính_phủ quy_định chi_tiết thi_hành <L rel="none"> Luật sửa_đổi , bổ_sung một_số điều của <L rel="none"> Luật Thuế giá_trị gia_tăng </L> </L> , <L rel="none"> Luật Thuế tiêu_thụ đặc_biệt </L> và <L rel="none"> Luật Quản_lý thuế </L> ;
Căn_cứ <NĐ rel="CC"> Nghị_định số 215/2013/NĐ-CP ngày 23 tháng 12 năm 2013 </NĐ> của Chính_phủ quy_định chức_năng , nhiệm_vụ , quyền_hạn và cơ_cấu tổ_chức của Bộ Tài_chính ;
Điều 1 . Sửa_đổi , bổ_sung một_số điều của <TT rel="DSD"> Thông_tư số 219/2013/TT-BTC ngày 31/12/2013 </TT> của Bộ Tài_chính hướng_dẫn thi_hành <L rel="none"> Luật Thuế giá_trị gia_tăng </L> và <NĐ rel="DaC"> Nghị_định số 209/2013/NĐ-CP ngày 18/12/2013 </NĐ> của Chính_phủ quy_định chi_tiết và hướng_dẫn thi_hành một_số điều của <L rel="none"> Luật Thuế giá_trị gia_tăng </L> ( đã được sửa_đổi , bổ_sung theo <TT rel="none"> Thông_tư số 119/2014/TT-BTC ngày 25/8/2014 </TT> , <TT rel="none"> Thông_tư số 151/2014/TT-BTC ngày 10/10/2014 </TT> và <TT rel="none"> Thông_tư số 26/2015/TT-BTC ngày 27/02/2015 </TT> của Bộ Tài_chính ) như sau :
1 . Sửa_đổi , bổ_sung Điều 4 như sau : 

a ) Sửa_đổi , bổ_sung khoản 9 Điều 4 như sau : 

“ 9 .  Dịch_vụ y_tế , dịch_vụ thú_y , bao_gồm dịch_vụ khám bệnh , chữa bệnh , phòng_bệnh cho người và vật_nuôi , dịch_vụ sinh_đẻ có kế_hoạch , dịch_vụ điều_dưỡng sức_khỏe , phục_hồi chức_năng cho người_bệnh , dịch_vụ chăm_sóc người cao_tuổi , người khuyết_tật ;  vận_chuyển người_bệnh , dịch_vụ cho thuê phòng_bệnh , giường_bệnh của các cơ_sở y_tế ;  xét_nghiệm , chiếu , chụp , máu và chế_phẩm máu dùng cho người_bệnh . 

Dịch_vụ chăm_sóc người cao_tuổi , người khuyết_tật bao_gồm cả chăm_sóc về y_tế , dinh_dưỡng và tổ_chức các hoạt_động văn_hóa , thể_thao , giải_trí , vật_lý trị_liệu , phục_hồi chức_năng cho người cao_tuổi , người khuyết_tật . 

Trường_hợp trong gói dịch_vụ chữa bệnh ( theo quy_định của Bộ Y_tế ) bao_gồm cả sử_dụng thuốc chữa bệnh thì khoản thu từ tiền thuốc chữa bệnh nằm trong gói dịch_vụ chữa bệnh cũng thuộc đối_tượng không chịu thuế GTGT. ” 

b ) Sửa_đổi , bổ_sung khoản 16 Điều 4 như sau : 

“ 16 .  Vận_chuyển hành_khách công_cộng gồm vận_chuyển hành_khách công_cộng bằng xe_buýt , xe điện ( bao_gồm cả tàu_điện ) theo các tuyến trong nội_tỉnh , trong đô_thị và các tuyến lân_cận ngoại_tỉnh theo quy_định của pháp_luật về giao_thông .  ” 

c ) Sửa_đổi , bổ_sung khoản 23 Điều 4 như sau : 

“ 23 .  Sản_phẩm xuất_khẩu là tài_nguyên , khoáng_sản khai_thác chưa chế_biến thành sản_phẩm khác hoặc đã chế_biến thành sản_phẩm khác nhưng tổng trị_giá tài_nguyên , khoáng_sản cộng với chi_phí năng_lượng chiếm từ 51 % giá_thành sản_xuất sản_phẩm trở lên được chế_biến từ tài_nguyên , khoáng_sản ;  sản_phẩm xuất_khẩu là hàng_hóa được chế_biến từ tài_nguyên , khoáng_sản có tổng trị_giá tài_nguyên , khoáng_sản cộng với chi_phí năng_lượng chiếm từ 51 % giá_thành sản_xuất sản_phẩm trở lên được chế_biến từ tài_nguyên , khoáng_sản . 

a ) Tài_nguyên , khoáng_sản là tài_nguyên , khoáng_sản có nguồn_gốc trong nước gồm : Khoáng_sản kim_loại ;  khoáng_sản không kim_loại ;  dầu_thô ;  khí thiên_nhiên ;  khí_than . 

b ) Việc xác_định tỷ_trọng trị_giá tài_nguyên , khoáng_sản và chi_phí năng_lượng trên giá_thành được thực_hiện theo công_thức : 

Tỷ_trọng trị_giá tài_nguyên , khoáng_sản và chi_phí năng_lượng trên giá_thành sản_xuất sản_phẩm 

= 

Trị_giá tài_nguyên , khoáng_sản + chi_phí năng_lượng 

x 100 % 

Tổng giá_thành sản_xuất sản_phẩm 

Trong đó : 

Trị_giá tài_nguyên , khoáng_sản là giá vốn tài_nguyên , khoáng_sản đưa vào chế_biến ;  đối_với tài_nguyên , khoáng_sản trực_tiếp khai_thác là chi_phí trực_tiếp , gián_tiếp khai_thác ra tài_nguyên , khoáng_sản ;  đối_với tài_nguyên , khoáng_sản mua để chế_biến là giá thực_tế mua cộng chi_phí đưa tài_nguyên , khoáng_sản vào chế_biến . 

Chi_phí năng_lượng gồm : nhiên_liệu , điện_năng , nhiệt_năng . 

Trị_giá tài_nguyên , khoáng_sản và chi_phí năng_lượng được xác_định theo giá_trị ghi sổ kế_toán phù_hợp với Bảng tổng_hợp tính giá_thành sản_phẩm . 

Giá_thành sản_xuất sản_phẩm bao_gồm : Chi_phí nguyên vật_liệu trực_tiếp , chi_phí nhân_công trực_tiếp và chi_phí sản_xuất chung .  Các chi_phí gián_tiếp như chi_phí bán hàng , chi_phí quản_lý , chi_phí tài_chính và chi_phí khác không được tính vào giá_thành sản_xuất sản_phẩm . 

Việc xác_định_trị_giá tài_nguyên , khoáng_sản , chi_phí năng_lượng và giá_thành sản_xuất sản_phẩm căn_cứ vào quyết_toán năm trước ;  trường_hợp_doanh_nghiệp mới thành_lập chưa có báo_cáo quyết_toán năm trước thì căn_cứ vào phương_án đầu_tư . 

c ) Doanh_nghiệp sản_xuất sản_phẩm là tài_nguyên , khoáng_sản ( bao_gồm cả trực_tiếp khai_thác hoặc mua vào để chế_biến ) có tổng trị_giá tài_nguyên , khoáng_sản cộng với chi_phí năng_lượng chiếm từ 51 % giá_thành sản_xuất sản_phẩm trở lên được chế_biến từ tài_nguyên , khoáng_sản khi xuất_khẩu thì thuộc đối_tượng không chịu thuế GTGT . 

Trường_hợp_doanh_nghiệp không xuất_khẩu mà bán cho doanh_nghiệp khác để xuất_khẩu thì doanh_nghiệp mua hàng_hóa này để xuất_khẩu phải thực_hiện kê_khai thuế GTGT như sản_phẩm cùng loại do doanh_nghiệp sản_xuất trực_tiếp xuất_khẩu và phải chịu thuế xuất_khẩu theo quy_định .  ” 

2 . Sửa_đổi , bổ_sung khoản 3 Điều 9 như sau : 

“ 3 .  Các trường_hợp không áp_dụng mức thuế_suất 0 % gồm : 

- Tái_bảo_hiểm_ra nước_ngoài ;  chuyển_giao công_nghệ , chuyển_nhượng quyền sở_hữu_trí_tuệ ra nước_ngoài ;  chuyển_nhượng vốn , cấp tín_dụng , đầu_tư chứng_khoán ra nước_ngoài ;  dịch_vụ tài_chính phái_sinh ;  dịch_vụ bưu_chính , viễn_thông chiều đi ra nước_ngoài ( bao_gồm cả dịch_vụ bưu_chính viễn_thông cung_cấp cho tổ_chức , cá_nhân trong khu phi thuế_quan ;  cung_cấp thẻ cào điện_thoại_di_động đã có mã_số , mệnh_giá đưa ra nước_ngoài hoặc đưa vào khu phi thuế_quan ) ;  sản_phẩm xuất_khẩu là tài_nguyên , khoáng_sản hướng_dẫn tại khoản 23 Điều 4 Thông_tư này ;  thuốc_lá , rượu , bia nhập_khẩu sau đó xuất_khẩu ;  hàng_hóa , dịch_vụ cung_cấp cho cá_nhân không đăng_ký kinh_doanh trong khu phi thuế_quan , trừ các trường_hợp khác theo quy_định của Thủ_tướng Chính_phủ . 

Thuốc_lá , rượu , bia nhập_khẩu sau đó xuất_khẩu thì khi xuất_khẩu không phải tính thuế GTGT đầu_ra nhưng không được khấu_trừ thuế GTGT đầu_vào . 

- Xăng , dầu bán cho xe ô_tô của cơ_sở kinh_doanh trong khu phi thuế_quan mua tại nội_địa ; 

- Xe ô_tô bán cho tổ_chức , cá_nhân trong khu phi thuế_quan ; 

- Các dịch_vụ do cơ_sở kinh_doanh cung_cấp cho tổ_chức , cá_nhân ở trong khu phi thuế_quan bao_gồm : cho thuê nhà , hội_trường , văn_phòng , khách_sạn , kho_bãi ;  dịch_vụ vận_chuyển đưa_đón người lao_động ;  dịch_vụ ăn_uống ( trừ dịch_vụ cung_cấp suất ăn công_nghiệp , dịch_vụ ăn_uống trong khu phi thuế_quan ) ; 

- Các dịch_vụ sau cung_ứng tại Việt_Nam cho tổ_chức , cá_nhân ở nước_ngoài không được áp_dụng thuế_suất 0 % gồm : 

+ Thi_đấu thể_thao , biểu_diễn nghệ_thuật , văn_hóa , giải_trí , hội_nghị , khách_sạn , đào_tạo , quảng_cáo , du_lịch lữ_hành ; 

+ Dịch_vụ thanh_toán qua mạng ; 

+ Dịch_vụ cung_cấp gắn với việc bán , phân_phối , tiêu_thụ sản_phẩm , hàng_hóa tại Việt_Nam .  ” 

3 . Sửa_đổi , bổ_sung Điều 18 như sau : 

“ 1 .  Cơ_sở kinh_doanh nộp thuế GTGT theo phương_pháp khấu_trừ thuế nếu có số thuế GTGT đầu_vào chưa được khấu_trừ hết trong tháng ( đối_với trường_hợp kê_khai theo tháng ) hoặc trong quý ( đối_với trường_hợp kê_khai theo quý ) thì được khấu_trừ vào kỳ tiếp_theo . 

Trường_hợp cơ_sở kinh_doanh có số thuế GTGT chưa được khấu_trừ hết phát_sinh trước_kỳ tính thuế tháng 7/2016 ( đối_với trường_hợp kê_khai theo tháng ) hoặc trước_kỳ tính thuế_quý 3/2016 ( đối_với trường_hợp kê_khai theo quý ) đủ điều_kiện hoàn thuế GTGT theo hướng_dẫn tại khoản 1 Điều 18 <TT rel="DaC"> Thông_tư số 219/2013/TT-BTC </TT> thì cơ_quan thuế giải_quyết hoàn thuế theo quy_định của pháp_luật .
Ví_dụ : Doanh_nghiệp A thực_hiện khai thuế GTGT theo quý , tại kỳ tính thuế_quý 3/2016 có số thuế GTGT chưa được khấu_trừ hết là 80 triệu thì doanh_nghiệp A được khấu_trừ vào kỳ tính thuế_quý 4/2016 .  Trường_hợp các kỳ tính thuế_quý 4/2016 , quý 1/2017 và quý 2/2017 vẫn còn số thuế GTGT chưa được khấu_trừ hết thì doanh_nghiệp A_chuyển số thuế GTGT chưa được khấu_trừ hết để tiếp_tục khấu_trừ tại kỳ tính thuế_quý 3/2017 và các kỳ tính thuế tiếp_theo . 

2 . Cơ_sở kinh_doanh mới thành_lập từ dự_án đầu_tư đã đăng_ký kinh_doanh , đăng_ký nộp thuế giá_trị gia_tăng theo phương_pháp khấu_trừ , hoặc dự_án tìm_kiếm thăm_dò và phát_triển mỏ dầu_khí đang trong giai_đoạn đầu_tư , chưa đi vào hoạt_động , nếu thời_gian đầu_tư từ 01 năm trở lên thì được hoàn thuế giá_trị gia_tăng của hàng_hóa , dịch_vụ sử_dụng cho đầu_tư theo từng năm , trừ trường_hợp hướng_dẫn tại điểm c Khoản 3 Điều này .  Trường_hợp , nếu số thuế giá_trị gia_tăng lũy_kế của hàng_hóa , dịch_vụ mua vào sử_dụng cho đầu_tư từ 300 triệu đồng trở lên thì được hoàn thuế giá_trị gia_tăng . 

3 . Hoàn thuế GTGT đối_với dự_án đầu_tư 

a ) Cơ_sở kinh_doanh đang hoạt_động thuộc đối_tượng nộp thuế GTGT theo phương_pháp khấu_trừ có dự_án đầu_tư ( trừ trường_hợp hướng_dẫn tại điểm c Khoản 3 Điều này và trừ dự_án đầu_tư xây_dựng nhà để bán hoặc cho thuê mà không hình_thành tài_sản cố_định ) cùng tỉnh , thành_phố , đang trong giai_đoạn đầu_tư thì cơ_sở kinh_doanh thực_hiện kê_khai riêng đối_với dự_án đầu_tư và phải kết chuyển thuế GTGT đầu_vào của dự_án đầu_tư để bù_trừ với việc kê_khai thuế GTGT của hoạt_động_sản_xuất kinh_doanh đang thực_hiện .  Số thuế GTGT được kết chuyển của dự_án đầu_tư tối_đa bằng số thuế GTGT phải nộp của hoạt_động_sản_xuất kinh_doanh trong kỳ của cơ_sở kinh_doanh . 

Sau khi bù_trừ nếu số thuế GTGT đầu_vào của dự_án đầu_tư chưa được khấu_trừ hết từ 300 triệu đồng trở lên thì được hoàn thuế GTGT cho dự_án đầu_tư . 

Sau khi bù_trừ nếu số thuế GTGT đầu_vào của dự_án đầu_tư mà chưa được khấu_trừ hết nhỏ hơn 300 triệu đồng thì kết chuyển vào số thuế GTGT đầu_vào của dự_án đầu_tư của kỳ kê_khai tiếp_theo . 

Ví_dụ : Công_ty A có trụ_sở chính tại Hà_Nội , tháng 7/2016 , Công_ty có dự_án đầu_tư tại Hà_Nội , dự_án đang trong giai_đoạn đầu_tư , Công_ty A thực_hiện kê_khai riêng thuế GTGT đầu_vào của dự_án đầu_tư này .  Tháng 8/2016 , số thuế GTGT đầu_vào của dự_án đầu_tư là 500 triệu đồng ;  số thuế GTGT phải nộp của hoạt_động_sản_xuất kinh_doanh mà Công_ty đang thực_hiện là 900 triệu đồng .  Công_ty A phải bù_trừ 500 triệu đồng thuế GTGT đầu_vào của dự_án đầu_tư với số thuế phải nộp của hoạt_động_sản_xuất kinh_doanh đang thực_hiện ( 900 triệu đồng ) , vậy số thuế GTGT mà Công_ty A_còn phải nộp trong kỳ tính thuế tháng 8/2016 là 400 triệu đồng . 

Ví_dụ : Công_ty B có trụ_sở chính tại Hải_Phòng , tháng 7/2016 , Công_ty có dự_án đầu_tư tại Hải_Phòng , dự_án đang trong giai_đoạn đầu_tư , Công_ty B thực_hiện kê_khai riêng thuế GTGT đầu_vào của dự_án đầu_tư này .  Tháng 8/2016 , số thuế GTGT đầu_vào của dự_án đầu_tư là 500 triệu đồng ;  số thuế GTGT phải nộp của hoạt_động_sản_xuất kinh_doanh mà Công_ty đang thực_hiện là 200 triệu đồng .  Công_ty B phải bù_trừ 200 triệu đồng thuế GTGT đầu_vào của dự_án đầu_tư với số thuế phải nộp của hoạt_động_sản_xuất kinh_doanh đang thực_hiện ( 200 triệu đồng ) .  Vậy , kỳ tính thuế tháng 8/2016 Công_ty B có số thuế GTGT đầu_vào của dự_án đầu_tư chưa được khấu_trừ hết là 300 triệu đồng .  Công_ty B được xét hoàn thuế GTGT cho dự_án đầu_tư . 

Ví_dụ : Công_ty C có trụ_sở chính tại thành_phố Hồ_Chí_Minh , tháng 7/2016 , Công_ty có dự_án đầu_tư tại thành_phố Hồ_Chí_Minh , dự_án đang trong giai_đoạn đầu_tư , Công_ty C thực_hiện kê_khai riêng thuế GTGT đầu_vào của dự_án đầu_tư này .  Tháng 8/2016 , số thuế GTGT đầu_vào của dự_án đầu_tư là 500 triệu đồng ;  số thuế GTGT phải nộp của hoạt_động_sản_xuất kinh_doanh mà Công_ty đang thực_hiện là 300 triệu đồng .  Công_ty C phải bù_trừ 300 triệu đồng thuế GTGT đầu_vào của dự_án đầu_tư với số thuế phải nộp của hoạt_động_sản_xuất kinh_doanh đang thực_hiện ( 300 triệu đồng ) .  Vậy , kỳ tính thuế tháng 8/2016 Công_ty C có số thuế GTGT đầu_vào của dự_án đầu_tư chưa được khấu_trừ hết là 200 triệu đồng .  Công_ty C không thuộc trường_hợp được xét hoàn thuế GTGT cho dự_án đầu_tư , Công_ty C thực_hiện kết chuyển 200 triệu đồng vào số thuế GTGT đầu_vào của dự_án đầu_tư của kỳ kê_khai tháng 9/2016 . 

Ví_dụ : Công_ty D có trụ_sở chính tại thành_phố Đà_Nẵng , tháng 7/2016 , Công_ty có dự_án đầu_tư tại thành_phố Đà_Nẵng , dự_án đang trong giai_đoạn đầu_tư , Công_ty D thực_hiện kê_khai riêng thuế GTGT đầu_vào của dự_án đầu_tư này .  Tháng 8/2016 , số thuế GTGT đầu_vào của dự_án đầu_tư là 500 triệu đồng ;  số thuế GTGT chưa được khấu_trừ hết của hoạt_động_sản_xuất kinh_doanh mà Công_ty đang thực_hiện là 100 triệu đồng .  Vậy , tại kỳ tính thuế tháng 8/2016 , số thuế GTGT đầu_vào của dự_án đầu_tư ( 500 triệu đồng ) thuộc trường_hợp được xét hoàn thuế GTGT cho dự_án đầu_tư , số thuế GTGT chưa được khấu_trừ hết của hoạt_động_sản_xuất kinh_doanh đang thực_hiện ( 100 triệu đồng ) thì được khấu_trừ vào kỳ tính thuế tháng 9/2016 . 

b ) Trường_hợp cơ_sở kinh_doanh đang hoạt_động thuộc đối_tượng nộp thuế GTGT theo phương_pháp khấu_trừ có dự_án đầu_tư mới ( trừ trường_hợp hướng_dẫn tại điểm c Khoản 3 Điều này và trừ dự_án đầu_tư xây_dựng nhà để bán hoặc cho thuê mà không hình_thành tài_sản cố_định ) tại địa_bàn tỉnh , thành_phố trực_thuộc Trung_ương khác với tỉnh , thành_phố nơi đóng trụ_sở chính , đang trong giai_đoạn đầu_tư chưa đi vào hoạt_động , chưa đăng_ký kinh_doanh , chưa đăng_ký thuế thì cơ_sở kinh_doanh lập hồ_sơ khai thuế riêng cho dự_án đầu_tư đồng_thời phải kết chuyển thuế GTGT đầu_vào của dự_án đầu_tư để bù_trừ với việc kê_khai thuế GTGT của hoạt_động_sản_xuất kinh_doanh đang thực_hiện .  Số thuế GTGT được kết chuyển của dự_án đầu_tư tối_đa bằng số thuế GTGT phải nộp của hoạt_động_sản_xuất kinh_doanh trong kỳ của cơ_sở kinh_doanh . 

Sau khi bù_trừ nếu số thuế GTGT đầu_vào của dự_án đầu_tư mới chưa được khấu_trừ hết từ 300 triệu đồng trở lên thì được hoàn thuế GTGT cho dự_án đầu_tư . 

Sau khi bù_trừ nếu số thuế GTGT đầu_vào của dự_án đầu_tư mới chưa được khấu_trừ hết nhỏ hơn 300 triệu đồng thì kết chuyển vào số thuế GTGT đầu_vào của dự_án đầu_tư của kỳ kê_khai tiếp_theo . 

Trường_hợp cơ_sở kinh_doanh có quyết_định thành_lập các Ban Quản_lý dự_án hoặc chi_nhánh đóng tại các tỉnh , thành_phố trực_thuộc trung_ương khác với tỉnh , thành_phố nơi đóng trụ_sở chính để thay_mặt người nộp thuế trực_tiếp_quản_lý một hoặc nhiều dự_án đầu_tư tại nhiều địa_phương ;  Ban Quản_lý dự_án , chi_nhánh có con_dấu theo quy_định của pháp_luật , lưu_giữ sổ_sách chứng_từ theo quy_định của pháp_luật về kế_toán , có tài_khoản gửi tại ngân_hàng , đã đăng_ký thuế và được cấp mã_số thuế thì Ban Quản_lý dự_án , chi_nhánh phải lập hồ_sơ khai thuế , hoàn thuế riêng với cơ_quan thuế địa_phương nơi đăng_ký thuế .  Khi dự_án đầu_tư để thành_lập doanh_nghiệp đã hoàn_thành và hoàn_tất các thủ_tục về đăng_ký kinh_doanh , đăng_ký nộp thuế , cơ_sở kinh_doanh là chủ dự_án đầu_tư phải tổng_hợp_số thuế giá_trị gia_tăng phát_sinh , số thuế giá_trị gia_tăng đã hoàn , số thuế giá_trị gia_tăng chưa được hoàn của dự_án để bàn_giao cho doanh_nghiệp mới thành_lập để doanh_nghiệp mới thực_hiện kê_khai , nộp thuế . 

Dự_án đầu_tư được hoàn thuế GTGT theo quy_định tại khoản 2 , khoản 3 Điều này là dự_án đầu_tư theo quy_định của pháp_luật về đầu_tư . 

Ví_dụ : Công_ty A có trụ_sở chính tại Hà_Nội , tháng 7/2016 , Công_ty có dự_án đầu_tư mới tại Hưng_Yên , dự_án đang trong giai_đoạn đầu_tư , chưa đi vào hoạt_động , chưa đăng_ký kinh_doanh , chưa đăng_ký thuế , Công_ty A thực_hiện kê_khai riêng thuế GTGT đầu_vào của dự_án đầu_tư này tại Hà_Nội trên Tờ khai thuế GTGT dành cho dự_án đầu_tư .  Tháng 8/2016 , số thuế GTGT đầu_vào của dự_án đầu_tư là 500 triệu đồng ;  số thuế GTGT phải nộp của hoạt_động_sản_xuất kinh_doanh mà Công_ty đang thực_hiện là 900 triệu đồng .  Công_ty A phải bù_trừ 500 triệu đồng thuế GTGT đầu_vào của dự_án đầu_tư với số thuế phải nộp của hoạt_động_sản_xuất kinh_doanh đang thực_hiện ( 900 triệu đồng ) , vậy Công_ty A_còn phải nộp trong kỳ tính thuế tháng 8/2016 là 400 triệu đồng . 

Ví_dụ : Công_ty B có trụ_sở chính tại Hải_Phòng , tháng 7/2016 , Công_ty có dự_án đầu_tư mới tại Thái_Bình , dự_án đang trong giai_đoạn đầu_tư , chưa đi vào hoạt_động , chưa đăng_ký kinh_doanh , chưa đăng_ký thuế , Công_ty B thực_hiện kê_khai riêng thuế GTGT đầu_vào của dự_án đầu_tư này tại Hải_Phòng trên Tờ khai thuế GTGT dành cho dự_án đầu_tư .  Tháng 8/2016 , số thuế GTGT đầu_vào của dự_án đầu_tư là 500 triệu đồng ;  số thuế GTGT phải nộp của hoạt_động_sản_xuất kinh_doanh mà Công_ty đang thực_hiện là 200 triệu đồng .  Công_ty B phải bù_trừ 200 triệu đồng thuế GTGT đầu_vào của dự_án đầu_tư với số thuế phải nộp của hoạt_động_sản_xuất kinh_doanh đang thực_hiện ( 200 triệu đồng ) .  Vậy , kỳ tính thuế tháng 8/2016 Công_ty B có số thuế GTGT đầu_vào của dự_án đầu_tư mới chưa được khấu_trừ hết là 300 triệu đồng .  Công_ty B được xét hoàn thuế GTGT cho dự_án đầu_tư . 

Ví_dụ : Công_ty C có trụ_sở chính tại thành_phố Hồ_Chí_Minh , tháng 7/2016 , Công_ty có dự_án đầu_tư mới tại Đồng_Nai , dự_án đang trong giai_đoạn đầu_tư , chưa đi vào hoạt_động , chưa đăng_ký kinh_doanh , chưa đăng_ký thuế , Công_ty C thực_hiện kê_khai riêng thuế GTGT đầu_vào của dự_án đầu_tư này tại TP .  Hồ_Chí_Minh trên Tờ khai thuế GTGT dành cho dự_án đầu_tư .  Tháng 8/2016 , số thuế GTGT đầu_vào của dự_án đầu_tư là 500 triệu đồng ;  số thuế GTGT phải nộp của hoạt_động_sản_xuất kinh_doanh mà Công_ty đang thực_hiện là 300 triệu đồng .  Công_ty C phải bù_trừ 300 triệu đồng thuế GTGT đầu_vào của dự_án đầu_tư với số thuế phải nộp của hoạt_động_sản_xuất kinh_doanh đang thực_hiện ( 300 triệu đồng ) .  Vậy , kỳ tính thuế tháng 8/2016 Công_ty C có số thuế GTGT đầu_vào của dự_án đầu_tư mới chưa được khấu_trừ hết là 200 triệu đồng .  Công_ty C không thuộc trường_hợp được xét hoàn thuế GTGT cho dự_án đầu_tư , Công_ty C thực_hiện kết chuyển 200 triệu đồng vào số thuế GTGT đầu_vào của dự_án đầu_tư của kỳ kê_khai tháng 9/2016 . 

Ví_dụ : Công_ty D có trụ_sở chính tại thành_phố Đà_Nẵng , tháng 7/2016 , Công_ty có dự_án đầu_tư mới tại Quảng_Nam , dự_án đang trong giai_đoạn đầu_tư , chưa đi vào hoạt_động , chưa đăng_ký kinh_doanh , chưa đăng_ký thuế , Công_ty D thực_hiện kê_khai riêng thuế GTGT đầu_vào của dự_án đầu_tư này tại thành_phố Đà_Nẵng trên Tờ khai thuế GTGT dành cho dự_án đầu_tư .  Tháng 8/2016 , số thuế GTGT đầu_vào của dự_án đầu_tư là 500 triệu đồng ;  số thuế GTGT chưa được khấu_trừ hết của hoạt_động_sản_xuất kinh_doanh mà Công_ty đang thực_hiện là 100 triệu đồng .  Vậy , tại kỳ tính thuế tháng 8/2016 , số thuế GTGT đầu_vào của dự_án đầu_tư ( 500 triệu đồng ) thuộc trường_hợp được xét hoàn thuế GTGT cho dự_án đầu_tư , số thuế GTGT chưa được khấu_trừ hết của hoạt_động_sản_xuất kinh_doanh đang thực_hiện ( 100 triệu đồng ) thì được khấu_trừ vào kỳ tính thuế tháng 9/2016 . 

c ) Cơ_sở kinh_doanh không được hoàn thuế giá_trị gia_tăng mà được kết chuyển số thuế chưa được khấu_trừ của dự_án đầu_tư theo pháp_luật về đầu_tư sang kỳ tiếp_theo đối_với các trường_hợp : 

c . 1 ) Dự_án đầu_tư của cơ_sở kinh_doanh không góp đủ số vốn điều_lệ như đã đăng_ký theo quy_định của pháp_luật .  Các hồ_sơ đề_nghị hoàn thuế dự_án đầu_tư nộp từ ngày 01/7/2016 của cơ_sở kinh_doanh nhưng tính đến ngày nộp hồ_sơ không góp đủ số vốn điều_lệ như đăng_ký theo quy_định của pháp_luật thì không được hoàn thuế . 

c . 2 ) Dự_án đầu_tư của cơ_sở kinh_doanh ngành , nghề đầu_tư kinh_doanh có điều_kiện khi chưa đủ các điều_kiện kinh_doanh theo quy_định của <L rel="DaC"> Luật đầu_tư </L> là dự_án đầu_tư của cơ_sở kinh_doanh ngành , nghề đầu_tư kinh_doanh có điều_kiện nhưng cơ_sở kinh_doanh chưa được cấp giấy_phép kinh_doanh ngành , nghề đầu_tư kinh_doanh có điều_kiện ; chưa được cấp giấy chứng_nhận đủ điều_kiện kinh_doanh ngành , nghề đầu_tư kinh_doanh có điều_kiện ; chưa có văn_bản của cơ_quan nhà_nước có thẩm_quyền cho phép đầu_tư kinh_doanh ngành , nghề đầu_tư kinh_doanh có điều_kiện ; hoặc chưa đáp_ứng được điều_kiện để thực_hiện đầu_tư kinh_doanh có điều_kiện mà không cần phải có xác_nhận , chấp_thuận dưới hình_thức văn_bản theo quy_định của pháp_luật về đầu_tư .
c . 3 ) Dự_án đầu_tư của cơ_sở kinh_doanh ngành , nghề đầu_tư kinh_doanh có điều_kiện không bảo_đảm duy_trì đủ điều_kiện kinh_doanh trong quá_trình hoạt_động là dự_án đầu_tư của cơ_sở kinh_doanh ngành , nghề đầu_tư kinh_doanh có điều_kiện nhưng trong quá_trình hoạt_động cơ_sở kinh_doanh bị thu_hồi giấy_phép kinh_doanh ngành , nghề đầu_tư kinh_doanh có điều_kiện ;  bị thu_hồi giấy chứng_nhận đủ điều_kiện kinh_doanh ngành , nghề đầu_tư kinh_doanh có điều_kiện ;  bị thu_hồi_văn_bản của cơ_quan nhà_nước có thẩm_quyền về đầu_tư kinh_doanh ngành , nghề đầu_tư kinh_doanh có điều_kiện ;  hoặc trong quá_trình hoạt_động cơ_sở kinh_doanh không đáp_ứng được điều_kiện để thực_hiện đầu_tư kinh_doanh có điều_kiện theo quy_định của pháp_luật về đầu_tư thì thời_điểm không hoàn thuế giá_trị gia_tăng được tính từ thời_điểm cơ_sở kinh_doanh bị thu_hồi một trong các loại giấy_tờ nêu trên hoặc từ thời_điểm cơ_quan nhà_nước có thẩm_quyền kiểm_tra , phát_hiện cơ_sở kinh_doanh không đáp_ứng được các điều_kiện về đầu_tư kinh_doanh có điều_kiện . 

c . 4 ) Dự_án đầu_tư khai_thác tài_nguyên , khoáng_sản được cấp phép từ ngày 01/7/2016 hoặc dự_án đầu_tư_sản_xuất sản_phẩm hàng_hóa mà tổng trị_giá tài_nguyên , khoáng_sản cộng với chi_phí năng_lượng chiếm từ 51 % giá_thành sản_phẩm trở lên theo dự_án đầu_tư . 

Việc xác_định tài_nguyên , khoáng_sản ;  trị_giá tài_nguyên , khoáng_sản và thời_điểm xác_định_trị_giá tài_nguyên , khoáng_sản và chi_phí năng_lượng thực_hiện theo hướng_dẫn tại khoản 23 Điều 4 Thông_tư này . 

4 . Hoàn thuế đối_với hàng_hóa , dịch_vụ xuất_khẩu 

a ) Cơ_sở kinh_doanh trong tháng ( đối_với trường_hợp kê_khai theo tháng ) , quý ( đối_với trường_hợp kê_khai theo quý ) có hàng_hóa , dịch_vụ xuất_khẩu có số thuế giá_trị gia_tăng đầu_vào chưa được khấu_trừ từ 300 triệu đồng trở lên thì được hoàn thuế giá_trị gia_tăng theo tháng , quý ;  trường_hợp trong tháng , quý số thuế giá_trị gia_tăng đầu_vào chưa được khấu_trừ chưa đủ 300 triệu đồng thì được khấu_trừ vào tháng , quý tiếp_theo . 

Cơ_sở kinh_doanh trong tháng/quý vừa có hàng_hóa , dịch_vụ xuất_khẩu , vừa có hàng_hóa , dịch_vụ bán trong nước thì cơ_sở kinh_doanh phải hạch_toán riêng số thuế GTGT đầu_vào sử_dụng cho sản_xuất kinh_doanh hàng_hóa , dịch_vụ xuất_khẩu .  Trường_hợp không hạch_toán riêng được thì số thuế giá_trị gia_tăng đầu_vào của hàng_hóa , dịch_vụ xuất_khẩu được xác_định theo tỷ_lệ giữa doanh_thu của hàng_hóa , dịch_vụ xuất_khẩu trên tổng doanh_thu hàng_hóa , dịch_vụ của các kỳ khai thuế giá_trị gia_tăng tính từ kỳ khai thuế tiếp theo kỳ hoàn thuế liền trước đến kỳ đề_nghị hoàn thuế hiện_tại . 

Số thuế GTGT đầu_vào của hàng_hóa , dịch_vụ xuất_khẩu ( bao_gồm số thuế GTGT đầu_vào hạch_toán riêng được và số thuế GTGT đầu_vào được phân_bổ theo tỷ_lệ nêu trên ) nếu sau khi bù_trừ với số thuế GTGT phải nộp của hàng_hóa , dịch_vụ tiêu_thụ trong nước còn lại từ 300 triệu đồng trở lên thì cơ_sở kinh_doanh được hoàn thuế cho hàng_hóa , dịch_vụ xuất_khẩu .  Số thuế GTGT được hoàn của hàng_hóa , dịch_vụ xuất_khẩu không vượt quá doanh_thu của hàng_hóa , dịch_vụ xuất_khẩu nhân ( x ) với 10 % . 

Đối_tượng được hoàn thuế trong một_số trường_hợp xuất_khẩu như sau : Đối_với trường_hợp ủy_thác xuất_khẩu , là cơ_sở có hàng hóa_ủy_thác xuất_khẩu ;  đối_với gia_công chuyển_tiếp , là cơ_sở ký hợp_đồng gia_công xuất_khẩu với phía nước_ngoài ;  đối_với hàng_hóa xuất_khẩu để thực_hiện công_trình xây_dựng ở nước_ngoài , là doanh_nghiệp có hàng_hóa , vật_tư xuất_khẩu thực_hiện công_trình xây_dựng ở nước_ngoài ;  đối_với hàng_hóa xuất_khẩu tại_chỗ là cơ_sở kinh_doanh có hàng_hóa xuất_khẩu tại_chỗ . 

b ) Cơ_sở kinh_doanh không được hoàn thuế đối_với trường_hợp hàng_hóa_nhập_khẩu sau đó xuất_khẩu , hàng_hóa xuất_khẩu không thực_hiện việc xuất_khẩu tại địa_bàn hoạt_động hải_quan theo quy_định của <L rel="DaC"> Luật Hải_quan </L> , <NĐ rel="DaC"> Nghị_định số 01/2015/NĐ-CP ngày 02/01/2015 </NĐ> của Chính_phủ quy_định chi_tiết thi_hành phạm_vi địa_bàn hoạt_động hải_quan , trách_nhiệm phối_hợp trong phòng , chống buôn_lậu , vận_chuyển trái_phép hàng_hóa qua biên_giới và các văn_bản hướng_dẫn .
Ví_dụ : Công_ty thương_mại A_nhập_khẩu 500 chiếc điều hòa từ Nhật_Bản và đã nộp thuế GTGT ở khâu nhập_khẩu .  Sau đó Công_ty thương_mại A_xuất_khẩu 500 chiếc điều hòa này sang Cam pu chia thì Công_ty thương_mại A không phải tính thuế GTGT đầu_ra , số thuế GTGT của 500 chiếc điều hòa này đã nộp ở khâu nhập_khẩu và thuế GTGT đầu_vào của dịch_vụ vận_chuyển , lưu kho không được hoàn thuế mà thực_hiện khấu_trừ . 

Ví_dụ : Công_ty TNHH sản_xuất và thương_mại B xuất_khẩu tinh_bột sắn sang Trung_Quốc qua đường_mòn , lối mở không thuộc địa_bàn hoạt_động hải_quan thì Công_ty TNHH sản_xuất và thương_mại B không được hoàn thuế GTGT đối_với tinh_bột sắn xuất_khẩu . 

c ) Cơ_quan thuế thực_hiện hoàn thuế trước , kiểm_tra sau đối_với người nộp thuế_sản_xuất hàng_hóa xuất_khẩu không bị xử_lý đối_với hành_vi buôn_lậu , vận_chuyển trái_phép hàng_hóa qua biên_giới , trốn_thuế , gian_lận thuế , gian_lận thương_mại trong thời_gian hai năm liên_tục ; người nộp thuế không thuộc đối_tượng rủi_ro cao theo quy_định của <L rel="DaC"> Luật quản_lý thuế </L> và các văn_bản hướng_dẫn thi_hành .
Ví_dụ : Tháng 9/2016 , Công_ty C đề_nghị hoàn thuế GTGT đối_với hàng xuất_khẩu sang hongkong .  Tháng 6/2015 , Công_ty C đã bị xử_lý vi_phạm pháp_luật về thuế đối_với hành_vi trốn_thuế .  Cơ_quan thuế thực_hiện kiểm_tra trước khi hoàn thuế đối_với đề_nghị hoàn thuế của Công_ty C . 

5 . Cơ_sở kinh_doanh nộp thuế giá_trị gia_tăng theo phương_pháp khấu_trừ thuế được hoàn thuế giá_trị gia_tăng khi chuyển_đổi sở_hữu , chuyển_đổi doanh_nghiệp , sáp_nhập , hợp_nhất , chia , tách , giải_thể , phá_sản , chấm_dứt hoạt_động có số thuế giá_trị gia_tăng nộp thừa hoặc số thuế giá_trị gia_tăng đầu_vào chưa được khấu_trừ hết . 

Cơ_sở kinh_doanh trong giai_đoạn đầu_tư chưa đi vào hoạt_động_sản_xuất kinh_doanh nhưng phải giải_thể , phá_sản hoặc chấm_dứt hoạt_động chưa phát_sinh thuế giá_trị gia_tăng đầu_ra của hoạt_động kinh_doanh chính theo dự_án đầu_tư thì chưa phải điều_chỉnh lại số thuế giá_trị gia_tăng đã kê_khai , khấu_trừ hoặc đã được hoàn .  Cơ_sở kinh_doanh phải thông_báo với cơ_quan thuế quản_lý trực_tiếp về việc giải_thể , phá_sản , chấm_dứt hoạt_động theo quy_định . 

Trường_hợp cơ_sở kinh_doanh sau khi làm đầy_đủ thủ_tục theo quy_định của pháp_luật về giải_thể , phá_sản thì đối_với số thuế GTGT đã được hoàn thực_hiện theo quy_định của pháp_luật về giải_thể , phá_sản và quản_lý thuế ;  đối_với số thuế GTGT chưa được hoàn thì không được giải_quyết hoàn thuế . 

Trường_hợp cơ_sở kinh_doanh chấm_dứt hoạt_động và không phát_sinh thuế GTGT đầu_ra của hoạt_động kinh_doanh chính thì phải nộp lại số thuế đã được hoàn vào ngân_sách nhà_nước .  Trường_hợp có phát_sinh bán tài_sản chịu thuế GTGT thì không phải điều_chỉnh lại số thuế GTGT đầu_vào tương_ứng của tài_sản bán ra . 

Ví_dụ : Năm 2015 , doanh_nghiệp A trong giai_đoạn đầu_tư chưa đi vào hoạt_động_sản_xuất kinh_doanh , doanh_nghiệp A có phát_sinh số thuế GTGT đầu_vào của giai_đoạn đầu_tư đã được cơ_quan thuế_hoàn trong tháng 8/2015 là 700 triệu đồng .  Do khó_khăn , tháng 2/2016 doanh_nghiệp A quyết_định giải_thể và có văn_bản gửi cơ_quan thuế về việc sẽ giải_thể thì trong giai_đoạn doanh_nghiệp A chưa hoàn_thành thủ_tục pháp_lý để giải_thể , cơ_quan thuế chưa thu_hồi lại thuế GTGT đã hoàn .  Hai_mươi ngày_trước khi doanh_nghiệp A có đủ thủ_tục pháp_lý để giải_thể chính_thức vào tháng 10/2016 , doanh_nghiệp thực_hiện bán một ( 01 ) tài_sản đã đầu_tư thì doanh_nghiệp A không phải điều_chỉnh lại số thuế GTGT đầu_vào tương_ứng của tài_sản bán ra ( số thuế đã được cơ_quan thuế_hoàn ) .  Đối_với những tài_sản không bán ra , doanh_nghiệp A phải kê_khai điều_chỉnh để nộp lại số thuế GTGT đã được hoàn . 

6 . Hoàn thuế GTGT đối_với các chương_trình , dự_án sử_dụng nguồn vốn hỗ_trợ phát_triển chính_thức ( ODA ) không hoàn lại hoặc viện_trợ không hoàn lại , viện_trợ nhân_đạo . 

a ) Đối_với dự_án sử_dụng vốn ODA không hoàn lại : chủ chương_trình , dự_án hoặc nhà_thầu chính , tổ_chức do phía nhà tài_trợ nước_ngoài chỉ_định việc quản_lý chương_trình , dự_án được hoàn lại số thuế GTGT đã trả đối_với hàng_hóa , dịch_vụ mua ở Việt_Nam để sử_dụng cho chương_trình , dự_án . 

b ) Tổ_chức ở Việt_Nam sử_dụng tiền viện_trợ nhân_đạo của tổ_chức , cá_nhân nước_ngoài để mua hàng_hóa , dịch_vụ phục_vụ cho chương_trình , dự_án viện_trợ không hoàn lại , viện_trợ nhân_đạo tại Việt_Nam thì được hoàn thuế GTGT đã trả của hàng_hóa , dịch_vụ đó . 

Ví_dụ : Hội chữ_thập_đỏ được Tổ_chức quốc_tế viện_trợ tiền để mua hàng viện_trợ nhân_đạo cho nhân_dân các tỉnh bị thiên_tai là 200 triệu đồng .  Giá_trị hàng mua chưa có thuế là 200 triệu đồng , thuế GTGT là 20 triệu đồng .  Hội chữ_thập_đỏ sẽ được hoàn thuế theo quy_định là 20 triệu đồng . 

Việc hoàn thuế GTGT đã trả đối_với các chương_trình , dự_án sử_dụng nguồn vốn hỗ_trợ phát_triển chính_thức ( ODA ) không hoàn lại thực_hiện theo hướng_dẫn của Bộ Tài_chính . 

7 . Đối_tượng được hưởng quyền ưu_đãi miễn_trừ ngoại_giao theo quy_định của pháp_luật về ưu_đãi miễn_trừ ngoại_giao mua hàng_hóa , dịch_vụ tại Việt_Nam để sử_dụng được hoàn số thuế giá_trị gia_tăng đã trả ghi trên hóa đơn_giá_trị gia_tăng hoặc trên chứng_từ thanh_toán ghi giá thanh_toán đã có thuế giá_trị gia_tăng . 

8 . Người nước_ngoài , người Việt_Nam định_cư ở nước_ngoài mang hộ_chiếu hoặc giấy_tờ nhập_cảnh do cơ_quan có thẩm_quyền nước_ngoài cấp được hoàn thuế đối_với hàng_hóa mua tại Việt_Nam mang theo người khi xuất_cảnh .  Việc hoàn thuế GTGT thực_hiện theo hướng_dẫn của Bộ Tài_chính về hoàn thuế GTGT đối_với hàng_hóa của người nước_ngoài , người Việt_Nam định_cư ở nước_ngoài mua tại Việt_Nam mang theo khi xuất_cảnh . 

9 . Cơ_sở kinh_doanh có quyết_định xử_lý hoàn thuế của cơ_quan có thẩm_quyền theo quy_định của pháp_luật và trường_hợp hoàn thuế giá_trị gia_tăng theo điều_ước quốc_tế mà Cộng_hòa xã_hội chủ_nghĩa Việt_Nam là thành_viên .  ” 

Điều 2 . Sửa_đổi , bổ_sung <TT rel="DSD"> Thông_tư số 195/2015/TT-BTC ngày 24/11/2015 </TT> của Bộ Tài_chính hướng_dẫn thi_hành <NĐ rel="none"> Nghị_định số 108/2015/NĐ-CP ngày 28/10/2015 </NĐ> của Chính_phủ như sau :
1 . Sửa_đổi , bổ_sung khoản 1 , khoản 2 Điều 5 như sau : 

“ Giá tính thuế TTĐB của hàng_hóa , dịch_vụ là giá bán hàng_hóa , giá cung_ứng dịch_vụ của cơ_sở sản_xuất , kinh_doanh chưa có thuế TTĐB , thuế bảo_vệ môi_trường ( nếu có ) và thuế giá_trị gia_tăng , được xác_định cụ_thể như sau : 

1 . Đối_với hàng hóa sản_xuất trong nước , hàng_hóa_nhập_khẩu là giá do cơ_sở sản_xuất , cơ_sở nhập_khẩu bán ra . Trường_hợp giá bán của cơ_sở sản_xuất , cơ_sở nhập_khẩu bán ra không theo giá giao_dịch thông_thường trên thị_trường thì cơ_quan thuế thực_hiện ấn_định thuế theo quy_định của <L rel="DaC"> Luật quản_lý thuế </L> . Giá tính thuế tiêu_thụ đặc_biệt được xác_định như sau :
Giá tính thuế TTĐB 

Giá bán chưa có thuế GTGT 

- 

Thuế Bảo_vệ môi_trường 

( nếu có ) 

1 + Thuế_suất thuế TTĐB 

giá bán chưa có thuế giá_trị gia_tăng được xác_định theo quy_định của pháp_luật về thuế giá_trị gia_tăng , thuế bảo_vệ môi_trường xác_định theo quy_định của pháp_luật về thuế bảo_vệ môi_trường . 

a ) Trường_hợp cơ_sở sản_xuất , cơ_sở nhập_khẩu hàng_hóa chịu thuế tiêu_thụ đặc_biệt bán hàng qua các cơ_sở trực_thuộc hạch_toán phụ_thuộc thì giá làm căn_cứ tính thuế tiêu_thụ đặc_biệt là giá do cơ_sở hạch_toán phụ_thuộc bán ra .  Cơ_sở sản_xuất , cơ_sở nhập_khẩu bán hàng thông_qua đại_lý bán đúng giá do cơ_sở sản_xuất , cơ_sở nhập_khẩu quy_định và chỉ hưởng hoa_hồng thì giá bán làm căn_cứ xác_định_giá tính thuế tiêu_thụ đặc_biệt là giá do cơ_sở sản_xuất , cơ_sở nhập_khẩu quy_định chưa trừ hoa_hồng . 

b ) Trường_hợp hàng_hóa chịu thuế tiêu_thụ đặc_biệt được bán cho các cơ_sở kinh_doanh thương_mại là cơ_sở có quan_hệ công_ty_mẹ , công_ty_con hoặc các công_ty_con trong cùng công_ty_mẹ với cơ_sở sản_xuất , cơ_sở nhập_khẩu hoặc cơ_sở kinh_doanh thương_mại là cơ_sở có mối quan_hệ liên_kết thì giá bán làm căn_cứ xác_định_giá tính thuế tiêu_thụ đặc_biệt không được thấp hơn tỷ_lệ 7 % so với giá bình_quân trong tháng của các cơ_sở kinh_doanh thương_mại mua trực_tiếp của cơ_sở sản_xuất , cơ_sở nhập_khẩu bán ra . 

Trường_hợp cơ_sở sản_xuất , cơ_sở nhập_khẩu thành_lập nhiều cơ_sở thương_mại trung_gian có quan_hệ công_ty_mẹ , công_ty_con hoặc các công_ty_con trong cùng công_ty_mẹ hoặc có mối quan_hệ liên_kết thì giá bán làm căn_cứ xác_định_giá tính thuế tiêu_thụ đặc_biệt không được thấp hơn tỷ_lệ 7 % so với giá bình_quân trong tháng của các cơ_sở thương_mại này bán cho cơ_sở kinh_doanh thương_mại không có quan_hệ công_ty_mẹ , công_ty_con , hoặc các công_ty_con trong cùng công_ty_mẹ , hoặc có mối quan_hệ liên_kết với cơ_sở sản_xuất , cơ_sở nhập_khẩu .  Riêng mặt_hàng xe ôtô giá bán bình_quân của cơ_sở kinh_doanh thương_mại để so_sánh là giá bán xe chưa bao_gồm các lựa_chọn về trang_thiết_bị , phụ_tùng mà cơ_sở kinh_doanh thương_mại lắp_đặt thêm theo yêu_cầu của khách_hàng . 

Cơ_sở sản_xuất , cơ_sở nhập_khẩu và cơ_sở kinh_doanh thương_mại có mối quan_hệ liên_kết theo quy_định tại điểm này khi : Một doanh_nghiệp nắm giữ trực_tiếp hoặc gián_tiếp ít_nhất 20 % vốn đầu_tư của chủ sở_hữu của doanh_nghiệp kia . 

Trường_hợp giá bán làm căn_cứ xác_định_giá tính thuế tiêu_thụ đặc_biệt của cơ_sở sản_xuất , cơ_sở nhập_khẩu hàng_hóa chịu thuế tiêu_thụ đặc_biệt thấp hơn tỷ_lệ 7 % so với giá bình_quân của cơ_sở kinh_doanh thương_mại bán ra thì giá tính thuế tiêu_thụ đặc_biệt là giá do cơ_quan thuế ấn_định theo quy_định của pháp_luật về quản_lý thuế . 

Ví_dụ : Tổng_công_ty bia B là đơn_vị sở_hữu thương_hiệu bia B , bán nguyên vật_liệu chính cho các đơn_vị sản_xuất sản_phẩm bia B là các đơn_vị thành_viên của Tổng_Công_ty bia B . 

Các đơn_vị sản_xuất bán sản_phẩm bia B cho Công_ty TNHH MTV thương_mại bia B là công_ty_con của Tổng_công_ty bia B . 

Công_ty TNHH MTV thương_mại bia B bán sản_phẩm bia B cho các Công_ty cổ_phần thương_mại khu_vực là công_ty_con của Công_ty TNHH MTV thương_mại bia B . 

Các công_ty cổ_phần thương_mại khu_vực ký hợp_đồng bán sản_phẩm bia B cho các đại_lý cấp 1 ( không có quan_hệ công_ty_mẹ , công_ty_con với Tổng_công_ty bia B , Công_ty TNHH MTV thương_mại bia B , các công_ty cổ_phần thương_mại khu_vực ) ;  các đại_lý cấp 1 bán sản_phẩm bia B cho các đại_lý cấp 2 , nhà_hàng , người tiêu_dùng .  . . 

Cơ_sở sản_xuất thực_hiện tính , kê_khai và nộp thuế TTĐB theo giá bán ra của các cơ_sở sản_xuất nhưng không được thấp hơn 7 % so với giá bán bình_quân trong tháng của cùng loại sản_phẩm do các công_ty cổ_phần thương_mại khu_vực bán ra . 

2 . Đối_với hàng nhập_khẩu tại khâu nhập_khẩu , giá tính thuế tiêu_thụ đặc_biệt được xác_định như sau : 

Giá tính thuế tiêu_thụ đặc_biệt = Giá tính thuế_nhập_khẩu + Thuế_nhập_khẩu . 

Giá tính thuế_nhập_khẩu được xác_định theo các quy_định của pháp_luật thuế xuất_khẩu , thuế_nhập_khẩu .  Trường_hợp hàng_hóa_nhập_khẩu được miễn , giảm thuế_nhập_khẩu thì giá tính thuế không bao_gồm số thuế_nhập_khẩu được miễn , giảm .  ” 

2 . Sửa_đổi , bổ_sung khoản 4 , khoản 5 Điều 5 như sau : 

“ 4 .  Đối_với hàng_hóa gia_công là giá tính thuế của hàng_hóa bán ra của cơ_sở giao gia_công hoặc giá bán của sản_phẩm cùng loại hoặc tương_đương tại cùng thời_điểm bán hàng chưa có thuế GTGT , thuế bảo_vệ môi_trường ( nếu có ) và chưa có thuế TTĐB . 

Trường_hợp cơ_sở giao gia_công bán hàng cho cơ_sở kinh_doanh thương_mại thì giá tính thuế TTĐB được xác_định theo hướng_dẫn tại điểm b khoản 1 Điều này . 

5 . Đối_với hàng hóa sản_xuất dưới hình_thức hợp_tác kinh_doanh giữa cơ_sở sản_xuất và cơ_sở sử_dụng hoặc sở_hữu thương_hiệu ( nhãn_hiệu ) hàng_hóa , công_nghệ sản_xuất thì giá làm căn_cứ tính thuế TTĐB là giá bán ra chưa có thuế GTGT và thuế bảo_vệ môi_trường ( nếu có ) của cơ_sở sử_dụng hoặc sở_hữu thương_hiệu hàng_hóa , công_nghệ sản_xuất .  Trường_hợp cơ_sở sản_xuất theo giấy_phép nhượng quyền và chuyển_giao hàng_hóa cho chi_nhánh hoặc đại_diện của công_ty nước_ngoài tại Việt_Nam để tiêu_thụ sản_phẩm thì giá tính thuế TTĐB là giá bán ra của chi_nhánh , đại_diện công_ty nước_ngoài tại Việt_Nam . 

Trường_hợp các cơ_sở này bán hàng cho cơ_sở kinh_doanh thương_mại thì giá tính thuế được xác_định theo hướng_dẫn tại điểm b khoản 1 Điều này .  ” 

3 . Sửa_đổi , bổ_sung khoản 1 Điều 6 như sau : 

“ 1 . Thực_hiện theo quy_định tại khoản 4 Điều 1 <L rel="DaC"> Luật số 70/2014/QH13 ngày 26 tháng 11 năm 2014 </L> sửa_đổi , bổ_sung một_số điều của <L rel="none"> Luật thuế tiêu_thụ đặc_biệt </L> , khoản 2 Điều 2 <L rel="DaC"> Luật số 106/2016/QH13 ngày 06 tháng 4 năm 2016 </L> sửa_đổi , bổ_sung một_số điều của <L rel="none"> Luật thuế giá_trị gia_tăng </L> , <L rel="DaC"> Luật thuế tiêu_thụ đặc_biệt </L> và <L rel="none"> Luật quản_lý thuế </L> , Điều 5 <NĐ rel="DaC"> Nghị_định số 108/2015/NĐ-CP ngày 28/10/2015 </NĐ> của Chính_phủ .
Trường_hợp cơ_sở kinh_doanh nhập_khẩu ô_tô trước ngày 01/7/2016 nhưng bán ra từ ngày 01/7/2016 thì khi bán ra cơ_sở kinh_doanh phải kê_khai nộp thuế TTĐB theo mức thuế_suất quy_định tại <L rel="DaC"> Luật số 106/2016/QH13 </L> sửa_đổi , bổ_sung một_số điều của <L rel="none"> Luật thuế giá_trị gia_tăng </L> , <L rel="none"> Luật thuế tiêu_thụ đặc_biệt </L> và <L rel="none"> Luật quản_lý thuế </L> . ”
4 . Sửa_đổi khổ thứ nhất khoản 2 Điều 8 như sau : 

“ 2 .  Người nộp thuế TTĐB đối_với hàng_hóa chịu thuế TTĐB nhập_khẩu được khấu_trừ số thuế TTĐB đã nộp ở khâu nhập_khẩu khi xác_định số thuế TTĐB phải nộp bán ra trong nước .  Số thuế TTĐB được khấu_trừ tương_ứng với số thuế TTĐB của hàng_hóa chịu thuế TTĐB nhập_khẩu bán ra và chỉ được khấu_trừ tối_đa bằng tương_ứng số thuế TTĐB tính được ở khâu bán ra trong nước .  Trường_hợp đặc_biệt đối_với số thuế TTĐB không được khấu_trừ hết do nguyên_nhân khách_quan bất_khả_kháng , người nộp thuế được hạch_toán vào chi_phí để tính thuế_thu_nhập doanh_nghiệp .  ” 

Điều 3 . Sửa_đổi , bổ_sung <TT rel="DSD"> Thông_tư số 156/2013/TT-BTC ngày 06/11/2013 </TT> của Bộ Tài_chính hướng_dẫn thi_hành một_số điều của <L rel="none"> Luật Quản_lý thuế </L> ; <L rel="DaC"> Luật sửa_đổi , bổ_sung một_số điều của <L rel="none"> Luật Quản_lý thuế </L> </L> và <NĐ rel="DaC"> Nghị_định số 83/2013/NĐ-CP ngày 22/7/2013 </NĐ> của Chính_phủ ( đã được sửa_đổi , bổ_sung theo <TT rel="none"> Thông_tư số 119/2014/TT-BTC ngày 25/8/2014 </TT> , <TT rel="none"> Thông_tư số 151/2014/TT-BTC ngày 10/10/2014 </TT> và <TT rel="none"> Thông_tư số 26/2015/TT-BTC ngày 27/02/2015 </TT> của Bộ Tài_chính ) như sau :
1 . Sửa_đổi điểm a khoản 2 Điều 32 như sau : 

“ a ) Người nộp thuế phải nộp tiền chậm nộp tính trên số tiền thuế được nộp dần theo mức 0,03 %/ngày được nộp dần .  ” 

2 . Sửa_đổi điểm b .  2 khoản 2 Điều 32 như sau : 

“ b .  2 ) Nộp thay cho người nộp thuế trong trường_hợp quá thời_hạn nộp dần tiền thuế từng tháng mà người nộp thuế chưa nộp , bao_gồm : số tiền thuế được nộp dần và số tiền chậm nộp tính theo mức 0,03 %/ngày .  ” 

3 . Sửa_đổi , bổ_sung khoản 2 Điều 34 như sau : 

“ 2 .  Xác_định tiền chậm nộp tiền thuế 

a ) Đối_với khoản tiền thuế nợ phát_sinh từ ngày 01/7/2016 thì tiền chậm nộp được tính theo mức 0,03 %/ngày tính trên số tiền thuế chậm nộp . 

b ) Đối_với khoản tiền thuế nợ phát_sinh trước ngày 01/7/2016 nhưng sau ngày 01/7/2016 vẫn chưa nộp thì tính như sau : trước ngày 01/01/2015 tính phạt chậm nộp , tiền chậm nộp theo quy_định tại <L rel="DaC"> Luật quản_lý thuế số 78/2006/QH11 </L> , <L rel="DaC"> Luật sửa_đổi , bổ_sung một_số điều của <L rel="none"> Luật quản_lý thuế </L> số 21/2012/QH13 </L> , từ ngày 01/01/2015 tính tiền chậm nộp theo quy_định tại <L rel="DaC"> Luật sửa_đổi , bổ_sung một_số điều của các luật về thuế số 71/2014/QH13 </L> , từ ngày 01/7/2016 tính tiền chậm nộp theo mức 0,03 %/ngày .
Ví_dụ : Người nộp thuế B nợ 100 triệu đồng_tiền thuế GTGT thuộc tờ khai thuế GTGT tháng 8/2014 ( tờ khai đã nộp đúng hạn cho cơ_quan thuế ) , thời_hạn nộp thuế chậm nhất là ngày 22/9/2014 ( do ngày 20/9/2014 và ngày 21/9/2014 là ngày nghỉ ) .  Ngày 20/8/2016 , người nộp thuế nộp số tiền thuế này vào ngân_sách nhà_nước , số ngày chậm nộp được tính từ ngày 23/9/2014 đến ngày 20/8/2016 , số tiền chậm nộp phải nộp là 34,08 triệu đồng .  Cụ_thể như sau : 

Trước ngày 01/01/2015 tiền chậm nộp được tính như sau : 

+ Từ ngày 23/9/2014 đến ngày 21/12/2014 , số ngày chậm nộp là 90 ngày : 100 triệu đồng x 0,05 % x 90 ngày = 4,5 triệu đồng . 

+ Từ ngày 22/12/2014 đến ngày 31/12/2014 , số ngày chậm nộp là 10 ngày : 100 triệu đồng x 0,07 % x 10 ngày = 0,7 triệu đồng . 

Từ ngày 01/01/2015 đến ngày 30/6/2016 , số ngày chậm nộp là 547 ngày : 100 triệu đồng x 0,05 % x 547 ngày = 27,35 triệu đồng . 

Từ ngày 01/7/2016 đến ngày 20/8/2016 , số ngày chậm nộp là 51 ngày : 100 triệu đồng x 0,03 % x 51 ngày = 1,53 triệu đồng . 

c ) Số ngày chậm nộp tiền thuế ( bao_gồm cả ngày lễ , ngày nghỉ theo quy_định của pháp_luật ) được tính từ ngày liền kề sau ngày cuối_cùng của thời_hạn nộp thuế , thời_hạn gia_hạn nộp thuế theo quy_định của pháp_luật về thuế , thời_hạn nộp thuế_ghi trong thông_báo hoặc quyết_định xử_lý vi_phạm pháp_luật về thuế của cơ_quan thuế hoặc quyết_định xử_lý của cơ_quan nhà_nước có thẩm_quyền đến ngày người nộp thuế nộp số tiền thuế vào ngân_sách nhà_nước . 

Ví_dụ : Người nộp thuế C nợ thuế GTGT 50 triệu đồng , có_hạn nộp là ngày 20/8/2013 .  Ngày 26/8/2013 , người nộp thuế nộp số tiền trên vào ngân_sách nhà_nước .  Số ngày chậm nộp là 06 ngày , được tính từ ngày 21/8/2013 đến ngày 26/8/2013 . 

Ví_dụ : Người nộp thuế D được cơ_quan thuế quyết_định gia_hạn nộp thuế đối_với khoản thuế GTGT 50 triệu đồng , có_hạn nộp là ngày 20/5/2014 , thời_gian gia_hạn từ này 21/5/2014 đến ngày 20/11/2014 .  Ngày 21/11/2014 , người nộp thuế nộp 50 triệu đồng vào ngân_sách nhà_nước .  Số ngày chậm nộp là 01 ngày ( ngày 21/11/2014 ) . 

Ví_dụ : Cơ_quan thuế thực_hiện thanh_tra thuế đối_với người nộp thuế E .  Ngày 15/4/2014 , cơ_quan thuế ban_hành quyết_định xử_lý vi_phạm pháp_luật về thuế với số tiền là 500 triệu đồng , thời_hạn nộp thuế chậm nhất là ngày 14/5/2014 .  Ngày 30/5/2014 , người nộp thuế_nộp 500 triệu đồng vào ngân_sách nhà_nước .  Số ngày chậm nộp là 16 ngày , được tính từ ngày 15/5/2014 đến ngày 30/5/2014 . 

d ) Trường_hợp cơ_quan thuế thực_hiện cưỡng_chế bằng biện_pháp kê_biên tài_sản , bán đấu_giá tài_sản kê_biên để thu_hồi nợ thuế thì người nộp thuế bị tính tiền chậm nộp từ ngày tiếp sau ngày cuối_cùng của thời_hạn nộp thuế ;  thời_hạn gia_hạn nộp thuế theo quy_định của pháp_luật về thuế ;  thời_hạn nộp thuế_ghi trong thông_báo hoặc quyết_định xử_lý của cơ_quan thuế hoặc cơ_quan có thẩm_quyền đến ngày cơ_quan thuế lập biên_bản kê_biên tài_sản . 

Trường_hợp đã chuyển_giao quyền sở_hữu tài_sản bán đấu_giá cho người mua theo quy_định của pháp_luật mà cơ_quan_chức_năng có thẩm_quyền bán đấu_giá tài_sản không nộp tiền thuế vào NSNN thì cơ_quan_chức_năng có thẩm_quyền bán đấu_giá tài_sản phải nộp tiền chậm nộp kể từ ngày tiếp_theo ngày chuyển_giao quyền sở_hữu tài_sản đến ngày nộp thuế vào NSNN . 

Không tính chậm nộp trong thời_gian thực_hiện các thủ_tục đấu_giá theo quy_định của pháp_luật . 

e ) Trường_hợp người nộp thuế_khai thiếu tiền thuế của kỳ thuế phát_sinh trước ngày 01/7/2016 nhưng sau ngày 01/7/2016 , cơ_quan nhà_nước có thẩm_quyền phát_hiện qua thanh_tra , kiểm_tra hoặc người nộp thuế tự_phát_hiện thì áp_dụng tiền chậm nộp theo mức 0,05 %/ngày ( hoặc mức phù_hợp quy_định của văn_bản pháp_luật từng thời_kỳ ) từ ngày phải nộp theo quy_định của pháp_luật đến hết ngày 30/6/2016 và theo mức 0,03 %/ngày tính trên số tiền thuế_khai thiếu từ ngày 01/7/2016 đến ngày người nộp thuế nộp vào ngân_sách nhà_nước .  ” 

Điều 4 . Bổ_sung khoản 10 vào Điều 10 <TT rel="DSD"> Thông_tư số 153/2011/TT-BTC ngày 11/11/2011 </TT> của Bộ Tài_chính hướng_dẫn về thuế sử_dụng đất phi nông_nghiệp như sau :
“ 10 . Miễn thuế sử_dụng đất phi nông_nghiệp đối_với hộ gia_đình , cá_nhân có số thuế sử_dụng đất phi nông_nghiệp phải nộp hàng năm ( sau khi trừ đi số thuế được miễn , giảm ( nếu có ) theo quy_định của <L rel="DaC"> Luật thuế sử_dụng đất phi nông_nghiệp </L> và các văn_bản hướng_dẫn ) từ năm mươi nghìn đồng trở xuống . Trường_hợp hộ gia_đình , cá_nhân có nhiều thửa đất trong phạm_vi tỉnh , thành_phố trực_thuộc trung_ương thì việc miễn thuế sử_dụng đất phi nông_nghiệp theo quy_định tại Điều này được tính trên tổng_số thuế phải nộp của tất_cả các thửa đất . Trình_tự , thủ_tục miễn tiền thuế sử_dụng đất phi nông_nghiệp hướng_dẫn tại Điều này được thực_hiện theo hướng_dẫn tại <TT rel="DaC"> Thông_tư số 153/2011/TT-BTC </TT> .
Đối_với các hộ gia_đình , cá_nhân đủ điều_kiện được miễn thuế sử_dụng đất phi nông_nghiệp theo hướng_dẫn tại Thông_tư này nhưng đã nộp thuế vào NSNN thì cơ_quan thuế thực_hiện việc hoàn_trả theo quy_định của <L rel="DaC"> Luật quản_lý thuế </L> và các văn_bản hướng_dẫn . ”
Điều 5 . Bổ_sung điểm a1 vào sau điểm a Khoản 6 Điều 18 <TT rel="DSD"> Thông_tư số 78/2014/TT-BTC ngày 18/6/2014 </TT> của Bộ Tài_chính hướng_dẫn thi_hành <NĐ rel="DaC"> Nghị_định số 218/2013/NĐ-CP ngày 26/12/2013 </NĐ> của Chính_phủ quy_định và hướng_dẫn thi_hành <L rel="none"> Luật thuế Thu_nhập doanh_nghiệp </L> ( đã được sửa_đổi , bổ_sung tại Khoản 4 Điều 10 <TT rel="none"> Thông_tư số 96/2015/TT-BTC ngày 22/6/2015 </TT> của Bộ Tài_chính ) như sau :
“ a1 ) Đối_với giai_đoạn từ năm 2009 đến năm 2013 , doanh_nghiệp trong quá_trình sản_xuất , kinh_doanh mà sử_dụng quỹ khấu_hao cơ_bản tài_sản cố_định của doanh_nghiệp ;  sử_dụng lợi_nhuận sau thuế tái_đầu_tư ;  sử_dụng vốn trong phạm_vi vốn đầu_tư đã đăng_ký với cơ_quan quản_lý nhà_nước có thẩm_quyền để đầu_tư bổ_sung máy_móc thiết_bị thường_xuyên và không tăng công_suất sản_xuất kinh_doanh theo đề_án kinh_doanh đã đăng_ký hoặc được phê_duyệt thì không phải đầu_tư mở_rộng ” . 

Điều 6 .  Hiệu_lực thi_hành 

1 . Thông_tư này có hiệu_lực thi_hành kể từ ngày <L rel="DaC"> Luật số 106/2016/QH13 </L> sửa_đổi , bổ_sung một_số điều của <L rel="none"> Luật thuế giá_trị gia_tăng </L> , <L rel="none"> Luật thuế tiêu_thụ đặc_biệt </L> và <L rel="none"> Luật quản_lý thuế </L> và <NĐ rel="DaC"> Nghị_định số 100/2016/NĐ-CP ngày 01/7/2016 </NĐ> của Chính_phủ quy_định chi_tiết thi_hành <L rel="none"> Luật sửa_đổi , bổ_sung một_số điều của <L rel="none"> Luật thuế giá_trị gia_tăng </L> </L> , <L rel="none"> Luật thuế tiêu_thụ đặc_biệt </L> và <L rel="none"> Luật quản_lý thuế </L> có hiệu_lực thi_hành , trừ khoản 2 Điều này .
2 . Điều 4 của Thông_tư này áp_dụng từ kỳ tính thuế năm 2016 . 

Điều 7 .  Trách_nhiệm thi_hành 

1 . Ủy_ban nhân_dân các tỉnh , thành_phố trực_thuộc Trung_ương chỉ_đạo các cơ_quan_chức_năng tổ_chức thực_hiện đúng theo quy_định của Chính_phủ và hướng_dẫn của Bộ Tài_chính . 

2 . Cơ_quan thuế các cấp có trách_nhiệm phổ_biến , hướng_dẫn các tổ_chức , cá_nhân thực_hiện theo nội_dung Thông_tư này . 

3 . Tổ_chức , cá_nhân thuộc đối_tượng điều_chỉnh của Thông_tư này thực_hiện theo hướng_dẫn tại Thông_tư này . 

Trong quá_trình thực_hiện nếu có vướng_mắc , đề_nghị các tổ_chức , cá_nhân phản_ánh kịp_thời về Bộ Tài_chính để nghiên_cứu giải_quyết ./. 