Thông tư Sửa đổi, bổ sung một số điều của Thông tư số 37/2016/TT-NHNN ngày 30 tháng 12 năm 2016 của Thống đốc Ngân hàng Nhà nước Việt Nam quy định về việc quản lý, vận hành và sử dụng Hệ thống Thanh toán điện tử liên ngân hàng Quốc gia

Căn_cứ <L rel="CC"> Luật Ngân_hàng Nhà_nước Việt_Nam ngày 16 tháng 6 năm 2010 </L> ;
Căn_cứ <L rel="CC"> Luật các tổ_chức tín_dụng ngày 16 tháng 6 năm 2010 </L> và <L rel="CC"> Luật sửa_đổi , bổ_sung một_số điều của <L rel="none"> Luật các tổ_chức tín_dụng </L> ngày 20 tháng 11 năm 2017 </L> ;
Căn_cứ <L rel="CC"> Luật Giao_dịch điện_tử ngày 29 tháng 11 năm 2005 </L> ;
Căn_cứ <NĐ rel="CC"> Nghị_định số 26/2007/NĐ-CP ngày 15 tháng 2 năm 2007 </NĐ> của Chính_phủ quy_định chi_tiết thi_hành <L rel="none"> Luật Giao_dịch điện_tử </L> về chữ_ký số và dịch_vụ chứng_thực chữ_ký số ; <NĐ rel="CC"> Nghị_định số 106/2011/NĐ-CP ngày 23 tháng 11 năm 2011 </NĐ> sửa_đổi , bổ_sung một_số điều <NĐ rel="none"> Nghị_định số 26/2007/NĐ-CP </NĐ> ; <NĐ rel="CC"> Nghị_định số 170/2013/NĐ-CP ngày 13 tháng 11 năm 2013 </NĐ> sửa_đổi , bổ_sung một_số điều của <NĐ rel="none"> Nghị_định số 26/2007/NĐ-CP </NĐ> và <NĐ rel="CC"> Nghị_định số 106/2011/NĐ-CP </NĐ> ;
Căn_cứ <NĐ rel="CC"> Nghị_định số 35/2007/NĐ-CP ngày 8 tháng 3 năm 2007 </NĐ> của Chính_phủ về giao_dịch điện_tử trong hoạt_động ngân_hàng ;
Căn_cứ <NĐ rel="CC"> Nghị_định số 101/2012/NĐ-CP ngày 22 tháng 11 năm 2012 </NĐ> của Chính_phủ về thanh_toán không dùng tiền_mặt ; <NĐ rel="CC"> Nghị_định số 80/2016/NĐ-CP ngày 01 tháng 07 năm 2016 </NĐ> sửa_đổi , bổ_sung một_số điều của <NĐ rel="none"> Nghị_định số 101/2012/NĐ-CP </NĐ> ;
Căn_cứ <NĐ rel="CC"> Nghị_định số 16/2017/NĐ-CP ngày 17 tháng 02 năm 2017 </NĐ> của Chính_phủ quy_định chức_năng , nhiệm_vụ , quyền_hạn và cơ_cấu tổ_chức của Ngân_hàng Nhà_nước Việt_Nam ;
Điều 1 . Sửa_đổi , bổ_sung một_số điều của <TT rel="DSD"> Thông_tư số 37/2016/TT-NHNN ngày 30 tháng 12 năm 2016 </TT> của Thống_đốc Ngân_hàng Nhà_nước Việt_Nam quy_định về việc quản_lý , vận_hành và sử_dụng Hệ_thống Thanh_toán điện_tử liên ngân_hàng Quốc_gia như sau :
1 . Thông_tư này có hiệu_lực thi_hành kể từ ngày 01 tháng 11 năm 2019 . 

2 . Kể từ ngày Thông_tư này có hiệu_lực thi_hành , các văn_bản sau_hết hiệu_lực : 

a ) <TT rel="HHL"> Thông_tư số 23/2010/TT-NHNN ngày 09 tháng 11 năm 2010 </TT> của Thống_đốc Ngân_hàng Nhà_nước quy_định về việc quản_lý , vận_hành và sử_dụng Hệ_thống Thanh_toán điện_tử liên ngân_hàng ;
b ) <TT rel="HHL"> Thông_tư số 13/2013/TT-NHNN ngày 11 tháng 6 năm 2013 </TT> của Thống_đốc Ngân_hàng Nhà_nước về việc sửa_đổi , bổ_sung một_số điều của <TT rel="none"> Thông_tư số 23/2010/TT-NHNN ngày 09 ngày 11 tháng 2010 </TT> của Thống_đốc Ngân_hàng Nhà_nước quy_định về việc quản_lý , vận_hành và sử_dụng Hệ_thống Thanh_toán điện_tử liên ngân_hàng ;
c ) Điều 6 <TT rel="HHL1"> Thông_tư số 23/2011/TT-NHNN ngày 31 tháng 8 năm 2011 </TT> của Thống_đốc Ngân_hàng Nhà_nước về việc thực_thi phương_án đơn_giản_hóa thủ_tục hành_chính lĩnh_vực hoạt_động thanh_toán và các lĩnh_vực khác theo Nghị_quyết của Chính_phủ về đơn_giản_hóa thủ_tục hành_chính thuộc phạm_vi chức_năng quản_lý của Ngân_hàng Nhà_nước . ”
Điều 2 .  Tổ_chức thực_hiện 

Chánh_Văn_phòng , Thủ_trưởng các đơn_vị thuộc Ngân_hàng Nhà_nước Việt_Nam , Giám_đốc Ngân_hàng Nhà_nước chi_nhánh tỉnh , thành_phố trực_thuộc Trung_ương , Tổng_giám_đốc ( Giám_đốc ) các thành_viên chịu trách_nhiệm tổ_chức thực_hiện Thông_tư này . 

Điều 3 .  Hiệu_lực thi_hành 

Thông_tư này có hiệu_lực thi_hành kể từ ngày 31 tháng 8 năm 2018 và thay_thế <TT rel="BTT"> Thông_tư số 23/2017/TT-NHNN ngày 29 tháng 12 năm 2017 </TT> của Thống_đốc Ngân_hàng Nhà_nước về việc sửa_đổi , bổ_sung một_số điều của <TT rel="none"> Thông_tư số 37/2016/TT-NHNN ngày 30 tháng 12 năm 2016 </TT> của Thống_đốc Ngân_hàng Nhà_nước quy_định về việc quản_lý , vận_hành và sử_dụng Hệ_thống Thanh_toán điện_tử liên ngân_hàng Quốc_gia .