Nghị định Về điều kiện sản xuất, kinh doanh một số ngành nghề thuỷ sản

Căn_cứ <L rel="CC"> Luật Tổ_chức Chính_phủ ngày 25 tháng 12 năm 2001 </L> ;
Căn_cứ <L rel="CC"> Luật_Doanh_nghiệp ngày 12 tháng 6 năm 1999 </L> ;
Căn_cứ <L rel="CC"> Luật_Doanh_nghiệp nhà_nước ngày 26 tháng 11 năm 2003 </L> ;
Căn_cứ <L rel="CC"> Luật Hợp_tác_xã ngày 26 tháng 11 năm 2003 </L> ;
Căn_cứ <L rel="CC"> Luật_Thủy_sản ngày 26 tháng 11 năm 2003 </L> ;
Điều 1 .  Phạm_vi điều_chỉnh 

1 . Nghị_định này quy_định ngành_nghề sản_xuất , kinh_doanh thủy_sản phải có giấy_phép , thủ_tục , trình_tự_cấp giấy_phép ;  quy_định điều_kiện đối_với một_số ngành_nghề sản_xuất , kinh_doanh không cần giấy_phép . 

2 . Điều_kiện hành_nghề thú_y thủy_sản thực_hiện theo quy_định của <PL rel="DaC"> Pháp_lệnh Thú_y </PL> và Nghị_định của Chính_phủ quy_định chi_tiết thi_hành <PL rel="none"> Pháp_lệnh Thú_y </PL> .
Điều 2 .  Đối_tượng áp_dụng 

1 . Tổ_chức , cá_nhân trong nước và tổ_chức , cá_nhân nước_ngoài sản_xuất , kinh_doanh các ngành , nghề thủy_sản phải tuân theo quy_định của Nghị_định này và các quy_định khác của pháp_luật Việt_Nam có liên_quan . 

Trong trường_hợp điều_ước quốc_tế mà nước Cộng_hòa xã_hội chủ_nghĩa Việt_Nam ký_kết hoặc gia_nhập có quy_định khác với quy_định của Nghị_định này thì áp_dụng quy_định của Điều_ước quốc_tế đó . 

2 . Riêng đối_với các tổ_chức , cá_nhân nước_ngoài có tàu cá hoạt_động thủy_sản thì tuân theo <NĐ rel="DaC"> Nghị_định số 191/2004/NĐ-CP ngày 18 tháng 11 năm 2004 </NĐ> của Chính_phủ về quản_lý hoạt_động thủy_sản của tàu cá_nước_ngoài trong vùng_biển của Việt_Nam .
3 . Hộ gia_đình , cá_nhân nuôi_trồng thủy_sản , chế_biến thủy_sản , kinh_doanh thủy_sản tươi_sống , thủy_sản đã chế_biến có quy_mô nhỏ , theo phương_pháp thủ_công ( theo quy_định của Bộ thủy_sản ) ;  khai_thác thủy_sản bằng tàu cá có trọng_tải dưới 0,5 tấn hoặc không sử_dụng tàu cá thì không thuộc đối_tượng điều_chỉnh vủa Nghị_định này . 

CHƯƠNG II 

NGÀNH NGHỀ SẢN_XUẤT , KINH_DOANH THỦY_SẢN 

PHẢI CÓ GIẤY_PHÉP 

Điều 3 .  Khai_thác thủy_sản là ngành_nghề phải có giấy_phép 

Tổ_chức , cá_nhân khai_thác thủy_sản trên các vùng_biển và các vùng nước tự_nhiên khác của Việt_Nam phải có giấy_phép khai_thác thủy_sản do cơ_quan quản_lý Nhà_nước có thẩm_quyền cấp . 

Điều 4 .  Giấy_phép khai_thác thủy_sản 

1 . Một tổ_chức hoặc một cá_nhân có_thể xin cấp giấy_phép khai_thác thủy_sản ( sau đây gọi tắt là giấy_phép ) cho nhiều tàu cá , nhưng mỗi giấy_phép chỉ ghi tên một tàu cá và chỉ có giá_trị sử_dụng cho tàu cá đó . 

2 . Thời_hạn của giấy_phép không quá 12 tháng . 

3 . Bộ Thủy_sản quy_định mẫu giấy_phép theo nội_dung quy_định tại Khoản 2 Điều 16 <L rel="DaC"> Luật_Thủy_sản </L> để sử_dụng thống_nhất trong phạm_vi cả nước .
Điều 5 .  Cấp giấy_phép , gia_hạn giấy_phép và thu_hồi giấy_phép 

1 . Tổ_chức , cá_nhân được cấp giấy_phép phải có đủ điều_kiện sau đây : 

a . Có Giấy chứng_nhận đăng_ký tàu cá ; 

b . Có Giấy chứng_nhận an_toàn kỹ_thuật của tàu cá , đối_với loại tàu cá theo quy_định của Bộ Thủy_sản 

c . Có Sổ_danh_bạ thuyền_viên , đối_với loại tàu cá theo quy_định của Bộ Thủy_sản ; 

d . Thuyền_trưởng , máy trưởng đối_với loại tàu theo quy_định của Bộ Thủy_sản phải có bằng thuyền_trưởng , máy trưởng ; 

đ ) Có nghề khai_thác và ngư_cụ phù_hợp với quy_định của Bộ thủy_sản . 

2 . Không cấp giấy_phép trong các trường_hợp sau đây : 

a . Khai_thác các loại thủy_sản bị cấm ;  khai_thác trong các vùng cấm , trong thời_gian cấm khai_thác hoặc bằng nghề bị cấm ; 

b . Khai_thác các loài thủy_sản thuộc danh_mục các loài thủy_sản mà Bộ Thủy_sản đã công_bố trữ_lượng nguồn lợi của các loài này đang bị suy_giảm nghiêm_trọng hoặc có nguy_cơ bị tuyệt_chủng . 

3 . Gia_hạn giấy_phép 

Mỗi giấy_phép được gia_hạn nhiều lần , mỗi lần gia_hạn không quá 12 tháng . 

4 . Việc thu_hồi giấy_phép trong các trường_hợp được quy_định tại Điều 18 của <L rel="DaC"> Luật_Thủy_sản </L> .
Điều 6 .  Thủ_tục và trình_tự_cấp giấy_phép 

1 . Hồ_sơ xin cấp giấy_phép bao_gồm : 

a . Đơn xin cấp giấy_phép ; 

b . Các loại giấy_tờ quy_định tại Khoản 1 Điều 5 của Nghị_định này ( bản_sao có công_chứng ) . 

2 . Hồ_sơ xin gia_hạn giấy_phép : 

a . Đơn xin gia_hạn giấy_phép ; 

b . Giấy chứng_nhận an_toàn của tàu cá ( bản_sao có công_chứng ) ; 

c . Giấy_phép đã được cấp ( bản_sao ) . 

3 . Cơ_quan có thẩm_quyền cấp giấy_phép được quy_định tại Điều 7 của Nghị_định này xét cấp và gia_hạn giấy_phép trong thời_hạn không quá 15 ngày làm_việc kể từ ngày nhận đủ hồ_sơ hợp_lệ .  Trong trường_hợp không cấp hoặc không gia_hạn giấy_phép thì phải có văn_bản trả_lời và nêu rõ lý_do . 

4 . Tổ_chức , cá_nhân xin cấp giấy_phép , gia_hạn giấy_phép phải nộp lệ_phí . 

Bộ Tài_chính quy_định_mức thu , chế_độ thu , nộp , quản_lý và sử_dụng đối_với lệ_phí cấp giấy_phép khai_thác thủy_sản . 

Điều 7 .  Cơ_quan cấp giấy_phép 

1 . Cục Khai_thác và bảo_vệ nguồn lợi thuộc Bộ Thủy_sản cấp giấy_phép đối_với các tổ_chức sau đây : 

a . Các doanh_nghiệp , tổ_chức trực_thuộc Bộ Thủy_sản 

b . Các doanh_nghiệp , tổ_chức trực_thuộc các Bộ , ngành Trung_ương khác ; 

c . Các doanh_nghiệp , tổ_chức làm kinh_tế thuộc lực_lượng vũ_trang . 

2 . Chi_cục Thủy_sản hoặc Chi_cục Khai_thác và Bảo về nguồn lợi thủy_sản của các tỉnh , thành_phố trực_thuộc Trung_ương cấp , thu_hồi giấy_phép đối_với các tổ_chức , cá_nhân có tàu cá đăng_ký tại tỉnh , trừ các tàu cá thuộc các tổ_chức nói tại Khoản 1 điều này . 

3 . Cơ_quan có thẩm_quyền cấp giấy_phép đồng_thời là cơ_quan có thẩm_quyền thu_hồi , gia_hạn giấy_phép đã cấp . 

I 

NGÀNH NGHỀ SẢN_XUẤT , KINH_DOANH CÓ ĐIỀU_KIỆN 

Điều 8 .  Những ngành_nghề sản_xuất , kinh_doanh thủy_sản không cần giấy_phép 

Những ngành_nghề sản_xuất , kinh_doanh thủy_sản sau đây không cần giấy_phép , nhưng phải bảo_đảm các điều_kiện của pháp_luật quy_định : sản_xuất , kinh_doanh ngư_cụ và trang_thiết_bị khai_thác thủy_sản ;  đóng mới , cải hoán tàu cá ;  sản_xuất , kinh_doanh giống thủy_sản ;  nuôi_trồng thủy_sản ;  sản_xuất , kinh_doanh thức_ăn nuôi thủy_sản ;  chế_biến thủy_sản ;  kinh_doanh nguyên_liệu thủy_sản dùng cho chế_biến thực_phẩm 

Điều 9 .  Sản_xuất , kinh_doanh ngư_cụ và trang_thiết_bị khai_thác thủy_sản 

1 . Có giấy chứng_nhận đăng_ký kinh_doanh về ngành_nghề sản_xuất hoặc kinh_doanh ngư_cụ và trang_thiết_bị khai_thác thủy_sản do cơ_quan quản_lý Nhà_nước có thẩm_quyền cấp . 

2 . Có cửa_hàng , biển_hiệu , địa_chỉ rõ_ràng . 

3 . Nhà_xưởng , kho chứa , trang_thiết_bị , hệ_thống xử_lý nước_thải , chất_thải rắn và khí_thải của cơ_sở sản_xuất phải bảo_đảm tiêu_chuẩn bảo_vệ môi_trường theo quy_định của pháp_luật . 

4 . Cơ_sở sản_xuất phải có ít_nhất một kỹ_thuật_viên có bằng trung_cấp trở lên về chuyên_ngành khai_thác hoặc cơ_khí thủy_sản . 

5 . Phải bảo_đảm tiêu_chuẩn chất_lượng hàng_hóa đã công_bố ;  thực_hiện ghi nhãn hàng_hải theo quy_định của pháp_luật . 

6 . Chỉ được sản_xuất , kinh_doanh các loại ngư_cụ , trang_thiết_bị khai_thác thủy_sản không thuộc danh_mục cấm sử_dụng do Bộ Thủy_sản quy_định hoặc Ủy_ban nhân_dân cấp tỉnh quy_định bổ_sung . 

Điều 10 .  Đóng mới , cải hoán tàu cá 

1 . Địa_điểm xây_dựng của cơ_sở phải theo quy_hoạch của địa_phương . 

2 . Có giấy chứng_nhận đăng_ký kinh_doanh về hành_nghề đóng mới , cải hoán tàu cá do cơ_quan quản_lý nhà_nước có thẩm_quyền cấp . 

3 . Cơ_sở có biển_hiệu , địa_chỉ rõ_ràng . 

4 . Nhà_xưởng , trang_thiết_bị phải phù_hợp với yêu_cầu kỹ_thuật theo quy_định của Bộ Thủy_sản ;  hệ_thống xử_lý nước_thải và chất_thải rắn của cơ_sở phải đáp_ứng yêu_cầu về bảo_vệ môi_trường theo quy_định của pháp_luật . 

5 . Có ít_nhất một nhân_viên kỹ_thuật có trình_độ trung_cấp trở lên về chuyên_ngành vỏ tàu , một nhân_viên kỹ_thuật có trình_độ trung_cấp trở lên về động_lực . 

Điều 11 .  Sản_xuất , kinh_doanh giống thủy_sản 

1 . Tổ_chức , cá_nhân sản_xuất , kinh_doanh ( bao_gồm cả dịch_vụ lưu_giữ ) giống thủy_sản phải có đủ các điều_kiện sau đây : 

a ) Có giấy chứng_nhận đăng_ký kinh_doanh về giống thủy_sản do cơ_quan quản_lý nhà_nước có thẩm_quyền cấp ; 

b ) Địa_điểm xây_dựng cơ_sở sản_xuất , kinh_doanh giống thủy_sản phải theo quy_hoạch của địa_phương ; 

c ) Cơ_sở vật_chất kỹ_thuật và các trang_thiết_bị kỹ_thuật , hệ_thống cấp và thoát nước , hệ_thống xử_lý nước_thải , phương_tiện vận_chuyển , lưu_giữ của cơ_sở phải đáp_ứng yêu_cầu sản_xuất kinh_doanh từng đối_tượng và phẩm_cấp giống thủy_sản , phải đảm_bảo điều_kiện vệ_sinh thú_y , bảo_vệ môi_trường theo quy_định của pháp_luật . 

d ) Cơ_sở sản_xuất , kinh_doanh đàn giống bố_mẹ , đàn giống thương_phẩm phải có_nhân_viên kỹ_thuật có chứng_chỉ đã được đào_tạo về kỹ_thuật nuôi_trồng thủy_sản ; 

đ ) Cơ_sở sản_xuất , kinh_doanh đàn giống thuần_chủng , đàn giống cụ_kỵ , đàn giống ông_bà phải có_nhân_viên kỹ_thuật có trình_độ đại_học trở lên về chuyên_ngành nuôi_trồng thủy_sản ; 

e ) Có hồ_sơ theo_dõi quá_trình sản_xuất , kinh_doanh giống ; 

g ) Thực_hiện quy_trình kỹ_thuật bắt_buộc đối_với sản_xuất giống thủy_sản theo quy_định của Bộ Thủy_sản . 

2 . Tổ_chức , cá_nhân sản_xuất , kinh_doanh đực giống , cái giống , tinh đực giống , trứng giống và ấu_trùng động_vật thủy_sản phải có đủ các điều_kiện sau đây : 

a ) Các điều_kiện quy_định tại các điểm a , b , c , e , g khoản 1 Điều này ; 

b ) Có_nhân_viên kỹ_thuật đã được cấp chứng_chỉ đào_tạo về kỹ_thuật thụ_tinh nhân_tạo , cấy truyền phôi , về kỹ_thuật ấp trứng , công_nghệ_nhân_giống thủy_sản ; 

c ) Thực_hiện quy_chế quản_lý khai_thác , sử_dụng tinh , phôi và môi_trường bảo_quản , pha_chế tinh , phôi theo quy_định của Bộ Thủy_sản ; 

d ) Đực giống , cái giống thủy_sản phải có nguồn_gốc rõ_ràng , đã được kiểm_dịch thú ý ; 

đ ) Thực_hiện quy_chế quản_lý khai_thác , sử_dụng đực giống , cái giống thủy_sản , trứng giống , ấu_trùng thủy_sản theo quy_định của Bộ Thủy_sản . 

Điều 12 .  Nuôi_trồng thủy_sản 

1 . Có giấy chứng_nhận đăng_ký kinh_doanh về nuôi_trồng thủy_sản do cơ_quan quản_lý nhà_nước có thẩm_quyền cấp . 

2 . Địa_điểm xây_dựng cơ_sở nuôi_trồng thủy_sản phải theo quy_hoạch của địa_phương . 

3 . Cơ_sở phải bảo_đảm các điều_kiện , tiêu_chuẩn kỹ_thuật về nuôi_trồng thủy_sản , tiêu_chuẩn vệ_sinh thú_y , vệ_sinh an_toàn thực_phẩm và bảo_vệ môi_trường theo quy_định của pháp_luật . 

4 . Sử_dụng các loại thức_ăn , thuốc thú_y , chế_phẩm sinh_học , vi_sinh_vật , hóa_chất theo quy_định của pháp_luật . 

Điều 13 .  Sản_xuất thức_ăn nuôi thủy_sản 

1 . Có giấy chứng_nhận đăng_ký kinh_doanh về sản_xuất thức_ăn nuôi thủy_sản do cơ_quan quản_lý nhà_nước có thẩm_quyền cấp . 

2 . Nhà_xưởng , kho chứa , trang_thiết_bị , hệ_thống xử_lý chất_thải phải đáp_ứng yêu_cầu về vệ_sinh thú_y thủy_sản , bảo_vệ môi_trường theo quy_định của pháp_luật . 

3 . Có_nhân_viên kỹ_thuật có trình_độ trung_cấp trở lên về chuyên_ngành chế_biến thực_phẩm , hóa thực_phẩm hoặc nuôi_trồng thủy_sản . 

4 . Sử_dụng các loại thuốc thú_y , chế_phẩm sinh_học , vi_sinh_vật , hóa_chất theo quy_định của pháp_luật . 

Điều 14 .  Kinh_doanh thức_ăn nuôi thủy_sản 

1 . Có giấy chứng_nhận đăng_ký kinh_doanh thức_ăn nuôi thủy_sản do cơ_quan quản_lý nhà_nước có thẩm_quyền cấp . 

3 . Nơi bảo quan , nơi bày bán đáp_ứng các yêu_cầu bảo_đảm chất_lượng và vệ_sinh thú_y theo quy_định của pháp_luật . 

4 . Người quản_lý hoặc nhân_viên bán hàng có chứng_chỉ đã được tập_huấn về thức_ăn nuôi thủy_sản hoặc có trình_độ trung_cấp trở lên về chuyên_ngành nuôi_trồng thủy_sản . 

5 . Chỉ được kinh_doanh các loại thức_ăn nuôi thủy_sản đã được công_bố tiêu_chuẩn chất_lượng và bảo_đảm tiêu_chuẩn vệ_sinh thú_y thủy_sản , có nhãn hàng_hải đúng quy_định của pháp_luật , thuộc danh_mục được phép sử_dụng thông_thường theo quy_định của Bộ Thủy_sản . 

Điều 15 .  Chế_biến thủy_sản 

1 . Có giấy chứng_nhận đăng_ký kinh_doanh về chế_biến thủy_sản do cơ_quan quản_lý nhà_nước có thẩm_quyền cấp . 

2 . Địa_điểm xây_dựng cơ_sở chế_biến thủy_sản phải theo quy_hoạch của địa_phương . 

3 . Nhà_xưởng , kho chứa , trang_thiết_bị , dụng_cụ chế_biến , dụng_cụ vệ_sinh , hệ_thống xử_lý nước , hệ_thống xử_lý nước_thải , chất_thải rắn và khí_thải , trang_thiết_bị kiểm_tra chất_lượng sản_phẩm phải bảo_đảm điều_kiện vệ_sinh an_toàn thực_phẩm , bảo_vệ môi_trường theo quy_định của pháp_luật . 

4 . Đối_với cơ_sở chế_biến thủy_sản làm thực_phẩm ( theo quy_định của Bộ Thủy_sản ) xây_dựng mới , trước khi đưa vào hoạt_động_sản_xuất 15 ngày , phải thông_báo cho cơ_quan có thẩm_quyền để được kiểm_tra , công_nhận đủ điều_kiện vệ_sinh an_toàn thực_phẩm . 

5 . Cơ_sở chế_biến thủy_sản theo phương_thức công_nghiệp phải có ít_nhất một cán_bộ hoặc nhân_viên kỹ_thuật có trình_độ đại_học về một trong các chuyên_ngành công_nghệ thực_phẩm , chế_biến thủy_sản , sinh_học , hóa sinh . 

6 . Người lao_động trực_tiếp trong các cơ_sở chế_biến thủy_sản phải đảm_bảo các tiêu_chuẩn về sức_khỏe theo quy_định và phải được trang_bị các phương_tiện bảo_hộ lao_động cần_thiết . 

Điều 16 .  Kinh_doanh nguyên_liệu thủy_sản dùng cho chế_biến thực_phẩm 

1 . Có giấy chứng_nhận đăng_ký kinh_doanh về ngành , nghề đăng_ký hoạt_động do cơ_quan quản_lý nhà_nước có thẩm_quyền cấp . 

3 . Nhà_xưởng , kho chứa , phương_tiện thu_mua , bảo_quản , vận chuyện thủy_sản chuyên_dùng phải bảo_đảm các điều_kiện về vệ_sinh an_toàn thực_phẩm theo quy_định của pháp_luật . 

4 . Chỉ được sử_dụng các loại phụ_gia thực_phẩm , hóa_chất trong danh_mục được phép sử_dụng , được phép lưu_hành tại Việt_Nam và phải sử_dụng đúng liều_lượng , giới_hạn quy_định để bảo_quản thủy_sản theo quy_định của pháp_luật . 

5 . Cơ_sở kinh_doanh , dịch_vụ phải đáp_ứng yêu_cầu về bảo_vệ môi_trường và vệ_sinh thú_y theo quy_định của pháp_luật . 

CHƯƠNG IV 

THANH_TRA , KIỂM_TRA ĐIỀU_KIỆN SẢN_XUẤT KINH_DOANH ;  KHIẾU_NẠI , TỐ_CÁO ;  KHEN_THƯỞNG VÀ XỬ_LÝ VI_PHẠM 

Điều 17 .  Thanh_tra , kiểm_tra hoạt_động_sản_xuất kinh_doanh các ngành , nghề thủy_sản 

1 . Bộ Thủy_sản , các Bộ , ngành và Ủy_ban nhân_dân cấp tỉnh chịu trách_nhiệm tổ_chức thanh_tra , kiểm_tra hoạt_động kinh_doanh các ngành , nghề thủy_sản và xử_lý vi_phạm theo thẩm_quyền . 

2 . Nội_dung thanh_tra , kiểm_tra bao_gồm các việc chấp_hành quy_định của Nghị_định này và việc thực_hiện các cam_kết với cơ_quan quản_lý nhà_nước có thẩm_quyền khi đăng_ký kinh_doanh . 

3 . Việc tiến_hành thanh_tra , kiểm_tra điều_kiện kinh_doanh các ngành , nghề thủy_sản phải tuân_thủ quy_định của pháp_luật . 

Điều 18 .  Khiếu_nại , tố_cáo 

1 . Tổ_chức , cá_nhân có quyền khiếu_nại đối_với quyết_định của người có thẩm_quyền trong việc thực_hiện các quy_định của Nghị_định này theo quy_định của pháp_luật về khiếu_nại , tố_cáo . 

2 . Cá_nhân có quyền tố_cáo với các cơ_quan nhà_nước có thẩm_quyền về những hành_vi vi_phạm các quy_định của Nghị_định này của các tổ_chức , cá_nhân khác ;  về hành_vi trái pháp_luật của người thuộc cơ_quan quản_lý nhà_nước theo quy_định của pháp_luật về khiếu_nại , tố_cáo . 

Điều 19 .  Khen_thưởng và xử_lý vi_phạm 

1 . Tổ_chức , cá_nhân có thành_tích trong việc thực_hiện Nghị_định này sẽ được khen_thưởng theo quy_định của pháp_luật về thi_đua khen_thưởng . 

2 . Mọi hành_vi vi_phạm các quy_định của Nghị_định này thì tùy theo tính_chất , mức_độ vi_phạm mà bị xử_phạt hành_chính hoặc truy_cứu trách_nhiệm hình_sự ;  nếu gây thiệt_hại thì phải bồi_thường theo quy_định của pháp_luật . 

3 . Người nào lợi_dụng chức_vụ , quyền_hạn làm trái với những quy_định của Nghị_định này và các quy_định khác của pháp_luật có liên_quan , thì tùy theo tính_chất , mức_độ vi_phạm mà bị xử_lý kỷ_luật hoặc truy_cứu trách_nhiệm hình_sự , nếu gây thiệt_hại thì phải bồi_thường theo quy_định của pháp_luật . 

CHƯƠNG_V 

ĐIỀU_KHOẢN THI_HÀNH 

Điều 20 .  Hiệu_lực thi_hành 

1 . Nghị_định này có hiệu_lực thi_hành sau 15 ngày , kể từ ngày đăng Công_báo . 

2 . Nghị_định này thay_thế <NĐ rel="BTT"> Nghị_định số 86/2001/NĐ-CP ngày 16 tháng 11 năm 2001 </NĐ> của Chính_phủ về điều_kiện kinh_doanh các ngành_nghề thủy_sản .
Điều 21 .  Trách_nhiệm hướng_dẫn và thi_hành 

1 . Bộ Thủy_sản có trách_nhiệm hướng_dẫn việc thi_hành Nghị_định này . 

2 . Các Bộ_trưởng , Thủ_trưởng cơ_quan ngang Bộ , Thủ_trưởng cơ_quan thuộc Chính_phủ , Chủ_tịch Ủy_ban nhân_dân các tỉnh , thành_phố trực_thuộc Trung_ương chịu trách_nhiệm thi_hành Nghị_định này ./. 