Nghị định Quy định chi tiết và hướng dẫn thi hành một số điều của Luật Bảo hiểm xã hội về bảo hiểm xã hội bắt buộc đối với quân nhân, công an nhân dân và người làm công tác cơ yếu hưởng lương như đối với quân nhân

Căn_cứ <L rel="CC"> Luật Tổ_chức Chính_phủ ngày 19 tháng 6 năm 2015 </L> ;
Căn_cứ <L rel="CC"> Luật_Bảo_hiểm_xã_hội ngày 20 tháng 11 năm 2014 </L> ;
Điều 10 .  Bảo_hiểm_xã_hội một lần 

1 . Người lao_động quy_định tại Khoản 1 và Khoản 2 Điều 2 Nghị_định này khi phục_viên , xuất_ngũ , thôi_việc mà có yêu_cầu thì được hưởng bảo_hiểm_xã_hội một lần nếu thuộc một trong các trường_hợp sau : 

a ) Không đủ điều_kiện hưởng lương hưu hằng tháng theo quy_định tại Khoản 2 Điều 54 hoặc Khoản 2 Điều 55 <L rel="DaC"> Luật_Bảo_hiểm_xã_hội </L> hoặc Điều 8 Nghị_định này và không tiếp_tục tham_gia_bảo_hiểm_xã_hội tự_nguyện ;
b ) Đủ điều_kiện hưởng lương hưu hằng tháng theo quy_định tại Khoản 2 Điều 54 hoặc Khoản 2 Điều 55 <L rel="DaC"> Luật_Bảo_hiểm_xã_hội </L> hoặc Điều 8 Nghị_định này nhưng ra nước_ngoài để định_cư hoặc đang bị mắc một trong những bệnh nguy_hiểm đến tính_mạng như ung_thư , bại_liệt , xơ_gan cổ chướng , phong , lao nặng , nhiễm HIV đã chuyển sang giai_đoạn AIDS và những bệnh khác theo quy_định của Bộ Y_tế .
2 . Mức hưởng bảo_hiểm_xã_hội một lần được tính theo số năm đã đóng bảo_hiểm_xã_hội , cứ mỗi năm được tính như sau : 

a ) 1,5 tháng mức bình_quân tiền_lương tháng đóng bảo_hiểm_xã_hội cho những năm đóng trước năm 2014 ; 

b ) 02 tháng mức bình_quân tiền_lương tháng đóng bảo_hiểm_xã_hội cho những năm đóng từ năm 2014 trở đi ; 

c ) Trường_hợp thời_gian đóng bảo_hiểm_xã_hội chưa đủ 01 năm thì mức hưởng bảo_hiểm_xã_hội bằng số tiền đã đóng , mức tối_đa bằng 02 tháng mức bình_quân tiền_lương tháng đóng bảo_hiểm_xã_hội . 

3 . Mức hưởng bảo_hiểm_xã_hội một lần theo quy_định tại Khoản 2 Điều này không bao_gồm số tiền Nhà_nước hỗ_trợ đóng bảo_hiểm_xã_hội tự_nguyện . 

4 . Thời_điểm tính hưởng bảo_hiểm_xã_hội một lần là thời_điểm ghi trong quyết_định của người sử_dụng lao_động . 

5 . Hồ_sơ , giải_quyết hưởng bảo_hiểm_xã_hội một lần thực_hiện theo quy_định tại Điều 109 và Khoản 3 , Khoản 4 Điều 110 <L rel="DaC"> Luật_Bảo_hiểm_xã_hội </L> .
Điều 11 .  Mức bình_quân tiền_lương tháng đóng bảo_hiểm_xã_hội để tính lương hưu , trợ_cấp một lần 

Mức bình_quân tiền_lương tháng đóng bảo_hiểm_xã_hội để tính lương hưu , trợ_cấp một lần theo Điều 62 <L rel="DaC"> Luật_Bảo_hiểm_xã_hội </L> , được quy_định như sau :
1 . Người lao_động quy_định tại Khoản 1 và Khoản 2 Điều 2 Nghị_định này thuộc đối_tượng thực_hiện chế_độ tiền_lương do Nhà_nước quy_định , có toàn_bộ thời_gian đóng bảo_hiểm_xã_hội theo chế_độ tiền_lương này thì tính bình_quân tiền_lương tháng trước khi nghỉ hưu hoặc phục_viên , xuất_ngũ , thôi_việc như sau : 

a ) Bắt_đầu tham_gia_bảo_hiểm_xã_hội trước ngày 01 tháng 01 năm 1995 , tính bình_quân tiền_lương tháng đóng bảo_hiểm_xã_hội của 05 năm cuối trước khi nghỉ hưu hoặc phục_viên , xuất_ngũ , thôi_việc ; 

b ) Bắt_đầu tham_gia_bảo_hiểm_xã_hội trong khoảng thời_gian từ ngày 01 tháng 01 năm 1995 đến ngày 31 tháng 12 năm 2000 , tính bình_quân tiền_lương tháng đóng bảo_hiểm_xã_hội của 06 năm cuối trước khi nghỉ hưu hoặc phục_viên , xuất_ngũ , thôi_việc ; 

c ) Bắt_đầu tham_gia_bảo_hiểm_xã_hội trong khoảng thời_gian từ ngày 01 tháng 01 năm 2001 đến ngày 31 tháng 12 năm 2006 , tính bình_quân tiền_lương tháng đóng bảo_hiểm_xã_hội của 08 năm cuối trước khi nghỉ hưu hoặc phục_viên , xuất_ngũ , thôi_việc ; 

d ) Bắt_đầu tham_gia_bảo_hiểm_xã_hội trong khoảng thời_gian từ ngày 01 tháng 01 năm 2007 đến ngày 31 tháng 12 năm 2015 , tính bình_quân tiền_lương tháng đóng bảo_hiểm_xã_hội của 10 năm cuối trước khi nghỉ hưu hoặc phục_viên , xuất_ngũ , thôi_việc ; 

đ ) Bắt_đầu tham_gia_bảo_hiểm_xã_hội trong khoảng thời_gian từ ngày 01 tháng 01 năm 2016 đến ngày 31 tháng 12 năm 2019 , tính bình_quân tiền_lương tháng đóng bảo_hiểm_xã_hội của 15 năm cuối trước khi nghỉ hưu hoặc phục_viên , xuất_ngũ , thôi_việc ; 

e ) Bắt_đầu tham_gia_bảo_hiểm_xã_hội trong khoảng thời_gian từ ngày 01 tháng 01 năm 2020 đến ngày 31 tháng 12 năm 2024 , tính bình_quân tiền_lương tháng đóng bảo_hiểm_xã_hội của 20 năm cuối trước khi nghỉ hưu ; 

g ) Bắt_đầu tham_gia_bảo_hiểm_xã_hội từ ngày 01 tháng 01 năm 2025 trở đi , tính bình_quân tiền_lương tháng đóng bảo_hiểm_xã_hội của toàn_bộ thời_gian . 

2 . Người lao_động quy_định tại Khoản 1 và Khoản 2 Điều 2 Nghị_định này vừa có thời_gian đóng bảo_hiểm_xã_hội theo chế_độ tiền_lương do Nhà_nước quy_định , vừa có thời_gian đóng bảo_hiểm_xã_hội theo chế_độ tiền_lương do người sử_dụng lao_động quyết_định thì tính bình_quân tiền_lương tháng đóng bảo_hiểm_xã_hội chung của các thời_gian .  Trong đó , thời_gian đóng bảo_hiểm_xã_hội theo chế_độ tiền_lương do Nhà_nước quy_định được tính bình_quân tiền_lương tháng đóng bảo_hiểm_xã_hội theo quy_định tại Khoản 1 Điều này căn_cứ vào thời_điểm bắt_đầu tham_gia_bảo_hiểm_xã_hội bắt_buộc ;  trường_hợp chưa đủ số năm quy_định tại Khoản 1 nêu trên thì tính bình_quân tiền_lương tháng của các tháng đã đóng bảo_hiểm_xã_hội ;  thời_gian đóng bảo_hiểm_xã_hội theo chế_độ tiền_lương do người sử_dụng lao_động quyết_định thì tính bình_quân tiền_lương tháng đóng bảo_hiểm_xã_hội của toàn_bộ thời_gian . 

3 . Người lao_động quy_định tại Khoản 1 và Khoản 2 Điều 2 Nghị_định này đã chuyển sang ngạch công_nhân , viên_chức quốc_phòng , công_an , cơ_yếu hoặc chuyển ngành sang làm_việc trong biên_chế tại các cơ_quan nhà_nước , tổ_chức chính_trị , tổ_chức chính_trị-xã_hội , hưởng lương từ ngân_sách nhà_nước hoặc chuyển ngành sang doanh_nghiệp thuộc đối_tượng thực_hiện chế_độ tiền_lương do Nhà_nước quy_định rồi mới nghỉ hưu thì cách tính lương hưu thực_hiện như sau : 

a ) Trường_hợp , người lao_động chuyển ngành sang các ngành_nghề không được hưởng phụ_cấp thâm_niên nghề và trong tiền_lương tháng đóng bảo_hiểm_xã_hội làm căn_cứ tính lương hưu không có phụ_cấp thâm_niên nghề thì được lấy mức bình_quân tiền_lương tháng làm căn_cứ đóng bảo_hiểm_xã_hội tại thời_điểm nghỉ hưu , cộng thêm khoản phụ_cấp thâm_niên nghề ( nếu đã được hưởng ) tính theo thời_gian phục_vụ tại_ngũ của mức lương sĩ_quan , quân_nhân chuyên_nghiệp quân_đội nhân_dân và sĩ_quan , hạ_sĩ_quan công_an nhân_dân hoặc phụ_cấp thâm_niên nghề tính theo thời_gian làm_việc trong tổ_chức cơ_yếu tại thời_điểm liền kề trước khi chuyển ngành , được chuyển_đổi theo chế_độ tiền_lương quy_định tại thời_điểm nghỉ hưu để làm cơ_sở tính lương hưu ; 

b ) Trường_hợp , người lao_động chuyển ngành sang các ngành_nghề được hưởng phụ_cấp thâm_niên nghề và trong tiền_lương tháng đóng bảo_hiểm_xã_hội làm căn_cứ tính lương hưu đã có phụ_cấp thâm_niên nghề thì mức bình_quân tiền_lương tháng đóng bảo_hiểm_xã_hội để tính lương hưu thực_hiện theo quy_định tại Khoản 1 Điều này ; 

c ) Trường_hợp , người lao_động đã chuyển ngành rồi nghỉ hưu mà khi nghỉ hưu có mức lương_hưu tính theo Điểm a , Điểm b Khoản này thấp hơn mức lương_hưu tính theo mức lương bình_quân tại thời_điểm chuyển ngành thì được lấy mức bình_quân tiền_lương tháng tại thời_điểm chuyển ngành và được chuyển_đổi theo chế_độ tiền_lương quy_định tại thời_điểm nghỉ hưu để làm cơ_sở tính lương hưu . 

Điều 12 .  Chế_độ hưu_trí đối_với người lao_động đóng bảo_hiểm_xã_hội bắt_buộc trước đó có thời_gian đóng bảo_hiểm_xã_hội tự_nguyện 

Chế_độ hưu_trí đối_với người lao_động quy_định tại Khoản 1 và Khoản 2 Điều 2 Nghị_định này mà trước đó có thời_gian đóng bảo_hiểm_xã_hội tự_nguyện theo Điều 71 <L rel="DaC"> Luật_Bảo_hiểm_xã_hội </L> , được quy_định như sau :
1 . Thời_gian để tính hưởng chế_độ hưu_trí là tổng thời_gian đã đóng bảo_hiểm_xã_hội tự_nguyện với thời_gian đã đóng bảo_hiểm_xã_hội bắt_buộc . 

2 . Người lao_động có tổng thời_gian đã đóng bảo_hiểm_xã_hội tự_nguyện với thời_gian đã đóng bảo_hiểm_xã_hội bắt_buộc từ đủ 20 năm trở lên thì điều_kiện về tuổi_đời để hưởng lương hưu là nam đủ 55 tuổi và nữ đủ 50 tuổi , trừ trường_hợp quy_định tại Khoản 5 Điều này . 

3 . Mức lương hưu hằng tháng được tính bằng tỷ_lệ phần_trăm hưởng lương hưu hằng tháng_nhân với mức bình_quân thu_nhập và tiền_lương tháng đóng bảo_hiểm_xã_hội quy_định tại Khoản 4 Điều này . 

4 . Mức bình_quân thu_nhập và tiền_lương tháng đóng bảo_hiểm_xã_hội để tính hưởng lương hưu và chế_độ trợ_cấp một lần được tính theo công_thức sau : 

Mức bình_quân thu_nhập và tiền_lương tháng đóng bảo_hiểm_xã_hội 

= 

Tổng các mức thu_nhập tháng đóng bảo_hiểm_xã_hội 

tự_nguyện 

+ 

Mức bình_quân tiền_lương tháng đóng bảo_hiểm_xã_hội 

bắt_buộc 

x 

Tổng_số tháng đóng bảo_hiểm_xã_hội bắt_buộc 

Tổng_số tháng đóng bảo_hiểm_xã_hội tự_nguyện 

Trong đó : 

a ) Mức thu_nhập tháng đóng bảo_hiểm_xã_hội tự_nguyện là mức thu_nhập tháng đã đóng bảo_hiểm_xã_hội tự_nguyện được điều_chỉnh theo quy_định tại Khoản 2 Điều 79 <L rel="DaC"> Luật_Bảo_hiểm_xã_hội </L> ;
b ) Mức bình_quân tiền_lương tháng đóng bảo_hiểm_xã_hội bắt_buộc được tính theo quy_định tại Điều 11 Nghị_định này . 

5 . Người lao_động có từ đủ 20 năm đóng bảo_hiểm_xã_hội bắt_buộc trở lên thì điều_kiện về tuổi_đời để hưởng lương hưu hằng tháng thực_hiện theo quy_định tại Điều 8 Nghị_định này hoặc Khoản 2 Điều 54 hoặc Khoản 2 Điều 55 <L rel="DaC"> Luật_Bảo_hiểm_xã_hội </L> . Mức lương hưu hằng tháng thấp nhất bằng mức lương cơ_sở .
6 . Mức trợ_cấp một lần khi nghỉ hưu được tính theo quy_định tại Điều 58 <L rel="DaC"> Luật_Bảo_hiểm_xã_hội </L> , cứ mỗi năm đóng bảo_hiểm_xã_hội cao hơn số năm tương_ứng với tỷ_lệ phần_trăm hưởng lương hưu hằng tháng tối_đa 75 % được tính hưởng trợ_cấp một lần bằng 0,5 tháng mức bình_quân thu_nhập và tiền_lương tháng đóng bảo_hiểm_xã_hội quy_định tại Khoản 4 Điều này .
Mục 3 

CHẾ_ĐỘ TỬ_TUẤT 

Điều 13 .  Chế_độ tử_tuất đối_với thân_nhân của người lao_động chết mà trước đó có thời_gian đóng bảo_hiểm_xã_hội tự_nguyện 

Chế_độ tử_tuất đối_với thân_nhân của người lao_động quy_định tại Khoản 1 và Khoản 2 Điều 2 Nghị_định này chết mà trước đó có thời_gian đóng bảo_hiểm_xã_hội tự_nguyện theo Điều 71 <L rel="DaC"> Luật_Bảo_hiểm_xã_hội </L> , được quy_định như sau :
1 . Thời_gian tính hưởng chế_độ tử_tuất là tổng thời_gian đã đóng bảo_hiểm_xã_hội tự_nguyện với thời_gian đã đóng bảo_hiểm_xã_hội bắt_buộc . 

2 . Người lo mai_táng được nhận trợ_cấp mai_táng bằng 10 lần mức lương cơ_sở tại thời_điểm người lao_động chết thuộc một trong các trường_hợp sau : 

a ) Người lao_động có thời_gian đóng bảo_hiểm_xã_hội bắt_buộc từ đủ 12 tháng trở lên ; 

b ) Người lao_động có tổng thời_gian đã đóng bảo_hiểm_xã_hội bắt_buộc với thời_gian đã đóng_bảọ hiểm_xã_hội tự_nguyện từ đủ 60 tháng trở lên ; 

c ) Người lao_động chết do tai_nạn lao_động , bệnh nghề_nghiệp hoặc chết trong thời_gian điều_trị do tai_nạn lao_động , bệnh nghề_nghiệp ; 

d ) Người đang hưởng lương hưu ;  hưởng trợ_cấp tai_nạn lao_động , bệnh nghề_nghiệp hằng tháng đã nghỉ_việc . 

3 . Người lao_động quy_định tại Điểm a , b và d Khoản 2 Điều này nếu bị Tòa_án tuyên_bố là đã chết thì thân_nhân được hưởng trợ_cấp mai_táng bằng 10 lần mức lương cơ_sở tại thời_điểm Tòa_án tuyên_bố là đã chết . 

4 . Người lao_động bị chết thuộc một trong các trường_hợp dưới đây thì thân_nhân đủ điều_kiện theo quy_định tại Khoản 2 và Khoản 3 Điều 67 <L rel="DaC"> Luật_Bảo_hiểm_xã_hội </L> , được hưởng trợ_cấp tuất hằng tháng , mức trợ_cấp tuất hằng tháng được thực_hiện theo quy_định tại Điều 68 <L rel="DaC"> Luật_Bảo_hiểm_xã_hội </L> :
a ) Đã đóng bảo_hiểm_xã_hội bắt_buộc từ đủ 15 năm trở lên ; 

Trường_hợp người lao_động còn thiếu tối_đa không quá 06 tháng để đủ 15 năm đóng bảo_hiểm_xã_hội bắt_buộc mà thân_nhân có nguyện_vọng hưởng trợ_cấp tuất hằng tháng thì được đóng tiếp một lần cho số tháng còn thiếu vào quỹ hưu_trí và tử_tuất với mức đóng hằng tháng bằng 22 % mức tiền_lương tháng đóng bảo_hiểm_xã_hội bắt_buộc của người lao_động trước khi chết . 

b ) Chết do tai_nạn lao_động , bệnh nghề_nghiệp hoặc chết trong thời_gian điều_trị do tai_nạn lao_động , bệnh nghề_nghiệp ; 

c ) Đang hưởng trợ_cấp tai_nạn lao_động , bệnh nghề_nghiệp hằng tháng với mức suy_giảm khả_năng lao_động từ 61 % trở lên ; 

d ) Đang hưởng lương hưu mà trước đó có thời_gian đóng bảo_hiểm_xã_hội bắt_buộc từ đủ 15 năm trở lên . 

5 . Thân_nhân của người lao_động bị chết được hưởng trợ_cấp tuất một lần thuộc một trong các trường_hợp sau : 

a ) Người lao_động chết không thuộc quy_định tại Khoản 4 Điều này ; 

b ) Người lao_động chết thuộc một trong các trường_hợp quy_định tại Khoản 4 Điều này nhưng không có hoặc không còn thân_nhân đủ điều_kiện hưởng trợ_cấp tuất hằng tháng theo quy_định tại Khoản 2 và Khoản 3 Điều 67 <L rel="DaC"> Luật_Bảo_hiểm_xã_hội </L> ;
c ) Thân_nhân thuộc diện hưởng trợ_cấp tuất hằng tháng theo quy_định tại Khoản 2 và Khoản 3 Điều 67 <L rel="DaC"> Luật_Bảo_hiểm_xã_hội </L> mà có nguyện_vọng hưởng trợ_cấp tuất một lần , trừ trường_hợp con dưới 06 tuổi , con hoặc vợ hoặc chồng mà bị suy_giảm khả_năng lao_động từ 81 % trở lên .
6 . Mức trợ_cấp tuất một lần 

a ) Người lao_động đang tham_gia_bảo_hiểm_xã_hội bắt_buộc hoặc đang bảo_lưu thời_gian đóng bảo_hiểm_xã_hội mà chết thì thân_nhân được nhận trợ_cấp tuất một lần tính theo quy_định tại Khoản 1 Điều 70 <L rel="DaC"> Luật_Bảo_hiểm_xã_hội </L> và được tính trên cơ_sở mức bình_quân thu_nhập và tiền_lương tháng đóng bảo_hiểm_xã_hội theo quy_định tại Khoản 4 Điều 12 Nghị_định này ;
b ) Người đang hưởng lương hưu mà chết thì thân_nhân được nhận trợ_cấp tuất một lần tính theo quy_định tại Khoản 2 Điều 70 <L rel="DaC"> Luật_Bảo_hiểm_xã_hội </L> ;
c ) Người lao_động đang hưởng trợ_cấp tai_nạn lao_động , bệnh nghề_nghiệp hằng tháng với mức suy_giảm khả_năng lao_động từ 61 % trở lên mà chưa hưởng bảo_hiểm_xã_hội một lần , nếu chết thì thân_nhân được nhận trợ_cấp tuất một lần như đối_với người đang bảo_lưu thời_gian đóng bảo_hiểm_xã_hội ; 

d ) Người lao_động đang hưởng trợ_cấp tai_nạn lao_động , bệnh nghề_nghiệp hằng tháng , đã hưởng bảo_hiểm_xã_hội một lần , nếu chết thì thân_nhân được nhận trợ_cấp tuất một lần 03 tháng trợ_cấp tai_nạn lao_động , bệnh nghề_nghiệp đang hưởng . 

7 . Giải_quyết trợ_cấp tuất hằng tháng đối_với thân_nhân là thành_viên khác và trợ_cấp tuất một lần được thực_hiện như sau : 

a ) Thân_nhân là thành_viên khác trong gia_đình quy_định tại Điểm d Khoản 2 Điều 67 <L rel="DaC"> Luật_Bảo_hiểm_xã_hội </L> mà chưa đủ 18 tuổi được hưởng trợ_cấp tuất hằng tháng cho đến khi đủ 18 tuổi , không cần điều_kiện bị suy_giảm khả_năng lao_động từ 81 % trở lên ;
b ) Người lao_động chết mà không có thân_nhân theo quy_định tại Khoản 6 Điều 3 <L rel="DaC"> Luật_Bảo_hiểm_xã_hội </L> thì trợ_cấp tuất một lần được thực_hiện theo quy_định của pháp_luật về thừa_kế ;
c ) Người lao_động chết , thuộc trường_hợp hưởng trợ_cấp tuất một lần , nếu có nhiều thân_nhân thì các thân_nhân phải có biên_bản thống_nhất cử người đại_diện nhận trợ_cấp . 

Chương_III 

QUỸ BẢO_HIỂM XÃ_HỘI 

Điều 14 .  Mức đóng và phương_thức đóng bảo_hiểm_xã_hội trong Bộ Quốc_phòng , Bộ Công_an 

Mức đóng và phương_thức đóng bảo_hiểm_xã_hội theo Khoản 1 Điều 85 và Khoản 1 , Khoản 2 Điều 86 <L rel="DaC"> Luật_Bảo_hiểm_xã_hội </L> , được quy_định như sau :
1 . Người lao_động quy_định tại Khoản 1 và Khoản 4 ( đối_với người lao_động hưởng tiền_lương ) Điều 2 Nghị_định này đóng 8 % mức tiền_lương tháng vào quỹ hưu_trí và tử_tuất . 

2 . Người sử_dụng lao_động hằng tháng đóng trên tổng_quỹ tiền_lương đóng bảo_hiểm_xã_hội của người lao_động quy_định tại Khoản 1 và Khoản 4 ( đối_với người lao_động hưởng tiền_lương ) Điều 2 Nghị_định này , gồm : 

a ) Đóng 3 % vào quỹ ốm_đau và thai_sản ; 

b ) Đóng 1 % vào quỹ tai_nạn lao_động , bệnh nghề_nghiệp ; 

c ) Đóng 14 % vào quỹ hưu_trí và tử_tuất . 

3 . Người lao_động quy_định tại Khoản 1 và Khoản 4 ( đối_với người lao_động hưởng tiền_lương ) Điều 2 Nghị_định này nếu không làm_việc và không hưởng tiền_lương từ 14 ngày làm_việc trở lên trong tháng thì người lao_động và người sử_dụng lao_động không đóng bảo_hiểm_xã_hội của tháng đó .  Thời_gian này không được tính để hưởng chế_độ bảo_hiểm_xã_hội , trừ trường_hợp nghỉ_việc hưởng chế_độ thai_sản . 

4 . Người sử_dụng lao_động đóng bảo_hiểm_xã_hội bắt_buộc trên mức lương cơ_sở đối_với người lao_động quy_định tại Khoản 2 và Khoản 4 ( đối_với người lao_động hưởng phụ_cấp quân_hàm hoặc sinh hoạt_phí ) Điều 2 Nghị_định này , gồm : 

a ) Đóng 1 % vào quỹ tai_nạn lao_động , bệnh nghề_nghiệp ; 

b ) Đóng 22 % vào quỹ hưu_trí và tử_tuất . 

5 . Người lao_động quy_định tại Khoản 3 Điều 2 Nghị_định này được cấp có thẩm_quyền cho phép ra nước_ngoài theo chế_độ phu_nhân , phu_quân tại cơ_quan đại_diện Việt_Nam ở nước_ngoài thì mức đóng bảo_hiểm_xã_hội hằng tháng vào quỹ hưu_trí và tử_tuất như sau : 

a ) Bằng 22 % mức tiền_lương tháng của người lao_động đóng bảo_hiểm_xã_hội bắt_buộc tại tháng liền kề trước khi ra nước_ngoài đối_với người đã có quá_trình tham_gia_bảo_hiểm_xã_hội bắt_buộc ; 

b ) Bằng 22 % của 02 lần mức lương cơ_sở đối_với người lao_động chưa tham_gia_bảo_hiểm_xã_hội bắt_buộc hoặc đã tham_gia_bảo_hiểm_xã_hội bắt_buộc nhưng đã hưởng bảo_hiểm_xã_hội một lần . 

Cơ_quan , đơn_vị trực_tiếp_quản_lý người lao_động có phu_nhân hoặc phu_quân , hằng tháng chịu trách_nhiệm thu tiền đóng bảo_hiểm_xã_hội bắt_buộc nêu trên , chuyển vào quỹ hưu_trí và tử_tuất của Bảo_hiểm_xã_hội Bộ Quốc_phòng , Bảo_hiểm_xã_hội Bộ Công_an theo quy_định . Đồng_thời , thực_hiện thủ_tục đăng_ký tham_gia_bảo_hiểm_xã_hội theo quy_định tại Khoản 1 Điều 97 và Khoản 1 Điều 99 <L rel="DaC"> Luật_Bảo_hiểm_xã_hội </L> .
6 . Hằng tháng , Bảo_hiểm_xã_hội Bộ Quốc_phòng , Bảo_hiểm_xã_hội Bộ Công_an có trách_nhiệm chuyển toàn_bộ số thu nêu trên vào quỹ bảo_hiểm_xã_hội do Bảo_hiểm_xã_hội Việt_Nam thống_nhất quản_lý . 

Điều 15 .  Tiền_lương tháng đóng bảo_hiểm_xã_hội bắt_buộc 

Tiền_lương tháng đóng bảo_hiểm_xã_hội bắt_buộc đối_với người lao_động quy_định tại Khoản 1 và Khoản 2 Điều 2 Nghị_định này theo Điều 89 <L rel="DaC"> Luật_Bảo_hiểm_xã_hội </L> , được quy_định như sau :
1 . Người lao_động quy_định tại Khoản 1 Điều 2 Nghị_định này thì tiền_lương tháng đóng bảo_hiểm_xã_hội là tiền_lương theo cấp_bậc quân_hàm , ngạch , bậc , và các khoản phụ_cấp chức_vụ , phụ_cấp thâm_niên nghề , phụ_cấp thâm_niên vượt khung ( nếu có ) .  Tiền_lương này được tính trên cơ_sở mức lương cơ_sở do Chính_phủ quy_định ở từng giai_đoạn . 

2 . Trường_hợp người lao_động quy_định tại Khoản 1 Điều 2 Nghị_định này được cấp có thẩm_quyền cử biệt_phái sang làm_việc tại các cơ_quan , tổ_chức ngoài Quân_đội , công_an , cơ_yếu hoặc được cử sang làm_việc tại các doanh_nghiệp , liên_doanh của Quân_đội , công_an , cơ_yếu mà vẫn do cơ_quan , đơn_vị cũ quản_lý thì tiền_lương tháng đóng bảo_hiểm_xã_hội được thực_hiện theo quy_định tại Khoản 1 Điều này . 

3 . Trường_hợp người lao_động quy_định tại Khoản 1 Điều 2 Nghị_định này đang giữ chức_vụ lãnh_đạo ở một cơ_quan , đơn_vị trong Quân_đội , công_an , cơ_yếu ;  đồng_thời , được bầu_cử , bổ_nhiệm kiêm_nhiệm chức_danh lãnh_đạo ở cơ_quan , đơn_vị khác ( cả trong và ngoài Quân_đội , công_an , cơ_yếu ) thì được hưởng chế_độ phụ_cấp kiêm_nhiệm theo quy_định của pháp_luật về tiền_lương .  Tiền_lương tháng đóng bảo_hiểm_xã_hội được thực_hiện theo quy_định tại Khoản 1 Điều này . 

4 . Người lao_động quy_định tại Khoản 2 Điều 2 Nghị_định này thì tiền_lương tháng đóng bảo_hiểm_xã_hội tính trên mức lương cơ_sở do Chính_phủ quy_định ở từng giai_đoạn . 

Điều 16 .  Truy_thu , truy đóng bảo_hiểm_xã bắt_buộc 

Truy_thu , truy đóng tiền_lương tháng đóng bảo_hiểm_xã_hội bắt_buộc theo Khoản 4 Điều 89 <L rel="DaC"> Luật_Bảo_hiểm_xã_hội </L> đối_với người lao_động , người sử_dụng lao_động , trừ các trường_hợp quy_định tại Khoản 3 Điều 122 <L rel="DaC"> Luật_Bảo_hiểm_xã_hội </L> , được quy_định như sau :
1 . Truy_thu , truy đóng bảo_hiểm_xã_hội bắt_buộc đối_với người lao_động được điều_chỉnh tăng tiền_lương tháng đã đóng bảo_hiểm_xã_hội bắt_buộc . 

2 . Số tiền truy_thu , truy đóng bảo_hiểm_xã_hội bắt_buộc đối_với trường_hợp quy_định tại Khoản 1 Điều này không phải tính lãi chậm đóng . 

Trường_hợp sau 06 tháng kể từ ngày quy_định điều_chỉnh tăng tiền_lương tháng đóng bảo_hiểm_xã_hội bắt_buộc cho người lao_động có hiệu_lực hoặc mới thực_hiện truy đóng thì số tiền truy đóng bảo_hiểm_xã_hội được tính bao_gồm số tiền phải đóng bảo_hiểm_xã_hội bắt_buộc theo quy_định và tiền lãi truy đóng tính trên số tiền phải đóng .  Lãi_suất truy_thu , truy đóng bảo_hiểm_xã_hội được tính bằng lãi_suất đầu_tư quỹ bảo_hiểm_xã_hội bình_quân của năm trước liền kề của năm tính truy_thu , truy đóng bảo_hiểm_xã_hội . 

Hằng năm Bảo_hiểm_xã_hội Việt_Nam có trách_nhiệm công_bố lãi_suất đầu_tư quỹ bảo_hiểm_xã_hội . 

3 . Người sử_dụng lao_động có trách_nhiệm đóng đủ bảo_hiểm_xã_hội bắt_buộc , bao_gồm cả tiền lãi chậm đóng theo quy_định đối_với người lao_động đủ điều_kiện hưởng bảo_hiểm_xã_hội để kịp_thời giải_quyết chế_độ bảo_hiểm_xã_hội cho người lao_động . 

Điều 17 .  Tạm dừng đóng bảo_hiểm_xã_hội bắt_buộc 

Tạm dừng đóng bảo_hiểm_xã_hội bắt_buộc theo Điều 88 <L rel="DaC"> Luật_Bảo_hiểm_xã_hội </L> , được quy_định như sau :
1 . Các doanh_nghiệp trong Bộ Quốc_phòng , Bộ Công_an được tạm dừng đóng bảo_hiểm_xã_hội vào quỹ hưu_trí và tử_tuất trong các trường_hợp : 

a ) Tạm dừng sản_xuất , kinh_doanh từ 01 tháng trở lên do gặp khó_khăn khi thay_đổi cơ_cấu , công_nghệ hoặc do khủng_hoảng , suy_thoái kinh_tế hoặc thực_hiện chính_sách của Nhà_nước khi tái_cơ_cấu nền kinh_tế hoặc thực_hiện cam_kết quốc_tế ; 

b ) Gặp khó_khăn do thiên_tai , hỏa_hoạn , dịch_bệnh , mất_mùa . 

2 . Điều_kiện tạm dừng đóng vào quỹ hưu_trí và tử_tuất 

Người sử_dụng lao_động thuộc một trong các trường_hợp quy_định tại Khoản 1 Điều này , được tạm dừng đóng vào quỹ hưu_trí và tử_tuất khi có một trong các điều_kiện sau đây : 

a ) Không bố_trí được việc_làm cho người lao_động , trong đó số lao_động thuộc diện tham_gia_bảo_hiểm_xã_hội bắt_buộc phải tạm_thời nghỉ_việc từ 50 % trở lên trong tổng_số lao_động có_mặt trước khi tạm dừng sản_xuất , kinh_doanh ; 

b ) Bị thiệt_hại trên 50 % tổng giá_trị tài_sản do thiên_tai , hỏa_hoạn , dịch_bệnh , mất_mùa gây ra ( không kể giá_trị tài_sản là đất ) . 

3 . Thời_gian tạm dừng đóng vào quỹ hưu_trí và tử_tuất 

a ) Thời_gian tạm dừng đóng vào quỹ hưu_trí và tử_tuất được xác_định theo tháng và không quá 12 tháng .  Trong thời_gian tạm dừng đóng vào quỹ hưu_trí và tử_tuất , người sử_dụng lao_động vẫn phải đóng vào quỹ ốm_đau , thai_sản và quỹ tai_nạn lao_động , bệnh nghề_nghiệp ; 

Trong thời_gian tạm dừng đóng , nếu người lao_động đủ điều_kiện hưởng chế_độ hưu_trí hoặc tử_tuất thì người lao_động hoặc thân_nhân người lao_động và người sử_dụng lao_động thực_hiện đóng bù cho thời_gian tạm dừng đóng để giải_quyết chế_độ cho người lao_động hoặc thân_nhân người lao_động trong thời_gian tạm dừng đóng ; 

b ) Hết thời_hạn tạm dừng đóng theo quy_định tại Điểm a Khoản này , người sử_dụng lao_động và người lao_động tiếp_tục đóng bảo_hiểm_xã_hội và đóng bù cho thời_gian tạm dừng đóng . Số tiền đóng bù không phải tính lãi chậm đóng theo quy_định tại Khoản 3 Điều 122 <L rel="DaC"> Luật_Bảo_hiểm_xã_hội </L> .
4 . Bảo_hiểm_xã_hội Bộ Quốc_phòng , Bảo_hiểm_xã_hội Bộ Công_an giải_quyết tạm dừng đóng vào quỹ hưu_trí và tử_tuất đối_với người lao_động và người sử_dụng lao_động đảm_bảo điều_kiện quy_định tại các Khoản 1 , 2 và 3 Điều này .  Thời_điểm tạm dừng đóng vào quỹ hưu_trí và tử_tuất tính từ tháng Bảo_hiểm_xã_hội Bộ Quốc_phòng , Bảo_hiểm_xã_hội Bộ Công_an nhận được văn_bản đề_nghị của người sử_dụng lao_động theo dấu của bưu_điện hoặc dấu của quân_bưu . 

5 . Tạm dừng đóng bảo_hiểm_xã_hội đối_với người lao_động tham_gia_bảo_hiểm_xã_hội bắt_buộc quy_định tại Khoản 1 và Khoản 2 Điều 2 Nghị_định này mà bị tạm giam được thực_hiện như sau : 

a ) Người lao_động quy_định tại Khoản 1 và Khoản 2 Điều 2 Nghị_định này mà bị tạm giam thì người lao_động và người sử_dụng lao_động được tạm dừng đóng bảo_hiểm_xã_hội ; 

b ) Sau thời_gian tạm giam , nếu được cơ_quan có thẩm_quyền xác_định bị oan , sai thì người lao_động và người sử_dụng lao_động thực_hiện việc đóng bù bảo_hiểm_xã_hội cho thời_gian bị tạm giam ; số tiền đóng bù không phải tính lãi chậm đóng theo quy_định tại Khoản 3 Điều 122 <L rel="DaC"> Luật_Bảo_hiểm_xã_hội </L> ;
c ) Trường_hợp cơ_quan có thẩm_quyền xác_định người lao_động là có tội thì không thực_hiện việc đóng bù bảo_hiểm_xã_hội cho thời_gian bị tạm giam . 

6 . Bộ_trưởng Bộ Quốc_phòng , Bộ_trưởng Bộ Công_an quy_định thẩm_quyền , trình_tự , thủ_tục xác_định số lao_động thuộc diện tham_gia_bảo_hiểm_xã_hội tạm_thời nghỉ_việc , giá_trị tài_sản bị thiệt_hại quy_định tại Khoản 2 Điều này . 

Điều 18 .  Sử_dụng quỹ bảo_hiểm_xã_hội 

Sử_dụng quỹ bảo_hiểm_xã_hội theo Điều 84 <L rel="DaC"> Luật_Bảo_hiểm_xã_hội </L> , được quy_định như sau :
1 . Phần quỹ bảo_hiểm_xã_hội do Bảo_hiểm_xã_hội Việt_Nam quản_lý , chuyển cho Bảo_hiểm_xã_hội Bộ Quốc_phòng , Bảo_hiểm_xã_hội Bộ Công_an sử_dụng để chi_trả các chế_độ bảo_hiểm_xã_hội bắt_buộc theo quy_định tại Chương III <L rel="DaC"> Luật_Bảo_hiểm_xã_hội </L> đối_với người lao_động đang phục_vụ trong Quân_đội , công_an , cơ_yếu , bao_gồm :
a ) Chế_độ ốm_đau ; 

b ) Chế_độ thai_sản ; 

c ) Chế_độ tai_nạn lao_động , bệnh nghề_nghiệp ; 

d ) Trợ_cấp một lần khi nghỉ hưu và trợ_cấp bảo_hiểm_xã_hội một lần ; 

đ ) Mai_táng phí và trợ_cấp tuất một lần ; 

e ) Trả phí khám giám_định_mức suy_giảm khả_năng lao_động đối_với trường_hợp không do người sử_dụng lao_động giới_thiệu đi giám_định_mức suy_giảm khả_năng lao_động mà kết_quả giám_định đủ điều_kiện hưởng chế_độ bảo_hiểm_xã_hội ; 

g ) Đóng_bảo_hiểm_y_tế cho người lao_động đang tham_gia_bảo_hiểm_xã_hội nghỉ_việc hưởng trợ_cấp thai_sản khi sinh con hoặc nhận nuôi con_nuôi dưới 06 tháng tuổi hoặc nghỉ_việc hưởng trợ_cấp ốm_đau đối_với người lao_động bị mắc bệnh thuộc danh_mục bệnh cần chữa_trị dài ngày do Bộ Y_tế ban_hành . 

2 . Chi_phí quản_lý công_tác bảo_hiểm_xã_hội trong Bộ Quốc_phòng , Bộ Công_an , bao_gồm : 

a ) Chi đầu_tư phát_triển và chi thường_xuyên của cơ_quan Bảo_hiểm_xã_hội Bộ Quốc_phòng , Bảo_hiểm_xã_hội Bộ Công_an do Bộ Quốc_phòng và Bộ Công_an đảm_bảo trong dự_toán chi ngân_sách Nhà_nước được giao hằng năm ; 

b ) Hỗ_trợ chi_phí quản_lý theo Quyết_định của Thủ_tướng Chính_phủ về quản_lý_tài_chính đối_với Bảo_hiểm_xã_hội Việt_Nam . 

3 . Bảo_hiểm_xã_hội Bộ Quốc_phòng , Bảo_hiểm_xã_hội Bộ Công_an thực_hiện chế_độ thống_kê , kế_toán , thanh quyết_toán với Bảo_hiểm_xã_hội Việt_Nam theo quy_định hiện_hành . 

Điều 20 .  Nhiệm_vụ tổ_chức thực_hiện bảo_hiểm_xã_hội trong Bộ Quốc_phòng , Bộ Công_an 

1 . Xây_dựng kế_hoạch công_tác bảo_hiểm_xã_hội dài_hạn , trung_hạn và hằng năm trong Bộ Quốc_phòng , Bộ Công_an . 

2 . Hằng năm , lập kế_hoạch thu , chi bảo_hiểm_xã_hội và quyết_toán thu , chi bảo_hiểm_xã_hội với các đơn_vị trong Bộ Quốc_phòng , Bộ Công_an và Bảo_hiểm_xã_hội Việt_Nam . 

3 . Tuyên_truyền , phổ_biến chính_sách , pháp_luật về bảo_hiểm_xã_hội , bảo_hiểm_y_tế , bảo_hiểm_thất_nghiệp trong Bộ Quốc_phòng , Bộ Công_an . 

4 . Trực_tiếp_thu bảo_hiểm_xã_hội , bảo_hiểm_y_tế , bảo_hiểm_thất_nghiệp theo quy_định đối_với người lao_động trong các cơ_quan , đơn_vị , doanh_nghiệp , đơn_vị sự_nghiệp công_lập thuộc Bộ Quốc_phòng , Bộ Công_an và nộp về Bảo_hiểm_xã_hội Việt_Nam ;  tổ_chức quản_lý phần quỹ bảo_hiểm_xã_hội sử_dụng trong Bộ Quốc_phòng , Bộ Công_an để bảo_đảm thực_hiện đầy_đủ , kịp_thời các chế_độ bảo_hiểm_xã_hội cho người lao_động khi đang làm_việc và trước khi nghỉ_việc hay chuyển ngành . 

5 . Cấp sổ bảo_hiểm_xã_hội , thẻ bảo_hiểm_y_tế cho người lao_động làm_việc trong các cơ_quan , đơn_vị , doanh_nghiệp , đơn_vị sự_nghiệp công_lập thuộc Bộ Quốc_phòng , Bộ Công_an ;  xác_nhận và bảo_lưu thời_gian đóng bảo_hiểm_xã_hội khi họ nghỉ_việc mà không hưởng trợ_cấp bảo_hiểm_xã_hội một lần .  Cấp thẻ bảo_hiểm_y_tế cho thân_nhân quân_nhân , công_nhân và viên_chức quốc_phòng đang công_tác trong Quân_đội . 

6 . Tiếp_nhận , xét_duyệt hồ_sơ bảo_hiểm_xã_hội , bảo_hiểm_y_tế ;  giải_quyết chế_độ bảo_hiểm_xã_hội , bảo_hiểm_y_tế cho người lao_động trong các cơ_quan , đơn_vị , doanh_nghiệp , đơn_vị sự_nghiệp công_lập thuộc Bộ Quốc_phòng , Bộ Công_an ;  giới_thiệu về bảo_hiểm_xã_hội các tỉnh , thành_phố để hưởng lương hưu hằng tháng , trợ_cấp tai_nạn lao_động , bệnh nghề_nghiệp hằng tháng hoặc thân_nhân hưởng trợ_cấp tuất hằng tháng . 

7 . Ứng_dụng công_nghệ thông_tin trong quản_lý các đối_tượng tham_gia_bảo_hiểm_xã_hội , bảo_hiểm_y_tế , bảo_hiểm_thất_nghiệp ;  lưu_trữ hồ_sơ của người tham_gia_bảo_hiểm_xã_hội , bảo_hiểm_y_tế , bảo_hiểm_thất_nghiệp theo quy_định của pháp_luật . 

8 . Thực_hiện công_tác thống_kê , kế_toán tài_chính về bảo_hiểm_xã_hội , bảo_hiểm_y_tế , bảo_hiểm_thất_nghiệp . 

9 . Giải_quyết kịp_thời các khiếu_nại , tố_cáo về bảo_hiểm_xã_hội trong Bộ Quốc_phòng , Bộ Công_an .  Thanh_tra , kiểm_tra việc thực_hiện bảo_hiểm_xã_hội , bảo_hiểm_y_tế , bảo_hiểm_thất_nghiệp đối_với các cá_nhân và cơ_quan , đơn_vị , doanh_nghiệp , đơn_vị sự_nghiệp công_lập trong Bộ Quốc_phòng , Bộ Công_an . 

10 .  Cung_cấp thông_tin , tài_liệu liên_quan về bảo_hiểm_xã_hội , bảo_hiểm_y_tế , bảo_hiểm_thất_nghiệp đối_với người lao_động , người sử_dụng lao_động và các cơ_quan nhà_nước có thẩm_quyền . 

11 .  Thực_hiện các quyền và trách_nhiệm khác theo quy_định của pháp_luật về bảo_hiểm_xã_hội , bảo_hiểm_y_tế , bảo_hiểm_thất_nghiệp . 

Điều 21 .  Trách_nhiệm của Bảo_hiểm_xã_hội Việt_Nam đối_với Bảo_hiểm_xã Bộ Quốc_phòng , Bảo_hiểm_xã_hội Bộ Công_an 

1 . Chỉ_đạo , hướng_dẫn về chuyên_môn , nghiệp_vụ và phối_hợp với Bảo_hiểm_xã_hội Bộ Quốc_phòng , Bảo_hiểm_xã_hội Bộ Công_an quản_lý việc thực_hiện công_tác bảo_hiểm_xã_hội trong Bộ Quốc_phòng , Bộ Công_an . 

2 . Chuyển kinh_phí thực_hiện chi_trả các chế_độ bảo_hiểm_xã_hội , bảo_hiểm_y_tế ;  kinh_phí quản_lý bảo_hiểm_xã_hội , bảo_hiểm_y_tế , bảo_hiểm_thất_nghiệp , thực_hiện thẩm_định và thông_báo quyết_toán năm cho Bảo_hiểm_xã_hội Bộ Quốc_phòng , Bảo_hiểm_xã_hội Bộ Công_an theo quy_định của Thủ_tướng Chính_phủ về quản_lý_tài_chính bảo_hiểm_xã_hội đối_với Bảo_hiểm_xã_hội Việt_Nam . 