Nghị định Quy định chế độ phụ cấp đối với cán bộ, viên chức làm việc tại các cơ sở quản lý người nghiện ma tuý, người bán dâm và người sau cai nghiện ma tuý

Căn_cứ <L rel="CC"> Luật tổ_chức Chính_phủ ngày 25 tháng 12 năm 2001 </L> ;
Căn_cứ <L rel="CC"> Luật_phòng , chống ma_túy ngày 09 tháng 12 năm 2000 </L> ;
Căn_cứ <L rel="CC"> Luật_phòng , chống nhiễm vi rút gây ra hội_chứng suy_giảm miễn_dịch mắc phải ở người ( HIV/AIDS ) ngày 29 tháng 06 năm 2006 </L> ;
Căn_cứ <PL rel="CC"> Pháp_lệnh Phòng , chống mại_dâm ngày 17 tháng 03 năm 2003 </PL> ;
Căn_cứ <PL rel="CC"> Pháp_lệnh xử_lý vi_phạm hành_chính ngày 02 tháng 07 năm 2002 </PL> ;
Điều 1 .  Phạm_vi điều_chỉnh 

Nghị_định này quy_định các chế_độ phụ_cấp đối_với người làm_việc tại các cơ_sở quản_lý người nghiện ma_túy , người bán_dâm và người sau cai_nghiện ma_túy . 

Điều 2 .  Đối_tượng áp_dụng 

1 . Cán_bộ , viên_chức và người làm_việc theo chế_độ hợp_đồng , điều_động , biệt_phái từ 03 tháng trở lên ( sau đây gọi chung là cán_bộ , viên_chức ) làm công_tác quản_lý , chuyên_môn , nghiệp_vụ , phục_vụ trong các cơ_sở quản_lý người nghiện ma_túy , người bán_dâm và người sau cai_nghiện ma_túy quy_định tại khoản 2 Điều này . 

2 . Cơ_sở quản_lý người nghiện ma_túy , người bán_dâm và người sau cai_nghiện ma_túy bao_gồm : 

a ) Cơ_sở chữa bệnh được thành_lập theo Điều 26 của <PL rel="DaC"> Pháp_lệnh xử_lý vi_phạm hành_chính ngày 02 tháng 07 năm 2002 </PL> ;
b ) Cơ_sở tổ_chức , quản_lý , dạy nghề và giải_quyết việc_làm cho người sau cai_nghiện ma_túy tại các địa_phương được Thủ_tướng Chính_phủ phê_duyệt đề_án cho phép thực_hiện thí_điểm theo quy_định tại Điều 2 <NQ rel="DaC"> Nghị_quyết số 16/2003/QH11 ngày 17 tháng 06 năm 2003 </NQ> của Quốc_hội .
Các cơ_sở được quy_định tại điểm a và điểm b khoản 2 Điều này bao_gồm các Trung_tâm Chữa_bệnh-Giáo_dục-Lao_động Xã_hội ;  các cơ_sở quản_lý , dạy nghề và giải_quyết việc_làm cho người sau cai_nghiện ma_túy ( sau đây gọi chung là Trung_tâm ) . 

3 . Các cơ_sở bảo_trợ xã_hội của Nhà_nước không áp_dụng theo quy_định của Nghị_định này . 

Điều 3 .  Nguyên_tắc áp_dụng và cách tính các loại phụ_cấp 

1 . Phụ_cấp thu_hút đặc_thù : áp_dụng đối_với tất_cả cán_bộ , viên_chức làm_việc tại các Trung_tâm được quy_định tại khoản 1 Điều 2 Nghị_định này . 

2 . Phụ_cấp ưu_đãi theo nghề : áp_dụng đối_với cán_bộ , viên_chức làm_việc theo chức_danh , tiêu_chuẩn , nội_dung công_việc và địa_bàn làm_việc theo quy_định của pháp_luật . 

3 . Nguyên_tắc áp_dụng : 

a ) Mỗi cán_bộ , viên_chức chỉ được hưởng một loại phụ_cấp ưu_đãi theo nghề với mức phụ_cấp ưu_đãi cao nhất quy_định tại khoản 1 , khoản 2 và khoản 3 Điều 6 Nghị_định này ; 

b ) Các phụ_cấp ưu_đãi theo nghề quy_định tại khoản 1 , khoản 2 và khoản 3 Điều 6 Nghị_định này là những phụ_cấp được tính trên mức lương ngạch , bậc hiện hưởng cộng với phụ_cấp chức_vụ lãnh_đạo , phụ_cấp thâm_niên vượt khung ( nếu có ) . 

Điều 4 .  Nguồn kinh_phí 

Nguồn kinh_phí chi_trả cho các khoản phụ_cấp đối_với cán_bộ , viên_chức theo quy_định tại Nghị_định này được bảo_đảm bằng nguồn ngân_sách địa_phương nằm ngoài kinh_phí chi thường_xuyên của các Trung_tâm ;  nguồn cung_ứng dịch_vụ , lao_động_sản_xuất ;  từ đóng_góp của người nghiện và gia_đình người nghiện và các nguồn thu hợp_pháp khác . 

Đối_với năm 2007 , Ủy_ban nhân_dân các tỉnh , thành_phố trực_thuộc Trung_ương tổng_hợp mức chi của ngân_sách địa_phương cho các Trung_tâm để thực_hiện chế_độ phụ_cấp quy_định tại Nghị_định này vào nhu_cầu tăng lương của ngân_sách địa_phương và được xử_lý bằng nguồn thực_hiện tiền_lương theo quy_định .  Từ năm 2008 , mức chi này của ngân_sách địa_phương được bố_trí tăng thêm vào kinh_phí chi thường_xuyên của các Trung_tâm . 

Chương_II 

CÁC CHẾ_ĐỘ PHỤ_CẤP 

Điều 5 .  Phụ_cấp thu_hút đặc_thù 

1 . Cán_bộ , viên_chức làm_việc tại các Trung_tâm , được hưởng phụ_cấp thu_hút đặc_thù với mức tối_thiểu là 500.000 đồng/người/tháng . 

Chủ_tịch Ủy_ban nhân_dân các tỉnh , thành_phố trực_thuộc Trung_ương quy_định_mức cụ_thể , phù_hợp với khả_năng ngân_sách địa_phương ;  đặc_điểm , nội_dung , điều_kiện lao_động của cán_bộ , viên_chức và địa_bàn trú đóng của các Trung_tâm ( đồng_bằng , vùng núi , vùng_sâu , vùng_xa ) , nhưng không thấp hơn 500.000 đồng/người/tháng . 

2 . Bộ Lao_động-Thương_binh và Xã_hội chủ_trì , phối_hợp với Bộ Nội_vụ và Bộ Tài_chính trình Thủ_tướng Chính_phủ điều_chỉnh mức phụ_cấp thu_hút đặc_thù cho phù_hợp với từng thời_kỳ . 

Điều 6 .  Phụ_cấp ưu_đãi theo nghề 

1 . Phụ_cấp ưu_đãi y_tế : 

a ) Mức phụ_cấp 70 % áp_dụng đối_với cán_bộ , viên_chức chuyên_môn y_tế trực_tiếp khám , điều_trị , chăm_sóc , xét_nghiệm cho người nghiện ma_túy , người bán_dâm bị bệnh AIDS giai_đoạn IV ; 

b ) Mức phụ_cấp 60 % áp_dụng đối_với cán_bộ , viên_chức chuyên_môn y_tế trực_tiếp khám , điều_trị , chăm_sóc , xét_nghiệm cho người nghiện ma_túy , người bán_dâm bị bệnh AIDS giai_đoạn III ; 

Việc phân_loại lâm_sàng bệnh AIDS giai_đoạn IV , giai_đoạn III quy_định tại điểm a và điểm b khoản 1 Điều này thực_hiện theo quy_định của Bộ_trưởng Bộ Y_tế . 

c ) Mức phụ_cấp 50 % áp_dụng đối_với cán_bộ , viên_chức trực_tiếp làm chuyên_môn y_tế và người trực_tiếp làm các công_việc trông_coi , bảo_vệ , vận_chuyển , phục_vụ người nghiện ma_túy , người bán_dâm bị nhiễm HIV/AIDS tại các Trung_tâm ở vùng núi , vùng_sâu , vùng_xa ; 

d ) Mức phụ_cấp 40 % áp_dụng đối_với cán_bộ , viên_chức trực_tiếp làm chuyên_môn y_tế và người trực_tiếp làm các công_việc trông_coi , bảo_vệ , vận_chuyển , phục_vụ người nghiện ma_túy , người bán_dâm bị nhiễm HIV/AIDS tại các Trung_tâm ở đồng_bằng , thành_phố , thị_xã ; 

đ ) Mức phụ_cấp 35 % áp_dụng đối_với cán_bộ , viên_chức chuyên_môn y_tế và người trực_tiếp phục_vụ người nghiện ma_túy trong quá_trình điều_trị cắt_cơn , giải_độc cho người nghiện ma_túy tại các Trung_tâm ở vùng núi , vùng_sâu , vùng_xa ; 

e ) Mức phụ_cấp 30 % áp_dụng đối_với cán_bộ , viên_chức chuyên_môn y_tế và người trực_tiếp phục_vụ người nghiện ma_túy trong quá_trình điều_trị cắt_cơn , giải_độc cho người nghiện ma_túy tại các Trung_tâm ở đồng_bằng , thành_phố , thị_xã . 

2 . Phụ_cấp ưu_đãi giáo_dục : 

a ) Mức phụ_cấp 50 % áp_dụng đối_với cán_bộ , viên_chức trực_tiếp dạy văn_hóa , giáo_dục phục_hồi hành_vi , nhân_cách và dạy nghề cho người nghiện ma_túy , người bán_dâm và người nhiễm HIV/AIDS tại các Trung_tâm ở vùng núi , vùng_sâu , vùng_xa ; 

b ) Mức phụ_cấp 40 % áp_dụng đối_với cán_bộ , viên_chức trực_tiếp dạy văn_hóa , giáo_dục phục_hồi hành_vi , nhân_cách và dạy nghề cho người nghiện ma_túy , người bán_dâm và người nhiễm HIV/AIDS tại các Trung_tâm ở đồng_bằng , thành_phố , thị_xã . 

3 . Mức phụ_cấp 25 % áp_dụng đối_với cán_bộ , viên_chức làm công_tác quản_lý không trực_tiếp làm chuyên_môn y_tế , dạy văn_hóa , giáo_dục phục_hồi hành_vi , nhân_cách và dạy nghề tại các Trung_tâm ở vùng núi , vùng_sâu , vùng_xa và mức phụ_cấp 15 % áp_dụng đối_với cán_bộ , viên_chức làm công_tác này tại các Trung_tâm ở đồng_bằng , thành_phố , thị_xã . 

I 

ĐIỀU_KHOẢN THI_HÀNH 

Điều 7 .  Hiệu_lực thi_hành 

1 . Nghị_định này có hiệu_lực thi_hành sau 15 ngày , kể từ ngày đăng Công_báo . 

2 . Bãi_bỏ <QĐ rel="HHL"> Quyết_định số 25/2002/QĐ-TTg ngày 01 tháng 02 năm 2002 </QĐ> của Thủ_tướng Chính_phủ về một_số chế_độ , chính_sách đối_với cán_bộ làm_việc tại các cơ_sở chữa bệnh được thành_lập theo <PL rel="DaC"> Pháp_lệnh xử_lý vi_phạm hành_chính ngày 06 tháng 07 năm 1995 </PL> ( nay là <PL rel="DaC"> Pháp_lệnh xử_lý vi_phạm hành_chính ngày 02 tháng 07 năm 2002 </PL> ) .
3 . Đối_với cán_bộ , viên_chức đã được hưởng chế_độ phụ_cấp điều_trị cắt_cơn cho người nghiện ma_túy và phụ_cấp khám , chữa bệnh cho người nghiện ma_túy bị nhiễm HIV/AIDS theo quy_định tại khoản b và khoản c Điều 2 <QĐ rel="DaC"> Quyết_định số 25/2002/QĐ-TTg ngày 01 tháng 02 năm 2002 </QĐ> của Thủ_tướng Chính_phủ về một_số chế_độ , chính_sách đối_với cán_bộ làm_việc tại các cơ_sở chữa bệnh được thành_lập theo <PL rel="DaC"> Pháp_lệnh xử_lý vi_phạm hành_chính ngày 06 tháng 07 năm 1995 </PL> , được tính hưởng chế_độ phụ_cấp kể từ ngày 01 tháng 10 năm 2004 theo quy_định tại <NĐ rel="DaC"> Nghị_định số 204/2004/NĐ-CP ngày 14 tháng 12 năm 2004 </NĐ> của Chính_phủ về chế_độ tiền_lương đối_với cán_bộ , công_chức , viên_chức và lực_lượng vũ_trang .
Điều 8 .  Hướng_dẫn thi_hành 

Bộ Lao_động-Thương_binh và Xã_hội chủ_trì , phối_hợp với Bộ Nội_vụ và Bộ Tài_chính chịu trách_nhiệm hướng_dẫn thi_hành Nghị_định này . 

Điều 9 .  Trách_nhiệm thi_hành 

Các Bộ_trưởng , Thủ_trưởng cơ_quan ngang Bộ , Thủ_trưởng cơ_quan thuộc Chính_phủ , Chủ_tịch Ủy_ban nhân_dân tỉnh , thành_phố trực_thuộc Trung_ương chịu trách_nhiệm thi_hành Nghị_định này ./. 