Nghị định Quy định về tiêu chuẩn vật chất hậu cần đối với quân nhân tại ngũ

Căn_cứ <L rel="CC"> Luật Tổ_chức Chính_phủ ngày 25 tháng 12 năm 2001 </L> ;
Căn_cứ <L rel="CC"> Luật Nghĩa_vụ quân_sự ngày 21 tháng 12 năm 1990 </L> và <L rel="CC"> Luật sửa_đổi , bổ_sung một_số điều của <L rel="none"> Luật Nghĩa_vụ quân_sự </L> năm 1991 </L> và năm 1994 ;
Căn_cứ <L rel="CC"> Luật_Sĩ_quan Quân_đội Nhân_dân Việt_Nam ngày 21 tháng 12 năm 1999 </L> ;
Điều 1 .  Đối_tượng , phạm_vi điều_chỉnh 

1 . Nghị_định này quy_định tiêu_chuẩn cơ_bản về vật_chất hậu_cần đối_với quân_nhân tại_ngũ , bao_gồm tiêu_chuẩn ăn của hạ_sĩ_quan , chiến_sĩ bộ_binh ;  tiêu_chuẩn ăn thường_xuyên của các lực_lượng thuộc quân_chủng , binh_chủng và các mức ăn bồi_dưỡng trong huấn_luyện , chiến_đấu , trực sẵn_sàng chiến_đấu , diễn_tập , phòng_chống thiên_tai và các mức ăn_ở bệnh_xá , bệnh_viện ;  tiêu_chuẩn quân_trang , tiêu_chuẩn quân_nhu_chiến_đấu , tiêu_chuẩn nhu_yếu_phẩm , tiêu_chuẩn thuốc , bông băng , hóa_chất sử_dụng trong y_tế và tiêu_chuẩn trang_bị , dụng_cụ y_tế ;  tiêu_chuẩn tạp chi vệ_sinh ;  định_mức sử_dụng nước_sạch trong sinh_hoạt ;  tiêu_chuẩn diện_tích ở , làm_việc , sinh_hoạt công_tác và một_số công_trình phụ_trợ khác trong doanh_trại ;  định_mức tiêu_chuẩn doanh cụ ;  định_mức sử_dụng điện_năng . 

2 . Quân_nhân tại_ngũ quy_định tại Nghị_định này bao_gồm : sĩ_quan , quân_nhân chuyên_nghiệp , hạ_sĩ_quan , chiến_sĩ . 

Điều 2 .  Nguyên_tắc bảo_đảm tiêu_chuẩn vật_chất hậu_cần 

1 . Bảo_đảm đáp_ứng các nhu_cầu cho sinh_hoạt thường_xuyên , huấn_luyện , dã_ngoại , sẵn_sàng chiến_đấu và chiến_đấu . 

2 . Bảo_đảm phù_hợp với yêu_cầu nhiệm_vụ của quân_đội , với điều_kiện kinh_tế-xã_hội và khả_năng ngân_sách nhà_nước trong từng giai_đoạn . 

3 . Phù_hợp với sự phát_triển chung và đặc_trưng của từng vùng , miền , từng đối_tượng cụ_thể . 

4 . Phương_thức bảo_đảm tiêu_chuẩn vật_chất hậu_cần bằng tiền_mặt hoặc bằng hiện_vật , một_số loại tiêu_chuẩn cụ_thể có_thể được tính trong lương , phụ_cấp của quân_nhân tại_ngũ .  Trường_hợp đã được đưa vào căn_cứ để tính lương thì không được tính vào tiêu_chuẩn chung để cấp_phát ;  nếu được cấp_phát thì_phải khấu_trừ vào lương . 

5 . Khuyến_khích việc sử_dụng tiết_kiệm , hợp_lý trong việc bảo_đảm tiêu_chuẩn vật_chất hậu_cần đối_với quân_nhân tại_ngũ ;  các đơn_vị có điều_kiện cần chủ_động tổ_chức tăng_gia_sản_xuất góp_phần cải_thiện đời_sống cán_bộ , chiến_sĩ . 

6 . Nghiêm_cấm các hành_vi lợi_dụng công_tác bảo_đảm tiêu_chuẩn vật_chất hậu_cần đối_với quân_nhân tại_ngũ để trục_lợi hoặc gây thiệt_hại đối_với tài_sản của Nhà_nước , làm giảm khả_năng chiến_đấu của lực_lượng quân_đội . 

Chương_II 

TIÊU_CHUẨN VẬT_CHẤT HẬU_CẦN ĐỐI_VỚI QUÂN_NHÂN TẠI_NGŨ 

Điều 3 .  Tiêu_chuẩn ăn của hạ_sĩ_quan , chiến_sĩ bộ_binh 

1 . Tiêu_chuẩn ăn của hạ_sĩ_quan , chiến_sĩ bộ_binh 

Nhiệt_lượng_khẩu_phần ăn 3.200 Kcal/người/ngày , cơ_cấu định_lượng các loại lương_thực , thực_phẩm và tỷ_lệ các chất sinh nhiệt hợp_lý ( Protêin từ 14 %-16 % , Li pít từ 18 %-20 % , Gluxít từ 64 %-68 % ) . 

2 . Tiêu_chuẩn ăn của các lực_lượng thuộc quân_chủng , binh_chủng : 

a ) Nhiệt_lượng_khẩu_phần , cơ_cấu định_lượng , tỷ_lệ các chất sinh nhiệt được quy_định hợp_lý , phù_hợp với nhiệm_vụ của từng đối_tượng . 

b ) Mức tiền ăn của các lực_lượng quân_chủng , binh_chủng được tính cao hơn so với bộ_binh từ 1,3 đến 3,5 lần ( riêng phi_công lái máy_bay siêu_âm tiêu_chuẩn ăn cao gấp hơn 6 lần so với tiêu_chuẩn ăn của bộ_binh ) .  Thương bệnh_binh điều_trị tại các bệnh_xá , bệnh_viện ăn_theo tiêu_chuẩn bệnh_lý . 

c ) Ngoài các mức ăn_cơ_bản còn có các mức ăn bồi_dưỡng khi tham_gia huấn_luyện , chiến_đấu , trực sẵn_sàng chiến_đấu , diễn_tập , phòng , chống thiên_tai và một_số nhiệm_vụ đặc_biệt khác . 

Điều 4 .  Tiêu_chuẩn quân_trang của sĩ_quan , quân_nhân chuyên_nghiệp và hạ_sĩ_quan , chiến_sĩ 

1 . Tiêu_chuẩn quân_trang của sĩ_quan , quân_nhân chuyên_nghiệp là những loại quân_trang cấp cho cá_nhân quản_lý sử_dụng thường_xuyên và quân_trang dùng chung ;  gồm lễ_phục , quân_trang thường_xuyên , quân_trang niên_hạn , quân_trang chống rét . 

2 . Tiêu_chuẩn quân_trang của hạ_sĩ_quan , chiến_sĩ là những loại quân_trang cấp cho cá_nhân quản_lý sử_dụng thường_xuyên và quân_trang dùng chung ;  gồm quân_trang thường_xuyên , quân_trang niên_hạn , quân_trang chống rét . 

3 . Tiêu_chuẩn quân_trang nghiệp_vụ là những loại quân_trang , trang_bị cho cán_bộ , chiến_sĩ thực_hiện nhiệm_vụ huấn_luyện , chiến_đấu và phục_vụ công_tác chuyên_môn . 

Điều 5 .  Tiêu_chuẩn trang_bị nhà_ăn , nhà_bếp và dụng_cụ cấp_dưỡng 

Tiêu_chuẩn trang_bị nhà_ăn , nhà_bếp và dụng_cụ cấp_dưỡng được trang_bị theo các loại bếp ăn cấp Tiểu_đoàn_bộ_binh , Tiểu_đoàn binh_chủng , quân_chủng , Đại_đội binh_chủng , quân_chủng , tầu hải_quân , cơ_quan từ cấp Sư_đoàn đoàn trở lên và các đơn_vị tương_đương , bếp bệnh_xá , bệnh_viện , các đơn_vị đóng quân phân_tán , công_tác độc_lập được trang_bị các bếp lẻ . 

Điều 6 .  Tiêu_chuẩn trang_bị quân_nhu_chiến_đấu và dã_ngoại 

Tiêu_chuẩn trang_bị quân_nhu_chiến_đấu và dã_ngoại gồm có trang_bị cá_nhân và trang_bị dùng chung . 

Điều 7 .  Tiêu_chuẩn nhu_yếu_phẩm 

Tiêu_chuẩn nhu_yếu_phẩm là những đồ_dùng thiết_yếu cho sinh_hoạt và chiến_đấu của quân_nhân tại_ngũ ;  đối_với hạ_sĩ_quan , chiến_sĩ được bảo_đảm bằng hiện_vật hoặc có_thể cấp bằng tiền_mặt dựa trên quy_đổi tương_đương .  Đối_với đối_tượng hưởng lương , trong thời_bình , tiêu_chuẩn nhu_yếu_phẩm được tính trong tiền_lương . 

Điều 8 .  Tiêu_chuẩn thuốc , bông băng , hóa_chất 

Tiêu_chuẩn thuốc , bông băng , hóa_chất được trang_bị gồm có thuốc , bông băng dùng tại đơn_vị ;  thuốc , bông băng cho giường_bệnh , thuốc khám bệnh , thuốc_bổ_trợ quân binh_chủng , thuốc_bổ_trợ cán_bộ cao_cấp và bệnh mãn_tính , thuốc và hóa_chất phòng_chống dịch , hóa_chất , sinh_vật_phẩm cho viện chuyên_ngành và thuốc nghiệp_vụ thú_y . 

Tiêu_chuẩn thuốc , bông băng , hóa_chất được cấp cho từng đơn_vị và cho từng đối_tượng quân_nhân tại_ngũ . 

Điều 9 .  Tiêu_chuẩn trang_bị , dụng_cụ y_tế 

1 . Tiêu_chuẩn trang_bị , dụng_cụ y_tế được trang_bị lần đầu và trang_bị thay_thế hàng năm . 

2 . Tiêu_chuẩn trang_bị , dụng_cụ y_tế được trang cấp theo từng loại_hình cơ_sở y_tế trong quân_đội : 

a ) Đối_với Bệnh_viện loại 1 của quân_đội thì được trang_bị tương_đương Bệnh_viện hạng 1 của Bộ Y_tế . 

b ) Đối_với Bệnh_viện loại 2 của quân_đội thì được trang_bị tương_đương Bệnh_viện hạng 2 của Bộ Y_tế . 

c ) Đối_với Viện chuyên_ngành của quân_đội thì được trang_bị theo quy_hoạch và yêu_cầu nhiệm_vụ cụ_thể . 

d ) Những bệnh_viện chuyên_ngành_hàng năm được cấp một khoản ngân_sách tương_đương ngân_sách thuốc , bông băng , hóa_chất theo cùng năm kế_hoạch ( ngoài ngân_sách trang_bị mới ) . 

Điều 10 .  Tiêu_chuẩn tạp chi vệ_sinh 

Tiêu_chuẩn tạp chi vệ_sinh được trang cấp theo từng loại_hình cơ_sở y_tế trong quân_đội và được phân_loại theo địa_bàn vùng , miền khác nhau . 

Điều 11 .  Định_mức sử_dụng nước_sạch trong sinh_hoạt 

Định_mức sử_dụng nước_sạch trong sinh_hoạt bảo_đảm đủ tiêu_chuẩn là 130-150 lít nước sinh_hoạt cho mỗi người/ngày áp_dụng cho địa_bàn có nguồn nước_sạch . 

Những đơn_vị đóng quân trên địa_bàn chưa có nguồn nước_sạch dùng chung được trang_bị máy_móc để khai_thác các nguồn nước_sạch , bảo_đảm đủ 130-150 lít cho mỗi người/ngày . 

Điều 12 .  Tiêu_chuẩn diện_tích ở , làm_việc , sinh_hoạt công_cộng và một_số công_trình phụ_trợ khác trong doanh_trại 

1 . Tiêu_chuẩn diện_tích ở được chia theo đối_tượng là hạ_sĩ_quan , chiến_sĩ và theo cấp_bậc quân_hàm sĩ_quan trong quân_đội để bảo_đảm diện_tích ở tối_thiểu là 3,6 m2 và diện_tích ở tối_đa là 18 m2 cho một người . 

2 . Tiêu_chuẩn diện_tích làm_việc gồm có tiêu_chuẩn cho cán_bộ chỉ_huy và cán_bộ chuyên_trách . 

3 . Tiêu_chuẩn diện_tích một_số công_trình công_cộng và phụ_trợ khác được phân_loại theo các đơn_vị trong quân_đội gồm có cấp Đại_đội và tương_đương , cấp Tiểu_đoàn và tương_đương , cấp Trung_đoàn và tương_đương , các cơ_quan Sư_đoàn , Lữ_đoàn , Cục và tương_đương , các cơ_quan Tổng_cục , Quân_khu , Quân_đoàn , Quân_chủng , Binh_chủng và tương_đương . 

4 . Thiết_bị vệ_sinh trong nhà ở và nhà làm_việc được trang cấp theo quy_mô quân_số , đối_với đơn_vị quân_đội có nữ thì phải bố_trí cho nam , nữ riêng . 

Điều 13 .  Định_mức tiêu_chuẩn doanh cụ 

Định_mức tiêu_chuẩn doanh cụ trong quân_đội được phân_chia theo tiêu_chuẩn sử_dụng trong nhà tập_thể , trong nhà làm_việc cho các đối_tượng ;  tiêu_chuẩn doanh cụ phòng trực_ban ;  tiêu_chuẩn doanh cụ phòng văn_thư , bảo_mật ;  tiêu_chuẩn doanh cụ phòng lưu_trữ ;  tiêu_chuẩn doanh cụ phòng làm_việc của quân_y ;  tiêu_chuẩn doanh cụ phòng họp , giao_ban ;  tiêu_chuẩn doanh cụ phòng khách ;  tiêu_chuẩn doanh cụ phòng sinh_hoạt công_cộng ;  tiêu_chuẩn doanh cụ phòng học và tiêu_chuẩn doanh cụ nhà_ăn . 

Đối_với mỗi tiêu_chuẩn cụ_thể được chia theo từng cấp sĩ_quan , đối_tượng quân_nhân trong quân_đội hoặc chia theo cấp đơn_vị trong quân_đội . 

Điều 14 .  Định_mức sử_dụng điện_năng 

Định_mức sử_dụng điện_năng trong quân_đội gồm có định_mức sử_dụng điện_năng cho sinh_hoạt làm_việc ;  định_mức sử_dụng điện_năng cho chỉ_huy sẵn_sàng chiến_đấu ;  định_mức sử_dụng điện_năng cho bảo_đảm kỹ_thuật ;  định_mức sử_dụng điện_năng cho bảo_đảm hậu_cần ;  định_mức sử_dụng điện_năng cho đào_tạo ;  định_mức sử_dụng điện_năng cho phòng , chống dịch và khám chữa bệnh . 

Các đơn_vị đóng quân trên địa_bàn chưa có nguồn điện từ lưới_điện quốc_gia , được trang_bị hệ_thống máy phát_điện cho các đơn_vị . 

Điều 15 .  Danh_mục 

1 . Ban_hành kèm theo Nghị_định này các Danh_mục chi_tiết về một_số tiêu_chuẩn vật_chất hậu_cần cơ_bản đối_với quân_nhân tại_ngũ : 

a ) Danh_mục số 01 : Tiêu_chuẩn quân_trang của hạ_sĩ_quan , chiến_sĩ . 

b ) Danh_mục số 02 : Tiêu_chuẩn quân_trang của sĩ_quan và quân_nhân chuyên_nghiệp . 

c ) Danh_mục số 03 : Tiêu_chuẩn nhu_yếu_phẩm . 

d ) Danh_mục số 04 : Tiêu_chuẩn thuốc , bông băng , hóa_chất . 

đ ) Danh_mục số 05 : Tiêu_chuẩn trang_bị quân_y và quân_trang nghiệp_vụ . 

e ) Danh_mục số 06 : Tiêu_chuẩn tạp chi vệ_sinh . 

g ) Danh_mục số 07 : Tiêu_chuẩn diện_tích ở , làm_việc , sinh_hoạt công_tác và một_số công_trình phụ_trợ khác trong doanh_trại . 

h ) Danh_mục số 08 : Định_mức tiêu_chuẩn doanh cụ . 

i ) Danh_mục số 09 : Định_mức sử_dụng điện_năng . 

2 . Ngoài những tiêu_chuẩn vật_chất đã có Danh_mục kèm theo Nghị_định này , một_số tiêu_chuẩn vật_chất khác không_thể_hiện bằng Danh_mục như : 

a ) Các mức ăn của quân_chủng , binh_chủng , ăn bồi_dưỡng bệnh_lý , ăn bồi_dưỡng trong huấn_luyện chiến_đấu , trực sẵn_sàng chiến_đấu , diễn_tập , phòng , chống thiên_tai và một_số nhiệm_vụ khác . 

b ) Quân_trang nghiệp_vụ , quân_trang tăng thêm . 

c ) Trang_bị nhà_ăn , nhà_bếp . 

d ) Trang_bị quân_nhu_chiến_đấu và huấn_luyện dã_ngoại . 

Bộ_trưởng Bộ Quốc_phòng quy_định cụ_thể các tiêu_chuẩn quy_định tại khoản 2 Điều này . 

3 . Trong trường_hợp cần_thiết , Bộ_trưởng Bộ Quốc_phòng trình Thủ_tướng Chính_phủ sửa_đổi , bổ_sung các Danh_mục chi_tiết tại khoản 1 Điều này . 

I 

KHEN_THƯỞNG , XỬ_LÝ VI_PHẠM 

Điều 16 .  Khen_thưởng 

Cơ_quan , tổ_chức , cá_nhân có thành_tích trong công_tác bảo_đảm tiêu_chuẩn vật_chất hậu_cần đối_với quân_nhân tại_ngũ thì được khen_thưởng theo quy_định của Nhà_nước . 

Điều 17 .  Xử_lý vi_phạm 

Tổ_chức , cá_nhân có hành_vi vi_phạm các quy_định về công_tác bảo_đảm tiêu_chuẩn vật_chất hậu_cần đối_với quân_nhân tại_ngũ , tùy theo mức_độ , tính_chất vi_phạm sẽ bị xử_lý kỷ_luật , xử_lý hành_chính hoặc bị truy_cứu trách_nhiệm hình_sự theo quy_định của pháp_luật .  Trường_hợp gây thiệt_hại thì phải bồi_thường theo quy_định của pháp_luật . 

Chương_IV 

ĐIỀU_KHOẢN THI_HÀNH 

Điều 18 .  Hiệu_lực thi_hành 

Nghị_định này có hiệu_lực thi_hành sau 15 ngày , kể từ ngày đăng Công_báo .  Các tiêu_chuẩn về vật_chất hậu_cần đối_với quân_nhân tại_ngũ quy_định trong Nghị_định này được thực_hiện kể từ ngày 01 tháng 01 năm 2004 .  Bãi_bỏ các quy_định trái với Nghị_định này . 

Điều 19 .  Trách_nhiệm hướng_dẫn 

Bộ Quốc_phòng chủ_trì , phối_hợp với Bộ Tài_chính , Bộ Kế_hoạch và Đầu_tư và các Bộ , ngành khác có liên_quan hướng_dẫn việc áp_dụng các tiêu_chuẩn vật_chất hậu_cần theo từng mức cụ_thể và cho từng đối_tượng quân_nhân tại_ngũ , theo các địa_bàn khác nhau cho phù_hợp với đặc_thù trong quân_đội . 

Điều 20 .  Trách_nhiệm thi_hành 

1 . Mũ_kê pi đồng_bộ gồm : quân_hiệu to , cành_tùng kép ( màu vàng của lễ_phục , màu trắng của thường_xuyên ) . 

2 . Cấp_hiệu đồng_bộ gồm : nền cấp_hiệu , sao , gạch , cúc chốt ( màu vàng của lễ_phục , màu trắng của thường_xuyên ) . 

3 . Một xuất_quân_phục đông gồm : 01 bộ quần_áo đông + 01 áo chít gấu_dài tay .  Một xuất_quân_phục hè gồm : 02 quần dài + 01 áo chít gấu ngắn tay hoặc 01 quần dài + 02 áo chít gấu ngắn tay ;  riêng đệm nằm cấp dùng chung . 

B . Đối_với hạ_sĩ_quan chiến_sĩ : 

Khi ra_quân được cấp một bộ thường_phục . 

Quân_trang chống rét ( trừ đệm nằm ) các loại khác khi ra_quân không thu lại . 

DANH_MỤC 3 TIÊU_CHUẨN NHU YẾU_PHẨM 

( Ban_hành kèm theo <NĐ rel="DaC"> Nghị_định số 123/2003/NĐ-CP </NĐ>
ngày 22 tháng 10 năm 2003 của Chính_phủ ) 

1 . Đường kết_tinh 01 kg/người/tháng 

2 . Xà_phòng giặt 0,5 kg/người/tháng 

3 . Xà_phòng tắm 01 bánh/người/quý 

4 . Kem đánh_răng 01 ống/người/quý 

5 . Bàn_chải răng 01 cái/người/quý 

6 . Giấy viết thư 02 tờ/người/tháng 

7 . Phong_bì_thư 02 cái/người/tháng 

8 . Lưỡi dao_cạo 01 cái/người/tháng 

9 . Khăn mùi xoa 02 cái/người/năm 

10 .  Chè gói 50 gam/người/tháng 

11 .  Bánh_kẹo 01 kg/người/năm 

12 .  Chỉ khâu 20 m/người/quý 

13 .  Bật_lửa 01 cái/người/năm 

14 .  Kim_khâu 05 cái/người/năm 

15 .  Tem_thư 02 cái/người/tháng 

16 .  Đèn_pin 01 cái/người/năm 

17 .  Pin đèn 04 đôi/người/năm 

DANH_MỤC 4 TIÊU_CHUẨN THUỐC , BÔNG , BĂNG , HÓA_CHẤT 

Loại tiêu_chuẩn và đối_tượng bảo_đảm 

Tiêu_chuẩn định_mức 

Ghi_chú 

1 . Thuốc , bông băng dùng tại đơn_vị 

- Đối_tượng hưởng lương 

80.000 

đồng/người/năm 

- Đối_tượng hưởng phụ_cấp 

65.000 

" 

2 . Thuốc , bông , băng cho giường_bệnh 

- Giường_bệnh_viện loại 1 ( tương_đương hạng 1 của Bộ Y_tế ) , y_học cổ_truyền 

10.000.000 

đồng/giường/năm 

- Giường_bệnh_viện loại 2 ( tương_đương hạng 2 của Bộ Y_tế ) 

7.000.000 

- Giường_bệnh_xá 

3.000.000 

- Giường an_dưỡng 

300.000 

3 . Thuốc khám bệnh 

- Khám bệnh_viện loại 1 

70.000 

đồng/người/lần khám 

- Khám bệnh_viện loại 2 

50.000 

- Khám y_học cổ_truyền 

60.000 

- Khám bệnh_xá 

20.000 

4 . Thuốc_bổ_trợ quân binh_chủng ( ngoài tiêu_chuẩn thuốc thường_xuyên cho mỗi quân_nhân ) 

- Đặc_công trinh_sát , trắc_thủ ra đa , tình_báo , tiếp_xúc độc_hại , biên_giới , đảo gần , bộ_đội tàu mặt_nước . 

- Trinh_sát điện_tử 

100.000 

- Phi_công , thợ lặn tàu_ngầm 

420.000 

- Nữ quân_nhân 

25.000 

- Bộ_đội Trường_Sa 

200.000 

- Bộ_đội Biên_phòng 

120.000 

5 . Thuốc và hóa_chất phòng , chống dịch 

- Thuốc_hóa_chất phòng , chống dịch 

5.000 

- Giám_sát , sàng_lọc HIV 

40.000 

6 . Hóa_chất , sinh_vật_phẩm cho viện chuyên_ngành . 

- Viện vệ_sinh phòng_dịch quân_đội 

400.000.000 

đồng/đơn_vị/năm 

- Viện chuyên_ngành khác và trung_tâm y_tế 

phòng_khám khu_vực phía Nam 

.000 

- Đội vệ_sinh phòng_dịch 

30.000.000 

DANH_MỤC 5 TIÊU_CHUẨN TRANG_BỊ QUÂN_Y VÀ QUÂN_TRANG NGHIỆP_VỤ 

( đồng/đơn_vị/năm ) 

1 . Trang_bị lần đầu ( trong đó có cả doanh cụ ) 

- Quân_y Đại_đội 

400.000 

- Quân_y Tiểu_đoàn 

15.000.000 

- Đại_đội quân_y cấp Trung_đoàn và tương_đương 

1.500.000.000 

- Tiểu_đoàn quân_y cấp Sư_đoàn và tương_đương 

2.500.000.000 

2.000.000.000 

- Bệnh_viện loại 1 : được trang_bị tương_đương bệnh_viện hạng 1 của Bộ Y_tế theo quy_hoạch năm 2005 . 

- Bệnh_viện loại 2 : được trang_bị tương_đương bệnh_viện hạng 2 của Bộ Y_tế theo quy_hoạch năm 2005 . 

- Viện chuyên_ngành : được trang_bị theo quy_hoạch nhu_cầu cụ_thể từ nay đến năm 2008 . 

2 . Đơn_vị 

Trang_bị thay_thế hàng năm tính giá_trị % kinh_phí so với lần đầu ( tỷ_lệ % ) . 

50 

20 

- Đại_đội quân_y cấp Trung_đoàn , Tiểu_đoàn quân_y cấp Sư_đoàn 

15 

3 . Dụng_cụ tiêu_hao 

( đồng/giường/năm ) 

- Bệnh_viện loại 1 

2.000.000 

- Bệnh_viện loại 2 , Viện có giường 

1.500.000 

- Bệnh_xá 

0.000 

4 . Sửa_chữa , bảo_trì , bảo_dưỡng 

Đồng/giường/năm 

2.500.000 

Bệnh_viện và viện chuyên_ngành : Hàng năm được cấp một khoản ngân_sách tương_đương ngân_sách thuốc , bông băng , hóa_chất cùng năm kế_hoạch ( ngoài ngân_sách trang_bị mới ) 

5 . Loại tiêu_chuẩn đồ_vải nghiệp_vụ 

( đồng/người/năm ) 

* Nhân_viên quân_y : 

- Nhân_viên quân_y đơn_vị , bệnh_viện , viện nghiên_cứu , bệnh_xá , đoàn an_dưỡng , điều_dưỡng . 

đồng/người/năm 

* Bệnh_nhân : 

, 2 và các viện nghiên_cứu có giường . 

600.000 đồng/giường/năm 

250.000 đồng/giường/năm 

* Buồng kỹ_thuật : 

- Tuyến bệnh_viện : 

+ Bệnh_viện loại 1 

+ Bệnh_viện loại 2 

0.000 đồng/giường/năm 

- Tuyến đơn_vị : 

+ Đại_đội quân_y cấp Trung_đoàn và tương_đương 

đồng/đơn_vị/năm 

+ Tiểu_đoàn quân_y cấp Sư_đoàn và tương_đương 

8.000.000 đồng/đơn_vị/năm 

+ Đội vệ_sinh phòng_dịch 

- Viện , trung_tâm nghiên_cứu chuyên_ngành 

. 000.000 đồng/đơn_vị/năm 

DANH_MỤC 6 TIÊU_CHUẨN TẠP CHI VỆ_SINH 

TT 

Loại tiêu_chuẩn 

và đối_tượng bảo_đảm 

I 

Tiêu_chuẩn tạp chi vệ_sinh 

1 

Bộ_đội đất_liền , đảo gần 

30.000 

2 

Bộ_đội Trường_Sa 

00.000 

3 

Bệnh_xá 

00.000 

đồng/giường/năm 

4 

Bệnh_viện loại 1 , Viện Y_học cổ_truyền và Viện_Bỏng 

.500.000 

5 

An điều_dưỡng 

00.000 

6 

Viện chuyên_ngành 

.000 

7 

Bệnh_viện loại 2 , Viện và Trung_tâm Nghiên_cứu có giường_bệnh 

.000.000 

8 

Đội vệ_sinh phòng_dịch 

0.000.000 

9 

Quân_y Đại_đội , Tiểu_đoàn 

00.000 

Xử_lý chất_thải , rác_thải 

Đơn_vị đóng quân thành_phố , thị_xã 

0.000 

Địa_bàn còn lại 

0.000 

Bệnh_viện 

00.000 

, đoàn an_dưỡng 

00.000 

DANH_MỤC 7 TIÊU_CHUẨN DIỆN_TÍCH Ở , LÀM_VIỆC , SINH_HOẠT CÔNG_CỘNG 

VÀ MỘT_SỐ CÔNG_TRÌNH PHỤ_TRỢ KHÁC TRONG DOANH_TRẠI 

. TÊU CHUẨN DỆN TÍCH Ở : 

Đối_tượng-Danh_mục 

Tiêu_chuẩn m2 

diện_tích ở/người 

Hạ_sĩ_quan , chiến_sĩ 

- Giường 1 tầng 

,6 

- Giường 2 tầng 

,8 

Cấp_úy và tương_đương 

,0 

Cấp thiếu_tá , trung_tá và tương_đương 

,0 

Cấp thượng , đại_tá và tương_đương 

,0 

Cấp tướng và tương_đương 

,0 

. TIÊU_CHUẨN DIỆN_TÍCH LÀM_VIỆC : 

diện_tích 

làm_việc/người 

A 

Cán_bộ chỉ_huy 

Chỉ_huy Trung_đội 

,0 

Chỉ_huy Đại_đội , Tiểu_đoàn và tương_đương 

Chỉ_huy Trung_đoàn , Trưởng , Phó_phòng cấp Cục 

,0 

Chỉ_huy Sư_đoàn , Lữ_đoàn , Cục và tương_đương 

á 8 

Chỉ_huy Tổng_cục , Quân_khu , Quân_đoàn , Quân_chủng , Binh_chủng và tương_đương . 

, 0 á 30,0 

Thứ_trưởng và chức_danh tương_đương 

0,0 

Bộ_trưởng 

0,0 

B 

Cán_bộ chuyên_trách 

Trợ_lý ngành và chuyên_viên 

Trợ_lý hành_chính 

,5 

. TÊU CHUẨN DỆN TÍCH MỘT_SỐ CÔNG_TRÌNH CÔNG_CỘNG VÀ PHỤ_TRỢ KHÁC 

Sử_dụng 

. 

Đại_đội và tương_đương 

Phòng giao_ban Đại_đội 

Phòng sinh_hoạt chung 

Kho đại_đại 

Kho trung_đội 

- Kể_cả tủ áo chiến_thuật . 

. 

Tiểu_đoàn và tương_đương 

Phòng họp và giao_ban 

Phòng Hồ_Chí_Minh 

- Có đủ biên_chế 

- Đơn_vị độc_lập có quân_số trên 100 

- Các đơn_vị độc_lập quân_số dưới 100 được bố_trí kết_hợp trong phòng sinh_hoạt chung . 

Phòng trực_ban 

Phòng quân_y 

C . 

Trung_đoàn và tương_đương 

Phòng khách 

Phòng văn_thư bảo_mật 

Phòng phạt kỷ_luật 

- Chỉ có ở cấp Trung_đoàn 

D . 

Cơ_quan Sư_đoàn , Lữ_đoàn , Cục và tương_đương 

Phòng bảo_mật lưu_trữ 

Nhà tạm giữ 

Sư_đoàn đủ quân , tỉnh và Thành_đội 

Đ . 

Cơ_quan Tổng_cục , Quân_khu , Quân_đoàn , Quân_chủng , Binh_chủng và tương_đương 

Phòng họp 

- Phòng nhỏ 

- Phòng lớn 

8 

IV -TIÊU_CHUẨN DIỆN_TÍCH TRONG NHÀ_ĂN 

Tiêu_chuẩn m2 sử_dụng 

Hạ_sĩ_quan , chiến_sĩ 

,7 

( * ) Cấp tướng và tương_đương tổ 

chức kết_hợp vào nhà_ăn sĩ_quan bố_trí khu_vực riêng 

biệt theo tiêu_chuẩn . 

- Khu_vực chế_biến và kho 

0,5 

- Khu_vực ăn 

0,9 

- Khu_vực phục_vụ 

0,3 

Sĩ_quan cấp_úy , tá và tương_đương 

,0 

,2 

Cấp tướng và tương_đương 

, ( * ) 

,4 

Tiêu_chuẩn diện_tích ở , làm_việc , sinh_hoạt công_cộng và công_trình phụ_trợ trong doanh_trại được thực_hiện dần trong một_số năm . 

V . THIẾT_BỊ VỆ_SINH 

. Thiết_bị vệ_sinh nhà ở tập_thể : 

Đối_tượng – Danh_mục 

Quy_mô 

người 

Trang_bị 

Tắm 

Xí 

Tiểu 

Rửa 

Dụng_cụ tắm_giặt 

xô đựng nước chậu giặt 1 gầu 

( niên_hạn 1 năm ) 

Cấp_úy và tương_đương 

Người lái máy_bay 

Cấp tá và tương_đương 

: Tiêu_chuẩn thiết_bị vệ_sinh của hạ_sĩ_quan-chiến_sĩ chỉ áp_dụng cho các cơ_quan , đơn_vị hành_chính sự_nghiệp , đối_với đơn_vị sẵn_sàng chiến_đấu , khu vệ_sinh tắm_giặt của bộ_đội được xây_dựng từng hạng_mục riêng cho từng Đại_đội theo mẫu thiết_kế điển_hình và được trang_bị xô , gầu , chậu theo tiêu_chuẩn trên , đơn_vị có nữ phải bố_trí riêng . 

. Thiết_bị vệ_sinh nhà làm_việc công_cộng : 

Số 

quân_số 

lượng người tính 

cho 1 bộ thiết_bị vệ_sinh 

Thiết_bị vệ_sinh ( bộ ) 

< = 50 

0 

0 á 100 

0 

> 100 

00 

: 

Đơn_vị có nữ phải bố_trí cho nam , nữ riêng . 

Thiết_bị vệ_sinh . 

Hạ_sĩ_quan-chiến_sĩ : xí_xổm , tiểu máng , tắm và rửa chung ( không có thiết_bị ) 

Nơi ở của cấp_úy và tương_đương : xí_xổm , tiểu treo , chậu rửa sứ . 

Nơi ở của cấp tá trở lên : xí_bệt , tiểu treo , chậu rửa sứ . 

Nơi làm_việc tập_trung : xí_xổm , tiểu treo , chậu rửa sứ . 

DANH_MỤC 8 ĐỊNH MỨC TIÊU_CHUẨN DOANH CỤ 

( Ban_hành kèm theo <NĐ rel="DaC"> Nghị_định số 123/2003/NĐ-CP </NĐ>
ngày 22 tháng 10 năm 2003 của Chính_phủ ) 

Bảng_I : Tiêu_chuẩn sử_dụng trong nhà tập_thể cho các đối_tượng . 

TT 

Đối_tượng- 

Danh_mục 

Tiêu_chuẩn/người 

Giường 

Tủ cá_nhân 

Tủ tài_liệu 

Bộ bàn ghế uống nước 

Bàn đọc sách 

Ghế_tựa 

Tủ_áo 

Mắc_áo 

Ha sĩ_quan , chiến_sĩ 

bộ/ 

Cấp Thiếu_tá , Trung_tá và tương_đương 

bộ/ 

Thượng , Đại_tá và tương_đương 

bộ/ 

bộ 

Mắc_áo sử_dụng 2 loại : 

Cán_bộ sơ_cấp : mắc áo treo . 

Cán_bộ trung , cao_cấp : mắc_áo đứng . 

Ngoài trang_bị cho cá_nhân nói trên đối_với mỗi phòng hoặc diện_tích ở tương_đương 18m2 được lắp 1 quạt_trần .  Riêng phòng ở tập_thể sĩ_quan có từ 2 người trở lên , diện_tích 18m2 được trang_bị 1 bộ bàn ghế uống nước . 

Doanh_cụ trang_bị cho cấp tướng và tương_đương chỉ áp_dụng cho đơn_vị và cơ_quan .  Khối học_viện , nhà_trường có quy_định riêng . 

Phòng ở cấp tướng và tương_đương khi điều_kiện ngân_sách cho phép được lắp_đặt máy điều hòa theo tiêu_chuẩn quy_phạm Việt_Nam hiện_hành . 

Bảng II : Tiêu_chuẩn doanh cụ trong nhà làm_việc cho các đối_tượng . 

Đối_tượng danh_mục 

Bàn làm_việc 

Bàn họp 

Bàn_ghế tiếp khách ( bộ ) 

Đèn 

bàn 

Trợ_lý chuyên_môn ( nhân_viên ) 

Cán_bộ chỉ_huy Trung_đội và tương_đương 

Cán_bộ chỉ_huy cấp Đại_đội và tương_đương 

Cán_bộ chỉ_huy Tiểu_đoàn và tương_đương 

Cán_bộ chỉ_huy Trung_đoàn và tương_đương 

6 

Cán_bộ Sư_đoàn , Lữ_đoàn , Cục và tương_đương . 

7 

Cán_bộ chỉ_huy Tổng_cục , Quân_khu , Quân_đoàn , Quân_chủng , Binh_chủng và tương_đương 

0 

8 

Thủ_trưởng Bộ 

Ghi_chú : 

Mỗi phòng làm_việc được trang_bị 01 bàn uống nước và 01 mắc treo áo , quạt_trần được bố_trí theo định_mức 18m2 sử_dụng/cái . 

Bàn điện_thoại bố_trí theo yêu_cầu trang_bị thông_tin của đơn_vị . 

Máy điều hòa được lắp_đặt cho cán_bộ chỉ_huy cấp Sư_đoàn , cấp Cục và tương_đương trở lên khi điều_kiện ngân_sách cho phép . 

Bảng III : Tiêu_chuẩn doanh cụ phòng trực_ban 

TT 

Danh_mục 

Bàn uống nước 

dài 

cá_nhân 

Quạt_trần 

Cấp Đại_đội , Tiểu_đoàn và tương_đương 

Cấp Trung_đoàn và tương_đương 

Cấp Sư_đoàn , Lữ_đoàn , Cục và tương_đương trở lên 

Bảng IV : Tiêu_chuẩn doanh cụ phòng văn_thư-bảo_mật 

Đối_tượng – Danh_mục 

Bàn_vi_tính 

Giá để VPP 

Bàn để máy photo 

Cấp Sư_đoàn , Lữ_đoàn , Cục và tương_đương 

. 

Cấp Tổng_cục , Quân_khu , Quân_đoàn , Quân_chủng , Binh_chủng và tương_đương 

0 

Bảng V : Tiêu_chuẩn doanh cụ phòng lưu_trữ 

Giá tài_liệu 

Cấp Tổng_cục , Quân_chủng , Binh_chủng , Quân_đoàn và tương_đương 

9 

0 

Cấp Quân_khu 

0 

Bảng_VI : Tiêu_chuẩn doanh cụ phòng làm_việc của quân_y 

Đối_tượng danh_mục 

dài 

Phòng làm_việc của quân_y cấp Tiểu_đoàn và tương_đương 

Tiêu_chuẩn này chỉ áp_dụng cho cấp Tiểu_đoàn và khối cơ_quan , đơn_vị hành_chính các cấp tương_đương . 

Tủ thuốc quân_y sử_dụng theo quy_định của ngành quân_y . 

Bảng VII : Tiêu_chuẩn doanh cụ phòng họp + giao_ban 

Bàn họp 

Máy điều_hòa 

đứng 

Cấp Đại_đội và tương_đương 

Cấp Tiểu_đoàn và tương_đương 

0 

0 

0 

6 

0 

Cấp TC , QK , QĐ , QC , BC và tương_đương 

- Phòng nhỏ 

0 

- Phòng lớn 

0 

0 

Có_thể thay_thế 1 quạt_trần bằng 2 quạt_cây ( hoặc quạt treo_tường ) 

Tùy_quy_mô , đối_tượng lựa_chọn bộ bàn họp bảo_đảm kê đủ số ghế theo tiêu_chuẩn . 

Bảng VIII : Tiêu_chuẩn doanh cụ phòng khách 

Đối_tượng-Danh_mục 

Bàn_Sa_lon 

Ghế_Sa_lon 

Bàn_nhỏ ( đơn ) 

Tủ đựng ấm_chén 

Quạt_cây hoặc treo tường 

Điều_hòa 

0 

6 

8 

6 

6 

0 

Bảng IX : Tiêu_chuẩn doanh cụ phòng sinh_hoạt công_cộng 

Số 

TT 

Giá để sách_báo 

Tủ đựng nhạc_cụ 

Tủ để ti_vi 

Bục_tượng Bác 

Phòng sinh_hoạt Đại_đội 

Phòng Hồ_Chí_Minh 

0 

Đối_với các đơn_vị độc_lập quân_số từ 50 đến 100 người thì phòng Hồ_Chí Minh bố_trí trong phòng sinh_hoạt và sử_dụng doanh cụ của phòng Hồ_Chí_Minh . 

Trước_mắt do ngân_sách còn hạn_chế nên bàn , ghế trong phòng sinh_hoạt và phòng Hồ_Chí_Minh tạm_thời sử_dụng tiêu_chuẩn trên , các đơn_vị tận_dụng khả_năng hiện có để trang_bị thêm . 

Bảng X : Tiêu_chuẩn doanh cụ phòng học 

TT 

Bảng_đen hoặc po óc 

Bục_giảng 

Bàn_ghế học_viên 

Phòng học trường sĩ_quan 

hv/1 bộ 

á 5m/cái 

Phòng học học_viên 

hv/1 bộ 

á 5m/cái 

Các phòng học chuyên_dùng khác theo tiêu_chuẩn riêng . 

Riêng đối_với mỗi học_viên cấp chiến_thuật , chiến_dịch và chiến_lược được sử_dụng 1 bàn , 1 ghế trong phòng học có liên_quan đến sử_dụng tác_nghiệp bản_đồ . 

Bảng XI : Tiêu_chuẩn doanh cụ nhà_ăn 

Bàn_ăn 

Bàn chế_biến TP 

Bàn chia 

Giá để dụng_cụ 

Hòm ( tủ ) 

Ghế_ngồi 

Hạ_sĩ_quan , chiến_sĩ 

/6ng 

Các đối_tượng khác 

/4ng 

Nhà_ăn Đại_đội 

Bình_quân 

á 5m/cái 

Nhà_ăn Tiểu_đoàn 

9 

hòm và 1 tủ 

. Hạ_sĩ_quan , chiến_sĩ sử_dụng loại ghế_ngồi là ghế_đẩu . 

. Các đối_tượng khác sử_dụng ghế_tựa . 

DANH_MỤC 9 

ĐỊNH MỨC SỬ_DỤNG ĐIỆN_NĂNG TRONG QUÂN_ĐỘI 

( Ban_hành kèm theo <NĐ rel="DaC"> Nghị_định số 123/2003/NĐ-CP </NĐ>
ngày 22 tháng 10 năm 2003 của Chính_phủ ) 

Nhóm_I 

ĐỊNH MỨC SỬ_DỤNG ĐIỆN_NĂNG CHO SINH_HOẠT LÀM_VIỆC 

. Điện_năng sử_dụng cho sinh_hoạt làm_việc bao_gồm : 

a ) Chiếu_sáng , làm mát tại phòng ở , phòng làm_việc , các công_trình công_cộng phục_vụ cho sinh_hoạt và làm_việc . 

b ) Sử_dụng cho hoạt_động của các thiết_bị nghe_nhìn : ti_vi , rađiô , tăng_âm ( được trang_bị theo quy_định của Bộ Quốc_phòng về tiêu_chuẩn đời_sống văn_hóa tinh_thần trong quân_đội ) để phục_vụ sinh_hoạt chính_trị , văn_hóa , tinh_thần của quân_nhân . 

c ) Sử_dụng cho hoạt_động của các thiết_bị văn_phòng được trang_bị theo quy_định ( máy vi_tính , máy photo copy ) phục_vụ làm_việc . 

Định_mức sử_dụng điện_năng cho sinh_hoạt làm_việc là mức điện_năng ( số kwh điện ) quy_định sử_dụng trong một tháng cho 1 người : sĩ_quan , quân_nhân chuyên_nghiệp , công_nhân_viên_chức quốc_phòng , hạ_sĩ_quan , chiến_sĩ ( sau đây gọi chung là quân_nhân ) theo nhóm cấp_bậc để phục_vụ cho sinh_hoạt và làm_việc thường_xuyên theo chế_độ quy_định của quân_đội .  Cụ_thể : 

Bảng 1 : Định_mức sử_dụng điện_năng sinh_hoạt làm_việc 

Đối_tượng 

Đơn_vị tính 

Định_mức 

KWh/người tháng 

0 

Công_nhân_viên quốc_phòng 

5 

Cấp_úy 

7 

Cấp_tá 

5 

Cấp tướng 

Bảng 2 : Hệ_số điều_chỉnh kđc cho một_số nhóm đối_tượng có chức_vụ 

định_mức 

Hệ_số KĐC 

áp_dụng hệ_số 

,5 

- Hạ_sĩ_quan , chiến_sĩ làm_việc chuyên_môn kỹ_thuật , Học_viên đang đào_tạo từ cấp phân_đội trở lên tại các trường trong quân_đội 

,3 

- Tiểu_đoàn_trưởng , Phó Tiểu_đoàn_trưởng và tương_đương , Học_viên đào_tạo cấp chiến_thuật trong các trường quân_đội . 

định_mức 

đối_tượng áp_dụng hệ_số 

,2 

- Trung_đoàn trưởng , Phó_Trung_đoàn trưởng và tương_đương , Học_viên đang đào_tạo cấp chiến_dịch trong các trường quân_đội 

,6 

- Lữ_trưởng , Phó_Lữ_trưởng và tương_đương 

,7 

- Sư_đoàn_trưởng , Phó Sư_đoàn_trưởng và tương_đương , Học_viên đang đào_tạo cấp chiến_lược trong các trường quân_đội , người lái máy_bay , thủy_thủ tàu_ngầm . 

- Chỉ_huy ( Trưởng và Phó ) cấp Tổng_cục , Quân_khu , Quân_chủng , Quân_đoàn , Binh_chủng và tương_đương . 

,7 

- Cục_trưởng , Phó Cục_trưởng và tương_đương . 

, 

- Thứ_trưởng Bộ Quốc_phòng , Chủ_nhiệm Tổng_cục Chính_trị , Tổng_Tham_mưu_trưởng . 

,1 

Bộ_trưởng Bộ Quốc_phòng . 

. Phạm_vi áp_dụng : 

a ) Định_mức sử_dụng điện_năng sinh_hoạt , làm_việc áp_dụng cho mọi đối_tượng là quân_nhân hưởng lương hay hưởng phụ_cấp từ ngân_sách đang công_tác , phục_vụ trong tất_cả các lĩnh_vực của quân_đội . 

b ) Riêng quân_nhân biên_chế ở các loại tàu_thuyền trong quân_đội không áp_dụng định_mức này để tính điện_năng bảo_đảm cho sinh_hoạt làm_việc vì đã được tính chung trong nhóm điện_năng bảo_đảm cho tàu_thuyền tại bến . 

c ) Học_viên trong thời_gian đào_tạo tại các trường trong quân_đội cũng được sử_dụng định_mức này để tính_toán mức điện_năng sử_dụng cho sinh_hoạt làm_việc thường_xuyên , ngoài_ra được áp_dụng định_mức sử_dụng điện_năng nhóm 7 ( điện_năng cho đào_tạo ) để tính_toán bảo_đảm điện cho sử_dụng các thiết_bị chuyên_dùng phục_vụ dạy và học . 

I 

ĐỊNH MỨC SỬ_DỤNG ĐIỆN_NĂNG CHO CHỈ_HUY SẴN_SÀNG CHIẾN_ĐẤU 

. Điện_năng sử_dụng cho chỉ_huy sẵn_sàng chiến_đấu bao_gồm : 

a ) Điện_năng sử_dụng cho các trang_bị kỹ_thuật ngành thông_tin trong toàn_bộ hệ_thống thông_tin trong quân_đội ( trang_bị chính , trang_bị phụ , trang_bị bổ_trợ ) hoạt_động phục_vụ cho việc đảm_bảo thông_tin liên_lạc thường_xuyên kể_cả huấn_luyện kỹ_thuật . 

b ) Sử_dụng cho các thiết_bị chuyển trạng_thái sẵn_sàng chiến_đấu ( hệ_thống_thiết_bị báo_động , thiết_bị thông_báo , báo_động phòng_không ) hoạt_động để thông_báo kịp_thời tình_hình cho các đơn_vị chuyển trạng_thái sẵn_sàng chiến_đấu . 

c ) Sử_dụng cho các thiết_bị truyền_thanh , truyền_hình , máy vi_tính hoạt_động để phục_vụ cho công_tác chỉ_huy , giao_ban tác_chiến và các hoạt_động quân_sự khác . 

d ) Sử_dụng cho các thiết_bị tiêu_đồ và điều_khiển hoạt_động để thực_hiện các tác_nghiệp kế_hoạch , phương_án tác_chiến thuộc lĩnh_vực chỉ_huy tác_chiến tại các trung_tâm chỉ_huy . 

đ ) Sử_dụng cho các thiết_bị cơ_yếu hoạt_động . 

e ) Các trang_bị chính , trang_bị bổ_trợ và trang_bị bảo_đảm hoạt_động tại các trung_tâm huấn_luyện , trường_bắn , theo nhiệm_vụ chương_trình , nội_dung huấn_luyện được giao . 

g ) Các trang_bị đặc_trưng hoạt_động tại các phòng học , thao_trường , bãi_tập .  . . theo nhiệm_vụ , chương_trình , nội_dung huấn_luyện được giao . 

h ) Các trang_bị bảo_đảm duy_trì điều_kiện nhiệt_độ , độ_ẩm môi_trường ánh_sáng để bảo_đảm sự hoạt_động của các trang_bị kỹ_thuật và con_người trong Sở chỉ_huy , các trung_tâm , đài trạm thông_tin . 

i ) Bảo_quản , bảo_dưỡng , sửa_chữa các trang_thiết_bị theo biên_chế quy_định . 

sử_dụng điện_năng cho chỉ_huy sẵn_sàng chiến_đấu là mức điện_năng ( số kwh điện ) quy_định sử_dụng trong một tháng cho tất_cả các cơ_quan đơn_vị thuộc Bộ Quốc_phòng để thực_hiện các công_tác chỉ_huy , thông_tin , huấn_luyện phục_vụ sẵn_sàng chiến_đấu theo các nội_dung quy_định tại điểm 1 nêu trên . 

I 

ĐỊNH MỨC SỬ_DỤNG ĐIỆN_NĂNG CHO BẢO_ĐẢM KỸ_THUẬT 

. Điện_năng sử_dụng cho công_tác bảo_đảm kỹ_thuật bao_gồm : 

a ) Sử_dụng cho việc kiểm_tra , kiểm_định , chạy thử vũ_khí , trang_bị kỹ_thuật thuộc tất_cả các chuyên_ngành kỹ_thuật ( quân_khí , xe , pháo , máy_bay , tên_lửa , tàu_thuyền ... ) để bảo_đảm sẵn_sàng chiến_đấu và huấn_luyện kỹ_thuật tại khu kỹ_thuật của tất_cả các loại_hình đơn_vị trong toàn quân . 

b ) Sử_dụng cho việc xuất , nhập , bảo_quản , bảo_dưỡng , sửa_chữa , niêm cất vũ_khí , trang_bị kỹ_thuật , vật_tư tại các cơ_sở , trạm xưởng , kho_tàng khu kỹ_thuật của tất_cả các loại_hình đơn_vị trong toàn quân . 

sử_dụng điện_năng bảo_đảm kỹ_thuật là mức điện_năng ( số kwh điện ) quy_định sử_dụng trong một tháng cho tất_cả các đơn_vị trong toàn quân để thực_hiện công_tác bảo_đảm kỹ_thuật phục_vụ sử_dụng , huấn_luyện kỹ_thuật và sẵn_sàng chiến_đấu theo các nội_dung quy_định tại điểm 1 nêu trên . 

a ) Sử_dụng cho các trang_bị hoạt_động bảo_đảm duy_trì điều_kiện môi_trường cất_giữ và bảo_đảm một_số trang_thiết_bị , vật_tư hàng_hóa trong kho ( kho linh_kiện , thiết_bị điện_tử , thiết_bị quang_học , hóa_chất ... ) ;  duy_trì điều_kiện môi_trường cho phòng làm_việc chuyên_dùng ( Phòng_kiểm chuẩn đo_lường chất_lượng , phòng kiểm_tra thiết_bị đo ) . 

b ) Chiếu sáng bảo_vệ khu_vực kho_tàng trạm xưởng , khu kỹ_thuật . 

V 

ĐỊNH MỨC SỬ_DỤNG ĐIỆN_NĂNG CHO BẢO_ĐẢM HẬU_CẦN 

. Điện_năng sử_dụng cho công_tác bảo_đảm hậu_cần bao_gồm : 

a ) Sử_dụng cho các thiết_bị tiêu_thụ điện để thực_hiện các công_tác : xuất_nhập , vận_chuyển , kiểm_tra , thí_nghiệm , bảo_đảm , bảo_dưỡng , sửa_chữa các loại vật_tư , thiết_bị , hàng_hóa trong các kho_tàng ngành hậu_cần và chế_biến , sản_xuất lương_thực , thực_phẩm hàng_hóa tại các cơ_sở trạm xưởng ngành Hậu_cần . 

b ) Sử_dụng cho chiếu sáng phục_vụ làm_việc trong kho , chiếu sáng bảo_vệ khu_vực kho , trạm , xưởng . 

sử_dụng điện_năng cho bảo_đảm hậu_cần là mức điện_năng ( số kwh điện ) quy_định sử_dụng trong một tháng cho một đơn_vị khối_lượng vật_tư hàng_hóa trong kho ngành hậu_cần hoặc trạm , xưởng để thực_hiện các công_tác theo nhiệm_vụ được giao tại các cơ_sở kho_tàng , trạm , xưởng ngành Hậu_cần . 

Bảng 3 : Định_mức sử_dụng điện_năng cho bảo_đảm hậu_cần . 

TT 

Danh_mục 

đối_tượng 

Chiến_lược 

Chiến_dịch 

Chiến_thuật 

(1) 

(2) 

(3) 

(4) 

(5) 

(6) 

. 

Kho xăng_dầu 

Kwh/100m3-tháng 

5 

6 

. 

Kho quân_y 

Kwh/tấn-tháng 

. 

Kho quân_trang 

. 

Kho quân_lương 

0,5 

. 

Trạm xay_xát 

Kwh/trạm-tháng 

.00 

6 . 

Trạm chế_biến thực_phẩm 

7 

Nhóm_V 

ĐỊNH MỨC SỬ_DỤNG ĐIỆN_NĂNG CHO ĐÀO_TẠO 

. Điện_năng sử_dụng cho đào_tạo bao_gồm : 

a ) Bảo_đảm cho hoạt_động của các trang_thiết_bị phục_vụ đào_tạo , nghiên_cứu và huấn_luyện đồng_bộ trong phòng học , giảng_đường , phòng_thí_nghiệm , phòng điều_hành , thư_viện , xưởng in , xưởng thực_tập tại các trường trong quân_đội . 

b ) Bảo_quản , bảo_dưỡng , sửa_chữa vũ_khí , trang_thiết_bị phục_vụ cho giảng_dạy , học_tập , nghiên_cứu , luyện_tập . 

sử_dụng điện_năng cho đào_tạo là mức điện_năng ( số kwh điện ) sử_dụng trong một tháng trên một học_viên phân theo bậc học để thực_hiện những nội_dung công_việc quy_định tại điểm 1 nêu trên . 

Bảng 4 : Định_mức sử_dụng điện_năng cho đào_tạo . 

ĐM 

Hệ_số điều_chỉnh kđc cho đối_tượng 

vận_dụng định_mức 

Học_viên đào_tạo cấp chiến_dịch , chiến_lược 

KWh/học_viên tháng 

6 

- Học_viên đào_tạo trên đại_học , Học_viên quốc_tế kđc = 1,5 

- Học_viên bổ_túc ngắn_hạn kđc = 1,2 

Học_viên đào_tạo cấp chiến_dịch , chiến_thuật . 

nt 

- Học_viên bổ_túc ngắn_hạn , bổ_túc , hoàn_thiện bậc đại_học kđc = 1,2 

Học_viên đào_tạo chỉ_huy kỹ_thuật cấp phân_đội 

- Học_viên đào_tạo trên đại_học , Học_viên quốc_tế kđc = 1,5 

- Học_viên chuyển cấp đào_tạo , Học_viên các lớp ngắn_hạn , bổ_túc , hoàn_thiện của các chuyên_ngành tại các Học_viện , Nhà_trường kđc = 1,2 

Học_viên đào_tạo chỉ_huy Binh_chủng hợp_thành cấp phân_đội 

- Học_viên quốc_tế kđc = 1,5 

- Học_viên đào_tạo vòng 2 , Học_viên các lớp ngắn_hạn , bổ_túc , chuyển_loại của các chuyên_ngành tương_ứng trong nhà_trường kđc = 1,2 

Học_viên đào_tạo chuyên_môn kỹ_thuật cao_đẳng , trung_học . 

6 

Học_viên đào_tạo chuyên_môn – nghiệp_vụ cao_đẳng , trung_học . 

0 

7 

Học_viên trường Quân_sự Quân_khu , Quân_đoàn . 

KWh/học_viên-tháng 

- Học_viên các lớp bồi_dưỡng , tập_huấn ngắn_hạn trong các trường Quân_sự qk , qđ kđc = 1,2 

- Học_viên các trường Quân_sự địa_phương được quy_đổi theo quỹ thời_gian đào_tạo kđc 0,8 

Học_viên hạ_sĩ_quan , nhân_viên chuyên_môn nghiệp_vụ 

- Học_viên đào_tạo hạ_sĩ_quan , nhân_viên sơ_cấp các chuyên_ngành chuyên_môn kỹ_thuật QS kđc = 1,5 

. Phạm_vi áp_dụng : học_viên thuộc hệ_thống đào_tạo tại các trường trong quân_đội . 

I 

ĐỊNH MỨC SỬ_DỤNG ĐIỆN_NĂNG CHO PHÒNG , CHỐNG DỊCH VÀ KHÁM CHỮA BỆNH 

. Điện_năng sử_dụng cho công_tác phòng , chống dịch và khám chữa bệnh bao_gồm : 

a ) Sử_dụng cho các thiết_bị hoạt_động để thực_hiện việc chẩn_đoán , điều_trị , nghiên_cứu khoa_học . 

b ) Sử_dụng cho các thiết_bị bảo_đảm vô_trùng , tiệt_khuẩn hoạt_động . 

c ) Sử_dụng cho các thiết_bị hoạt_động phục_vụ cho công_tác bảo_quản , bảo_hành và bảo_đảm kỹ_thuật theo nhiệm_vụ , chương_trình , nội_dung được giao . 

d ) Sử_dụng cho các thiết_bị phục_vụ cho công_tác pha_chế , kiểm_nghiệm các loại vật_tư , sản_phẩm y_tế hoạt_động . 

đ ) Sử_dụng cho các thiết_bị hoạt_động để phục_vụ nuôi_dưỡng_bệnh_nhân và phục_vụ sinh_hoạt của bệnh_nhân đang điều_trị tại bệnh_viện , bệnh_xá , cơ_sở điều_trị . 

e ) Các thiết_bị hoạt_động phục_vụ cho công_tác phòng , chống dịch và khám chữa bệnh theo nhiệm_vụ , chương_trình , nội_dung được giao . 

g ) Bảo_đảm cho nhiệm_vụ sẵn_sàng chiến_đấu và các nhiệm_vụ đột_xuất khác . 

sử_dụng điện_năng cho phòng_chống dịch và khám chữa bệnh là mức điện_năng ( số kwh điện ) quy_định sử_dụng trong một tháng quy về cho một giường_bệnh ( theo các cấp loại ) hoặc một loại_hình tổ_chức ngành Quân_y ( Đội vệ_sinh phòng_dịch ) để thực_hiện các nội_dung công_việc tại điểm 1 nêu trên . 

Bảng 5 : Định_mức sử_dụng điện_năng cho phòng_chống dịch 

và khám chữa bệnh . 

Đơn_vị : KWh/tháng 1 giường_bệnh 

STT 

đối_tượng 

Giường_bệnh loại 1mức 1 

KWh/1 giường_bệnh-tháng 

64 

Giường_bệnh loại 1-mức 2 

0 

Giường_bệnh loại 1-mức 3 

00 

Giường_bệnh loại 2-mức 1 

Giường_bệnh loại 2-mức 2 

0 

Giường_bệnh loại 2-mức 3 

90 

Giường_bệnh xá Sư_đoàn 

0 

Giường_bệnh xá Trung_đoàn 

0 

9 

Đội vệ_sinh phòng_dịch cấp Quân_khu 

KWh/1 đội-tháng 

00 

0 

Đội vệ_sinh phòng_dịch cấp Quân_đoàn 

00 

. Phạm_vi áp_dụng : số_lượng giường_bệnh tại các bệnh_viện , bệnh_xá trong toàn quân theo biên_chế . 

I 

ĐỊNH MỨC SỬ_DỤNG ĐIỆN_NĂNG CHO NHIỆM_VỤ KHÁC 

sử_dụng điện_năng cho các nhiệm_vụ khác là mức sử_dụng điện ( KWh điện ) quy_định sử_dụng trong một tháng cho các đối_tượng , các công_việc đặc_thù khác không thuộc các nhiệm_vụ đã nêu trên ( an điều_dưỡng ;  hoạt_động văn_hóa nghệ_thuật , đối_ngoại ;  công_tác thư_viện , bảo_tàng ;  nghiên_cứu khoa_học quân_sự ;  điện bơm nước ... ) . 

Bộ Quốc_phòng_ban_hành  Thông_tư hướng_dẫn cụ_thể về định_mức sử_dụng điện_năng theo từng cấp đơn_vị , từng ngành kỹ_thuật cho phù_hợp ./.  