Nghị định Về quản lý đầu tư xây dựng công trình đặc thù

Căn_cứ <L rel="CC"> Luật Tổ_chức Chính_phủ ngày 25 tháng 12 năm 2001 </L> ;
Căn_cứ <L rel="CC"> Luật Xây_dựng ngày 26 tháng 11 năm 2003 </L> ;
Điều 1 .  Phạm_vi điều_chỉnh 

1 . Nghị_định này quy_định về quản_lý đầu_tư xây_dựng đối_với các công_trình bí_mật nhà_nước , công_trình xây_dựng theo lệnh khẩn_cấp và công_trình tạm ( sau đây gọi là công_trình đặc_thù ) . 

2 . Việc quản_lý đầu_tư xây_dựng công_trình đặc_thù phải tuân_thủ các quy_định tại Nghị_định này và các quy_định khác có liên_quan tại <NĐ rel="DaC"> Nghị_định số 16/2005/NĐ-CP ngày 07 tháng 02 năm 2005 </NĐ> của Chính_phủ .
Điều 2 .  Các loại công_trình đặc_thù 

1 . Công_trình bí_mật nhà_nước là công_trình xây_dựng thuộc các lĩnh_vực quốc_phòng , an_ninh , kinh_tế , khoa_học , công_nghệ và các lĩnh_vực khác thuộc danh_mục bí_mật nhà_nước , được cơ_quan nhà_nước có thẩm_quyền quyết_định theo quy_định của pháp_luật về bí_mật nhà_nước . 

2 . Công_trình xây_dựng theo lệnh khẩn_cấp là công_trình phải được xây_dựng và hoàn_thành kịp_thời , để phòng , chống thiên_tai và địch_họa , ngăn_chặn và hạn_chế thiệt_hại , đáp_ứng yêu_cầu của lệnh khẩn_cấp do người có thẩm_quyền ban_hành theo pháp_luật về tình_trạng khẩn_cấp , tình_huống khẩn_cấp và pháp_luật khác có liên_quan đến yêu_cầu khẩn_cấp . 

3 . Công_trình tạm bao_gồm : 

a ) Công_trình tạm phục_vụ thi_công công_trình chính là công_trình của chủ đầu_tư , nhà_thầu xây_dựng trên mặt_bằng công_trường xây_dựng , gồm : nhà_văn_phòng làm_việc , nhà ở cho cán_bộ công_nhân_viên tại công_trường , kho_tàng , nhà sản_xuất tại_chỗ phục_vụ thi_công xây_dựng , các công_trình dẫn dòng thi_công , đường thi_công , công_trình hạ_tầng kỹ_thuật và các công_trình dịch_vụ khác phục_vụ hoạt_động của công_trường xây_dựng ; 

b ) Công_trình , nhà ở riêng_lẻ được xây_dựng theo giấy_phép xây_dựng tạm trong khu_vực đã có quy_hoạch chi_tiết xây_dựng được duyệt nhưng chưa thực_hiện giải_phóng mặt_bằng xây_dựng . 

Điều 3 .  Hành_vi bị nghiêm_cấm 

Nghiêm_cấm việc áp_dụng cơ_chế quản_lý đầu_tư xây_dựng công_trình đặc_thù đối_với công_trình không đủ điều_kiện là công_trình đặc_thù được quy_định tại Điều 2 Nghị_định này .  Người vi_phạm bị xử_lý theo quy_định của pháp_luật . 

Điều 4 .  Quy_hoạch xây_dựng công_trình bí_mật nhà_nước 

1 . Chính_phủ thống_nhất quản_lý và chỉ_đạo việc xây_dựng kế_hoạch , quy_hoạch phát_triển kinh_tế-xã_hội quốc_gia , địa_phương , ngành gắn với việc xây_dựng , bảo_vệ công_trình bí_mật nhà_nước . 

2 . Quy_hoạch xây_dựng công_trình quốc_phòng và khu quân_sự do Bộ Quốc_phòng lập và trình Thủ_tướng Chính_phủ phê_duyệt theo quy_định tại <PL rel="DaC"> Pháp_lệnh Bảo_vệ công_trình quốc_phòng và khu quân_sự </PL> .
3 . Quy_hoạch xây_dựng công_trình an_ninh và khu_vực an_ninh do Bộ Công_an lập và trình Thủ_tướng Chính_phủ phê_duyệt theo quy_định tại <PL rel="DaC"> Pháp_lệnh về lực_lượng an_ninh nhân_dân </PL> .
4 . Các ngành có hình_thành mạng_lưới các công_trình bí_mật nhà_nước thuộc ngành trong phạm_vi cả nước và các địa_phương ( cấp tỉnh ) có hình_thành hệ_thống các công_trình bí_mật nhà_nước , cần lập quy_hoạch xây_dựng các công_trình bí_mật , phối_hợp với Bộ Công_an thẩm_định độ mật trước khi trình Thủ_tướng Chính_phủ phê_duyệt để định_hướng đầu_tư và phát_triển dự_án theo kế_hoạch .  Trường_hợp chỉ đầu_tư các công_trình riêng_lẻ , không có tính hệ_thống , mạng_lưới thì không cần lập quy_hoạch xây_dựng các công_trình bí_mật nhà_nước . 

Điều 5 .  Lập Báo_cáo đầu_tư xây_dựng công_trình bí_mật nhà_nước và xin phép đầu_tư 

1 . Căn_cứ danh_mục bí_mật nhà_nước được cấp có thẩm_quyền ban_hành , Bộ_trưởng , Chủ_tịch ủy_ban nhân_dân cấp tỉnh , người có trách_nhiệm hoặc người được ủy_quyền theo quy_định của pháp_luật về bảo_vệ bí_mật nhà_nước tổ_chức lập Báo_cáo đầu_tư xây_dựng công_trình , trình Thủ_tướng Chính_phủ xem_xét cho phép đầu_tư dự_án và quyết_định người quản_lý , thực_hiện xây_dựng công_trình bí_mật nhà_nước . 

Đối_với công_trình bí_mật nhà_nước không thuộc các danh_mục bí_mật nhà_nước đã được cấp có thẩm_quyền ban_hành thì phải có ý_kiến thẩm_định của Bộ Công_an về độ mật trước khi trình Thủ_tướng Chính_phủ xem_xét cho phép đầu_tư . Riêng đối_với công_trình bí_mật quốc_phòng thì thẩm_quyền lập báo_cáo đầu_tư xây_dựng công_trình và cho phép đầu_tư được thực_hiện theo phân_cấp tại <PL rel="DaC"> Pháp_lệnh về bảo_vệ công_trình quốc_phòng và khu quân_sự </PL> .
2 . Nội_dung Báo_cáo đầu_tư xây_dựng công_trình ngoài các nội_dung được quy_định tại <NĐ rel="DaC"> Nghị_định số 16/2005/NĐ-CP ngày 07 tháng 02 năm 2005 </NĐ> của Chính_phủ về quản_lý dự_án đầu_tư xây_dựng công_trình còn phải có các nội_dung sau :
a ) Mức_độ bí_mật của công_trình . 

b ) Đề_xuất người được giao quản_lý , thực_hiện xây_dựng công_trình bí_mật nhà_nước phù_hợp với <L rel="DaC"> Luật Ngân_sách nhà_nước </L> để thực_hiện chức_năng của chủ đầu_tư và một_số chức_năng của cơ_quan quản_lý nhà_nước được quy_định tại Nghị_định này .
c ) Cơ_chế kiểm_soát nhà_nước theo yêu_cầu bí_mật của công_trình . 

Điều 6 .  Lập , thẩm_định , phê_duyệt và điều_chỉnh dự_án đầu_tư xây_dựng công_trình bí_mật nhà_nước 

1 . Lập dự_án đầu_tư xây_dựng công_trình bí_mật nhà_nước : 

a ) Dự_án đầu_tư xây_dựng công_trình bí_mật nhà_nước thuộc lĩnh_vực quốc_phòng , an_ninh được lập phù_hợp với quy_hoạch xây_dựng quốc_phòng , an_ninh đã được duyệt . 

b ) Dự_án đầu_tư xây_dựng công_trình bí_mật nhà_nước thuộc lĩnh_vực khác của các ngành và địa_phương được lập phù_hợp với quy_hoạch xây_dựng công_trình bí_mật ( nếu có ) hoặc quy_hoạch xây_dựng của ngành và địa_phương .  Trường_hợp chưa có quy_hoạch được duyệt phải giải_trình rõ trong Báo_cáo đầu_tư xây_dựng công_trình để được Thủ_tướng Chính_phủ xem_xét cho phép đầu_tư . 

c ) Dự_án đầu_tư xây_dựng công_trình bí_mật nhà_nước được mã_hóa tên dự_án và các thông_tin phải giữ bí_mật và được giải mật theo quy_định của pháp_luật về bí_mật nhà_nước . 

2 . Người được Thủ_tướng Chính_phủ giao quản_lý , thực_hiện xây_dựng công_trình bí_mật là chủ đầu_tư , có trách_nhiệm tổ_chức lập , thẩm_định , phê_duyệt và điều_chỉnh dự_án phù_hợp với nội_dung được Thủ_tướng Chính_phủ cho phép đầu_tư , bao_gồm cả thiết_kế cơ_sở công_trình bí_mật nhà_nước .  Trường_hợp cần_thiết được huy_động tổ_chức và cá_nhân khác tham_gia thực_hiện một_số công_việc lập và thẩm_định dự_án , nhưng phải bảo_đảm yêu_cầu bảo_mật nhà_nước . 

Điều 7 .  Khảo_sát , thiết_kế xây_dựng công_trình 

1 . Người được giao quản_lý , thực_hiện dự_án đầu_tư xây_dựng công_trình bí_mật căn_cứ vào tính_chất và quy_mô công_trình để quyết_định số bước thiết_kế công_trình , tự tổ_chức việc khảo_sát , thiết_kế , thẩm_định , phê_duyệt thiết_kế và dự_toán xây_dựng công_trình . 

2 . Hồ_sơ_khảo_sát , thiết_kế được đánh mã_số trên báo_cáo khảo_sát và trên bản_vẽ thiết_kế . 

Điều 8 .  Yêu_cầu đối_với công_trường xây_dựng 

1 . Tại công_trường xây_dựng công_trình bí_mật nhà_nước không yêu_cầu phải có biển_báo như quy_định đối_với công_trình xây_dựng khác . 

2 . Những người tham_gia xây_dựng công_trình phải có_nhân_thân phù_hợp với trách_nhiệm công_việc đảm_nhận và chịu sự kiểm_soát khi ra , vào công_trường . 

3 . Người được giao quản_lý , thực_hiện xây_dựng công_trình bí_mật nhà_nước phải xây_dựng Quy_chế để bảo_vệ công_trường theo chế_độ bí_mật trong suốt thời_gian thi_công xây_dựng công_trình . 

Điều 9 .  Quản_lý dự_án đầu_tư xây_dựng công_trình 

1 . Tùy_theo tính_chất , quy_mô và mức_độ mật của dự_án , người được giao quản_lý , thực_hiện xây_dựng công_trình thành_lập Ban quản_lý dự_án đáp_ứng điều_kiện năng_lực theo quy_định để quản_lý thực_hiện dự_án . 

2 . Người được giao quản_lý , thực_hiện dự_án được chỉ_định các tổ_chức , cá_nhân có đủ điều_kiện năng_lực và tín_nhiệm để thực_hiện các công_việc liên_quan đến dự_án đầu_tư xây_dựng công_trình bí_mật và phải chịu trách_nhiệm về những quyết_định của mình . 

3 . Những nội_dung về quản_lý chất_lượng xây_dựng công_trình được thực_hiện theo quy_định tại <NĐ rel="DaC"> Nghị_định số 209/2004/NĐ-CP ngày 16 tháng 12 năm 2004 </NĐ> của Chính_phủ về quản_lý chất_lượng công_trình xây_dựng . Việc giám_sát , nghiệm_thu chất_lượng xây_dựng do người được giao quản_lý tổ_chức thực_hiện , không tổ_chức hội_đồng nghiệm_thu nhà_nước .
Trường_hợp xảy ra sự_cố trong quá_trình thực_hiện dự_án thì người được giao quản_lý phải trực_tiếp giải_quyết , xử_lý hoặc báo_cáo người có thẩm_quyền được quy_định tại khoản 1 Điều 5 của Nghị_định này để xử_lý . Trình_tự giải_quyết và hình_thức xử_lý_sự_cố công_trình thực_hiện theo quy_định tại <NĐ rel="DaC"> Nghị_định số 209/2004/NĐ-CP ngày 16 tháng 12 năm 2004 </NĐ> của Chính_phủ về quản_lý chất_lượng công_trình xây_dựng .
4 . Sau khi nghiệm_thu công_trình hoàn_thành để đưa vào sử_dụng , người được giao quản_lý , thực_hiện xây_dựng công_trình bí_mật nhà_nước có trách_nhiệm : 

a ) Báo_cáo Thủ_tướng Chính_phủ về việc hoàn_thành công_trình . 

b ) Lưu_trữ , quản_lý , khai_thác hồ_sơ tài_liệu dự_án , công_trình theo quy_định của pháp_luật về bảo_vệ bí_mật nhà_nước . 

c ) Thực_hiện vận_hành , bảo_hành , bảo_trì theo quy_định hiện_hành và theo những nguyên_tắc về bảo_vệ công_trình bí_mật . 

5 . Người được giao quản_lý thực_hiện xây_dựng công_trình bí_mật nhà_nước chịu trách_nhiệm trước Thủ_tướng Chính_phủ , người có thẩm_quyền được quy_định tại Nghị_định này . 

6 . Việc kiểm_tra , thanh_tra đối_với công_trình bí_mật nhà_nước được thực_hiện theo quyết_định của Thủ_tướng Chính_phủ . 

Điều 10 .  Quản_lý chi_phí dự_án đầu_tư xây_dựng công_trình 

1 . Việc quản_lý chi_phí dự_án đầu_tư xây_dựng công_trình được thực_hiện theo những quy_định tại <NĐ rel="DaC"> Nghị_định số 16/2005/NĐ-CP ngày 07 tháng 02 năm 2005 </NĐ> của Chính_phủ về quản_lý dự_án đầu_tư xây_dựng công_trình .
2 . Trường_hợp Nhà_nước chưa có quy_định về đơn_giá đối_với những công_việc thuộc công_trình đặc_thù thì người được giao quản_lý , thực_hiện dự_án được tổ_chức xây_dựng đơn_giá trình Bộ_trưởng hoặc Chủ_tịch ủy_ban nhân_dân cấp tỉnh quản_lý trực_tiếp xem_xét phê_duyệt .  Người phê_duyệt đơn_giá phải chịu trách_nhiệm về quyết_định của mình . 

3 . Việc quản_lý , thanh_toán , quyết_toán vốn đầu_tư xây_dựng công_trình bí_mật nhà_nước thực_hiện theo hướng_dẫn của Bộ Tài_chính . 

Điều 11 .  Người có thẩm_quyền quyết_định việc xây_dựng công_trình theo lệnh khẩn_cấp 

1 . Người có thẩm_quyền quyết_định việc xây_dựng công_trình theo lệnh khẩn_cấp là người có thẩm_quyền ban_bố tình_trạng khẩn_cấp , quyết_định tình_huống khẩn_cấp , quyết_định biện_pháp khẩn_cấp được quy_định tại <PL rel="DaC"> Pháp_lệnh Tình_trạng khẩn_cấp </PL> , <PL rel="DaC"> Pháp_lệnh Đê_điều </PL> , Pháp_lệnh Phòng , chống lụt_bão và các pháp_luật khác có liên_quan .
2 . Nội_dung quyết_định xây_dựng công_trình khẩn_cấp gồm : xác_định người được giao quản_lý , thực_hiện xây_dựng công_trình khẩn_cấp ;  nhiệm_vụ xây_dựng công_trình ;  các yêu_cầu đối_với công_trình ;  nguồn_lực được huy_động ;  nguyên_tắc thanh_toán và đền_bù phù_hợp với pháp_luật về tình_trạng khẩn_cấp và tình_huống khẩn_cấp . 

Điều 12 .  Người được giao quản_lý , thực_hiện xây_dựng công_trình theo lệnh khẩn_cấp 

1 . Người được giao quản_lý , thực_hiện xây_dựng công_trình theo lệnh khẩn_cấp là người đứng đầu_cơ_quan quản_lý chuyên_ngành phù_hợp với công_trình xây_dựng theo lệnh khẩn_cấp . 

2 . Người được giao quản_lý , thực_hiện xây_dựng công_trình khẩn_cấp được quyền quyết_định toàn_bộ các công_việc trong hoạt_động xây_dựng để tổ_chức thực_hiện xây_dựng công_trình và phải chịu trách_nhiệm về những quyết_định của mình . 

Điều 13 .  Xây_dựng công_trình 

1 . Khi xây_dựng công_trình theo lệnh khẩn_cấp phải áp_dụng thiết_kế điển_hình , thiết_kế mẫu , công_trình được lắp_ghép theo cấu_kiện và mô đun được chế_tạo sẵn hoặc vật_liệu sẵn có .  Trường_hợp không có sẵn hoặc không_thể áp_dụng được thì cho phép vừa thiết_kế vừa thi_công . 

2 . Địa_điểm và đất_đai để xây_dựng công_trình khẩn_cấp do ủy_ban nhân_dân cấp tỉnh nơi có yêu_cầu khẩn_cấp quyết_định . 

3 . Người được giao quản_lý , thực_hiện xây_dựng công_trình được tổ_chức thực_hiện các hoạt_động : thẩm_định , phê_duyệt thiết_kế ;  giám_sát thi_công ;  nghiệm_thu công_trình ;  trực_tiếp_quản_lý và chịu trách_nhiệm về tiến_độ và chất_lượng công_trình . 

4 . Tùy_theo tính_chất , công_năng và khả_năng sử_dụng mà công_trình được đưa vào sử_dụng ngay khi hoàn_thành từng phần , từng hạng_mục hay toàn_bộ công_trình .  Công_trình hoàn_thành phải được chuyển_giao cho bên quản_lý sử_dụng . 

5 . Trường_hợp công_trình xây_dựng theo lệnh khẩn_cấp đồng_thời là công_trình bí_mật nhà_nước thì việc xây_dựng công_trình được quản_lý , thực_hiện theo quy_định tại Chương này và đáp_ứng các yêu_cầu về bí_mật theo quy_định tại Chương II Nghị_định này . 

Điều 14 .  Thực_hiện các công_việc sau thời_hạn khẩn_cấp 

1 . Kiểm_tra , đánh_giá lại chất_lượng công_trình đã được xây_dựng và thực_hiện bảo_hành công_trình . 

2 . Phục_hồi hồ_sơ hoàn_công công_trình và lưu_trữ hồ_sơ , tài_liệu theo quy_định của pháp_luật về xây_dựng . 

3 . Quyết_toán công_trình theo hướng_dẫn của Bộ Tài_chính . 

4 . Bàn_giao công_trình cho bên quản_lý sử_dụng công_trình . 

5 . Đề_xuất phương_án xử_lý , tiếp_tục xây_dựng hoàn_thiện công_trình nhằm đảm_bảo chất_lượng phù_hợp với tiêu_chuẩn xây_dựng . Phương_án xử_lý hoàn_thiện công_trình phải trình người có thẩm_quyền quyết_định theo trình_tự , thủ_tục và nội_dung được quy_định tại <NĐ rel="DaC"> Nghị_định số 16/2005/NĐ-CP ngày 07 tháng 02 năm 2005 </NĐ> của Chính_phủ về quản_lý dự_án đầu_tư xây_dựng công_trình .
6 . Người quản_lý sử_dụng công_trình phải lập kế_hoạch quản_lý sử_dụng công_trình hoặc phá dỡ công_trình hoàn_trả lại mặt_bằng nếu công_trình xây_dựng theo lệnh khẩn_cấp không phù_hợp với quy_hoạch xây_dựng .  Trước khi phá dỡ công_trình , người được giao quản_lý sử_dụng công_trình phải báo_cáo người có thẩm_quyền về giải_pháp , chi_phí phá dỡ và giải_pháp thu_hồi vật_liệu . 

Điều 15 .  Quản_lý vốn đầu_tư xây_dựng công_trình 

Việc quản_lý , thanh_toán , quyết_toán vốn đầu_tư xây_dựng công_trình khẩn_cấp thực_hiện theo hướng_dẫn của Bộ Tài_chính phù_hợp với các nguồn vốn . 

Điều 16 .  Sơ_đồ tổng mặt_bằng công_trường xây_dựng 

1 . Sơ_đồ tổng mặt_bằng công_trường xây_dựng là bản_vẽ bố_trí công_trình chính , các hạng_mục phụ_trợ và các công_trình tạm để phục_vụ xây_dựng công_trình chính . 

2 . Sơ_đồ tổng mặt_bằng công_trường xây_dựng do chủ đầu_tư lập khi lập dự_án đầu_tư xây_dựng công_trình hoặc do nhà_thầu xây_dựng lập nhưng phải được chủ đầu_tư phê_duyệt . 

Trường_hợp sơ_đồ tổng mặt_bằng bao_gồm cả phần nằm ngoài ranh_giới khu đất của dự_án được giao thì sơ_đồ tổng mặt_bằng công_trường xây_dựng phải được cơ_quan quản_lý có thẩm_quyền của địa_phương về quy_hoạch xây_dựng và đất_đai chấp_thuận bằng văn_bản với các nội_dung sau : 

- Chấp_thuận sơ_đồ mặt_bằng công_trường xây_dựng . 

- Nguyên_tắc giao đất và sử_dụng đất tạm ngoài địa_giới của dự_án . 

- Các nguồn hạ_tầng kỹ_thuật được sử_dụng cho công_trường xây_dựng . 

- Các yêu_cầu về môi_trường , an_toàn , an_ninh . 

3 . Trong quá_trình xây_dựng nếu phát_sinh công_trình tạm nằm ngoài ranh_giới khu đất của dự_án đã được giao thì chủ đầu_tư phải xin bổ_sung yêu_cầu về sử_dụng đất tạm và phải được cơ_quan có thẩm_quyền chấp_thuận theo quy_định tại khoản 2 Điều này . 

4 . Trường_hợp xây_dựng công_trình theo tuyến mà phần công_trình tạm nằm rải_rác dọc tuyến và ngoài địa_giới dự_án thì chỉ cần lập yêu_cầu về sử_dụng đất và xin phép tạm sử_dụng đất với cơ_quan có thẩm_quyền địa_phương có công_trình đi qua mà không phải lập sơ_đồ tổng mặt_bằng công_trường theo quy_định tại khoản 1 và 2 Điều này . 

5 . Các công_trình tạm đã được thể_hiện trong sơ_đồ tổng mặt_bằng công_trường xây_dựng hoặc trên khu đất đã được cơ_quan có thẩm_quyền thỏa_thuận tạm sử_dụng đất thì được tiến_hành xây_dựng khi có thiết_kế bản_vẽ thi_công mà không phải xin giấy_phép xây_dựng .  Thiết_kế công_trình tạm phải bảo_đảm an_toàn bền_vững , phòng , chống cháy , nổ và vệ_sinh môi_trường phù_hợp với công_năng và thời_hạn sử_dụng công_trình tạm . 

Điều 17 .  Công_trình tạm của chủ đầu_tư 

1 . Công_trình tạm của chủ đầu_tư phải được xác_định trong dự_án đầu_tư xây_dựng công_trình và phải lập thiết_kế cơ_sở theo quy_định . 

2 . Chi_phí xây_dựng và dỡ bỏ ( nếu có ) công_trình tạm được tính vào chi_phí trong tổng mức đầu_tư của dự_án theo quy_định . 

Điều 18 .  Công_trình tạm của nhà_thầu 

1 . Công_trình tạm của nhà_thầu do nhà_thầu xác_định theo giải_pháp tổ_chức và thực_hiện thi_công của mình trên công_trường , phù_hợp với sơ_đồ tổng mặt_bằng công_trường xây_dựng hoặc yêu_cầu phục_vụ xây_dựng theo tuyến . 

2 . Tùy theo thời_hạn sử_dụng , nhà_thầu quyết_định việc lựa_chọn quy_mô công_trình cho phù_hợp .  Việc thiết_kế được thực_hiện một bước là thiết_kế bản_vẽ thi_công . 

3 . Chi_phí xây_dựng và dỡ bỏ ( nếu có ) công_trình tạm được tính trong giá gói_thầu xây_dựng công_trình chính . 

Mục 2 

CÔNG_TRÌNH TẠM KHÔNG PHÙ_HỢP 

VỚI QUY_HOẠCH XÂY_DỰNG ĐƯỢC DUYỆT 

Điều 19 .  Việc cấp giấy_phép xây_dựng tạm 

Khi xây_dựng công_trình , nhà ở riêng_lẻ không phù_hợp với quy_hoạch xây_dựng đã được duyệt và công_bố nhưng chưa thực_hiện giải_phóng mặt_bằng thì chủ đầu_tư phải xin giấy_phép xây_dựng tạm theo quy_định tại <NĐ rel="DaC"> Nghị_định số 16/2005/NĐ-CP ngày 07 tháng 02 năm 2005 </NĐ> của Chính_phủ về quản_lý dự_án đầu_tư xây_dựng công_trình .
Điều 20 .  Yêu_cầu đối_với việc xây_dựng công_trình tạm 

1 . Công_trình xây_dựng tạm chỉ được tồn_tại có thời_hạn theo thời_hạn được ghi trong giấy_phép xây_dựng tạm .  Khi hết thời_hạn được tồn_tại , chủ công_trình phải tự dỡ bỏ .  Trường_hợp không tự_giác dỡ bỏ , các cơ_quan_chức_năng được phép cưỡng_chế dỡ bỏ ;  chủ_công_trình phải chịu mọi chi_phí cho việc thi_hành cưỡng_chế phá dỡ công_trình . 

2 . Tùy_thuộc vào thời_hạn được phép tồn_tại của công_trình , chủ đầu_tư xác_định quy_mô xây_dựng công_trình cho phù_hợp . 

3 . Đối_với công_trình xây_dựng không phải là nhà ở riêng_lẻ thì không yêu_cầu phải lập dự_án đầu_tư xây_dựng công_trình mà chỉ cần lập Báo_cáo kinh_tế kỹ_thuật để thẩm_định và phê_duyệt theo quy_định . 

Điều 21 .  Hiệu_lực thi_hành 

Nghị_định này có hiệu_lực sau 15 ngày , kể từ ngày đăng Công_báo . 

Điều 22 .  Tổ_chức thực_hiện 

Các Bộ_trưởng , Thủ_trưởng cơ_quan ngang Bộ , Thủ_trưởng cơ_quan thuộc Chính_phủ , Chủ_tịch ủy_ban nhân_dân các tỉnh , thành_phố trực_thuộc Trung_ương , người đứng đầu các tổ_chức chính_trị , chính_trị-xã_hội và các tổ_chức có liên_quan chịu trách_nhiệm triển_khai thi_hành Nghị_định này ./. 