Nghị định Quy định chi tiết Luật Thương mại về kinh doanh dịch vụ giám định thương mại

Căn_cứ <L rel="CC"> Luật Tổ_chức Chính_phủ ngày 25 tháng 12 năm 2001 </L> ;
Căn_cứ <L rel="CC"> Luật Thương_mại ngày 14 tháng 6 năm 2005 </L> ;
Điều 1 .  Phạm_vi điều_chỉnh 

Nghị_định này quy_định chi_tiết <L rel="DHD"> Luật Thương_mại </L> về kinh_doanh dịch_vụ giám_định thương_mại trên lãnh_thổ nước Cộng_hòa xã_hội chủ_nghĩa Việt_Nam .
Điều 2 .  Đối_tượng áp_dụng 

Nghị_định này áp_dụng đối_với thương_nhân kinh_doanh dịch_vụ giám_định thương_mại được thành_lập theo pháp_luật Việt_Nam . 

Điều 3 .  Nguyên_tắc thực_hiện dịch_vụ giám_định thương_mại 

1 . Dịch_vụ giám_định thương_mại được thực_hiện theo thỏa_thuận của các bên hoặc theo yêu_cầu của một trong các bên tham_gia hợp_đồng có liên_quan đến hàng_hóa , dịch_vụ cần giám_định ;  theo yêu_cầu của cá_nhân , tổ_chức hoặc theo yêu_cầu của cơ_quan nhà_nước . 

2 . Dịch_vụ giám_định thương_mại được thực_hiện theo nguyên_tắc độc_lập , khách_quan , khoa_học và chính_xác . 

3 . Không được thực_hiện dịch_vụ giám_định thương_mại trong trường_hợp dịch_vụ giám_định thương_mại đó có liên_quan đến quyền_lợi của chính doanh_nghiệp giám_định và của giám_định viên . 

Điều 4 .  Thẩm_quyền quản_lý nhà_nước đối_với hoạt_động kinh_doanh dịch_vụ giám_định thương_mại 

1 . Bộ Thương_mại chịu trách_nhiệm trước Chính_phủ thực_hiện việc thống_nhất quản_lý nhà_nước về hoạt_động kinh_doanh dịch_vụ giám_định thương_mại với các nội_dung quản_lý cụ_thể sau đây : 

a ) Ban_hành theo thẩm_quyền hoặc kiến_nghị với Chính_phủ ban_hành , sửa_đổi , bổ_sung các văn_bản quy_phạm pháp_luật liên_quan tới hoạt_động kinh_doanh dịch_vụ giám_định thương_mại ; 

b ) Hướng_dẫn và kiểm_tra các Sở Thương_mại ( Sở Thương_mại Du_lịch ) trong việc đăng_ký dấu nghiệp_vụ của thương_nhân kinh_doanh dịch_vụ giám_định thương_mại ; 

c ) Trực_tiếp kiểm_tra , thanh_tra hoạt_động kinh_doanh dịch_vụ giám_định thương_mại khi cần_thiết ; 

d ) Xây_dựng hệ_thống thông_tin để quản_lý thống_nhất việc đăng_ký con_dấu nghiệp_vụ của các thương_nhân kinh_doanh dịch_vụ giám_định thương_mại ; 

đ ) Giải_quyết khiếu_nại , tố_cáo , xử_lý theo thẩm_quyền các hành_vi vi_phạm pháp_luật về hoạt_động kinh_doanh dịch_vụ giám_định thương_mại . 

2 . Các Bộ , cơ_quan ngang Bộ , cơ_quan thuộc Chính_phủ trong phạm_vi quyền_hạn của mình thực_hiện việc quản_lý nhà_nước về hoạt_động kinh_doanh dịch_vụ giám_định thương_mại . 

3 . Ủy_ban nhân_dân tỉnh , thành_phố trực_thuộc trung_ương , nơi thương_nhân đăng_ký kinh_doanh hướng_dẫn thực_hiện việc đăng_ký dấu nghiệp_vụ của thương_nhân kinh_doanh dịch_vụ giám_định thương_mại theo quy_định tại Nghị_định này . 

Điều 5 .  Kinh_doanh dịch_vụ giám_định thương_mại của thương_nhân nước_ngoài 

1 . Thương_nhân nước_ngoài thành_lập doanh_nghiệp kinh_doanh dịch_vụ giám_định thương_mại theo pháp_luật về đầu_tư tại Việt_Nam phù_hợp với cam_kết tại các Điều_ước quốc_tế mà Việt_Nam là thành_viên được thực_hiện việc giám_định và cấp Chứng_thư giám_định theo ngành_nghề đã ghi trong Giấy chứng_nhận đăng_ký kinh_doanh hoặc giấy_tờ có giá_trị tương_đương theo quy_định hiện_hành của pháp_luật . 

2 . Việc thực_hiện dịch_vụ giám_định thương_mại theo ủy_quyền của thương_nhân nước_ngoài quy_định tại Điều 267 <L rel="DaC"> Luật Thương_mại </L> được tiến_hành theo quy_định tại Mục 3 Chương II Nghị_định này .
Điều 6 .  Công_nhận giám_định_viên 

1 . Thương_nhân kinh_doanh ( giám_đốc doanh_nghiệp ) dịch_vụ giám_định thương_mại ra quyết_định công_nhận giám_định viên đối_với những người đủ tiêu_chuẩn theo quy_định tại Điều 259 <L rel="DaC"> Luật Thương_mại </L> và chịu trách_nhiệm trước pháp_luật về quyết_định của mình .
2 . Chỉ những người có quyết_định được công_nhận là giám_định viên của thương_nhân kinh_doanh dịch_vụ giám_định thương_mại mới được thực_hiện hoạt_động giám_định theo sự phân_công của thương_nhân kinh_doanh dịch_vụ giám_định thương_mại . 

Điều 7 .  Quyền và nghĩa_vụ của giám_định_viên 

1 . Độc_lập thực_hiện việc giám_định được giao và phải từ_chối thực_hiện việc giám_định khi việc giám_định đó có liên_quan đến quyền_lợi của mình . 

2 . Thực_hiện việc giám_định một_cách trung_thực , khách_quan , khoa_học , kịp_thời , chính_xác , theo đúng yêu_cầu chính_đáng đã được thỏa_thuận với bên yêu_cầu giám_định . 

3 . Có quyền yêu_cầu được cung_cấp thông_tin tài_liệu cần_thiết liên_quan tới công_việc giám_định mà mình được phân_công thực_hiện . 

4 . Có quyền từ_chối sự can_thiệp của bất_kỳ cá_nhân , tổ_chức nào vào hoạt_động giám_định dẫn đến sai_lệch tính chính_xác , trung_thực của dịch_vụ giám_định mà mình đang thực_hiện . 

5 . Phản_ánh trung_thực kết_quả giám_định trong Chứng_thư giám_định và ký Chứng_thư giám_định . 

6 . Có trách_nhiệm giữ bí_mật về thông_tin , tài_liệu liên_quan tới kết_quả giám_định theo yêu_cầu của khách_hàng . 

7 . Chịu trách_nhiệm trước pháp_luật và thương_nhân kinh_doanh dịch_vụ giám_định về tính chính_xác của kết_quả giám_định . 

Mục 2 

DẤU NGHIỆP_VỤ TRONG CHỨNG_THƯ GIÁM_ĐỊNH 

Điều 8 .  Chữ_ký và con_dấu nghiệp_vụ 

1 . Chữ_ký trong Chứng_thư giám_định được quy_định như sau : 

a ) Chữ_ký của người đại_diện có thẩm_quyền của thương_nhân kinh_doanh dịch_vụ giám_định thương_mại ở phía dưới bên phải của Chứng_thư giám_định ; 

b ) Chữ_ký của giám_định viên ở phía dưới bên trái của Chứng_thư giám_định . 

2 . Con_dấu nghiệp_vụ trong Chứng_thư giám_định có hình chữ_nhật , chiều dài 6cm , chiều rộng 2cm .  Phía trên con_dấu có dòng chữ “ Thay_mặt Công_ty ” , phía dưới con_dấu có biểu_tượng ( nếu có ) và tên của thương_nhân kinh_doanh dịch_vụ giám_định thương_mại . 

3 . Con_dấu nghiệp_vụ trong Chứng_thư giám_định được đóng trùm lên khoảng một phần ba ( 1/3 ) về phía bên trái chữ_ký của người đại_diện có thẩm_quyền của thương_nhân kinh_doanh dịch_vụ giám_định thương_mại . 

4 . Mực in dấu thống_nhất dùng màu xanh . 

Điều 9 .  Đăng_ký dấu nghiệp_vụ 

1 . Sở Thương_mại ( Sở Thương_mại Du_lịch ) nơi thương_nhân kinh_doanh dịch_vụ giám_định đăng_ký kinh_doanh có trách_nhiệm lập Sổ riêng để đăng_ký dấu nghiệp_vụ sử_dụng trong chứng_thư giám_định của thương_nhân kinh_doanh dịch_vụ giám_định thương_mại . 

2 . Thương_nhân kinh_doanh dịch_vụ giám_định thương_mại nộp lệ_phí khi đăng_ký dấu nghiệp_vụ ;  mức lệ_phí và chế_độ quản_lý , sử_dụng lệ_phí thực_hiện theo hướng_dẫn của Bộ Tài_chính . 

Điều 10 .  Hồ_sơ đăng_ký dấu nghiệp_vụ 

1 . Hồ_sơ đăng_ký dấu nghiệp_vụ của thương_nhân kinh_doanh dịch_vụ giám_định thương_mại bao_gồm : 

a ) Đơn đề_nghị đăng_ký dấu nghiệp_vụ theo mẫu do Bộ Thương_mại ban_hành ; 

b ) Bản_sao có công_chứng Giấy chứng_nhận đăng_ký kinh_doanh hoặc Giấy_phép đầu_tư ( đối_với thương_nhân hoạt_động theo pháp_luật về đầu_tư tại Việt_Nam ) ; 

c ) Mẫu con_dấu nghiệp_vụ trong Chứng_thư giám_định mà thương_nhân dự_định đăng_ký . 

2 . Trường_hợp thay_đổi , bổ_sung con_dấu nghiệp_vụ trong chứng_thư giám_định thì thương_nhân kinh_doanh dịch_vụ giám_định thương_mại phải đăng_ký lại với Sở Thương_mại ( Sở Thương_mại Du_lịch ) nơi thương_nhân đăng_ký kinh_doanh .  Hồ_sơ đăng_ký lại thực_hiện theo quy_định tại khoản 1 Điều này . 

Điều 11 .  Thời_hạn trả_lời hồ_sơ đăng_ký dấu nghiệp_vụ 

1 . Trong thời_hạn 10 ngày làm_việc , kể từ ngày tiếp_nhận bộ hồ_sơ đề_nghị đăng_ký dấu nghiệp_vụ đầy_đủ quy_định tại khoản 1 Điều 10 Nghị_định này , Sở Thương_mại ( Sở Thương_mại Du_lịch ) nơi thương_nhân đăng_ký kinh_doanh có trách_nhiệm đăng_ký con_dấu nghiệp_vụ sử_dụng trong chứng_thư giám_định của thương_nhân vào Sổ đăng_ký dấu nghiệp_vụ và thông_báo cho thương_nhân biết bằng văn_bản . 

2 . Trường_hợp không chấp_nhận việc đăng_ký dấu nghiệp_vụ , trong thời_hạn 10 ngày làm_việc kể từ ngày nhận hồ_sơ đầy_đủ , Sở Thương_mại ( Sở Thương_mại Du_lịch ) phải trả_lời bằng văn_bản và nêu rõ lý_do . 

Điều 12 .  Xóa_đăng_ký dấu nghiệp_vụ 

1 . Việc xóa đăng_ký dấu nghiệp_vụ khỏi Sổ đăng_ký dấu nghiệp_vụ được cơ_quan đăng_ký dấu nghiệp_vụ thực_hiện trong những trường_hợp sau : 

a ) Thương_nhân kinh_doanh dịch_vụ giám_định thương_mại ngừng kinh_doanh hoặc chuyển_đổi ngành_nghề kinh_doanh ; 

b ) Thương_nhân bị thu_hồi Giấy chứng_nhận đăng_ký kinh_doanh hoặc Giấy_phép đầu_tư ; 

c ) Thương_nhân hoặc người đại_diện có thẩm_quyền của thương_nhân có hành_vi vi_phạm pháp_luật nghiêm_trọng trong hoạt_động giám_định . 

2 . Trong trường_hợp bị xóa đăng_ký dấu nghiệp_vụ , thương_nhân kinh_doanh dịch_vụ giám_định thương_mại có trách_nhiệm nộp lại dấu nghiệp_vụ cho cơ_quan đăng_ký dấu nghiệp_vụ . 

3 . Cơ_quan đăng_ký dấu nghiệp_vụ có trách_nhiệm thu_hồi dấu nghiệp_vụ và công_bố công_khai việc thu_hồi này . 

Mục 3 

ỦY QUYỀN GIÁM_ĐỊNH 

Điều 13 .  Hợp_đồng ủy_quyền giám_định 

Hợp_đồng ủy_quyền giám_định phải được lập thành_văn_bản hoặc bằng hình_thức khác có giá_trị pháp_lý tương_đương theo quy_định của pháp_luật . 

Điều 14 .  Chứng_thư giám_định trong trường_hợp ủy_quyền giám_định 

Trong Chứng_thư giám_định do thương_nhân được ủy_quyền cấp phải ghi rõ “ Thực_hiện theo ủy_quyền của ( ghi rõ tên thương_nhân ủy_quyền ) ” và đóng_dấu nghiệp_vụ của thương_nhân được ủy_quyền theo quy_định tại Điều 8 Nghị_định này . 

Điều 15 .  Ủy_quyền lại 

1 . Bên được ủy_quyền chỉ được ủy_quyền lại cho bên thứ ba nếu được bên ủy_quyền đồng_ý hoặc pháp_luật có quy_định . 

2 . Hợp_đồng ủy_quyền lại phải phù_hợp với hình_thức hợp_đồng_ủy quyền ban_đầu . 

3 . Việc_ủy quyền lại không được vượt quá phạm_vi_ủy quyền ban_đầu . 

Điều 16 .  Quyền và nghĩa_vụ của bên ủy_quyền giám_định . 

1 . Bên ủy_quyền giám_định có các quyền sau đây : 

a ) Yêu_cầu bên được ủy_quyền giám_định thực_hiện đúng thỏa_thuận trong hợp_đồng ủy_quyền giám_định ; 

b ) Yêu_cầu bên được ủy_quyền giám_định thông_báo đầy_đủ về việc thực_hiện công_việc theo hợp_đồng_ủy quyền ; 

c ) Được yêu_cầu bồi_thường thiệt_hại , nếu bên được ủy quyền vi_phạm nghĩa_vụ quy_định tại khoản 2 Điều 17 Nghị_định này . 

2 . Bên ủy_quyền giám_định có các nghĩa_vụ sau đây : 

a ) Cung_cấp thông_tin , tài_liệu cần_thiết để phục_vụ yêu_cầu giám_định ; 

b ) Chịu trách_nhiệm về kết_quả giám_định đối_với bên yêu_cầu giám_định ; 

c ) Trả_thù_lao dịch_vụ và các chi_phí khác theo thỏa_thuận trong hợp_đồng ủy_quyền giám_định ; 

d ) Thực_hiện các nghĩa_vụ tài_chính theo quy_định của pháp_luật Việt_Nam . 

Điều 17 .  Quyền và nghĩa_vụ của bên được ủy_quyền 

1 . Bên được ủy_quyền giám_định có các quyền sau đây : 

a ) Yêu_cầu bên ủy_quyền giám_định cung_cấp thông_tin , tài_liệu cần_thiết để phục_vụ_việc giám_định theo hợp_đồng ủy_quyền giám_định ; 

b ) Được thuê chuyên_gia giám_định trong và ngoài nước để thực_hiện dịch_vụ giám_định ;  được tạm nhập tái_xuất phương_tiện kỹ_thuật để thực_hiện nghiệp_vụ giám_định ; 

c ) Nhận thù_lao dịch_vụ và các chi_phí khác theo thỏa_thuận trong hợp_đồng ủy_quyền giám_định . 

2 . Bên được ủy_quyền giám_định có các nghĩa_vụ sau đây : 

a ) Thực_hiện công_việc theo hợp_đồng ủy_quyền và báo cho bên ủy_quyền về việc thực_hiện công_việc đó ; 

b ) Bảo_quản , giữ_gìn tài_liệu và phương_tiện được giao để thực_hiện việc ủy_quyền ; 

c ) Giữ bí_mật thông_tin mà mình biết được trong khi thực_hiện việc ủy_quyền ; 

d ) Bồi_thường thiệt_hại do vi_phạm nghĩa_vụ quy_định tại các điểm a , b và c khoản này ; 

đ ) Cung_cấp chứng_thư giám_định theo hợp_đồng ủy_quyền . 

Điều 18 .  Giám_định theo yêu_cầu của cơ_quan nhà_nước 

1 . Khi có yêu_cầu giám , các cơ_quan , tổ_chức nhà_nước tiến_hành lựa_chọn ( bằng văn_bản ) thương_nhân kinh_doanh dịch_vụ giám_định thương_mại đủ điều_kiện , tiêu_chuẩn theo quy_định của <L rel="DaC"> Luật Thương_mại </L> và phải phù_hợp với yêu_cầu giám_định cụ_thể để thực_hiện yêu_cầu giám_định của mình .
2 . Cơ_quan , tổ_chức nhà_nước yêu_cầu giám_định có trách_nhiệm trả_thù_lao giám_định cho thương_nhân kinh_doanh dịch_vụ giám_định thương_mại theo thỏa_thuận giữa hai bên trên cơ_sở giá thị_trường tại thời_điểm yêu_cầu giám_định . 

Mục 4 

XỬ_LÝ VI_PHẠM PHÁP_LUẬT TRONG HOẠT_ĐỘNG KINH_DOANH DỊCH_VỤ GIÁM_ĐỊNH THƯƠNG_MẠI 

Điều 19 .  Hành_vi vi_phạm pháp_luật về kinh_doanh dịch_vụ giám_định thương_mại 

1 . Thương_nhân kinh_doanh dịch_vụ giám_định thương_mại , giám_định viên có hành_vi vi_phạm sau đây thì tùy theo tính_chất , mức_độ vi_phạm mà bị xử_phạt vi_phạm hành chớnh hoặc truy_cứu trỏch nhiệm hỡnh sự theo quy_định của pháp_luật : 

a ) Kinh_doanh dịch_vụ giám_định khi chưa đáp_ứng đủ các điều_kiện theo quy_định của pháp_luật ; 

b ) Cung_cấp dịch_vụ giám_định ngoài lĩnh_vực đã đăng_ký trong Giấy chứng_nhận đăng_ký kinh_doanh , Giấy_phép đầu_tư ; 

c ) Công_nhận giám_định viên đối_với người chưa đáp_ứng đủ các tiêu_chuẩn quy_định tại Điều 259 <L rel="DaC"> Luật Thương_mại </L> ;
d ) Sử_dụng dấu nghiệp_vụ trong Chứng_thư giám_định khi con_dấu đó chưa được đăng_ký tại cơ_quan có thẩm_quyền theo quy_định tại Điều 9 Nghị_định này ; 

đ ) Thực_hiện việc giám_định trong trường_hợp việc giám_định đó có liên_quan đến quyền_lợi của chính thương_nhân kinh_doanh dịch_vụ giám_định và của giám_định viên ; 

e ) Không chấp_hành các yêu_cầu của cơ_quan nhà_nước có thẩm_quyền khi tiến_hành kiểm_tra , thanh_tra theo quy_định của pháp_luật ; 

g ) Thực_hiện dịch_vụ giám_định cho thương_nhân nước_ngoài không có hợp_đồng ủy_quyền thực_hiện dịch_vụ giám_định ; 

h ) Vi_phạm các quy_định khác của Nghị_định này . 

2 . Trường_hợp thương_nhân kinh_doanh dịch_vụ giám_định thương_mại hoặc giám_định viên vi_phạm gây thiệt_hại đến lợi_ích vật_chất của tổ_chức , cá_nhân liên_quan , ngoài việc bị xử_lý về trỏch nhiệm hành chớnh , dõn sự , hỡnh sự cũn phải bồi_thường thiệt_hại theo quy_định của pháp_luật . 

Điều 20 .  Thẩm_quyền , thủ_tục xử_lý vi_phạm 

Thẩm_quyền , thủ_tục xử_lý vi_phạm đối_với các hành_vi quy_định tại Điều 19 Nghị_định này được thực_hiện theo quy_định hiện_hành của pháp_luật . 

Điều 21 .  Hiệu_lực thi_hành 

1 . Nghị_định này có hiệu_lực sau 15 ngày , kể từ ngày đăng Công_báo . 

2 . Nghị_định này thay_thế <NĐ rel="BTT"> Nghị_định số 20/1999/NĐ-CP ngày 12 tháng 4 năm 1999 </NĐ> của Chính_phủ về kinh_doanh dịch_vụ giám_định hàng_hóa .
3 . Những quy_định trước_đây về kinh_doanh dịch_vụ giám_định thương_mại trái với quy_định tại Nghị_định này đều bị bãi_bỏ . 

Điều 22 .  Điều_khoản chuyển_tiếp 

Trong thời_hạn 03 tháng kể từ ngày Nghị_định này có hiệu_lực , các thương_nhân kinh_doanh dịch_vụ giám_định thương_mại trước ngày Nghị_định này có hiệu_lực có trách_nhiệm đăng_ký dấu nghiệp_vụ theo quy_định tại Nghị_định này . 

Điều 23 .  Tổ_chức thực_hiện 

Các Bộ_trưởng , Thủ_trưởng cơ_quan ngang Bộ , Thủ_trưởng cơ_quan thuộc Chính_phủ , Chủ_tịch Ủy_ban nhân_dân các tỉnh , thành_phố trực_thuộc Trung_ương chịu trách_nhiệm hướng_dẫn thi_hành Nghị_định này ./. 