Nghị định Về sắp xếp, đổi mới và phát triển nông trường quốc doanh

Căn_cứ <L rel="CC"> Luật Tổ_chức Chính_phủ ngày 25 tháng 12 năm 2001 </L> ;
Căn_cứ <L rel="CC"> Luật Đất_đai ngày 26 tháng 11 năm 2003 </L> ;
Căn_cứ <L rel="CC"> Luật_Doanh_nghiệp nhà_nước ngày 26 tháng 11 năm 2003 </L> ;
Điều 1 .  Phạm_vi điều_chỉnh và đối_tượng áp_dụng 

1 . Nghị_định này quy_định việc sắp_xếp , đổi_mới tổ_chức , cơ_chế quản_lý và chính_sách đối_với các nông_trường quốc_doanh . 

2 . Đối_tượng áp_dụng của Nghị_định này bao_gồm : các nông_trường quốc_doanh , các doanh_nghiệp nông_nghiệp nhà_nước ( trong Nghị_định này gọi chung là nông_trường quốc_doanh ) được cơ_quan nhà_nước có thẩm_quyền giao đất , cho thuê đất để sử_dụng vào mục_đích chính là sản_xuất nông_nghiệp . 

Điều 2 .  Mục_tiêu sắp_xếp , đổi_mới nông_trường quốc_doanh 

1 . Sử_dụng bền_vững và có hiệu_quả_đất_đai , cơ_sở vật_chất-kỹ_thuật hiện có của nông_trường quốc_doanh . 

2 . Nâng cao hiệu_quả sản_xuất , kinh_doanh và năng_lực cạnh_tranh của các nông_trường quốc_doanh ;  hình_thành các vùng sản_xuất nông_sản hàng_hóa tập_trung , gắn với chế_biến và thị_trường tiêu_thụ . 

3 . Tạo thêm việc_làm , tăng thu_nhập cho người lao_động , góp_phần phát_triển kinh_tế-xã_hội , xóa đói , giảm nghèo , đảm_bảo_an_ninh , quốc_phòng trên địa_bàn . 

Điều 3 .  Nguyên_tắc sắp_xếp , đổi_mới nông_trường quốc_doanh . 

1 . Sắp_xếp , đổi_mới nông_trường quốc_doanh phải gắn với quy_hoạch , kế_hoạch phát_triển kinh_tế-xã_hội và quy_hoạch , kế_hoạch phát_triển nông_nghiệp trên địa_bàn . 

2 . Sắp_xếp , đổi_mới nông_trường quốc_doanh phải bảo_đảm phân_biệt rõ nhiệm_vụ sản_xuất , kinh_doanh và nhiệm_vụ công_ích . 

a ) Những nông_trường làm nhiệm_vụ kinh_doanh là chính thì chuyển hẳn sang sản_xuất , kinh_doanh và hạch_toán kinh_doanh theo cơ_chế thị_trường . 

b ) Nông_trường chuyển sang kinh_doanh nhưng phải đảm_nhận một phần chức_năng xã_hội và an_ninh , quốc_phòng thì Nhà_nước có chính_sách hỗ_trợ thích_hợp . 

c ) Nông_trường được giao nhiệm_vụ công_ích là chính thì hoạt_động theo quy_định tại Điều 19 <L rel="DaC"> Luật_Doanh_nghiệp nhà_nước </L> .
Điều 4 .  Chuyển_đổi các nông_trường quốc_doanh 

1 . Những nông_trường làm nhiệm_vụ sản_xuất , kinh_doanh chuyên_canh cây lâu_năm có kết_cấu_hạ_tầng tương_đối hoàn_chỉnh , kinh_doanh có lãi hoặc bù_đắp được chi_phí thì tiếp_tục củng_cố và nâng cao hiệu_quả trên cơ_sở đầu_tư thâm_canh diện_tích vườn cây đã trồng gắn với đầu_tư cải_tạo , nâng_cấp , mở_rộng cơ_sở chế_biến hiện có hoặc xây_dựng cơ_sở chế_biến mới theo hướng huy_động các tổ_chức , cá_nhân trong và ngoài nông_trường tham_gia góp cổ_phần ;  chỉ mở_rộng diện_tích trồng mới khi có dự_án thực_sự hiệu_quả .  Diện_tích đất chưa sử_dụng hoặc sử_dụng kém hiệu_quả thì chính_quyền địa_phương thu_hồi để sử_dụng theo quy_định của pháp_luật về đất_đai . 

2 . Nông_trường làm nhiệm_vụ sản_xuất , kinh_doanh cây hàng năm và chăn_nuôi đã khoán ổn_định , lâu_dài cho người lao_động ;  tạo thành vùng sản_xuất hàng_hóa tập_trung quy_mô lớn , cung_cấp nguyên_liệu cho chế_biến và nông_sản hàng_hóa cho xuất_khẩu ;  kinh_doanh có lãi hoặc bù_đắp được chi_phí thì tiếp_tục củng_cố , tổ_chức lại sản_xuất , làm đầu_mối cung_cấp giống cây_trồng , vật_nuôi , xây_dựng mô_hình ứng_dụng và chuyển_giao tiến_bộ kỹ_thuật , phát_triển chế_biến , tiêu_thụ nông_sản cho nông_dân trong vùng . 

3 . Các nông_trường sản_xuất cây hàng năm và chăn_nuôi không có cơ_sở chế_biến , sản_xuất kinh_doanh kém hiệu_quả , thực_hiện khoán_trắng đất_đai cho công_nhân thì chỉ giữ lại một phần diện_tích để sản_xuất , kinh_doanh giống , xây_dựng các mô_hình ứng_dụng và chuyển_giao tiến_bộ kỹ_thuật cho nông_dân trong vùng , phần diện_tích đất_đai còn lại chính_quyền địa_phương thu_hồi theo quy_định của pháp_luật về đất_đai để giao hoặc cho tổ_chức , cá_nhân thuê sử_dụng theo mục_đích khác có hiệu_quả hơn . 

4 . Giải_thể các nông_trường quản_lý yếu_kém , làm_ăn thua_lỗ liên_tục ba năm liền hoặc thu_nhập hiện_tại của nông_trường chủ_yếu dựa vào nguồn thu từ việc cho thuê đất . 

5 . Tiếp_tục giữ lại hoặc thành_lập mới những nông_trường ở vùng_sâu , vùng_xa , biên_giới , hải_đảo có nhiều đồng_bào dân_tộc_thiểu_số và có yêu_cầu phục_vụ định_canh , định_cư , an_ninh-quốc_phòng .  Nông_trường chỉ quản_lý một phần diện_tích đất phù_hợp để sản_xuất giống , xây_dựng mô_hình ứng_dụng , chuyển_giao kỹ_thuật và xây_dựng cơ_sở chế_biến để phục_vụ đồng_bào trong vùng ;  kết_hợp chặt_chẽ giữa nhiệm_vụ phát_triển kinh_tế-xã_hội với an_ninh , quốc_phòng . 

Điều 5 .  Cơ_chế hoạt_động của nông_trường quốc_doanh 

1 . Các nông_trường quốc_doanh 100 % vốn nhà_nước hoạt_động theo <L rel="DaC"> Luật_Doanh_nghiệp nhà_nước </L> , khi chuyển thành_công_ty cổ_phần thì hoạt_động theo <L rel="DaC"> Luật_Doanh_nghiệp </L> .
2 . Đối_với nông_trường quốc_doanh thực_hiện nhiệm_vụ hoạt_động công_ích : sản_phẩm , dịch_vụ của nông_trường được nhà_nước đặt_hàng , giao kế_hoạch hoặc đấu_thầu theo giá hoặc phí do nhà_nước quy_định . 

3 . Nông_trường quốc_doanh sản_xuất-kinh_doanh nhưng còn phải đảm_nhận một phần chức_năng xã_hội và an_ninh , quốc_phòng tại vùng_sâu , vùng_xa , vùng_biên_giới , vùng chiến_lược quốc_phòng , vùng có điều_kiện kinh_tế-xã_hội đặc_biệt khó_khăn , Nhà_nước có chính_sách thích_hợp do Thủ_tướng Chính_phủ quy_định . 

Điều 6 .  Về đất_đai 

1 . Nông_trường quốc_doanh tự rà_soát , kê_khai việc sử_dụng đất và báo_cáo ủy_ban nhân_dân tỉnh , thành_phố trực_thuộc Trung_ương nơi có đất và cơ_quan cấp trên là Bộ , cơ_quan ngang Bộ , cơ_quan thuộc Chính_phủ , Tổng_công_ty nhà_nước theo nội_dung hướng_dẫn của Bộ Tài_nguyên và Môi_trường . 

2 . Ủy_ban nhân_dân tỉnh , thành_phố trực_thuộc Trung_ương chủ_trì phối_hợp với Bộ , cơ_quan ngang Bộ , cơ_quan thuộc Chính_phủ , Tổng_công_ty nhà_nước chỉ_đạo các nông_trường quốc_doanh xây_dựng hoặc điều_chỉnh quy_hoạch sử_dụng đất chi_tiết của nông_trường đang quản_lý sử_dụng trên địa_bàn phù_hợp với quy_hoạch , kế_hoạch sử_dụng đất của địa_phương đã được phê_duyệt , quy_hoạch phát_triển ngành , quy_hoạch , kế_hoạch phát_triển kinh_tế-xã_hội của địa_phương , đề_án sắp_xếp , đổi_mới và phát_triển nông_trường quốc_doanh và kết_quả rà_soát lại quỹ đất của nông_trường quốc_doanh . 

Nội_dung quy_hoạch sử_dụng đất chi_tiết phải xác_định rõ diện_tích từng loại đất được giữ lại sử_dụng , phương_án sử_dụng đất , thời_hạn sử_dụng đất , diện_tích đất bàn_giao cho địa_phương . 

3 . Ủy_ban nhân_dân tỉnh , thành_phố trực_thuộc Trung_ương xét_duyệt quy_hoạch sử_dụng đất chi_tiết của nông_trường quốc_doanh trên địa_bàn . 

4 . Căn_cứ vào đề_án sắp_xếp , đổi_mới và phát_triển nông_trường của địa_phương được Thủ_tướng Chính_phủ phê_duyệt , ủy ban nhân_dân tỉnh , thành_phố trực_thuộc Trung_ương tiến_hành việc giao đất , cho thuê đất đối_với nông_trường quốc_doanh . 

5 . Hình_thức giao đất , cho thuê đất : 

a ) Nhà_nước giao đất không thu tiền sử_dụng đất cho nông_trường quốc_doanh quy_định tại khoản 2 và khoản 3 Điều 5 Nghị_định này . 

b ) Nhà_nước cho thuê đất hoặc giao đất có thu tiền sử_dụng đất đối_với nông_trường làm nhiệm_vụ sản_xuất , kinh_doanh . 

6 . Đối_với diện_tích đất đã thực_hiện khoán đến hộ công_nhân và người lao_động nếu thực_hiện đúng hợp_đồng , sử_dụng đúng mục_đích thì hộ nhận khoán được tiếp_tục sử_dụng đất_đai theo hợp_đồng đã ký_kết và có điều_chỉnh , bổ_sung phù_hợp trách_nhiệm quản_lý đất_đai của nông_trường .  Những diện_tích đất khoán_trắng cho người nhận khoán ( thực_chất là cho thuê đất ) , thì phải làm thủ_tục thu_hồi đất và chuyển sang hình_thức giao đất , cho thuê đất theo quy_định của pháp_luật về đất_đai . 

7 . Đối_với diện_tích đất của nông_trường bị lấn_chiếm , có tranh_chấp , vi_phạm thì ủy_ban nhân_dân tỉnh , thành_phố trực_thuộc Trung_ương chỉ_đạo giải_quyết dứt_điểm từng trường_hợp cụ_thể theo quy_định của pháp_luật . 

8 . Ủy_ban nhân_dân tỉnh , thành_phố trực_thuộc Trung_ương chỉ_đạo thực_hiện việc xác_định cụ_thể ranh_giới , mốc_giới sử_dụng đất , đo_đạc , lập hồ_sơ địa_chính , cấp giấy chứng_nhận quyền sử_dụng đất cho nông_trường quốc_doanh sử_dụng đất . 

9 . Ủy_ban nhân_dân tỉnh , thành_phố trực_thuộc Trung_ương thu_hồi diện_tích nông_trường không sử_dụng , sử_dụng không đúng mục_đích , sử_dụng không có hiệu_quả ;  diện_tích đất đã cho thuê , đã chuyển_nhượng , đã cho mượn ;  diện_tích đất đã bán vườn cây ;  diện_tích đất của nông_trường phải giải_thể ;  diện_tích đất phải điều_chỉnh do thu_hẹp nhiệm_vụ sản_xuất kinh_doanh được cấp có thẩm_quyền phê_duyệt để quản_lý , sử_dụng theo quy_định của pháp_luật đất_đai . 

Các nông_trường quốc_doanh phải bàn_giao toàn_bộ hồ_sơ về quỹ đất bị thu_hồi cho ủy_ban nhân_dân tỉnh , thành_phố trực_thuộc Trung_ương nơi có đất . 

10 .  Diện_tích đất đã thu_hồi được giao hoặc cho thuê theo quy_định sau : 

a ) ưu_tiên giao đất cho hộ gia_đình , cá_nhân là cán_bộ , công_nhân_viên của nông_trường có đất bị thu_hồi nay không còn làm_việc trong nông_trường đó hoặc do nông_trường giải_thể để sử_dụng vào mục_đích sản_xuất nông_nghiệp , làm muối , nuôi_trồng thủy_sản . 

b ) ưu_tiên giao đất cho đồng_bào dân_tộc_thiểu_số , hộ nông_dân đang sinh_sống tại địa_phương mà không có đất sản_xuất hoặc thiếu đất sản_xuất . 

Thời_hạn giao đất , hạn_mức giao đất nông_nghiệp cho các đối_tượng quy_định tại điểm a , b khoản này thực_hiện theo quy_định hiện_hành của pháp_luật về đất_đai . 

c ) Diện_tích đất nông_trường quốc_doanh đã giao_khoán cho hộ gia_đình , cá_nhân thì hộ gia_đình , cá_nhân được giao đất hoặc thuê đất .  Hạn_mức giao đất được thực_hiện theo quy_định hiện_hành của pháp_luật về đất_đai .  Thời_hạn sử_dụng đất tính từ ngày giao_khoán . 

d ) Tiếp_tục cho thuê đất đối_với diện_tích đất mà tổ_chức , hộ gia_đình , cá_nhân đang thuê đất .  Thời_hạn sử_dụng đất tính từ ngày thuê . 

đ ) Diện_tích đất mà nông_trường đã liên_doanh , liên_kết với các thành_phần kinh_tế khác thì giao đất có thu tiền sử_dụng đất hoặc cho thuê đất đối_với đối_tác đã liên_doanh , liên_kết .  Thời_hạn sử_dụng đất tính từ ngày hợp_đồng ký_kết . 

e ) Diện_tích đất nông_nghiệp có vườn cây đã bán hoặc đất làm chuồng_trại chăn_nuôi có đàn gia_súc đã bán thì cho thuê đất đối_với tổ_chức , hộ gia_đình , cá_nhân đã mua vườn cây hoặc đã mua đàn gia_súc .  Thời_hạn sử_dụng đất tính từ ngày mua vườn cây hoặc chuồng_trại , đàn gia_súc . 

g ) Diện_tích đất còn lại sau khi đã giao , cho thuê đối_với các trường_hợp quy_định tại các điểm a , b , c , d , đ , e , của khoản này thì được giao , cho thuê cho đối_tượng khác phù_hợp với quy_hoạch , kế_hoạch sử_dụng đất của địa_phương đã được xét_duyệt . 

h ) Tổ_chức hộ gia_đình , cá_nhân sử_dụng đất quy_định tại điều này được cấp giấy chứng_nhận quyền sử_dụng đất sau khi đã hoàn_thành thủ_tục về giao đất , cho thuê đất và thực_hiện nghĩa_vụ tài_chính theo quy_định của pháp_luật . 

11 .  Đất ở thì bàn_giao cho ủy_ban nhân_dân huyện , quận , thị_xã , thành_phố thuộc tỉnh nơi có đất quản_lý ;  trường_hợp người sử_dụng đất phù_hợp với quy_hoạch , kế_hoạch sử_dụng đất đã được phê_duyệt thì được cấp giấy chứng_nhận quyền sử_dụng đất và phải thực_hiện nghĩa_vụ tài_chính theo quy_định của pháp_luật . 

Điều 7 .  Về vốn , tài_sản và tài_chính 

1 . Các nông_trường quốc_doanh có trách_nhiệm kiểm_kê , phân_loại , xác_định các loại vốn , tài_sản , công_nợ hiện có ;  lập báo_cáo tài_chính đến thời_điểm sắp_xếp , đổi_mới . 

2 . Những nông_trường quốc_doanh thực_hiện sắp_xếp lại , giải_thể hoặc chuyển_đổi sở_hữu theo phương_án được cấp có thẩm_quyền phê_duyệt được xem_xét , giải_quyết các tồn_đọng về tài_chính , tài_sản , công_nợ như đối_với doanh_nghiệp nhà_nước . 

3 . Nông_trường quốc_doanh tiến_hành bàn_giao các tài_sản gồm : đường giao_thông , công_trình thủy_lợi , trường_học , trạm_xá do các nông_trường đầu_tư xây_dựng , hiện đang quản_lý và sử_dụng để phục_vụ nhu_cầu chung trên địa_bàn cho ủy_ban nhân_dân tỉnh , thành_phố trực_thuộc Trung_ương hoặc các đơn_vị được ủy_quyền quản_lý , sử_dụng ;  bàn_giao hệ_thống điện do nông_trường quản_lý , sử_dụng cho Tổng_công_ty Điện_lực Việt_Nam quản_lý .  Các tài_sản trên được bàn_giao nguyên_trạng cả về tài_sản và vốn theo số_liệu thể_hiện trên sổ_sách kế_toán tại thời_điểm bàn_giao .  Thời_hạn hoàn_thành trước ngày 31 tháng 12 năm 2004 . 

4 . Bộ Tài_chính hướng_dẫn cụ_thể về cơ_chế_tài_chính khi bàn_giao giữa các nông_trường và các bên liên_quan . 

5 . Nông_trường được để lại tiền thanh_lý vườn cây , rừng trồng , đàn gia_súc , tiền trích khấu_hao cơ_bản , để đầu_tư cho thâm_canh , trồng lại vườn cây , mua_sắm thiết_bị , đổi_mới công_nghệ , xây_dựng cơ_sở hạ_tầng theo quy_hoạch , kế_hoạch được cấp có thẩm_quyền phê_duyệt . 

6 . Đối_với các nông_trường tại vùng_sâu , vùng_xa , biên_giới , hải_đảo , vùng chiến_lược quốc_phòng , vùng có điều_kiện kinh_tế-xã_hội đặc_biệt khó_khăn được bố_trí kế_hoạch đầu_tư , duy_tu bảo_dưỡng , sửa_chữa cơ_sở hạ_tầng kinh_tế-xã_hội bằng ngân_sách nhà_nước . 

7 . Cổ_phần_hóa các nhà_máy , cơ_sở chế_biến , theo quy_định hiện_hành của pháp_luật về cổ_phần_hóa .  Tiến_hành thí_điểm cổ_phần_hóa vườn cây_gắn với cơ_sở chế_biến của nông_trường .  Thực_hiện bán_cổ_phần ưu_đãi cho người sản_xuất nguyên_liệu . 

Điều 8 .  Chính_sách lao_động . 

1 . Nông_trường quốc_doanh tiến_hành rà_soát lại số cán_bộ , nhân_viên và lao_động hiện có đến thời_điểm sắp_xếp , đổi_mới ;  xây_dựng phương_án bố_trí cán_bộ , công_nhân_viên , lao_động của nông_trường theo hướng sử_dụng phù_hợp với năng_lực , sở_trường của người lao_động , báo_cáo cơ_quan có thẩm_quyền . 

2 . Đối_với người lao_động trong quá_trình sắp_xếp , tổ_chức lại sản_xuất của nông_trường quốc_doanh không bố_trí được việc_làm , được giải_quyết chế_độ theo qui_định tại <NĐ rel="DaC"> Nghị_định số 41/2002/NĐ-CP ngày 11 tháng 4 năm 2002 </NĐ> và <NĐ rel="DaC"> Nghị_định số 155/2004/NĐ-CP ngày 11 tháng 8 năm 2004 </NĐ> của Chính_phủ về chính_sách đối_với người lao_động dôi_dư do sắp_xếp lại doanh_nghiệp Nhà_nước .
3 . Đối_với người lao_động được giao_khoán đất của nông_trường quốc_doanh nếu thực_hiện chấm_dứt quan_hệ lao_động giữa người sử_dụng lao_động và người lao_động thì không thực_hiện theo chế_độ quy_định tại <NĐ rel="DaC"> Nghị_định 41/2002/NĐ-CP ngày 11 tháng 4 năm 2002 </NĐ> và <NĐ rel="DaC"> Nghị_định số 155/2004/NĐ-CP ngày 11 tháng 8 năm 2004 </NĐ> của Chính_phủ mà được giải_quyết chế_độ trợ_cấp thôi_việc theo quy_định tại Điều 42 của <BL rel="DaC"> Bộ_luật Lao_động </BL> .
4 . Đối_với cán_bộ là Giám_đốc , Phó_giám_đốc , Kế_toán_trưởng và các thành_viên Hội_đồng quản_trị ( nếu có ) thuộc diện dôi_dư do sắp_xếp lại tổ_chức được hưởng các chính_sách theo quy_định tại <NQ rel="DaC"> Nghị_quyết số 09/2003/NQ-CP ngày 28 tháng 7 năm 2003 </NQ> của Chính_phủ về sửa_đổi , bổ_sung <NQ rel="none"> Nghị_quyết số 16/2000/NQ-CP ngày 18 tháng 10 năm 2000 </NQ> của Chính_phủ về việc tinh_giản biên_chế trong các cơ_quan hành_chính , đơn_vị sự_nghiệp . Nguồn chi_trả từ Quỹ hỗ_trợ sắp_xếp lao_động dôi_dư theo <NĐ rel="DaC"> Nghị_định số 41/2002/NĐ-CP ngày 11 tháng 4 năm 2002 </NĐ> và <NĐ rel="DaC"> Nghị_định số 155/2004/NĐ-CP ngày 11 tháng 8 năm 2004 </NĐ> của Chính_phủ .
5 . Cán_bộ , công_nhân nhận giao đất khoán_sản_xuất , vườn cây , gia_súc đến tuổi nghỉ hưu được tiếp_tục thực_hiện hợp_đồng khoán cho đến hết thời_hạn ghi trong hợp_đồng .  Khi hết thời_hạn hợp_đồng khoán , nếu có nhu_cầu thì được ưu_tiên nhận khoán tiếp . 

6 . Cán_bộ , công_nhân nông_trường nhận khoán đất , khoán vườn cây , đàn gia_súc của nông_trường , hưởng lương theo thu_nhập từ kết_quả sản_xuất qua nhận khoán đất , vườn cây , đàn gia_súc thì phải thực_hiện đầy_đủ các chế_độ quy_định về hợp_đồng lao_động ;  các khoản tiền_lương , bảo_hiểm_xã_hội , bảo_hiểm_y_tế , bảo_hộ lao_động được xác_định trong chi_phí sản_xuất và được thể_hiện trong hợp_đồng khoán . 

7 . Người lao_động nhận khoán nếu vẫn hưởng lương theo cấp_bậc , chức_vụ thì công_việc khoán phải được thể_hiện trong nội_dung của hợp_đồng lao_động theo quy_định hiện_hành .  Tiền công của người lao_động được tính vào kết_quả khoán thì phải được nêu rõ hình_thức trả lương trong hợp_đồng lao_động . 

8 . Lao_động đang làm_việc ở các cơ_sở của nông_trường khi bàn_giao cho địa_phương quản_lý theo khoản 3 Điều 7 của Nghị_định này , địa_phương có trách_nhiệm tiếp_nhận , sắp_xếp , giải_quyết chế_độ cho người lao_động theo quy_định hiện_hành . 

Điều 9 .  Về khoa_học , công_nghệ 

1 . Các nông_trường quốc_doanh thực_hiện đẩy_mạnh triển_khai ứng_dụng các tiến_bộ khoa_học và công_nghệ mới , công_nghệ_cao vào sản_xuất , chế_biến và bảo_quản sản_phẩm sau thu_hoạch . 

2 . Thực_hiện các hình_thức hợp_tác , liên_kết giữa nông_trường quốc_doanh với các Viện , Trường , Trung_tâm , cơ_sở nghiên_cứu khoa_học của Trung_ương , vùng , địa_phương trong việc bảo_vệ nguồn gen , chọn_lọc , lai_tạo và sản_xuất những giống cây_trồng , vật_nuôi có năng_suất , chất_lượng cao , có sức cạnh_tranh lớn trên thị_trường . 

3 . Nông_trường phải trở_thành trung_tâm chuyển_giao ứng_dụng tiến_bộ khoa_học-công_nghệ , cung_cấp dịch_vụ khuyến_nông , khuyến_lâm , thông_tin thị_trường cho công_nhân trong nông_trường và nông_dân trong vùng ;  Nhà_nước hỗ_trợ một phần kinh_phí từ nguồn kinh_phí khuyến_nông hàng năm của Bộ , địa_phương để thực_hiện những nhiệm_vụ này . 

Điều 10 .  Trách_nhiệm của các Bộ , ngành 

1 . Bộ Nông_nghiệp và Phát_triển nông_thôn chủ_trì , phối_hợp với Bộ Tài_chính , Bộ Tài_nguyên và Môi_trường , Bộ Nội_vụ , Bộ Lao_động-Thương_binh và Xã_hội và các Bộ liên_quan hướng_dẫn thực_hiện Nghị_định này . 

2 . Bộ Tài_nguyên và Môi_trường chủ_trì , phối_hợp với Bộ , ngành có liên_quan hướng_dẫn việc rà_soát , quy_hoạch , quản_lý , sử_dụng đất_đai trong các nông_trường quốc_doanh . 

3 . Bộ Tài_chính chủ_trì phối_hợp với Ngân_hàng Nhà_nước Việt_Nam , Bộ Nông_nghiệp và Phát_triển nông_thôn , Bộ Kế_hoạch và Đầu_tư , ủy ban nhân_dân tỉnh và thành_phố trực_thuộc Trung_ương huớng dẫn việc quản_lý , sử_dụng vốn , tài_sản , tài_chính , các chính_sách , chế_độ liên_quan và nguồn kinh_phí hỗ_trợ thực_hiện sắp_xếp , đổi_mới nông_trường quốc_doanh . 

4 . Bộ Nông_nghiệp và Phát_triển nông_thôn thẩm_định các Đề_án sắp_xếp , đổi_mới nông_trường quốc_doanh của các địa_phương và các Tổng_công_ty trình Thủ_tướng Chính_phủ phê_duyệt . 

5 . Các Bộ : Quốc_phòng , Công_an thẩm_định đề_án sắp_xếp , đổi_mới và phát_triển nông_trường quốc_doanh , Tổng_công_ty thuộc Bộ trình Thủ_tướng Chính_phủ phê_duyệt . 

6 . Ban Đổi_mới , sắp_xếp và Phát_triển doanh_nghiệp của các Bộ , địa_phương thực_hiện nhiệm_vụ sắp_xếp , đổi_mới và phát_triển nông_trường quốc_doanh của Bộ , ủy ban nhân_dân tỉnh , thành_phố trực_thuộc Trung_ương . 

Điều 11 .  Trách_nhiệm của ủy_ban nhân_dân tỉnh và thành_phố trực_thuộc Trung_ương 

1 . Xây_dựng Đề_án về sắp_xếp , đổi_mới và phát_triển nông_trường trình Thủ_tướng Chính_phủ phê_duyệt xong trước tháng 6 năm 2005 và tổ_chức chỉ_đạo thực_hiện . 

2 . Trên_cơ_sở kết_quả rà_soát , điều_chỉnh lại đất_đai , xác_định ranh_giới và ra quyết_định giao đất hoặc cho thuê đất và cấp giấy chứng_nhận quyền sử_dụng đất cho nông_trường . 

3 . Chỉ_đạo các ngành chuyên_môn hướng_dẫn , kiểm_tra các nông_trường quốc_doanh xây_dựng quy_hoạch sử_dụng đất , phương_án đổi_mới , sắp_xếp nông_trường . 

Điều 12 .  Trách_nhiệm của các Tổng_công_ty nhà_nước 

1 . Xây_dựng đề_án sắp_xếp lại nông_trường quốc_doanh hiện có trình Thủ_tướng Chính_phủ phê_duyệt ( đối_với Tổng_công_ty 91 ) ;  trình Bộ xem_xét trình Thủ_tướng Chính_phủ phê_duyệt ( đối_với Tổng_công_ty 90 ) trước tháng 6 năm 2005 .  Đề_án sắp_xếp lại nông_trường uốc doanh của các Tổng_công_ty phải có sự thỏa_thuận của ủy_ban nhân_dân tỉnh , thành_phố trực_thuộc Trung_ương .  Đối_với Tổng_công_ty thuộc tỉnh , thành_phố trực_thuộc Trung_ương trình ủy_ban nhân_dân tỉnh , thành_phố trực_thuộc Trung_ương để trình Thủ_tướng Chính_phủ phê_duyệt . 

2 . Phối_hợp với ủy_ban nhân_dân các tỉnh và thành_phố trực_thuộc Trung_ương rà_soát lại quỹ đất đang quản_lý , sử_dụng và xây_dựng hoặc điều_chỉnh quy_hoạch sử_dụng đất của nông_trường để trình ủy_ban nhân_dân tỉnh , thành_phố trực_thuộc Trung_ương phê_duyệt . 

3 . Chỉ_đạo các nông_trường thực_hiện việc sắp_xếp , đổi_mới và phát_triển theo phương_án được phê_duyệt . 

Điều 13 .  Trách_nhiệm của nông_trường quốc_doanh 

1 . Thực_hiện việc rà_soát lại quỹ đất đang quản_lý , sử_dụng và xây_dựng hoặc điều_chỉnh quy_hoạch sử_dụng đất của nông_trường để trình ủy_ban nhân_dân tỉnh , thành_phố trực_thuộc Trung_ương phê_duyệt . 

2 . Lập báo_cáo tình_hình sản_xuất , kinh_doanh qua các năm , tình_hình lỗ , lãi , tình_hình lao_động , tài_sản , vật_tư , tiền vốn , công_tác quản_lý của nông_trường ;  phương_án sản_xuất , kinh_doanh , phương_án đổi_mới trình cấp có thẩm_quyền phê_duyệt . 

3 . Triển_khai thực_hiện phương_án sắp_xếp đổi_mới nông_trường sau khi được phê_duyệt . 

Điều 14 .  Hiệu_lực và trách_nhiệm thi_hành 

1 . Nghị_định này có hiệu_lực sau 15 ngày , kể từ ngày đăng Công_báo . 

2 . Những quy_định trước_đây trái với Nghị_định này đều bãi_bỏ . 

3 . Các Bộ_trưởng , Thủ_trưởng cơ_quan ngang Bộ , Thủ_trưởng cơ_quan trực_thuộc Chính_phủ , Chủ_tịch ủy_ban nhân_dân các tỉnh , thành_phố trực_thuộc Trung_ương chịu trách_nhiệm thi_hành Nghị_định này ./. 