Nghị định Quy định về bồi thường thiệt hại, xử lý kỷ luật, xử phạt vi phạm hành chính trong thực hành tiết kiệm, chống lãng phí

Căn_cứ <L rel="CC"> Luật Tổ_chức Chính_phủ ngày 25 tháng 12 năm 2001 </L> ;
Căn_cứ <L rel="CC"> Luật Thực_hành tiết_kiệm , chống lãng_phí ngày 29 tháng 11 năm 2005 </L> ;
Căn_cứ <BL rel="CC"> Bộ_luật Dân_sự ngày 14 tháng 06 năm 2005 </BL> ;
Căn_cứ <PL rel="CC"> Pháp_lệnh Cán_bộ , công_chức ngày 26 tháng 02 năm 1998 </PL> , <PL rel="CC"> Pháp_lệnh sửa_đổi , bổ_sung một_số điều của <PL rel="none"> Pháp_lệnh Cán_bộ , công_chức </PL> ngày 28 tháng 04 năm 2000 </PL> và <PL rel="CC"> Pháp_lệnh sửa_đổi , bổ_sung một_số điều của <PL rel="none"> Pháp_lệnh Cán_bộ , công_chức </PL> ngày 29 tháng 04 năm 2003 </PL> ;
Căn_cứ <PL rel="CC"> Pháp_lệnh Xử_lý vi_phạm hành_chính ngày 02 tháng 07 năm 2002 </PL> ;
Điều 1 .  Phạm_vi điều_chỉnh 

Nghị_định này quy_định việc bồi_thường thiệt_hại , xử_lý kỷ_luật đối_với cán_bộ , công_chức , viên_chức ;  xử_phạt vi_phạm hành_chính , bồi_thường thiệt_hại đối_với cơ_quan , tổ_chức , cá_nhân có hành_vi vi_phạm pháp_luật về thực_hành tiết_kiệm , chống lãng_phí . 

Điều 2 .  Đối_tượng áp_dụng 

1 . Cơ_quan , tổ_chức , cá_nhân có hành_vi vi_phạm_quy_định của pháp_luật về thực_hành tiết_kiệm , chống lãng_phí . 

2 . Người có thẩm_quyền và trách_nhiệm xử_lý việc bồi_thường thiệt_hại , xử_lý kỷ_luật và xử_phạt vi_phạm hành_chính trong thực_hành tiết_kiệm , chống lãng_phí . 

Điều 3 .  Áp_dụng quy_định về bồi_thường thiệt_hại , xử_lý kỷ_luật và xử_phạt vi_phạm hành_chính 

1 . Cán_bộ , công_chức , viên_chức vi_phạm pháp_luật về thực_hành tiết_kiệm , chống lãng_phí trong thi_hành công_vụ gây lãng_phí , phải bồi_thường thiệt_hại và bị xử_lý kỷ_luật theo quy_định tại Chương II Nghị_định này . 

Người lao_động làm_việc theo chế_độ hợp_đồng lao_động trong cơ_quan , tổ_chức nhà_nước vi_phạm pháp_luật về thực_hành tiết_kiệm , chống lãng_phí trong thi_hành công_vụ phải bồi_thường thiệt_hại và bị xử_lý kỷ_luật theo quy_định tại Hợp_đồng lao_động . 

2 . Cơ_quan , tổ_chức , cá_nhân ( bao_gồm cả cán_bộ , công_chức , viên_chức không trong thi_hành công_vụ ) có hành_vi vi_phạm pháp_luật về thực_hành tiết_kiệm , chống lãng_phí , bị xử_phạt vi_phạm hành_chính và phải bồi_thường thiệt_hại theo quy_định tại Chương III Nghị_định này . 

Điều 4 .  Trách_nhiệm của người có thẩm_quyền xử_lý vi_phạm pháp_luật về thực_hành tiết_kiệm , chống lãng_phí 

Người có thẩm_quyền xử_lý việc bồi_thường thiệt_hại , xử_lý kỷ_luật , xử_phạt vi_phạm hành_chính mà chậm_trễ hoặc không tiến_hành các thủ_tục liên_quan đến bồi_thường thiệt_hại , xử_lý kỷ_luật , xử_phạt vi_phạm hành_chính thì bị xử_lý kỷ_luật theo quy_định của <PL rel="DaC"> Pháp_lệnh Cán_bộ , công_chức </PL> .
Điều 5 .  Thu , nộp , quản_lý và sử_dụng tiền phạt vi_phạm hành_chính , tiền bồi_thường thiệt_hại 

1 . Việc quản_lý và sử_dụng tiền phạt vi_phạm hành_chính thực_hiện theo <NĐ rel="DaC"> Nghị_định số 124/2005/NĐ-CP ngày 06 tháng 10 năm 2005 </NĐ> của Chính_phủ về biên_lai thu tiền phạt và quản_lý , sử_dụng tiền nộp phạt vi_phạm hành_chính .
2 . Tiền bồi_thường thiệt_hại phải được thu đúng , thu đủ và được sử_dụng để chi cho việc xác_định số tiền bồi_thường thiệt_hại , phần còn lại được hoàn_trả cho cơ_quan , tổ_chức bị thiệt_hại hoặc ngân_sách nhà_nước . 

Điều 6 .  Nguyên_tắc bồi_thường thiệt_hại 

1 . Thiệt_hại phải được bồi_thường toàn_bộ và kịp_thời . 

2 . Số tiền bồi_thường thiệt_hại được xác_định trên cơ_sở thiệt_hại thực_tế do hành_vi lãng_phí gây ra . 

3 . Việc xét bồi_thường phải được thực_hiện công_bằng , công_khai , khách_quan và chính_xác . 

4 . Bồi_thường được thực_hiện bằng đồng_tiền Việt_Nam . 

Điều 7 .  Xác_định số tiền bồi_thường thiệt_hại 

1 . Đối_với những lĩnh_vực đã có định_mức , tiêu_chuẩn , chế_độ hoặc dự_toán được duyệt , số tiền bồi_thường thiệt_hại được xác_định căn_cứ vào chênh_lệch tính thành tiền giữa định_mức , tiêu_chuẩn , chế_độ hoặc dự_toán được duyệt với thực_tế thực_hiện và chi_phí khắc_phục hậu_quả . 

2 . Đối_với các trường_hợp khác , số tiền bồi_thường thiệt_hại được xác_định bằng chi_phí thực_tế do hành_vi lãng_phí gây ra và chi_phí khắc_phục hậu_quả . 

Điều 8 .  Xác_định trách_nhiệm bồi_thường thiệt_hại 

1 . Trường_hợp hành_vi lãng_phí do một người thực_hiện thì người đó phải chịu trách_nhiệm bồi_thường toàn_bộ thiệt_hại . 

2 . Trường_hợp hành_vi lãng_phí do từ hai người trở lên thực_hiện thì những người đó phải cùng chịu trách_nhiệm bồi_thường .  Trách_nhiệm bồi_thường được xác_định tương_ứng với mức_độ trách_nhiệm và vi_phạm của từng người ;  trường_hợp không xác_định được mức_độ trách_nhiệm và vi_phạm của từng người thì trách_nhiệm bồi_thường được chia đều cho từng người . 

Điều 9 .  Thẩm_quyền ra quyết_định về bồi_thường thiệt_hại 

1 . Người đứng đầu , cấp phó của người đứng đầu_cơ_quan , tổ_chức nơi xảy ra lãng_phí có thẩm_quyền ra quyết_định về bồi_thường thiệt_hại . 

2 . Trường_hợp đối_tượng quy_định tại khoản 1 Điều này vi_phạm pháp_luật về thực_hành tiết_kiệm , chống lãng_phí thì người đứng đầu , cấp phó của người đứng đầu_cơ_quan cấp trên trực_tiếp có thẩm_quyền ra quyết_định về bồi_thường thiệt_hại . 

Điều 10 .  Thành_lập Hội_đồng bồi_thường thiệt_hại 

1 . Trong vòng 30 ngày , kể từ khi phát_hiện ra hành_vi gây lãng_phí , nếu thấy cần_thiết người có thẩm_quyền ra quyết_định bồi_thường có_thể thành_lập Hội_đồng bồi_thường thiệt_hại ( dưới đây gọi là Hội_đồng ) để xem_xét , giải_quyết việc bồi_thường thiệt_hại . 

2 . Thành_phần Hội_đồng gồm : 

a ) Người có thẩm_quyền ra quyết_định về bồi_thường thiệt_hại quy_định tại Điều 9 Nghị_định này làm Chủ_tịch Hội_đồng ; 

b ) Đại_diện lãnh_đạo tổ_chức công_đoàn cùng cấp làm Ủy_viên ; 

c ) Người phụ_trách bộ_phận tài_chính , kế_toán làm Ủy_viên ; 

d ) Người phụ_trách đơn_vị trực_tiếp của người phải bồi_thường làm Ủy_viên ( nếu có ) ; 

đ ) Một chuyên_gia về kinh_tế , kỹ_thuật làm Ủy_viên ( nếu cần ) . 

3 . Không bố_trí người vi_phạm pháp_luật về thực_hành tiết_kiệm , chống lãng_phí đang bị xem_xét , xử_lý bồi_thường vào thành_phần Hội_đồng của vụ vi_phạm đó . 

4 . Hội_đồng tự giải_thể sau khi hoàn_thành nhiệm_vụ . 

5 . Chi_phí cho việc xác_định số tiền bồi_thường thiệt_hại được tính vào chi_phí khắc_phục hậu_quả quy_định tại Điều 7 Nghị_định này . 

Điều 11 .  Trách_nhiệm của Hội_đồng 

1 . Chậm nhất sau 10 ngày , kể từ khi Hội_đồng được thành_lập , Chủ_tịch Hội_đồng phải tổ_chức cuộc họp để xem_xét việc bồi_thường thiệt_hại do hành_vi lãng_phí gây ra . 

2 . Hội_đồng có trách_nhiệm xem_xét và đưa ra kiến_nghị về : 

a ) Hành_vi vi_phạm ; 

b ) Đánh_giá mức thiệt_hại thực_tế do hành_vi vi_phạm gây ra ; 

c ) Xác_định trách_nhiệm của từng cá_nhân ; 

d ) Kiến_nghị với người có thẩm_quyền ra quyết_định bồi_thường thiệt_hại về số tiền và phương_thức bồi_thường thiệt_hại cụ_thể đối_với từng cá_nhân . 

3 . Trong thời_gian 30 ngày , kể từ ngày thành_lập , Hội_đồng phải có văn_bản kiến_nghị với người có thẩm_quyền để ra quyết_định về bồi_thường thiệt_hại đối_với từng cá_nhân gây ra lãng_phí .  Trường_hợp phức_tạp thì chậm nhất không quá 90 ngày , kể từ ngày thành_lập , Hội_đồng phải có văn_bản kiến_nghị với người có thẩm_quyền ra quyết_định về bồi_thường thiệt_hại . 

4 . Trường_hợp sau khi đã quyết_định về số tiền phải bồi_thường mà phát_hiện những tình_tiết mới làm thay_đổi lỗi , mức_độ vi_phạm và số tiền bồi_thường thiệt_hại đã kết_luận trước đó thì người có thẩm_quyền có trách_nhiệm xem_xét , quyết_định lại số tiền bồi_thường . 

Điều 12 .  Ra quyết_định về bồi_thường thiệt_hại 

1 . Trường_hợp có thành_lập Hội_đồng thì trong thời_hạn 10 ngày , kể từ ngày nhận được văn_bản kiến_nghị của Hội_đồng , người có thẩm_quyền quy_định tại Điều 9 Nghị_định này phải ra quyết_định về bồi_thường thiệt_hại . 

2 . Trường_hợp không thành_lập Hội_đồng thì trong thời_gian 30 ngày , kể từ ngày phát_hiện_hành_vi vi_phạm gây lãng_phí , người có thẩm_quyền quy_định tại Điều 9 Nghị_định này phải ra quyết_định về bồi_thường thiệt_hại . 

Điều 13 .  Thực_hiện bồi_thường 

Người có nghĩa_vụ bồi_thường thiệt_hại phải thực_hiện bồi_thường một lần trong thời_hạn 30 ngày kể từ ngày có quyết_định về bồi_thường thiệt_hại . 

Trường_hợp_số tiền bồi_thường lớn , không_thể nộp một lần thì sau khi trừ phần đã nộp ngay , số tiền còn lại được trả dần trong thời_gian 12 tháng , kể từ ngày có quyết_định về bồi_thường thiệt_hại . 

Đối_với người bị kỷ_luật buộc thôi_việc thì phải thực_hiện xong nghĩa_vụ bồi_thường trước khi bị thôi_việc . 

Điều 14 .  Giảm tiền bồi_thường , tạm hoãn thực_hiện bồi_thường 

1 . Người gây lãng_phí do lỗi vô_ý có_thể được xét giảm số tiền bồi_thường nếu số tiền phải bồi_thường quá lớn so với khả_năng kinh_tế trước_mắt và lâu_dài của người đó . 

2 . Người có nghĩa_vụ thực_hiện bồi_thường được tạm hoãn thực_hiện bồi_thường trong các trường_hợp sau : 

a ) Đang điều_trị tại các bệnh_viện , phụ_nữ trong thời_kỳ nghỉ thai_sản ; 

b ) Gia_đình đang trong hoàn_cảnh khó_khăn đặc_biệt về kinh_tế được Ủy_ban nhân_dân cấp xã nơi cư_trú xác_nhận ; 

c ) Đang bị tạm giam , tạm giữ chờ kết_luận của cơ_quan có thẩm_quyền điều_tra , xác_minh và kết_luận về hành_vi vi_phạm pháp_luật khác . 

3 . Thời_gian tạm hoãn thực_hiện bồi_thường như sau : 

a ) Tối_đa không quá 6 tháng đối_với trường_hợp nêu tại điểm a , điểm b khoản 2 Điều này ; 

b ) Tối_đa bằng thời_gian tạm giam , tạm giữ đối_với trường_hợp nêu tại điểm c khoản 2 Điều này . 

Điều 15 .  Biện_pháp đảm_bảo thực_hiện bồi_thường 

1 . Người đứng đầu_cơ_quan , tổ_chức quản_lý người có nghĩa_vụ thực_hiện bồi_thường có trách_nhiệm giám_sát , đôn_đốc việc thực_hiện bồi_thường . 

2 . Người chưa hoàn_thành bồi_thường mà xin chuyển công_tác , thôi_việc hoặc nghỉ hưu thì người đứng đầu_cơ_quan , tổ_chức nơi ra quyết_định bồi_thường thiệt_hại có trách_nhiệm yêu_cầu người đó phải bồi_thường phần còn thiếu trước khi chuyển công_tác , thôi_việc hoặc nghỉ hưu .  Trường_hợp , người đang thực_hiện bồi_thường chưa có điều_kiện trả ngay phần còn thiếu , người đứng đầu_cơ_quan , tổ_chức nơi ra quyết_định bồi_thường thiệt_hại phải phối_hợp với cơ_quan , tổ_chức nơi tiếp_nhận công_tác hoặc chính_quyền địa_phương nơi cư_trú để yêu_cầu người đó tiếp_tục thực_hiện bồi_thường . 

3 . Trường_hợp , người có nghĩa_vụ bồi_thường cố_tình trì_hoãn , trốn_tránh việc bồi_thường thì người đứng đầu_cơ_quan , tổ_chức có trách_nhiệm phối_hợp với chính_quyền địa_phương nơi người có nghĩa_vụ bồi_thường cư_trú để có biện_pháp đảm_bảo thực_hiện bồi_thường theo quy_định của pháp_luật . 

Mục 2 

XỬ_LÝ KỶ_LUẬT ĐỐI_VỚI CÁN_BỘ , 

CÔNG_CHỨC , VIÊN_CHỨC 

Điều 16 .  Đối_tượng bị xử_lý kỷ_luật 

1 . Cán_bộ , công_chức , viên_chức quy_định tại các điểm b , c , d , đ , e và h khoản 1 Điều 1 <PL rel="DaC"> Pháp_lệnh sửa_đổi , bổ_sung một_số điều của <PL rel="none"> Pháp_lệnh Cán_bộ , công_chức </PL> ngày 29 tháng 04 năm 2003 </PL> ( bao_gồm cả Chủ_tịch Hội_đồng quản_trị , Tổng_giám_đốc , Giám_đốc công_ty nhà_nước , Kế_toán_trưởng , Người đại_diện phần vốn góp của Nhà_nước tại doanh_nghiệp ) trong thi_hành công_vụ có hành_vi vi_phạm_quy_định của pháp_luật về thực_hành tiết_kiệm , chống lãng_phí .
2 . Cán_bộ , công_chức quy_định tại điểm a , g khoản 1 Điều 1 <PL rel="DaC"> Pháp_lệnh sửa_đổi , bổ_sung một_số điều của <PL rel="none"> Pháp_lệnh Cán_bộ , công_chức </PL> ngày 29 tháng 04 năm 2003 </PL> trong thi_hành công_vụ có hành_vi vi_phạm pháp_luật về thực_hành tiết_kiệm , chống lãng_phí .
Điều 17 .  Căn_cứ xác_định hình_thức kỷ_luật 

1 . Tính_chất , mức_độ của hành_vi vi_phạm . 

2 . Mức thiệt_hại thực_tế do hành_vi lãng_phí gây ra . 

3 . Trách_nhiệm bồi_thường thiệt_hại . 

4 . Các tình_tiết tăng nặng , giảm nhẹ hình_thức kỷ_luật . 

Điều 18 .  Hình_thức xử_lý kỷ_luật và thẩm_quyền xử_lý kỷ_luật 

1 . Đối_tượng quy_định tại khoản 1 Điều 16 Nghị_định này bị xử_lý kỷ_luật theo một trong các hình_thức sau đây : 

a ) Khiển_trách ; 

b ) Cảnh_cáo ; 

c ) Hạ_bậc lương ; 

d ) Hạ_ngạch ; 

đ ) Cách_chức ; 

e ) Buộc thôi_việc . 

2 . Đối_tượng quy_định tại khoản 2 Điều 16 Nghị_định này bị xử_lý kỷ_luật theo quy_định của pháp_luật và Điều_lệ của tổ_chức chính_trị , tổ_chức chính_trị xã_hội . 

3 . Thẩm_quyền xử_lý kỷ_luật và quyết_định kỷ_luật đối_với cán_bộ , công_chức thực_hiện theo quy_định tại <NĐ rel="DaC"> Nghị_định số 35/2005/NĐ-CP ngày 17 tháng 03 năm 2005 </NĐ> của Chính_phủ về xử_lý kỷ_luật cán_bộ , công_chức .
Điều 19 .  Áp_dụng hình_thức kỷ_luật đối_với cán_bộ , công_chức , viên_chức có hành_vi vi_phạm_quy_định của pháp_luật về thực_hành tiết_kiệm , chống lãng_phí 

1 . Hình_thức khiển_trách áp_dụng đối_với cá_nhân có hành_vi vi_phạm lần đầu phải bồi_thường thiệt_hại đến 5.000.000 đồng/lần xét bồi_thường . 

2 . Hình_thức cảnh_cáo áp_dụng đối_với cá_nhân có hành_vi vi_phạm đã bị xử_lý kỷ_luật khiển_trách nhưng tái_phạm hoặc các đối_tượng vi_phạm lần đầu gây lãng_phí phải bồi_thường thiệt_hại từ trên 5.000.000 đồng đến 20.000.000 đồng/lần xét bồi_thường . 

3 . Hình_thức hạ bậc lương áp_dụng đối_với cá_nhân có hành_vi vi_phạm đã bị xử_lý kỷ_luật cảnh_cáo nhưng tái_phạm hoặc các đối_tượng vi_phạm lần đầu gây lãng_phí phải bồi_thường thiệt_hại từ trên 20.000.000 đồng đến 30.000.000 đồng/lần xét bồi_thường . 

4 . Hình_thức hạ_ngạch áp_dụng đối_với cá_nhân có hành_vi vi_phạm đã bị xử_lý kỷ_luật hạ bậc lương nhưng tái_phạm hoặc các đối_tượng vi_phạm lần đầu gây lãng_phí phải bồi_thường thiệt_hại từ trên 30.000.000 đồng đến dưới 50.000.000 đồng/lần xét bồi_thường . 

5 . Hình_thức cách_chức áp_dụng đối_với cá_nhân giữ chức_vụ có hành_vi vi_phạm đã bị xử_lý kỷ_luật hạ_ngạch nhưng tiếp_tục vi_phạm . 

6 . Hình_thức buộc thôi_việc áp_dụng đối_với cá_nhân có hành_vi vi_phạm đã bị xử_lý bằng một trong các hình_thức kỷ_luật nêu tại các khoản 4 và khoản 5 Điều này nhưng tái_phạm , gây hậu_quả lớn và xét thấy không còn đủ điều_kiện để tiếp_tục làm_việc hoặc các đối_tượng vi_phạm gây lãng_phí phải bồi_thường thiệt_hại từ 50.000.000 đồng trở lên/lần xét bồi_thường . 

Điều 20 .  Xử_lý kỷ_luật đối_với người đứng đầu đơn_vị trực_thuộc cơ_quan , tổ_chức được giao quản_lý vốn , tài_sản 

1 . Người đứng đầu đơn_vị thuộc các cơ_quan , tổ_chức trực_tiếp có hành_vi vi_phạm_quy_định của pháp_luật về thực_hành tiết_kiệm , chống lãng_phí bị xử_lý kỷ_luật theo các hình_thức quy_định tại Điều 19 Nghị_định này .  Trường_hợp người đứng đầu đơn_vị không trực_tiếp vi_phạm nhưng để xảy ra lãng_phí trong đơn_vị thì phải chịu trách_nhiệm trực_tiếp về việc để xảy ra vi_phạm và bị xử_lý kỷ_luật theo quy_định tại khoản 3 Điều này . 

2 . Trường_hợp cấp phó của người đứng đầu đơn_vị không trực_tiếp vi_phạm nhưng để xảy ra lãng_phí trong đơn_vị thuộc những công_việc , lĩnh_vực được giao phụ_trách thì phải chịu trách_nhiệm trực_tiếp về việc để xảy ra vi_phạm như quy_định đối_với người đứng đầu . 

3 . Áp_dụng hình_thức kỷ_luật : 

a ) Áp_dụng hình_thức khiển_trách đối_với người đứng đầu nếu trong đơn_vị có cá_nhân vi_phạm_quy_định về thực_hành tiết_kiệm , chống lãng_phí bị áp_dụng hình_thức kỷ_luật quy_định tại khoản 3 Điều 19 Nghị_định này ; 

b ) Áp_dụng hình_thức cảnh_cáo đối_với người đứng đầu nếu trong đơn_vị có cá_nhân vi_phạm_quy_định về thực_hành tiết_kiệm , chống lãng_phí bị áp_dụng hình_thức kỷ_luật quy_định tại khoản 4 Điều 19 Nghị_định này ; 

c ) Áp_dụng hình_thức hạ bậc lương đối_với người đứng đầu nếu trong đơn_vị có cá_nhân vi_phạm_quy_định về thực_hành tiết_kiệm , chống lãng_phí bị áp_dụng hình_thức kỷ_luật quy_định tại khoản 5 Điều 19 Nghị_định này ; 

d ) Áp_dụng hình_thức cách_chức đối_với người đứng đầu nếu trong đơn_vị có cá_nhân vi_phạm_quy_định về thực_hành tiết_kiệm , chống lãng_phí bị áp_dụng hình_thức kỷ_luật quy_định tại khoản 6 Điều 19 Nghị_định này . 

4 . Trách_nhiệm của người đứng đầu và cấp phó của người đứng đầu đơn_vị trực_thuộc cơ_quan , tổ_chức được loại_trừ trong trường_hợp họ không_thể biết hoặc đã áp_dụng các biện_pháp cần_thiết để phòng_ngừa , ngăn_chặn hành_vi lãng_phí . 

Điều 21 .  Xử_lý kỷ_luật đối_với người đứng đầu_cơ_quan , tổ_chức 

1 . Người đứng đầu_cơ_quan , tổ_chức phải chịu trách_nhiệm liên_đới về việc để xảy ra hành_vi lãng_phí trong lĩnh_vực công_tác và trong đơn_vị do cấp phó của mình trực_tiếp phụ_trách . 

2 . Cấp_phó của người đứng đầu_cơ_quan , tổ_chức phải chịu trách_nhiệm trực_tiếp về việc để xảy ra hành_vi lãng_phí trong lĩnh_vực công_tác được giao và trong đơn_vị do mình trực_tiếp phụ_trách . 

3 . Hội_đồng kỷ_luật căn_cứ vào trách_nhiệm của người đứng đầu và cấp phó của người đứng đầu để xem_xét , áp_dụng các hình_thức kỷ_luật sau : 

a ) Áp_dụng hình_thức khiển_trách đối_với trường_hợp trong lĩnh_vực công_tác được giao hoặc trong đơn_vị trực_tiếp phụ_trách có cán_bộ vi_phạm pháp_luật về thực_hành tiết_kiệm , chống lãng_phí bị xử_lý kỷ_luật theo hình_thức quy_định tại điểm b khoản 3 Điều 20 Nghị_định này ; 

b ) Áp_dụng hình_thức cảnh_cáo đối_với trường_hợp trong lĩnh_vực công_tác được giao hoặc trong đơn_vị trực_tiếp phụ_trách có cán_bộ vi_phạm pháp_luật về thực_hành tiết_kiệm , chống lãng_phí bị xử_lý kỷ_luật theo hình_thức quy_định tại điểm c khoản 3 Điều 20 Nghị_định này ; 

c ) Áp_dụng hình_thức hạ bậc lương đối_với trường_hợp trong lĩnh_vực công_tác được giao hoặc trong đơn_vị trực_tiếp phụ_trách có cán_bộ vi_phạm pháp_luật về thực_hành tiết_kiệm , chống lãng_phí bị xử_lý kỷ_luật theo hình_thức quy_định tại điểm d khoản 3 Điều 20 ; 

d ) Áp_dụng hình_thức cách_chức đối_với người đứng đầu_cơ_quan , tổ_chức và cấp phó được giao trực_tiếp phụ_trách lĩnh_vực công_tác có cán_bộ vi_phạm pháp_luật về thực_hành tiết_kiệm , chống lãng_phí gây hậu_quả nghiêm_trọng . 

4 . Trách_nhiệm của người đứng đầu và cấp phó của người đứng đầu_cơ_quan , tổ_chức được loại_trừ trong trường_hợp họ không_thể biết hoặc đã áp_dụng các biện_pháp cần_thiết để phòng_ngừa , ngăn_chặn hành_vi lãng_phí . 

Điều 22 .  Tình_tiết tăng nặng , giảm nhẹ hình_thức kỷ_luật 

1 . Các tình_tiết tăng nặng hình_thức kỷ_luật : cán_bộ , công_chức , viên_chức bị tăng hình_thức kỷ_luật nêu tại các Điều 19 , 20 và Điều 21 Nghị_định này trong các trường_hợp sau : 

a ) Có hành_vi che_giấu vi_phạm ;  trốn_tránh , cản_trở việc xử_lý vi_phạm ; 

b ) Vi_phạm có tổ_chức . 

2 . Các tình_tiết_giảm nhẹ hình_thức kỷ_luật : cán_bộ , công_chức , viên_chức được xem_xét giảm hình_thức kỷ_luật nêu tại các Điều 19 , 20 và Điều 21 Nghị_định này trong các trường_hợp sau : 

a ) Thành_khẩn , có tinh_thần hợp_tác ; 

b ) Chủ_động thực_hiện các biện_pháp để hạn_chế thiệt_hại do hành_vi lãng_phí gây ra . 

3 . Việc tăng , giảm hình_thức kỷ_luật không làm thay_đổi mức bồi_thường thiệt_hại đã được quyết_định . 

Điều 23 .  Hội_đồng kỷ_luật , quy_trình , thủ_tục xem_xét xử_lý kỷ_luật 

1 . Hội_đồng kỷ_luật , quy_trình , thủ_tục xem_xét xử_lý kỷ_luật và các quy_định liên_quan đến kỷ_luật cán_bộ công_chức thực_hiện theo quy_định tại <NĐ rel="DaC"> Nghị_định số 35/2005/NĐ-CP ngày 17 tháng 03 năm 2005 </NĐ> của Chính_phủ về xử_lý kỷ_luật cán_bộ , công_chức .
2 . Thành_viên của Hội_đồng bồi_thường thiệt_hại có_thể đồng_thời là thành_viên Hội_đồng kỷ_luật . 

Điều 24 .  Đối_tượng , nguyên_tắc xử_phạt vi_phạm hành_chính 

1 . Cơ_quan , tổ_chức , cá_nhân có hành_vi cố_ý hoặc vô_ý vi_phạm_quy_định của pháp_luật về thực_hành tiết_kiệm , chống lãng_phí nhưng chưa đến mức truy_cứu trách_nhiệm hình_sự thì bị xử_phạt vi_phạm hành_chính theo quy_định tại Nghị_định này . 

2 . Việc xử_phạt vi_phạm hành_chính về thực_hành tiết_kiệm , chống lãng_phí thực_hiện theo các nguyên_tắc quy_định tại Điều 3 <PL rel="DaC"> Pháp_lệnh Xử_lý vi_phạm hành_chính </PL> và <NĐ rel="DaC"> Nghị_định số 134/2003/NĐ-CP ngày 14 tháng 11 năm 2003 </NĐ> của Chính_phủ quy_định chi_tiết thi_hành một_số điều của <PL rel="none"> Pháp_lệnh Xử_lý vi_phạm hành_chính </PL> .
Điều 25 .  Thời_hiệu xử_phạt vi_phạm hành_chính 

1 . Thời_hiệu xử_phạt vi_phạm hành_chính trong thực_hành tiết_kiệm , chống lãng_phí liên_quan đến lĩnh_vực nào thì thực_hiện theo quy_định của pháp_luật trong lĩnh_vực đó .  Đối_với các trường_hợp pháp_luật chưa có quy_định cụ_thể thì thời_hiệu xử_phạt là 02 năm kể từ ngày hành_vi vi_phạm được thực_hiện .  Nếu quá thời_hạn này thì không bị xử_phạt vi_phạm hành_chính nhưng vẫn bị áp_dụng các biện_pháp khắc_phục hậu_quả và phải bồi_thường thiệt_hại do hành_vi lãng_phí gây ra theo quy_định tại Nghị_định này . 

2 . Đối_với cá_nhân đã bị khởi_tố , truy_tố hoặc đã có quyết_định đưa ra xét_xử theo thủ_tục tố_tụng_hình_sự , nhưng sau đó có quyết_định đình_chỉ điều_tra hoặc đình_chỉ vụ án để chuyển sang xử_lý vi_phạm hành_chính thì thời_hiệu xử_phạt là 3 tháng , kể từ ngày người có thẩm_quyền xử_phạt nhận được quyết_định đình_chỉ điều_tra hoặc đình_chỉ vụ án và hồ_sơ vụ vi_phạm . 

3 . Trong thời_hạn quy_định tại khoản 1 và khoản 2 Điều này , nếu cơ_quan , tổ_chức , cá_nhân lại tiếp_tục có hành_vi vi_phạm hành_chính hoặc cố_tình trốn_tránh , cản_trở việc xử_phạt thì không áp_dụng thời_hiệu xử_phạt quy_định tại khoản 1 , khoản 2 Điều này mà thời_hiệu xử_phạt vi_phạm hành_chính được tính lại kể từ thời_điểm thực_hiện vi_phạm hành_chính mới hoặc thời_điểm chấm_dứt hành_vi trốn_tránh , cản_trở việc xử_phạt . 

Điều 26 .  Các hình_thức xử_phạt vi_phạm hành_chính trong thực_hành tiết_kiệm , chống lãng_phí 

1 . Đối_với mỗi hành_vi vi_phạm hành_chính , cơ_quan , tổ_chức , cá_nhân vi_phạm phải chịu một trong các hình_thức xử_phạt chính sau đây : 

a ) Phạt cảnh_cáo ; 

b ) Phạt tiền . 

Mức tiền phạt tối_đa đối_với hành_vi vi_phạm_quy_định của pháp_luật về thực_hành tiết_kiệm , chống lãng_phí liên_quan đến lĩnh_vực nào thì thực_hiện theo quy_định của pháp_luật hiện_hành đối_với lĩnh_vực đó .  Trường_hợp pháp_luật chưa có quy_định thì mức phạt tiền tối_đa là 100.000.000 đồng . 

Khi áp_dụng hình_thức phạt tiền , mức tiền phạt cụ_thể đối_với một hành_vi vi_phạm là mức trung_bình của khung tiền phạt được quy_định đối_với hành_vi vi_phạm đó .  Trường_hợp có tình_tiết_giảm nhẹ thì mức tiền phạt được giảm xuống nhưng không thấp hơn mức tối_thiểu của khung tiền phạt .  Trường_hợp có tình_tiết tăng nặng thì mức tiền phạt có_thể được tăng lên nhưng không vượt mức tối_đa của khung tiền phạt . 

2 . Ngoài hình_thức xử_phạt quy_định tại khoản 1 Điều này , cơ_quan , tổ_chức , cá_nhân vi_phạm có_thể bị áp_dụng một hoặc các biện_pháp khắc_phục hậu_quả sau : 

a ) Buộc thực_hiện đúng các quy_định của pháp_luật về quản_lý , sử_dụng tiền , tài_sản nhà_nước , tài_nguyên thiên_nhiên và đất_đai ; 

b ) Buộc thực_hiện đúng các định_mức , tiêu_chuẩn , chế_độ do cơ_quan Nhà_nước có thẩm_quyền ban_hành . 

Điều 27 .  Bồi_thường thiệt_hại 

1 . Tổ_chức , cá_nhân vi_phạm pháp_luật về thực_hành tiết_kiệm , chống lãng_phí nếu gây lãng_phí thì phải bồi_thường thiệt_hại theo quy_định tại Nghị_định này . 

Tổ_chức , cá_nhân vi_phạm pháp_luật về thực_hành tiết_kiệm , chống lãng_phí đã bị xử_phạt vi_phạm hành_chính theo quy_định của pháp_luật chuyên_ngành , nếu gây ra lãng_phí thì phải bồi_thường thiệt_hại theo quy_định tại Nghị_định này , trừ trường_hợp pháp_luật chuyên_ngành đã có quy_định phải bồi_thường thiệt_hại do hành_vi vi_phạm gây ra . 

2 . Người có thẩm_quyền xử_phạt quy_định tại Điều 33 Nghị_định này có thẩm_quyền xử_lý , quyết_định việc bồi_thường thiệt_hại đối_với hành_vi vi_phạm pháp_luật về thực_hành tiết_kiệm , chống lãng_phí gây ra . 

Đối_với trường_hợp theo quy_định của pháp_luật chuyên_ngành mà người có thẩm_quyền xử_phạt vi_phạm hành_chính không có thẩm_quyền xử_lý việc bồi_thường thiệt_hại thì trong vòng 03 ngày làm_việc , người có thẩm_quyền xử_phạt vi_phạm hành_chính phải chuyển quyết_định xử_phạt , hồ_sơ vụ_việc đến người có thẩm_quyền xử_lý , quyết_định bồi_thường thiệt_hại để xử_lý và quyết_định việc bồi_thường thiệt_hại theo quy_định tại Nghị_định này . 

HÀNH_VI VI_PHẠM , HÌNH_THỨC VÀ MỨC XỬ_PHẠT 

Điều 28 .  Hành_vi vi_phạm_quy_định của pháp_luật về thực_hành tiết_kiệm , chống lãng_phí trong quản_lý , sử_dụng kinh_phí ngân_sách nhà_nước gây lãng_phí 

1 . Phạt cảnh_cáo hoặc phạt tiền từ 100.000 đồng đến 200.000 đồng đối_với hành_vi vi_phạm_quy_định về quản_lý , sử_dụng phương_tiện đi_lại , phương_tiện thiết_bị làm_việc , sử_dụng điện nước gây lãng_phí . 

2 . Phạt tiền từ 1.000.000 đồng đến 2.000.000 đồng đối_với hành_vi sử_dụng phương_tiện đi_lại , phương_tiện thiết_bị làm_việc , sử_dụng điện nước vượt quá tiêu_chuẩn , định_mức , chế_độ do cơ_quan có thẩm_quyền ban_hành gây lãng_phí . 

3 . Phạt tiền từ 1.000.000 đồng đến 3.000.000 đồng đối_với hành_vi sử_dụng kinh_phí nghiên_cứu khoa_học và phát_triển công_nghệ sai mục_đích , không đúng với nội_dung chương_trình đã được phê_duyệt . 

4 . Phạt tiền từ 3.000.000 đồng đến 5.000.000 đồng đối_với hành_vi sử_dụng kinh_phí nghiên_cứu khoa_học và phát_triển công_nghệ trùng_lặp với các nguồn kinh_phí khác gây lãng_phí . 

5 . Ngoài việc bị phạt tiền , tổ_chức , cá_nhân vi_phạm các quy_định tại các khoản 1 , 2 , 3 và khoản 4 Điều này còn bị áp_dụng biện_pháp khắc_phục hậu_quả sau : 

a ) Buộc thực_hiện đúng các quy_định của pháp_luật về quản_lý , sử_dụng kinh_phí ngân_sách nhà_nước ; 

b ) Buộc thực_hiện đúng định_mức , tiêu_chuẩn , chế_độ do cơ_quan nhà_nước có thẩm_quyền ban_hành . 

Điều 29 .  Hành_vi vi_phạm_quy_định của pháp_luật về thực_hành tiết_kiệm , chống lãng_phí trong đầu_tư xây_dựng các dự_án sử_dụng ngân_sách nhà_nước , tiền , tài_sản nhà_nước gây lãng_phí 

1 . Phạt tiền từ 10.000.000 đồng đến 20.000.000 đồng đối_với hành_vi vi_phạm các quy_định về quản_lý trong việc lập , thẩm_định dự_án đầu_tư gây lãng_phí . 

2 . Phạt tiền từ 10.000.000 đồng đến 20.000.000 đồng đối_với hành_vi vi_phạm các quy_định về quản_lý trong khảo_sát , thiết_kế xây_dựng công_trình gây lãng_phí . 

3 . Phạt tiền từ 20.000.000 đồng đến 30.000.000 đồng đối_với hành_vi vi_phạm các quy_định về quản_lý trong lựa_chọn nhà_thầu , tổ_chức tư_vấn giám_sát thực_hiện dự_án đầu_tư gây lãng_phí . 

4 . Phạt tiền từ 30.000.000 đồng đến 50.000.000 đồng đối_với hành_vi vi_phạm các quy_định về quản_lý trong cấp , thanh_toán và quyết_toán vốn cho dự_án đầu_tư gây lãng_phí . 

5 . Phạt tiền từ 30.000.000 đồng đến 40.000.000 đồng đối_với hành_vi vi_phạm các quy_định về quản_lý trong tổ_chức lễ động_thổ , lễ khởi_công lễ khánh_thành công_trình xây_dựng gây lãng_phí . 

6 . Phạt tiền với mức 0,1 % giá_trị khảo_sát thiết_kế nhưng không quá 100.000.000 đồng đối_với hành_vi thực_hiện khảo_sát , thiết_kế xây_dựng công_trình không đúng tiêu_chuẩn , quy_chuẩn xây_dựng do cơ_quan nhà_nước có thẩm_quyền ban_hành gây lãng_phí . 

7 . Ngoài việc bị phạt tiền , tổ_chức , cá_nhân vi_phạm các quy_định tại các khoản 1 , 2 , 3 , 4 , 5 và khoản 6 Điều này còn bị áp_dụng biện_pháp khắc_phục hậu_quả sau : 

a ) Buộc thực_hiện đúng các quy_định của pháp_luật về quản_lý đầu_tư xây_dựng ; 

Điều 30 .  Hành_vi vi_phạm_quy_định của pháp_luật về thực_hành tiết_kiệm , chống lãng_phí trong quản_lý , sử_dụng trụ_sở làm_việc của cơ_quan , tổ_chức sử_dụng kinh_phí ngân_sách nhà_nước 

1 . Phạt tiền từ 5.000.000 đồng đến 10.000.000 đồng đối_với hành_vi vi_phạm_quy_định về quản_lý trụ_sở làm_việc của cơ_quan , tổ_chức sử_dụng kinh_phí ngân_sách nhà_nước gây lãng_phí . 

2 . Phạt tiền từ 10.000.000 đồng đến 20.000.000 đồng đối_với hành_vi vi_phạm_quy_định về định_mức , tiêu_chuẩn chế_độ trong sử_dụng trụ_sở làm_việc của cơ_quan , tổ_chức sử_dụng kinh_phí ngân_sách nhà_nước gây lãng_phí . 

3 . Ngoài việc bị phạt tiền , cơ_quan , tổ_chức vi_phạm các quy_định tại khoản 1 và khoản 2 Điều này còn bị áp_dụng các biện_pháp khắc_phục hậu_quả sau : 

a ) Buộc thực_hiện đúng các quy_định về quản_lý , sử_dụng trụ_sở làm_việc của cơ_quan , tổ_chức sử_dụng kinh_phí ngân_sách nhà_nước ; 

Điều 31 .  Hành_vi vi_phạm_quy_định của pháp_luật về thực_hành tiết_kiệm , chống lãng_phí trong quản_lý , sử_dụng vốn và tài_sản nhà_nước tại doanh_nghiệp 

1 . Phạt tiền từ 30.000.000 đồng đến 40.000.000 đồng đối_với hành_vi vi_phạm_quy_định về quản_lý , sử_dụng vốn và các quỹ trong công_ty nhà_nước gây lãng_phí . 

2 . Phạt tiền từ 50.000.000 đồng đến 70.000.000 đồng đối_với hành_vi quyết_định mua_sắm , quản_lý , sử_dụng tài_sản cố_định , vật_tư và các tài_sản khác trong công_ty nhà_nước không đúng với quy_định của pháp_luật về quản_lý_tài_chính , tài_sản nhà_nước , quản_lý đầu_tư xây_dựng , vượt quá định_mức , tiêu_chuẩn , chế_độ do cơ_quan nhà_nước có thẩm_quyền ban_hành . 

3 . Phạt tiền từ 70.000.000 đồng đến 100.000.000 đồng đối_với hành_vi quản_lý , sử_dụng các khoản chi_phí trong công_ty nhà_nước không đúng định_mức , đơn_giá , tiêu_chuẩn , chế_độ quy_định của cơ_quan nhà_nước có thẩm_quyền . 

4 . Ngoài việc bị phạt tiền , người có hành_vi vi_phạm các quy_định tại khoản 1 , 2 và khoản 3 Điều này còn bị áp_dụng biện_pháp khắc_phục hậu_quả sau : 

a ) Buộc thực_hiện đúng quy_định về quản_lý vốn , tài_sản nhà_nước tại doanh_nghiệp ; 

b ) Buộc thực_hiện đúng định_mức , tiêu_chuẩn , chế_độ do cơ_quan nhà_nước có thẩm_quyền quy_định . 

Điều 32 .  Áp_dụng hình_thức , mức xử_phạt theo các quy_định của pháp_luật về xử_phạt vi_phạm hành_chính trong các lĩnh_vực có liên_quan 

1 . Cơ_quan , tổ_chức , cá_nhân có hành_vi vi_phạm_quy_định của pháp_luật về thực_hành tiết_kiệm , chống lãng_phí liên_quan đến lĩnh_vực đất_đai thì bị xử_phạt theo quy_định của pháp_luật về xử_lý vi_phạm hành_chính trong lĩnh_vực đất_đai . 

2 . Cơ_quan , tổ_chức , cá_nhân có hành_vi vi_phạm_quy_định của pháp_luật về thực_hành tiết_kiệm , chống lãng_phí liên_quan đến lĩnh_vực nghiên_cứu khoa_học mà chưa có quy_định xử_phạt tại Nghị_định này thì bị xử_phạt theo quy_định của pháp_luật về xử_lý vi_phạm hành_chính trong lĩnh_vực khoa_học công_nghệ . 

3 . Cơ_quan , tổ_chức , cá_nhân có hành_vi vi_phạm_quy_định của pháp_luật về thực_hành tiết_kiệm , chống lãng_phí liên_quan đến lĩnh_vực quản_lý , đầu_tư xây_dựng các dự_án sử_dụng ngân_sách nhà_nước , sử_dụng và quản_lý trụ_sở làm_việc mà chưa có quy_định xử_phạt tại Nghị_định này thì bị xử_phạt theo quy_định của pháp_luật về xử_lý hành_chính trong lĩnh_vực hoạt_động xây_dựng , quản_lý công_trình hạ_tầng đô_thị và quản_lý , sử_dụng nhà . 

4 . Cơ_quan , tổ_chức , cá_nhân có hành_vi vi_phạm_quy_định của pháp_luật về thực_hành tiết_kiệm , chống lãng_phí liên_quan đến lĩnh_vực khai_thác , sử_dụng tài_nguyên nước thì bị xử_phạt theo quy_định của pháp_luật về xử_lý vi_phạm hành_chính trong lĩnh_vực tài_nguyên nước . 

5 . Cơ_quan , tổ_chức , cá_nhân có hành_vi vi_phạm_quy_định của pháp_luật về thực_hành tiết_kiệm , chống lãng_phí liên_quan đến lĩnh_vực thăm_dò , khai_thác , sử_dụng khoáng_sản thì bị xử_phạt theo quy_định của pháp_luật về xử_lý vi_phạm hành_chính trong lĩnh_vực khoáng_sản . 

6 . Cơ_quan , tổ_chức , cá_nhân có hành_vi vi_phạm_quy_định của pháp_luật về thực_hành tiết_kiệm , chống lãng_phí liên_quan đến lĩnh_vực quản_lý rừng , bảo_vệ rừng và quản_lý lâm_sản thì bị xử_phạt theo quy_định của pháp_luật về xử_lý vi_phạm hành_chính trong quản_lý rừng , bảo_vệ rừng và quản_lý lâm_sản . 

7 . Cơ_quan , tổ_chức , cá_nhân có hành_vi vi_phạm_quy_định của pháp_luật về thực_hành tiết_kiệm , chống lãng_phí liên_quan đến việc chấp_hành kỷ_luật lao_động thì bị xử_phạt theo quy_định của pháp_luật về xử_lý vi_phạm hành_chính trong chấp_hành pháp_luật lao_động . 

Mục 3 

THẨM_QUYỀN , THỦ_TỤC XỬ_PHẠT , THI_HÀNH , 

CƯỠNG_CHẾ THI_HÀNH <L rel="DaC"> QUYẾT_ĐỊNH XỬ_PHẠT HÀNH_CHÍNH </L>
Điều 33 .  Thẩm_quyền xử_phạt vi_phạm hành_chính 

1 . Thẩm_quyền xử_phạt của Chủ_tịch Ủy_ban nhân_dân các cấp : 

a ) Thẩm_quyền xử_phạt của Chủ_tịch Ủy_ban nhân_dân cấp huyện : 

- Phạt cảnh_cáo ; 

- Phạt tiền đến 20.000.000 đồng ; 

- Áp_dụng các biện_pháp khắc_phục hậu_quả quy_định tại khoản 2 Điều 26 Nghị_định này . 

b ) Thẩm_quyền xử_phạt của Chủ_tịch Ủy_ban nhân_dân cấp tỉnh : 

- Phạt tiền đến 100.000.000 đồng ; 

2 . Thẩm_quyền xử_phạt của lực_lượng Thanh_tra chuyên_ngành : 

a ) Chánh thanh_tra chuyên_ngành cấp sở có quyền : 

b ) Chánh thanh_tra chuyên_ngành Bộ , cơ_quan ngang Bộ , cơ_quan thuộc Chính_phủ có quyền : 

3 . Việc_ủy_quyền trong xử_phạt vi_phạm hành_chính , nguyên_tắc xác_định , thẩm_quyền xử_lý vi_phạm hành_chính được thực_hiện theo quy_định tại Điều 41 , Điều 42 <PL rel="DaC"> Pháp_lệnh Xử_lý vi_phạm hành_chính năm 2002 </PL> và <NĐ rel="DaC"> Nghị_định số 134/2003/NĐ-CP ngày 14 tháng 11 năm 2003 </NĐ> của Chính_phủ quy_định chi_tiết thi_hành một_số điều của <PL rel="none"> Pháp_lệnh Xử_lý vi_phạm hành_chính </PL> .
Điều 34 .  Thủ_tục xử_phạt vi_phạm hành_chính và thi_hành quyết_định xử_phạt vi_phạm hành_chính 

Thủ_tục xử_phạt vi_phạm hành_chính và thi_hành quyết_định xử_phạt vi_phạm hành_chính được thực_hiện theo quy_định tại <PL rel="DaC"> Pháp_lệnh Xử_lý vi_phạm hành_chính năm 2002 </PL> và <NĐ rel="DaC"> Nghị_định số 134/2003/NĐ-CP ngày 14 tháng 3 năm 2003 </NĐ> của Chính_phủ quy_định chi_tiết thi_hành một_số điều của <PL rel="none"> Pháp_lệnh Xử_lý vi_phạm hành_chính </PL> .
Điều 35 .  Cưỡng_chế thi_hành quyết_định xử_phạt vi_phạm hành_chính 

1 . Việc cưỡng_chế thi_hành quyết_định xử_phạt vi_phạm hành_chính thực_hiện theo quy_định tại <PL rel="DaC"> Pháp_lệnh Xử_lý vi_phạm hành_chính </PL> .
2 . Thủ_tục áp_dụng các biện_pháp cưỡng_chế thi_hành quyết_định xử_phạt vi_phạm hành_chính thực_hiện theo quy_định của <NĐ rel="DaC"> Nghị_định số 37/2005/NĐ-CP ngày 18 tháng 03 năm 2005 </NĐ> của Chính_phủ quy_định về thủ_tục áp_dụng các biện_pháp cưỡng_chế thi_hành quyết_định xử_phạt vi_phạm hành_chính .
Mục 4 

BỒI_THƯỜNG THIỆT_HẠI ĐỐI_VỚI ĐỐI_TƯỢNG BỊ XỬ_PHẠT 

VI_PHẠM HÀNH_CHÍNH VỀ THỰC_HÀNH TIẾT_KIỆM , CHỐNG LÃNG_PHÍ 

Điều 36 .  Nguyên_tắc , việc xác_định số tiền bồi_thường thiệt_hại và trách_nhiệm bồi_thường thiệt_hại 

Nguyên_tắc , việc xác_định số tiền bồi_thường thiệt_hại và trách_nhiệm bồi_thường thiệt_hại đối_với đối_tượng bị xử_phạt vi_phạm hành_chính về thực_hành tiết_kiệm , chống lãng_phí được thực_hiện theo quy_định tại các Điều 6 , 7 và Điều 8 Nghị_định này . 

Điều 37 .  Thủ_tục xử_lý bồi_thường thiệt_hại 

1 . Trong thời_hạn 10 ngày , kể từ ngày ra quyết_định xử_phạt vi_phạm hành_chính hoặc quyết_định áp_dụng biện_pháp khắc_phục hậu_quả ( trong trường_hợp hết thời_hiệu xử_phạt vi_phạm hành_chính ) , nếu thấy cần_thiết , người có thẩm_quyền xử_lý bồi_thường có_thể thành_lập Hội_đồng tư_vấn về bồi_thường thiệt_hại để xem_xét , xác_định việc bồi_thường thiệt_hại . 

2 . Trong thời_hạn 10 ngày kể từ ngày nhận được văn_bản kiến_nghị về mức bồi_thường thiệt_hại của Hội_đồng tư_vấn , người có thẩm_quyền quyết_định xử_lý bồi_thường phải ra quyết_định về bồi_thường thiệt_hại đối_với đối_tượng vi_phạm hành_chính về thực_hành tiết_kiệm , chống lãng_phí . 

3 . Trường_hợp không thành_lập Hội_đồng tư_vấn thì trong thời_hạn 30 ngày , kể từ ngày ra quyết_định xử_phạt vi_phạm hành_chính hoặc quyết_định áp_dụng biện_pháp khắc_phục hậu_quả ( trong trường_hợp hết thời_hiệu xử_phạt vi_phạm hành_chính ) , người có thẩm_quyền xử_lý bồi_thường phải ra quyết_định về bồi_thường thiệt_hại đối_với đối_tượng bị xử_phạt vi_phạm hành_chính về thực_hành tiết_kiệm , chống lãng_phí . 

Điều 38 .  Hội_đồng tư_vấn về bồi_thường thiệt_hại 

1 . Hội_đồng tư_vấn về bồi_thường thiệt_hại do người có thẩm_quyền quy_định tại khoản 2 Điều 27 Nghị_định này thành_lập đồng_thời làm Chủ_tịch của Hội_đồng . 

Thành_viên Hội_đồng gồm : đại_diện cơ_quan_tài_chính cùng cấp nơi xảy ra hành_vi vi_phạm ;  đại_diện chính_quyền cấp xã nơi xảy ra vi_phạm và đại_diện cơ_quan chuyên_ngành về khoa_học , kỹ_thuật hoặc các chuyên_ngành khác ( nếu cần_thiết ) . 

Hội_đồng tư_vấn về bồi_thường thiệt_hại tự giải_thể sau khi hoàn_thành nhiệm_vụ . 

Chi_phí cho việc xác_định_mức bồi_thường thiệt_hại được tính vào chi_phí khắc_phục hậu_quả . 

2 . Trong vòng 30 ngày , kể từ ngày được thành_lập , Hội_đồng tư_vấn về bồi_thường thiệt_hại phải có văn_bản kiến_nghị với người có thẩm_quyền ra quyết_định về bồi_thường thiệt_hại .  Trường_hợp vụ_việc phức_tạp thì chậm nhất không quá 90 ngày , kể từ ngày thành_lập , Hội_đồng tư_vấn phải có văn_bản kiến_nghị với người có thẩm_quyền ra quyết_định về bồi_thường thiệt_hại . 

Điều 39 .  Chấp_hành Quyết_định về bồi_thường thiệt_hại 

1 . Tổ_chức , cá_nhân có nghĩa_vụ bồi_thường một lần trong thời_hạn 30 ngày , kể từ ngày có quyết_định về bồi_thường thiệt_hại của người có thẩm_quyền . 

2 . Trường_hợp cá_nhân vi_phạm mà phải bồi_thường số tiền lớn , không_thể nộp ngay một lần thì sau khi trừ đi số đã nộp ngay lần đầu , số tiền còn lại được trả dần trong thời_gian 12 tháng . 

Điều 40 .  Giảm tiền bồi_thường , tạm hoãn thực_hiện bồi_thường . 

Người gây lãng_phí phải bồi_thường thiệt_hại là cá_nhân được xem_xét giảm , tạm hoãn thực_hiện bồi_thường theo quy_định tại Điều 14 Nghị_định này . 

Điều 41 .  Cưỡng_chế thi_hành quyết_định về bồi_thường thiệt_hại 

Thủ_tục chấp_hành , cưỡng_chế thi_hành quyết_định về bồi_thường thiệt_hại thực_hiện như quy_định của pháp_luật về thủ_tục chấp_hành , cưỡng_chế thi_hành quyết_định xử_phạt vi_phạm hành_chính hiện_hành . 

Điều 42 .  Khen_thưởng 

Cá_nhân , tổ_chức có thành_tích trong việc phát_hiện , tố_cáo , giải_quyết bồi_thường , xử_lý kỷ_luật và xử_phạt vi_phạm hành_chính trong lĩnh_vực thực_hành tiết_kiệm , chống lãng_phí được khen_thưởng theo quy_định của pháp_luật về khen_thưởng . 

Điều 43 .  Khiếu_nại , tố_cáo và khởi_kiện 

1 . Cá_nhân , tổ_chức bị xử_lý kỷ_luật , xử_phạt vi_phạm hành_chính có quyền khiếu_nại về quyết_định xử_lý kỷ_luật , quyết_định xử_phạt vi_phạm hành_chính đến cơ_quan , tổ_chức , người có thẩm_quyền giải_quyết khiếu_nại . 

Cá_nhân phát_hiện_hành_vi vi_phạm pháp_luật về thực_hành tiết_kiệm , chống lãng_phí có quyền tố_cáo với các cơ_quan có thẩm_quyền để kịp_thời ngăn_chặn và xử_lý theo quy_định . 

Thẩm_quyền , thủ_tục , thời_hạn giải_quyết khiếu_nại , tố_cáo thực_hiện theo quy_định của pháp_luật về khiếu_nại , tố_cáo . 

2 . Việc khởi_kiện đối_với quyết_định xử_phạt vi_phạm hành_chính trong lĩnh_vực tiết_kiệm , chống lãng_phí thực_hiện theo pháp_luật về thủ_tục giải_quyết các vụ án hành_chính . 

Điều 44 .  Hiệu_lực thi_hành 

Nghị_định này có hiệu_lực thi_hành sau 15 ngày , kể từ ngày đăng Công_báo . 

Điều 45 .  Trách_nhiệm hướng_dẫn và thi_hành 

1 . Bộ Tài_chính hướng_dẫn thi_hành Nghị_định này . 

2 . Các Bộ_trưởng , Thủ_trưởng cơ_quan ngang Bộ , Thủ_trưởng cơ_quan thuộc Chính_phủ , Chủ_tịch Ủy_ban nhân_dân các tỉnh , thành_phố trực_thuộc Trung_ương và các cơ_quan , tổ_chức , cá_nhân liên_quan chịu trách_nhiệm thi_hành Nghị_định này ./. 
