Nghị định Quy định chi tiết một số điều của Pháp lệnh Phòng, chống lụt, bão đã được sửa đổi, bổ sung ngày 24 tháng 08 năm 2000

Căn_cứ <L rel="CC"> Luật Tổ_chức Chính_phủ ngày 25 tháng 12 năm 2001 </L> ;
Căn_cứ <PL rel="CC"> Pháp_lệnh Phòng , chống lụt , bão ngày 20 tháng 03 năm 1993 </PL> và <PL rel="CC"> Pháp_lệnh sửa_đổi , bổ_sung một_số điều của <PL rel="none"> Pháp_lệnh Phòng , chống lụt , bão </PL> ngày 24 tháng 08 năm 2000 </PL> ;
Điều 1 .  Phạm_vi điều_chỉnh và đối_tượng áp_dụng 

1 . Nghị_định này quy_định về các hoạt_động phòng , chống lụt , bão , bao_gồm : lũ , ngập_lụt , nước biển dâng , bão , áp_thấp nhiệt_đới , lốc , sạt_lở đất do lụt , bão . 

2 . Nghị_định này áp_dụng đối_với tổ_chức , cá_nhân trong nước , tổ_chức , cá_nhân nước_ngoài hoạt_động và làm_việc ở Việt_Nam .  Trường_hợp Điều_ước quốc_tế mà Cộng_hòa xã_hội chủ_nghĩa Việt_Nam là thành_viên có quy_định khác thì áp_dụng theo quy_định của Điều_ước quốc_tế đó . 

Điều 2 .  Giải_thích từ_ngữ 

1 . Lụt là hiện_tượng nước ngập vượt quá mức bình_thường . 

2 . Lũ là hiện_tượng mực nước sông dâng cao trong khoảng thời_gian nhất_định , sau đó xuống . 

3 . Lũ_quét là lũ xảy ra ở miền núi khi có mưa với cường_độ lớn tạo dòng_chảy xiết , sức tàn_phá lớn và xảy ra bất_ngờ . 

4 . Áp_thấp nhiệt_đới là một xoáy thuận nhiệt_đới có sức_gió mạnh nhất từ cấp 6 đến cấp 7 và có_thể có gió giật . 

5 . Bão là một xoáy thuận nhiệt_đới có sức_gió mạnh nhất từ cấp 8 trở lên và có_thể có gió giật .  Bão_từ cấp 10 đến cấp 11 được gọi_là bão mạnh ;  từ cấp 12 trở lên được gọi_là bão rất mạnh . 

6 . Lốc là luồng gió xoáy có sức_gió mạnh tương_đương với sức_gió của bão nhưng được hình_thành và tan trong thời_gian ngắn với phạm_vi hoạt_động trong không_gian hẹp từ vài km2 đến vài chục km2 . 

7 . Nước dâng là hiện_tượng nước biển dâng cao hơn mực nước triều bình_thường do ảnh_hưởng của bão . 

8 . Sạt_lở đất là hiện_tượng mái đất bị mất ổn_định do mưa , lũ , bão hoặc sóng biển gây ra . 

9 . Công_trình phòng , chống lụt , bão là những công_trình : 

a ) Trực_tiếp chống lại , hạn_chế hoặc làm giảm nhẹ các tác_động của lụt , bão ; 

b ) Phục_vụ_việc dự_báo , cảnh_báo , chỉ_huy , chỉ_đạo công_tác phòng , chống lụt , bão . 

10 .  Công_trình có liên_quan đến công_trình phòng , chống lụt , bão , là công_trình chuyên_dùng được đặt trong phạm_vi bảo_vệ an_toàn cho công_trình phòng , chống lụt , bão mà mỗi sự_cố của công_trình chuyên_dùng làm ảnh_hưởng , gây mất an_toàn cho công_trình phòng , chống lụt , bão . 

Điều 3 . Chính_sách đầu_tư cho các hoạt_động dự_báo , phòng , chống và khắc_phục hậu_quả lụt , bão theo Điều 4 của <PL rel="DaC"> Pháp_lệnh Phòng , chống lụt , bão </PL>
1 . Nhà_nước ưu_tiên đầu_tư kinh_phí cho công_tác phòng , chống và khắc_phục hậu_quả lụt , bão . 

2 . Hàng năm , việc lập dự_toán chi cho công_tác phòng , chống lụt , bão của các Bộ , ngành , địa_phương được tổng_hợp cùng với việc lập dự_toán chi ngân_sách nhà_nước , gửi các cơ_quan : Kế_hoạch và Đầu_tư , Tài_chính để tổng_hợp , trình cấp có thẩm_quyền xem_xét , quyết_định theo quy_định của <L rel="DaC"> Luật Ngân_sách nhà_nước </L> và các văn_bản quy_phạm pháp_luật có liên_quan .
3 . Tổ_chức , cá_nhân trong và ngoài nước đầu_tư , áp_dụng các tiến_bộ khoa_học , công_nghệ phục_vụ_việc phòng , chống và khắc_phục hậu_quả lụt , bão được hưởng các chính_sách ưu_đãi theo quy_định của pháp_luật về đầu_tư của Việt_Nam . 

Điều 4 . Việc xây_dựng mới nhà_cửa , công_trình trên bãi sông theo Điều 12 của <PL rel="DaC"> Pháp_lệnh Phòng , chống lụt , bão </PL>
1 . Việc xây_dựng mới , nhà_cửa , công_trình trên bãi sông phải đảm_bảo đúng quy_định của pháp_luật , phù_hợp với quy_hoạch và đảm_bảo tiêu_chuẩn về phòng , chống lụt , bão . 

2 . Đối_với các sông chưa có đê : Ủy_ban nhân_dân tỉnh , thành_phố trực_thuộc Trung_ương ( sau đây gọi chung là Ủy_ban nhân_dân cấp tỉnh ) có biện_pháp ngăn_ngừa , xử_lý việc lấn sông , xây_dựng mới nhà_cửa , công_trình trên bờ sông , bãi sông để đảm_bảo an_toàn về tính_mạng của người dân và không làm ảnh_hưởng đến khả_năng thoát lũ của lòng dẫn . 

Đối_với những công_trình , nhà_cửa hiện có trên bờ sông , bãi sông , Ủy_ban nhân_dân cấp tỉnh chỉ_đạo lập quy_hoạch , kế_hoạch để chủ_động di_dời dân khỏi khu_vực sạt_lở hoặc có nguy_cơ sạt_lở .  Trong từng trường_hợp cụ_thể , các tỉnh có chính_sách bồi_thường thiệt_hại hoặc hỗ_trợ cho việc di_dời theo quy_định của pháp_luật . 

3 . Đối_với các sông đã có đê : nhà_cửa , công_trình xây_dựng mới hoặc hiện có ở bờ sông , bãi sông thực_hiện theo quy_định của pháp_luật về đê_điều . 

Điều 5 . Việc xây_dựng mới các loại kho chứa lương_thực , chất độc_hại , chất_nổ , nhiên_liệu , vật_tư thiết_yếu và tài_sản quan_trọng khác trong vùng phân lũ , vùng thường bị ngập_lụt theo Điều 13 của <PL rel="DaC"> Pháp_lệnh Phòng , chống lụt , bão </PL>
Ủy_ban nhân_dân cấp tỉnh cấp phép xây_dựng mới các kho chứa lương_thực , chất độc_hại , chất_nổ , nhiên_liệu , vật_tư thiết_yếu phục_vụ cho phòng , chống lụt , bão và tài_sản quan_trọng gồm các phương_tiện cứu_hộ và hộ_đê trên vùng bãi sông trong vùng phân lũ , vùng thường_xuyên bị ngập_lụt . 

Trường_hợp có liên_quan đến 2 tỉnh trở lên và vùng bãi thuộc sông có các tuyến đê từ cấp 3 đến cấp đặc_biệt thì khi cấp phép xây_dựng các công_trình trên phải có ý_kiến thỏa_thuận bằng văn_bản của Bộ Nông_nghiệp và Phát_triển nông_thôn . 

Điều 6 . Xử_lý việc tạo ra các vật làm cản hoặc các hoạt_động khác gây khó_khăn cho việc tiêu_thoát lũ theo Điều 14 của <PL rel="DaC"> Pháp_lệnh Phòng , chống lụt , bão </PL>
Nghiêm_cấm việc tạo ra các vật cản ở lòng_sông , bãi sông hoặc các hoạt_động khác làm cản_trở dòng_chảy , hạn_chế khả_năng thoát lũ .  Các tuyến đường , đê_bối trên bãi sông , suối không được đắp cao hơn mức báo_động số 2 và phải có cống với khẩu_độ đủ lớn để đảm_bảo thoát lũ . 

Điều 7 . Việc xây_dựng các trạm cứu_hộ , cứu nạn tầu , thuyền theo Điều 16 của <PL rel="DaC"> Pháp_lệnh Phòng , chống lụt , bão </PL>
1 . Các trạm cứu_hộ , cứu nạn tầu thuyền được xây_dựng tại các vùng_biển có tần_suất bão cao , vùng_biển thường_xuyên có nhiều tầu , thuyền hoạt_động để đảm_bảo thực_hiện có hiệu_quả công_tác cứu_hộ , cứu nạn khi có bão . 

2 . Bộ Giao_thông vận_tải chủ_trì , phối_hợp với Ủy_ban Quốc_gia Tìm_kiếm Cứu nạn , Bộ Quốc_phòng , Bộ Thủy_sản và các cơ_quan liên_quan trên cơ_sở quy_hoạch tổng_thể lĩnh_vực tìm_kiếm cứu nạn được cấp có thẩm_quyền phê_duyệt , xác_định cụ_thể số_lượng , địa_điểm xây_dựng và quy_chế hoạt_động các trạm cứu_hộ , cứu nạn tầu , thuyền , trình Thủ_tướng Chính_phủ . 

Điều 8 . Việc phân lũ , chậm lũ theo Điều 22 của <PL rel="DaC"> Pháp_lệnh Phòng , chống lụt , bão </PL>
1 . Việc phân lũ , chậm lũ hệ_thống sông Hồng thực_hiện theo Quy_chế về phân lũ , chậm lũ thuộc hệ_thống sông Hồng để bảo_vệ an_toàn cho Thủ_đô Hà_Nội ban_hành kèm theo <NĐ rel="DaC"> Nghị_định số 62/1999/NĐ-CP ngày 31 tháng 07 năm 1999 </NĐ> của Chính_phủ .
2 . Việc phân lũ , chậm lũ trên các hệ_thống sông khác : Chủ_tịch Ủy_ban nhân_dân cấp tỉnh quyết_định tình_huống khẩn_cấp và chủ_động xây_dựng phương_án phân lũ , chậm lũ , đảm_bảo an_toàn cho địa_phương mình . 

Điều 9 . Việc khắc_phục hậu_quả lụt , bão theo Điều 26 của <PL rel="DaC"> Pháp_lệnh Phòng , chống lụt , bão </PL>
1 . Khi lụt , bão xảy ra thì Ủy_ban nhân_dân cấp tỉnh có trách_nhiệm chỉ_đạo , phối_hợp với các cấp , các ngành và lực_lượng vũ_trang tổ_chức cứu_hộ , cứu nạn người , tài_sản và công_trình ; thực_hiện việc tìm_kiếm cứu nạn kịp_thời ; chủ_động có các biện_pháp khắc_phục hậu_quả do lụt , bão gây ra nhằm sớm ổn_định đời_sống và sản_xuất của nhân_dân vùng bị thiên_tai ; tổ_chức việc thống_kê và đánh_giá thiệt_hại do lụt , bão gây ra theo quy_định của <L rel="DaC"> Luật Thống_kê </L> .
Ủy_ban nhân_dân các cấp chịu trách_nhiệm chỉ_đạo khắc_phục hậu_quả lụt , bão ở địa_phương mình .  Trường_hợp vượt quá khả_năng xử_lý của địa_phương thì Chủ_tịch Ủy_ban nhân_dân cấp tỉnh phải báo_cáo kịp_thời lên Thủ_tướng Chính_phủ , Ban Chỉ_đạo phòng , chống lụt , bão Trung_ương và Ủy_ban Quốc_gia Tìm_kiếm Cứu nạn để chỉ_đạo , quyết_định các biện_pháp xử_lý cần_thiết . 

2 . Các Bộ , ngành Trung_ương trong phạm_vi quyền_hạn , nhiệm_vụ được giao có trách_nhiệm chỉ_đạo các cơ_quan_chức_năng của Bộ , ngành mình và phối_hợp với các Bộ , ngành , địa_phương liên_quan có các biện_pháp khắc_phục hậu_quả lụt , bão kịp_thời và hiệu_quả . 

Điều 10 . Trách_nhiệm của Ủy_ban nhân_dân cấp tỉnh theo Điều 32 và Điều 33 của <PL rel="DaC"> Pháp_lệnh Phòng , chống lụt , bão </PL>
1 . Ủy_ban nhân_dân cấp tỉnh có trách_nhiệm : 

a ) Ban_hành và tổ_chức thực_hiện các văn_bản quy_phạm pháp_luật theo thẩm_quyền về phòng , chống lụt , bão và khắc_phục hậu_quả ; 

b ) Lập quy_hoạch , kế_hoạch phòng , chống lụt , bão ;  thu_thập và xử_lý thông_tin có liên_quan đến lụt , bão ; 

c ) Bố_trí trong dự_toán ngân_sách địa_phương theo quy_định của <L rel="DaC"> Luật Ngân_sách nhà_nước </L> để chi cho việc lập quy_hoạch , xây_dựng , sửa_chữa hệ_thống đê , công_trình phòng , chống lụt , bão do tỉnh quản_lý , khắc_phục hậu_quả lụt , bão ở địa_phương . Quản_lý nguồn tài_chính về phòng , chống lụt , bão theo quy_định hiện_hành ;
d ) Trước mùa lụt , bão , phải củng_cố , kiện_toàn tổ_chức Ban Chỉ_huy phòng_chống lụt , bão các cấp ( tỉnh , huyện , xã ) , cơ_quan trực_thuộc ; 

đ ) Phân_công trách_nhiệm , phân_cấp quản_lý nhà_nước về công_tác phòng , chống lụt , bão cho cấp huyện , xã ;  xây_dựng quy_hoạch cụ_thể và đảm_bảo kinh_phí cho các nhiệm_vụ theo phân_cấp ; 

e ) Tổ_chức việc nghiên_cứu ứng_dụng tiến_bộ khoa_học , công_nghệ trong việc phòng , chống lụt , bão ;  tuyên_truyền phổ_biến kiến_thức , kinh_nghiệm và tổ_chức thanh_tra , kiểm_tra việc chấp_hành pháp_luật về phòng , chống và khắc_phục hậu_quả lụt , bão . 

2 . Đối_với các tỉnh thuộc đồng_bằng , trung_du Bắc_Bộ ;  Bắc_Trung_Bộ : 

a ) Hàng năm , trước mùa mưa_lũ phải hoàn_thành kế_hoạch tu_bổ đê ;  kiểm_tra , đánh_giá chất_lượng từng tuyến đê , xử_lý kịp_thời các sự_cố , hư_hỏng của đê , kè , cống ;  xây_dựng phương_án hộ_đê và cứu hộ_đê cho từng tuyến , từng trọng_điểm ; 

b ) Có kế_hoạch , phương_án di_dời , bảo_vệ nhân_dân trong vùng bãi sông , vùng có đê_bối khi có lũ lớn ; 

c ) Chuẩn_bị đủ lực_lượng , phương_tiện , vật_tư dự_phòng để sẵn_sàng đối_phó với lũ lớn .  Kiểm_kê , đánh_giá quỹ vật_tư dự_trữ phòng , chống lụt , bão theo quy_định . 

3 . Đối_với các tỉnh ven biển Trung_Bộ : 

a ) Hàng năm , phải xây_dựng kế_hoạch , phương_án đối_phó với lũ , bão ;  đặc_biệt với tình_huống bất_lợi nhất khi có lũ , bão , áp_thấp nhiệt_đới và triều_cường cùng xảy ra ; 

b ) Phải có phương_án di_dời dân vùng trũng , vùng cửa_sông , đầm_phá , ven biển , các vùng bị sạt_lở hoặc có nguy_cơ sạt_lở đến nơi an_toàn ;  có biện_pháp chủ_động phòng , tránh để giảm nhẹ thiệt_hại , từng bước thích_nghi , ổn_định và phát_triển bền_vững trong điều_kiện thiên_tai thường_xuyên xảy ra . 

4 . Đối_với các tỉnh bị ngập lũ vùng đồng_bằng sông Cửu_Long : 

a ) Hàng năm phải xây_dựng kế_hoạch , phương_án và biện_pháp đối_phó với lũ lớn và kéo_dài trong nhiều ngày ;  có kế_hoạch đối_phó với bão , áp_thấp nhiệt_đới và lốc ; 

b ) Chỉ_đạo xây_dựng các cụm , tuyến dân_cư vượt lũ , đảm_bảo phát_triển bền_vững , ổn_định lâu_dài .  Bảo_vệ sản_xuất và các công_trình cơ_sở hạ_tầng , đảm_bảo các hoạt_động bình_thường cho nhân_dân trong mùa lũ , nhất là ở vùng ngập sâu . 

5 . Đối_với các tỉnh miền núi , trung_du , vùng có nguy_cơ xảy ra lũ_quét , sạt_lở đất , Ủy_ban nhân_dân các cấp phải chỉ_đạo các ngành chuyên_môn thực_hiện công_tác cảnh_báo để có phương_án chủ_động đối_phó , di_dời người và tài_sản đến nơi an_toàn . 

6 . Các tỉnh có hồ chứa_nước phải chỉ_đạo công_tác kiểm_tra thường_xuyên , phát_hiện sớm các sự_cố , hư_hỏng để có biện_pháp sửa_chữa kịp_thời trước mùa lũ , bão ;  có phương_án đảm_bảo an_toàn cho công_trình và dân_cư ở vùng hạ_lưu . 

7 . Các địa_phương vùng thường_xuyên bị bão , áp_thấp nhiệt_đới , lũ_lụt : 

a ) Theo_dõi chặt_chẽ tình_hình diễn_biến của lũ , bão , thiên_tai ;  chủ_động tổ_chức tốt việc phòng_tránh , đồng_thời xây_dựng các phương_án cứu_hộ , cứu nạn trước khi thiên_tai xảy ra ;  có biện_pháp bảo_vệ nhà_cửa , trường_học , cơ_sở khám , chữa bệnh , các khu du_lịch , kho_tàng và các cơ_sở kinh_tế , xã_hội nhằm hạn_chế thiệt_hại do_bão , lũ gây ra ; 

b ) Có kế_hoạch di_dời , bảo_vệ dân ở những khu_vực ven sông , ven biển , vùng đầm_phá , vùng thường bị ngập sâu , vùng sạt_lở hoặc có nguy_cơ sạt_lở nguy_hiểm đến nơi an_toàn ;  có biện_pháp đảm_bảo an_toàn cho tầu , thuyền khi có bão và áp_thấp nhiệt_đới đang hoạt_động .  Có quy_hoạch , kế_hoạch xây_dựng nhà ở với kết_cấu phù_hợp cho việc phòng , tránh lũ , bão ;  chuyển_đổi cơ_cấu cây_trồng , mùa_vụ để hạn_chế thiệt_hại ; 

c ) Ủy_ban nhân_dân cấp tỉnh chỉ_đạo các ngành , các cấp chủ_động dự_trữ các mặt_hàng thiết_yếu như : lương_thực , chất_đốt , thuốc phòng và chữa bệnh .  . . đến từng gia_đình , từng thôn , xã , huyện ; 

d ) Tổ_chức tập_huấn , diễn_tập cho các lực_lượng trực_tiếp làm công_tác phòng , chống lụt , bão , cứu_hộ , cứu nạn ;  chủ_động xây_dựng phương_án đối_phó , huy_động mọi nguồn_lực trên địa_bàn theo phương_châm " 4 tại_chỗ : chỉ_huy tại_chỗ , lực_lượng tại_chỗ , vật_tư tại_chỗ và hậu_cần tại_chỗ " để đối_phó và khắc_phục hậu_quả của lụt , bão . 

Điều 11 . Trách_nhiệm của các Bộ , ngành , cơ_quan Trung_ương theo Điều 32 và Điều 33 của <PL rel="DaC"> Pháp_lệnh Phòng , chống lụt , bão </PL>
1 . Ban Chỉ_đạo phòng , chống lụt , bão Trung_ương có trách_nhiệm : 

a ) Quyết_định cảnh_báo và các biện_pháp đối_phó với lũ , bão ; 

b ) Kiểm_tra , đôn_đốc các Bộ , ngành , địa_phương thực_hiện công_tác phòng , chống và khắc_phục hậu_quả do lụt , bão gây ra ; 

c ) Chỉ_đạo điều_hành các hồ chứa trong việc tham_gia cắt lũ theo quy_trình vận_hành của công_trình ; 

d ) Tổng_hợp tình_hình , đề_xuất với Chính_phủ , Thủ_tướng Chính_phủ quyết_định các biện_pháp phòng , chống và khắc_phục hậu_quả lụt , bão trong phạm_vi cả nước . 

2 . Bộ Nông_nghiệp và Phát_triển nông_thôn có trách_nhiệm : 

a ) Chủ_trì , phối_hợp với các Bộ , ngành , địa_phương giúp Chính_phủ thực_hiện quản_lý nhà_nước về công_tác quy_hoạch , kế_hoạch phòng , chống lụt , bão theo quy_định tại Điều 32 của <PL rel="DaC"> Pháp_lệnh Phòng , chống lụt , bão </PL> ;
b ) Lập quy_hoạch , kế_hoạch về phòng , chống lụt , bão và chỉ_đạo thực_hiện công_tác phòng , chống , khắc_phục hậu_quả lụt , bão trong phạm_vi do Bộ quản_lý ; 

c ) Ban_hành và chỉ_đạo thực_hiện các văn_bản quy_phạm pháp_luật theo thẩm_quyền trong công_tác hộ_đê và phòng , chống lụt , bão ; 

d ) Chỉ_đạo , phối_hợp với các địa_phương trong việc bố_trí cơ_cấu sản_xuất , mùa_vụ , bảo_vệ sản_xuất ở các vùng thường_xuyên bị lũ , bão ;  tổ_chức bảo_vệ , phục_hồi rừng phòng_hộ đầu nguồn các sông , suối , hồ chứa_nước , những vùng thường xảy ra lũ_quét và rừng phòng_hộ vùng cửa_sông , ven biển ; 

đ ) Chỉ_đạo , kiểm_tra , đôn_đốc các địa_phương hoàn_thành kế_hoạch tu_bổ đê_điều hàng năm ;  xây_dựng các công_trình thủy_lợi theo tiến_độ vượt lũ ;  có phương_án bảo_vệ an_toàn cho các hồ , đập và các công_trình do Bộ quản_lý ; 

e ) Tổ_chức việc thu_thập , xử_lý thông_tin , nghiên_cứu và ứng_dụng tiến_bộ khoa_học , công_nghệ trong việc phòng , chống lụt , bão ;  bồi_dưỡng nghiệp_vụ cho người làm công_tác phòng , chống lụt , bão . 

g ) Phối_hợp cùng với các Bộ , ngành , địa_phương : 

- Tăng_cường công_tác tuyên_truyền , phổ_biến kiến_thức , kinh_nghiệm và pháp_luật về phòng , chống lụt , bão ; 

- Kiểm_tra , thanh_tra việc chấp_hành pháp_luật ;  giải_quyết khiếu_nại , tố_cáo về phòng , chống và khắc_phục hậu_quả lụt , bão ; 

- Chỉ_đạo việc thực_hiện quan_hệ quốc_tế trong lĩnh_vực phòng , chống lụt , bão . 

3 . Ủy_ban Quốc_gia Tìm_kiếm Cứu nạn chủ_trì , phối_hợp với Ban Chỉ_đạo phòng_chống lụt , bão Trung_ương , các Bộ , ngành , địa_phương liên_quan xây_dựng kế_hoạch , phương_án chuẩn_bị lực_lượng , phương_tiện và tổ_chức thực_hiện việc tìm_kiếm , cứu nạn kịp_thời , có hiệu_quả . 

4 . Bộ Tài_nguyên và Môi_trường có trách_nhiệm : 

a ) Lập quy_hoạch , kế_hoạch và chỉ_đạo thực_hiện việc cảnh_báo , dự_báo khí_tượng thủy_văn ; 

b ) Ban_hành và chỉ_đạo thực_hiện các văn_bản quy_phạm pháp_luật theo thẩm_quyền về công_tác dự_báo , cảnh_báo phục_vụ phòng , chống và khắc_phục hậu_quả lụt , bão ; 

c ) Tổ_chức việc thu_thập và xử_lý thông_tin , thực_hiện cảnh_báo , dự_báo , cung_cấp kịp_thời tin chính_thức về áp_thấp nhiệt_đới , bão , lũ trên các sông chính trong cả nước và cảnh_báo về lũ_quét cho Ban Chỉ_đạo phòng , chống lụt , bão Trung_ương và các Bộ , ngành , các địa_phương liên_quan , các phương_tiện thông_tin đại_chúng theo quy_định hiện_hành ; 

d ) Quản_lý các nguồn tài_chính sử_dụng cho cảnh_báo , dự_báo khí_tượng thủy_văn phục_vụ phòng , chống lụt , bão ; 

đ ) Tổ_chức nghiên_cứu và ứng_dụng tiến_bộ khoa_học , công_nghệ và quan_hệ quốc_tế trong việc cảnh_báo , dự_báo , phòng , chống và khắc_phục hậu_quả lụt , bão .  Bồi_dưỡng nghiệp_vụ cho người làm công_tác cảnh_báo , dự_báo ;  tuyên_truyền , phổ_biến kiến_thức , kinh_nghiệm và pháp_luật về dự_báo , cảnh_báo phòng , chống lụt , bão ; 

e ) Phối_hợp với các Bộ , ngành , địa_phương kiểm_tra , thanh_tra việc chấp_hành pháp_luật , giải_quyết khiếu_nại , tố_cáo về cảnh_báo , dự_báo lụt , bão . 

5 . Bộ Quốc_phòng có trách_nhiệm : 

a ) Lập quy_hoạch , kế_hoạch và chỉ_đạo thực_hiện nhiệm_vụ của quân_đội trong việc phòng , chống và khắc_phục hậu_quả lụt , bão .  Ban_hành và chỉ_đạo thực_hiện các văn_bản quy_phạm pháp_luật về phối_hợp lực_lượng quân_đội trong phòng , chống và khắc_phục hậu_quả lụt , bão ; 

b ) Lập phương_án bố_trí lực_lượng , phương_tiện sẵn_sàng tham_gia hộ_đê , hộ đập , phân lũ , chậm lũ .  Tổ_chức thu_thập thông_tin có liên_quan đến lụt , bão , chỉ_đạo thực_hiện ứng_cứu và xử_lý các tình_huống khẩn_cấp và khắc_phục hậu_quả lũ , bão , đảm_bảo quân_đội là lực_lượng chủ_lực trong công_tác này . 

6 . Bộ Công_an có trách_nhiệm lập kế_hoạch và phương_án đảm_bảo_an_ninh , trật_tự an_toàn xã_hội khi có lụt , bão xảy ra , phối_hợp với lực_lượng quân_đội , các ngành , địa_phương tham_gia cứu_hộ , cứu nạn và khắc_phục hậu_quả do thiên_tai gây ra . 

7 . Bộ Bưu_chính , Viễn_thông có trách_nhiệm lập quy_hoạch , kế_hoạch và chỉ_đạo thực_hiện việc đảm_bảo cho mạng thông_tin phòng , chống lụt , bão thông_suốt trong mọi tình_huống , đặc_biệt khi lũ , bão đang xảy ra . 

8 . Bộ Thủy_sản có trách_nhiệm : 

a ) Lập kế_hoạch , quy_hoạch và chỉ_đạo thực_hiện việc đảm_bảo an_toàn cho người và phương_tiện nghề cá hoạt_động trên biển , trên sông và điểm tránh , trú bão ;  bảo_vệ sản_xuất và các công_trình nuôi_trồng thủy_sản ;  phát_triển nuôi_trồng thủy_sản vùng_ven biển , vùng cửa_sông phù_hợp với tình_hình lũ , bão để hạn_chế thiệt_hại ; 

b ) Ban_hành và chỉ_đạo thực_hiện các văn_bản quy_phạm pháp_luật về phòng , chống và khắc_phục hậu_quả lụt , bão với nghề cá , nuôi_trồng thủy_sản .  Tổ_chức tuyên_truyền , phổ_biến kiến_thức , kinh_nghiệm phòng_tránh bão cho ngư_dân ; 

c ) Phối_hợp với các Bộ , ngành liên_quan và địa_phương trong chỉ_đạo phòng , chống lụt , bão ;  áp_dụng tiến_bộ khoa_học công_nghệ ;  thực_hiện quan_hệ quốc_tế ;  kiểm_tra , thanh_tra việc chấp_hành luật_pháp về phòng , chống và khắc_phục hậu_quả lụt , bão trong lĩnh_vực thủy_sản . 

9 . Bộ Giao_thông vận_tải có trách_nhiệm : 

a ) Lập quy_hoạch , kế_hoạch và chỉ_đạo thực_hiện về phát_triển giao_thông vận_tải phù_hợp với quy_hoạch , kế_hoạch phòng , chống lụt , bão và thoát lũ ; 

b ) Hàng năm , chuẩn_bị lực_lượng , phương tiên , vật_tư tổ_chức thu_thập , xử_lý thông_tin về cảnh_báo , dự_báo liên_quan đến lụt , bão để chỉ_đạo đảm_bảo an_toàn cho vận_tải trên biển , trên sông , đường_sắt , đường_bộ trong mùa mưa_bão ;  ứng_cứu và thay_thế khi cầu , đường , bến cảng có sự_cố hư_hỏng , bị ngập để đảm_bảo thông_suốt cho các tuyến giao_thông chính , quan_trọng ;  chuẩn_bị lực_lượng , vật_tư , phương_tiện để tham_gia xử_lý khi xảy ra các sự_cố lớn của đê_điều , hồ đập và phân lũ , chậm lũ ; 

c ) Ban_hành và chỉ_đạo , thanh_tra , kiểm_tra việc thực_hiện các văn_bản quy_phạm pháp_luật về phòng , chống và khắc_phục hậu_quả lụt , bão ;  áp_dụng khoa_học công_nghệ ;  thực_hiện quan_hệ quốc_tế trong phòng , chống và khắc_phục hậu_quả lụt , bão trong lĩnh_vực giao_thông vận_tải . 

10 .  Bộ_Công_nghiệp có trách_nhiệm : 

a ) Ban_hành và chỉ_đạo thực_hiện các văn_bản quy_phạm pháp_luật theo thẩm_quyền về phòng , chống lụt , bão đảm_bảo an_toàn tuyệt_đối cho các công_trình hồ chứa do Bộ quản_lý ; 

b ) Lập kế_hoạch , quy_hoạch về phòng , chống lụt , bão ;  chỉ_đạo thực_hiện việc đảm_bảo an_toàn các khu_vực khai_thác khoáng_sản , an_toàn về nguồn điện và đường_dây tải_điện và các cơ_sở công_nghiệp do ngành quản_lý . 

11 .  Bộ Xây_dựng có trách_nhiệm : 

a ) Ban_hành và tổ_chức thực_hiện các văn_bản quy_phạm pháp_luật theo thẩm_quyền về đảm_bảo an_toàn cho người , công_trình xây_dựng phù_hợp với pháp_luật về phòng , chống lụt , bão ;  chủ_trì , phối_hợp và hướng_dẫn các địa_phương thực_hiện quy_hoạch xây_dựng , đảm_bảo an_toàn công_trình trong mùa mưa bão ; 

b ) Tổ_chức nghiên_cứu , ban_hành thiết_kế điển_hình ( mẫu nhà , công_trình ) có kết_cấu phù_hợp với đặc_điểm lũ , bão ở từng vùng , địa_phương ;  chỉ_đạo , thanh_tra , kiểm_tra các công_trình xây_dựng theo quy_định . 

12 .  Tổng_cục Du_lịch có trách_nhiệm chủ_trì , phối_hợp với các địa_phương thực_hiện chỉ_đạo công_tác quy_hoạch , kế_hoạch xây_dựng và tổ_chức quản_lý các khu du_lịch phù_hợp với đặc_điểm lũ , bão ở từng vùng , địa_phương để đảm_bảo an_toàn cho người và cơ_sở vật_chất của ngành . 

13 .  Bộ Tài_chính có trách_nhiệm : 

a ) Tổng_hợp và bố_trí dự_toán ngân_sách theo quy_định của <L rel="DaC"> Luật Ngân_sách nhà_nước </L> để chi cho nhiệm_vụ quy_hoạch , xây_dựng , sửa_chữa , tu_bổ đê_điều và công_trình phòng , chống lụt , bão do Trung_ương quản_lý ; trang_bị kỹ_thuật cho dự_báo , cảnh_báo và chỉ_huy phòng , chống lụt , bão , tìm_kiếm cứu nạn ;
b ) Ban_hành các văn_bản quy_phạm pháp_luật về quản_lý , sử_dụng các nguồn kinh_phí về phòng , chống lụt , bão và khắc_phục hậu_quả lụt , bão ;  thanh_tra , kiểm_tra việc thực_hiện . 

14 .  Bộ Kế_hoạch và Đầu_tư có trách_nhiệm : 

a ) Ưu_tiên cân_đối , bố_trí vốn cho các công_trình đê_điều , phòng , chống lụt_bão , hộ_đê , tìm_kiếm cứu nạn và công_tác phòng , chống lụt , bão và giảm nhẹ thiên_tai ; 

b ) Ban_hành và tổ_chức thực_hiện các văn_bản quy_phạm pháp_luật về quản_lý các nguồn kinh_phí đầu_tư cho công_tác phòng , chống lụt , bão và khắc_phục hậu_quả ;  tổ_chức thanh_tra , kiểm_tra việc thực_hiện . 

15 .  Bộ Thương_mại có trách_nhiệm chủ_trì , phối_hợp với Ủy_ban nhân_dân cấp tỉnh , trước mùa lũ , bão hàng năm có kế_hoạch chuẩn_bị các mặt_hàng thiết_yếu cung_ứng cho nhân_dân , nhất là ở các vùng_sâu , vùng_xa , vùng thường_xuyên bị ngập sâu và kéo_dài ;  phối_hợp với chính_quyền địa_phương các cấp thực_hiện tốt việc dự_phòng tại_chỗ . 

16 .  Bộ Giáo_dục và Đào_tạo có trách_nhiệm : 

a ) Biên_soạn và đưa vào chương_trình giảng_dạy trong nhà_trường những kiến_thức phổ_thông về phòng , chống lụt , bão và giảm nhẹ thiên_tai ; 

b ) Chỉ_đạo lập quy_hoạch xây_dựng các cơ_sở đào_tạo phù_hợp với đặc_điểm lũ , bão của từng vùng , địa_phương để bảo_đảm an_toàn cho học_sinh và tránh bị ảnh_hưởng do lụt , bão . 

17 .  Bộ Y_tế có trách_nhiệm dự_trù thuốc , phương_tiện y_tế , hướng_dẫn cho cán_bộ y_tế và cộng_đồng biết các kỹ_thuật cấp_cứu thông_thường , cách làm vệ_sinh môi_trường , tổ_chức cấp_cứu nạn_nhân , phòng , chống bệnh_dịch trước , trong và sau khi lũ , bão xảy ra . 

18 .  Bộ Lao_động-Thương_binh và Xã_hội có trách_nhiệm : 

a ) Theo_dõi chặt_chẽ tình_hình diễn_biến lũ , bão , thiên_tai ;  tổng_hợp tình_hình thiệt_hại về dân_sinh , đề_xuất biện_pháp hỗ_trợ tài_chính và vật_chất cho các địa_phương để sớm khắc_phục hậu_quả , trình Thủ_tướng Chính_phủ quyết_định ; 

b ) Ban_hành và tổ_chức thực_hiện các chính_sách cứu_trợ xã_hội trong việc khắc_phục hậu_quả bão , lũ , thiên_tai ;  hướng_dẫn và kiểm_tra việc thực_hiện cứu_trợ ở các địa_phương . 

19 .  Bộ Văn_hóa-Thông_tin , Đài_Truyền_hình Việt_Nam , Đài Tiếng_nói Việt_Nam , Thông_tấn_xã Việt_Nam và các cơ_quan thông_tin , báo_chí ở Trung_ương và địa_phương có trách_nhiệm : 

a ) Tăng_cường công_tác truyền tin , thông_báo chính_xác , kịp_thời các tin dự_báo , cảnh_báo về thời_tiết , lũ , bão , thiên_tai ;  các chủ_trương , mệnh_lệnh , chỉ_thị về việc phòng , chống và khắc_phục hậu_quả lũ , bão và các kinh_nghiệm , các điển_hình trong công_tác phòng , chống và khắc_phục hậu_quả lụt , bão ; 

b ) Phối_hợp với các cơ_quan chuyên_môn xây_dựng chương_trình , kế_hoạch thường_xuyên tuyên_truyền , giáo_dục nâng cao nhận_thức của cộng_đồng dân_cư về công_tác phòng , tránh và khắc_phục hậu_quả lũ , bão , thiên_tai . 

20 .  Các Bộ , ngành khác theo chức_năng , nhiệm_vụ được giao có trách_nhiệm xây_dựng kế_hoạch hàng năm và tổ_chức thực_hiện tốt nhiệm_vụ phòng , chống lụt , bão và khắc_phục hậu_quả của Bộ , ngành mình .  Đồng_thời phải chuẩn_bị sẵn_sàng lực_lượng , phương_tiện , vật_tư và kinh_phí cần_thiết theo quy_định để chủ_động tham_gia_công_tác phòng , chống và khắc_phục hậu_quả lụt , bão , thiên_tai theo sự chỉ_đạo của Thủ_tướng Chính_phủ và Ban Chỉ_đạo phòng , chống lụt , bão Trung_ương . 

Điều 12 .  Hiệu_lực thi_hành 

Nghị_định này có hiệu_lực sau 15 ngày , kể từ ngày đăng Công_báo và thay_thế <NĐ rel="BTT"> Nghị_định số 32/CP ngày 20 tháng 05 năm 1996 </NĐ> của Chính_phủ quy_định chi_tiết thi_hành <PL rel="none"> Pháp_lệnh Phòng , chống lụt , bão </PL> . Những quy_định trước_đây trái với quy_định của Nghị_định này đều bãi_bỏ .
Điều 13 .  Trách_nhiệm thi_hành 

Bộ_trưởng Bộ Nông_nghiệp và Phát_triển nông_thôn chủ_trì , phối_hợp với Trưởng_Ban Chỉ_đạo phòng , chống lụt , bão Trung_ương chịu trách_nhiệm hướng_dẫn và tổ_chức thi_hành Nghị_định này . 

Các Bộ_trưởng , Thủ_trưởng cơ_quan ngang Bộ , Thủ_trưởng cơ_quan thuộc Chính_phủ , Chủ_tịch Ủy_ban nhân_dân các tỉnh , thành_phố trực_thuộc Trung_ương chịu trách_nhiệm thi_hành Nghị_định này ./. 