Nghị định Về sản xuất và cung ứng sản phẩm, dịch vụ công ích

Căn_cứ <L rel="CC"> Luật Tổ_chức Chính_phủ ngày 25 tháng 12 năm 2001 </L> ;
Căn_cứ <L rel="CC"> Luật_Doanh_nghiệp ngày 29 tháng 11 năm 2005 </L> ;
Căn_cứ <L rel="CC"> Luật Hợp_tác_xã ngày 20 tháng 11 năm 2012 </L> ;
Căn_cứ <L rel="CC"> Luật_Đấu_thầu ngày 29 tháng 11 năm 2005 </L> và <L rel="CC"> Luật sửa_đổi , bổ_sung một_số điều của các luật liên_quan đến đầu_tư xây_dựng cơ_bản ngày 19 tháng 6 năm 2009 </L> ;
Căn_cứ đặc_điểm của các sản_phẩm , dịch_vụ công_ích đặt_hàng , cơ_quan đặt_hàng ký_kết_hợp_đồng với nhà sản_xuất và cung_ứng sản_phẩm , dịch_vụ công_ích nhận đặt_hàng theo các chỉ_tiêu chủ_yếu sau : 

Căn_cứ đặc_điểm của các sản_phẩm , dịch_vụ công_ích , cơ_quan giao kế_hoạch quyết_định giao cho công_ty trách_nhiệm hữu_hạn một thành_viên đo Nhà_nước làm chủ sở_hữu thực_hiện nhiệm_vụ công_ích theo các chỉ_tiêu chủ_yếu sau : 

Điều 1 .  Phạm_vi điều_chỉnh 

1 . Nghị_định này quy_định về : 

a ) Tiêu_chí , danh_mục sản_phẩm , dịch_vụ công_ích ; 

b ) Phương_thức cung_ứng sản_phẩm , dịch_vụ công_ích ; 

c ) Việc sản_xuất và cung_ứng sản_phẩm , dịch_vụ công_ích . 

2 . Trường_hợp văn_bản pháp_luật chuyên_ngành có quy_định riêng về việc sản_xuất và cung_ứng sản_phẩm , dịch_vụ công_ích , khác với quy_định tại Nghị_định này thì áp_dụng quy_định tại văn_bản pháp_luật chuyên_ngành đó . 

Điều 2 .  Đối_tượng áp_dụng 

Nghị_định này áp_dụng đối_với doanh_nghiệp thuộc mọi thành_phần kinh_tế , hợp_tác_xã đăng_ký kinh_doanh theo quy_định của pháp_luật , tổ_chức , cá_nhân đăng_ký hoạt_động hợp_pháp có sản_xuất và cung_ứng sản_phẩm , dịch_vụ công_ích ( sau đây gọi chung là nhà sản_xuất và cung_ứng sản_phẩm , dịch_vụ công_ích hoặc là nhà_thầu trong trường_hợp tham_gia đấu_thầu thực_hiện sản_xuất và cung_ứng sản_phẩm , dịch_vụ công_ích theo quy_định của pháp_luật về đấu_thầu ) ;  các cơ_quan , tổ_chức có liên_quan đến việc tổ_chức thực_hiện và cung_ứng sản_phẩm , dịch_vụ công_ích . 

Điều 3 .  Giải_thích từ_ngữ 

1 . Sản_phẩm , dịch_vụ công_ích được xác_định là sản_phẩm , dịch_vụ khi đồng_thời đáp_ứng các tiêu_chí sau đây : 

a ) Là sản_phẩm , dịch_vụ thiết_yếu đối_với đời_sống kinh_tế-xã_hội của đất_nước , cộng_đồng dân_cư của một khu_vực lãnh_thổ mà Nhà_nước cần bảo_đảm vì lợi_ích chung hoặc bảo_đảm quốc_phòng , an_ninh ; 

b ) Việc sản_xuất và cung_ứng sản_phẩm , dịch_vụ này theo cơ_chế thị_trường khó có khả_năng bù_đắp chi_phí ; 

c ) Được cơ_quan , tổ_chức có thẩm_quyền đặt_hàng , giao kế_hoạch , tổ_chức đấu_thầu theo giá hoặc phí do Nhà_nước quy_định . 

2 . Trợ_giá sản_phẩm , dịch_vụ công_ích là khoản hỗ_trợ tài_chính của ngân_sách nhà_nước theo mức cố_định_tính trên từng đơn_vị sản_phẩm , dịch_vụ công_ích cho nhà sản_xuất và cung_ứng sản_phẩm , dịch_vụ công_ích để sản_xuất và cung_ứng sản_phẩm , dịch_vụ công_ích do Nhà_nước đặt_hàng . 

3 . Mức trợ_giá sản_phẩm , dịch_vụ công_ích là phần chênh_lệch giữa giá tiêu_thụ theo quy_định của Nhà_nước với chi_phí hợp_lý của nhà sản_xuất và cung_ứng sản_phẩm , dịch_vụ công_ích để sản_xuất và cung_ứng sản_phẩm , dịch_vụ công_ích do Nhà_nước đặt_hàng . 

4 . Trợ_cấp sản_xuất và cung_ứng sản_phẩm , dịch_vụ công_ích là khoản hỗ_trợ tài_chính của ngân_sách nhà_nước cho nhà sản_xuất và cung_ứng sản_phẩm , dịch_vụ công_ích để sản_xuất và cung_ứng sản_phẩm , dịch_vụ công_ích do Nhà_nước giao kế_hoạch . 

5 . Mức trợ_cấp sản_xuất và cung_ứng sản_phẩm , dịch_vụ công_ích là phần chênh_lệch giữa số tiền do người được hưởng sản_phẩm , dịch_vụ công_ích thanh_toán theo quy_định của Nhà_nước với chi_phí hợp_lý của nhà sản_xuất và cung_ứng sản_phẩm , dịch_vụ công_ích để sản_xuất và cung_ứng sản_phẩm , dịch_vụ công_ích do Nhà_nước giao kế_hoạch . 

6 . Chi_phí hợp_lý của nhà sản_xuất và cung_ứng sản_phẩm , dịch_vụ công_ích là các khoản chi_phí thực_tế phát_sinh liên_quan đến hoạt_động_sản_xuất và cung_ứng sản_phẩm , dịch_vụ công_ích phù_hợp theo quy_định tại <L rel="DaC"> Luật Thuế_thu_nhập doanh_nghiệp </L> và các văn_bản pháp_luật có liên_quan .
7 . Người có thẩm_quyền là người đứng đầu ( hoặc người được ủy quyền ) cơ_quan , tổ_chức có thẩm_quyền quyết_định phương_thức cung_ứng sản_phẩm , dịch_vụ công_ích . 

8 . Bên mời_thầu , cơ_quan đặt_hàng , cơ_quan giao kế_hoạch là đơn_vị trực_thuộc cơ_quan , tổ_chức có thẩm_quyền quyết_định phương_thức cung_ứng sản_phẩm , dịch_vụ công_ích và được giao nhiệm_vụ tổ_chức đấu_thầu , đặt_hàng , giao kế_hoạch theo quy_định tại Nghị_định này . 

Điều 4 .  Danh_mục sản_phẩm , dịch_vụ công_ích 

1 . Danh_mục sản_phẩm , dịch_vụ công_ích quy_định tại Phụ_lục ban_hành kèm theo Nghị_định này . 

2 . Trong từng thời_kỳ , Bộ Kế_hoạch và Đầu_tư chủ_trì , phối_hợp với các cơ_quan có liên_quan trình Thủ_tướng Chính_phủ quyết_định việc sửa_đổi , bổ_sung Danh_mục sản_phẩm , dịch_vụ công_ích . 

Điều 5 .  Lựa_chọn phương_thức cung_ứng sản_phẩm , dịch_vụ công_ích 

1 . Việc lựa_chọn phương_thức cung_ứng sản_phẩm , dịch_vụ công_ích thực_hiện theo thứ_tự ưu_tiên sau : 

a ) Đấu_thầu ; 

b ) Đặt_hàng ; 

c ) Giao kế_hoạch . 

2 . Phương_thức cung_ứng các sản_phẩm , dịch_vụ công_ích quy_định tại Danh_mục A_Phụ_lục ban_hành kèm theo Nghị_định này : 

a ) Công_ty trách_nhiệm hữu_hạn một thành_viên do Nhà_nước làm chủ sở_hữu thực_hiện theo phương_thức đặt_hàng hoặc giao kế_hoạch ; 

b ) Các nhà sản_xuất và cung_ứng sản_phẩm , dịch_vụ công_ích khác thực_hiện theo phương_thức đặt_hàng ; 

c ) Trường_hợp cung_ứng sản_phẩm , dịch_vụ công_ích xây_dựng được đơn_giá , giá của sản_phẩm , dịch_vụ công_ích và được cung_ứng theo giá do Nhà_nước quy_định thì thực_hiện theo phương_thức đặt_hàng .  Trường_hợp cung_ứng sản_phẩm , dịch_vụ công_ích chủ_yếu phải thực_hiện theo khối_lượng hoặc chi_phí hợp_lý sản_xuất và cung_ứng sản_phẩm , dịch_vụ công_ích , có thu phí , lệ_phí theo quy_định của pháp_luật về phí và lệ_phí thì thực_hiện theo phương_thức giao kế_hoạch . 

3 . Phương_thức cung_ứng các sản_phẩm , dịch_vụ công_ích quy_định tại Danh_mục B Phụ_lục ban_hành kèm theo Nghị_định này do các nhà sản_xuất và cung_ứng sản_phẩm , dịch_vụ công_ích thực_hiện theo phương_thức đấu_thầu hoặc đặt_hàng .  Trường_hợp cung_ứng sản_phẩm , dịch_vụ công_ích đáp_ứng các điều_kiện theo quy_định tại Chương II Nghị_định này thì thực_hiện theo phương_thức đấu_thầu . 

4 . Bộ , cơ_quan ngang Bộ , cơ_quan thuộc Chính_phủ ( sau đây gọi chung là Bộ quản_lý ngành ) và Ủy_ban nhân_dân tỉnh , thành_phố trực_thuộc Trung_ương ( sau đây gọi tắt là Ủy_ban nhân_dân cấp tỉnh ) có trách_nhiệm xây_dựng và ban_hành các quy_định về quản_lý sản_phẩm , dịch_vụ công_ích trong phạm_vi chức_năng , nhiệm_vụ được giao , trong đó phải quy_định về chất_lượng , quy_cách , định_mức thực_hiện , giá , đơn_giá theo quy_định của Nhà_nước để chủ_yếu thực_hiện theo phương_thức đấu_thầu , đặt_hàng . 

Điều 6 .  Cơ_quan , tổ_chức có thẩm_quyền quyết_định phương_thức cung_ứng sản_phẩm , dịch_vụ công_ích 

1 . Bộ quản_lý ngành quyết_định phương_thức cung_ứng sản_phẩm , dịch_vụ công_ích đối_với các sản_phẩm , dịch_vụ công_ích thuộc dự_toán chi của ngân_sách trung_ương và giao cho các đơn_vị trực_thuộc tổ_chức thực_hiện theo quy_định . 

2 . Ủy_ban nhân_dân cấp tỉnh quyết_định phương_thức cung_ứng sản_phẩm , dịch_vụ công_ích đối_với các sản_phẩm , dịch_vụ công_ích thuộc dự_toán chi của ngân_sách địa_phương và giao cho các đơn_vị trực_thuộc tổ_chức thực_hiện theo quy_định . 

3 . Tập_đoàn , tổng công_ty nhà_nước thực_hiện sản_xuất và cung_ứng sản_phẩm , dịch_vụ công_ích tổ_chức đấu_thầu , đặt_hàng , giao kế_hoạch cho các đơn_vị thành_viên thực_hiện theo quy_định . 

Điều 7 .  Thẩm_quyền quyết_định_mức trợ_giá , trợ_cấp cho sản_xuất và cung_ứng sản_phẩm , dịch_vụ công_ích 

1 . Đối_với sản_phẩm , dịch_vụ công_ích quan_trọng có tính_chất quốc_gia thì Bộ Tài_chính chủ_trì , phối_hợp với các cơ_quan liên_quan quyết_định hoặc trình Thủ_tướng Chính_phủ quyết_định_mức trợ_giá , trợ_cấp cụ_thể theo quy_định . 

2 . Đối_với sản_phẩm , dịch_vụ công_ích thuộc Bộ quản_lý ngành quản_lý thì Bộ quản_lý ngành chủ_trì , phối_hợp với Bộ Tài_chính quyết_định_mức trợ_giá , trợ_cấp cụ_thể . 

3 . Đối_với sản_phẩm , dịch_vụ công_ích thuộc Ủy_ban nhân_dân cấp tỉnh quản_lý thì các Sở chuyên_ngành xây_dựng phương_án trợ_giá , trợ_cấp gửi Sở Tài_chính thẩm_định trình Ủy_ban nhân_dân cấp tỉnh quyết_định_mức trợ_giá , trợ_cấp cụ_thể . 

4 . Bộ Tài_chính chủ_trì , phối_hợp với Bộ quản_lý ngành , Ủy_ban nhân_dân cấp tỉnh xây_dựng , hướng_dẫn về mức trợ_giá và trợ_cấp , trình_tự thủ_tục thực_hiện trợ_giá và trợ_cấp phù_hợp với đặc_điểm , tình_hình thực_hiện sản_xuất và cung_ứng sản_phẩm , dịch_vụ công_ích . Trình_tự , thủ_tục trợ_giá , trợ_cấp thực_hiện theo quy_định của <L rel="DaC"> Luật Ngân_sách nhà_nước </L> và các văn_bản hướng_dẫn .
Điều 8 .  Quyền và nghĩa_vụ của nhà sản_xuất và cung_ứng sản_phẩm , dịch_vụ công_ích 

1 . Các quyền và nghĩa_vụ quy_định đối_với doanh_nghiệp tại <L rel="DaC"> Luật_Doanh_nghiệp </L> , đối_với hợp_tác_xã tại <L rel="DaC"> Luật Hợp_tác_xã </L> .
2 . Thực_hiện việc ký_kết_hợp_đồng và hạch_toán kinh_tế theo quy_định của pháp_luật . 

3 . Được thanh_toán theo giá hoặc phí theo hợp_đồng đã ký_kết hoặc theo quy_định được cơ_quan , tổ_chức có thẩm_quyền chấp_thuận . 

4 . Được hỗ_trợ và tạo điều_kiện thuận_lợi để sản_xuất và cung_ứng sản_phẩm , dịch_vụ công_ích theo quy_định của Nhà_nước . 

5 . Phải tự bù_đắp chi_phí theo giá trúng_thầu khi tham_gia_sản_xuất và cung_ứng sản_phẩm , dịch_vụ công_ích theo phương_thức đấu_thầu . 

6 . Các nhà sản_xuất và cung_ứng sản_phẩm , dịch_vụ công_ích thực_hiện theo phương_thức đặt_hàng , giao kế_hoạch có_giá tiêu_thụ do Nhà_nước quy_định thấp hơn chi_phí hợp_lý được ngân_sách nhà_nước trợ_giá , trợ_cấp theo quy_định . 

7 . Sản_xuất , cung_ứng sản_phẩm , dịch_vụ đủ số_lượng , đúng chất_lượng và thời_hạn đã cam_kết ;  chịu trách_nhiệm trước khách_hàng và trước pháp_luật về sản_phẩm , dịch_vụ công_ích do mình sản_xuất và cung_ứng . 

Điều 9 .  Quản_lý vốn , tài_sản phục_vụ sản_xuất và cung_ứng sản_phẩm , dịch_vụ công_ích của công_ty trách_nhiệm hữu_hạn một thành_viên do Nhà_nước làm chủ sở_hữu 

1 . Được Nhà_nước đầu_tư đủ vốn để hình_thành tài_sản phục_vụ mục_tiêu sản_xuất và cung_ứng sản_phẩm , dịch_vụ công_ích . 

2 . Chấp_hành quyết_định của cơ_quan , tổ_chức thực_hiện quyền chủ sở_hữu của công_ty về việc điều_chuyển tài_sản phục_vụ mục_tiêu sản_xuất và cung_ứng sản_phẩm , dịch_vụ công_ích của công_ty để thực_hiện mục_tiêu sản_xuất và cung_ứng sản_phẩm , dịch_vụ công_ích ở công_ty khác trong trường_hợp cần_thiết , nhưng không làm giảm vốn điều_lệ của công_ty theo quy_định . 

3 . Có quyền chuyển_nhượng , cho thuê , thế_chấp tài_sản phục_vụ mục_tiêu sản_xuất và cung_ứng sản_phẩm , dịch_vụ công_ích thuộc quyền quản_lý của công_ty khi được cơ_quan , tổ_chức thực_hiện quyền chủ sở_hữu của công_ty cho phép .  Việc thế_chấp giá_trị quyền sử_dụng đất , tài_sản của công_ty gắn liền với quyền sử_dụng đất phục_vụ mục_tiêu sản_xuất và cung_ứng sản_phẩm , dịch_vụ công_ích được thực_hiện theo quy_định của pháp_luật về đất_đai . 

4 . Được sử_dụng các nguồn_lực được giao để tổ_chức sản_xuất và cung_ứng sản_phẩm , dịch_vụ công_ích ngoài kế_hoạch được giao và hoạt_động kinh_doanh khác khi đáp_ứng các điều_kiện sau : 

a ) Được cơ_quan , tổ_chức thực_hiện quyền chủ sở_hữu của công_ty cho phép bằng văn_bản ; 

b ) Không ảnh_hưởng tới việc thực_hiện nhiệm_vụ công_ích được giao ; 

c ) Đăng_ký bổ_sung ngành_nghề kinh_doanh theo quy_định của pháp_luật ; 

d ) Hạch_toán riêng phần hoạt_động kinh_doanh và thực_hiện nghĩa_vụ nộp thuế theo quy_định của pháp_luật . 

Điều 10 .  Điều_kiện tổ_chức đấu_thầu thực_hiện sản_xuất và cung_ứng sản_phẩm , dịch_vụ công_ích 

1 . Kế_hoạch đấu_thầu đã được phê_duyệt . 

2 . Hồ_sơ mời_thầu đã được phê_duyệt . 

3 . Thông_tin về đấu_thầu đã được đăng_tải theo quy_định của pháp_luật về đấu_thầu . 

4 . Nội_dung , danh_mục sản_phẩm , dịch_vụ công_ích và dự_toán được cơ_quan , tổ_chức có thẩm_quyền quy_định tại Điều 6 Nghị_định này phê_duyệt . 

Điều 11 .  Điều_kiện tham_gia đấu_thầu 

1 . Có tư_cách hợp_lệ theo quy_định tại Điều 7 , Điều 8 của <L rel="DaC"> Luật_Đấu_thầu </L> .
2 . Chỉ được tham_gia trong một hồ_sơ dự_thầu đối_với một gói_thầu với tư_cách là nhà_thầu độc_lập hoặc là nhà_thầu liên_danh .  Trường_hợp liên_danh phải có văn_bản thỏa_thuận giữa các thành_viên , trong đó quy_định rõ người đứng đầu của liên_danh , trách_nhiệm chung và trách_nhiệm riêng của từng thành_viên đối_với công_việc thuộc gói_thầu . 

3 . Đáp_ứng yêu_cầu nêu trong thông_báo mời_thầu hoặc thư mời_thầu của bên mời_thầu . 

4 . Bảo_đảm cạnh_tranh trong đấu_thầu theo quy_định tại Khoản 2 Điều 2 của <L rel="DaC"> Luật sửa_đổi , bổ_sung một_số điều của các luật liên_quan đến đầu_tư xây_dựng cơ_bản </L> và Điều 3 <NĐ rel="DaC"> Nghị_định số 85/2009/NĐ-CP ngày 15 tháng 10 năm 2009 </NĐ> của Chính_phủ hướng_dẫn thi_hành <L rel="none"> Luật_Đấu_thầu </L> và lựa_chọn nhà_thầu xây_dựng theo <L rel="none"> Luật Xây_dựng </L> ( sau đây viết tắt là <NĐ rel="DaC"> Nghị_định số 85/2009/NĐ-CP </NĐ> ) .
Điều 12 .  Hình_thức đấu_thầu 

1 . Đấu_thầu rộng_rãi 

Việc lựa_chọn nhà_thầu thực_hiện sản_xuất và cung_ứng sản_phẩm , dịch_vụ công_ích phải áp_dụng đấu_thầu rộng_rãi , trừ trường_hợp quy_định tại Khoản 2 Điều này và Chương III , Chương IV Nghị_định này .  Khi áp_dụng đấu_thầu rộng_rãi , không hạn_chế số_lượng nhà_thầu tham_dự .  Bên mời_thầu phải cung_cấp hồ_sơ mời_thầu cho các nhà_thầu có nhu_cầu tham_gia đấu_thầu .  Trong hồ_sơ mời_thầu không được nêu bất_cứ điều_kiện nào nhằm hạn_chế sự tham_gia của nhà_thầu hoặc nhằm tạo lợi_thế cho một hoặc một_số nhà_thầu gây ra sự cạnh_tranh không bình_đẳng . 

2 . Đấu_thầu hạn_chế 

Đấu_thầu hạn_chế được áp_dụng trong trường_hợp sản_phẩm , dịch_vụ công_ích có yêu_cầu cao về kỹ_thuật hoặc kỹ_thuật có tính đặc_thù mà chỉ có một_số nhà_thầu có khả_năng đáp_ứng yêu_cầu .  Khi thực_hiện đấu_thầu hạn_chế , phải mời tối_thiểu năm nhà_thầu được xác_định là có đủ năng_lực và kinh_nghiệm tham_gia đấu_thầu ;  trường_hợp thực_tế có ít hơn năm nhà_thầu , bên mời_thầu phải trình người có thẩm_quyền xem_xét , quyết_định cho phép tiếp_tục tổ_chức đấu_thầu hạn_chế hoặc áp_dụng hình_thức lựa_chọn khác . 

Điều 13 .  Trình_tự thực_hiện đấu_thầu sản_xuất và cung_ứng sản_phẩm , dịch_vụ công_ích 

1 . Lập , thẩm_định và phê_duyệt kế_hoạch đấu_thầu . 

2 . Chuẩn_bị đấu_thầu . 

3 . Tổ_chức đấu_thầu . 

4 . Trình , thẩm_định , phê_duyệt và thông_báo kết_quả đấu_thầu . 

5 . Thương_thảo , hoàn_thiện và ký_kết_hợp_đồng . 

Điều 14 .  Thẩm_quyền phê_duyệt kế_hoạch đấu_thầu , hồ_sơ mời_thầu và kết_quả đấu_thầu 

1 . Người có thẩm_quyền chịu trách_nhiệm phê_duyệt kế_hoạch đấu_thầu đối_với các sản_phẩm , dịch_vụ công_ích thuộc thẩm_quyền quyết_định của mình . 

Cơ_quan , tổ_chức thẩm_định có trách_nhiệm lập báo_cáo thẩm_định kế_hoạch đấu_thầu trình người có thẩm_quyền xem_xét , quyết_định . 

2 . Bên mời_thầu chịu trách_nhiệm phê_duyệt hồ_sơ mời_thầu , kết_quả đấu_thầu .  Bên mời_thầu có trách_nhiệm giao cho tổ_chức , cá_nhân thuộc đơn_vị mình lập hồ_sơ mời_thầu , báo_cáo đánh_giá hồ_sơ dự_thầu ;  giao cho tổ_chức , cá_nhân khác thuộc đơn_vị mình thẩm_định hồ_sơ mời_thầu , kết_quả đấu_thầu .  Trong trường_hợp này , tổ_chức , cá_nhân được giao lập , thẩm_định các nội_dung trong đấu_thầu có trách_nhiệm trình bên mời_thầu xem_xét , quyết_định . 

Trường_hợp tổ_chức , cá_nhân thuộc phạm_vi quản_lý của mình không có đủ năng_lực và kinh_nghiệm , bên mời_thầu tiến_hành lựa_chọn một tổ_chức tư_vấn , cá_nhân có đủ năng_lực và kinh_nghiệm để lập hoặc thẩm_định hồ_sơ mời_thầu , kết_quả đấu_thầu .  Trong mọi trường_hợp , người có thẩm_quyền , bên mời_thầu phải chịu trách_nhiệm về quyết_định của mình . 

Điều 15 .  Lập , thẩm_định và phê_duyệt kế_hoạch đấu_thầu 

Việc lập , thẩm_định và phê_duyệt kế_hoạch đấu_thầu được thực_hiện theo quy_định tại Điều 6 <L rel="DaC"> Luật_Đấu_thầu </L> và Chương II <NĐ rel="DaC"> Nghị_định số 85/2009/NĐ-CP </NĐ> .
Điều 16 .  Chuẩn_bị đấu_thầu 

1 . Lựa_chọn danh_sách ngắn 

Việc lựa_chọn danh_sách ngắn bao_gồm sơ_tuyển nhà_thầu theo quy_định tại Khoản 1 Điều 32 <L rel="DaC"> Luật_Đấu_thầu </L> , Khoản 7 Điều 2 <L rel="DaC"> Luật sửa_đổi , bổ_sung một_số điều của các luật liên_quan đến đầu_tư xây_dựng cơ_bản </L> , Chương III <NĐ rel="DaC"> Nghị_định số 85/2009/NĐ-CP </NĐ> và lựa_chọn danh_sách gồm tối_thiểu năm nhà_thầu có đủ năng_lực , kinh_nghiệm để tham_gia đấu_thầu hạn_chế theo quy_định tại Khoản 2 Điều 19 <L rel="DaC"> Luật_Đấu_thầu </L> và Khoản 2 Điều 12 Nghị_định này .
2 . Lập và phê_duyệt hồ_sơ mời_thầu 

Việc lập và phê_duyệt hồ_sơ mời_thầu được thực_hiện theo quy_định tại Khoản 2 Điều 32 <L rel="DaC"> Luật_Đấu_thầu </L> , Điều 24 , Điều 25 <NĐ rel="DaC"> Nghị_định số 85/2009/NĐ-CP </NĐ> và Khoản 2 Điều 14 Nghị_định này .
3 . Mời_thầu 

Mời_thầu được thực_hiện theo quy_định tại Khoản 3 Điều 32 <L rel="DaC"> Luật_Đấu_thầu </L> , Khoản 4 Điều 23 <NĐ rel="DaC"> Nghị_định số 85/2009/NĐ-CP </NĐ> .
Điều 17 .  Tổ_chức đấu_thầu 

1 . Phát_hành hồ_sơ mời_thầu 

Việc phát_hành hồ_sơ mời_thầu ( bao_gồm cả việc sửa_đổi và làm rõ hồ_sơ mời_thầu ) được thực_hiện theo quy_định tại Khoản 1 Điều 33 , Điều 34 <L rel="DaC"> Luật_Đấu_thầu </L> và Khoản 1 Điều 28 <NĐ rel="DaC"> Nghị_định số 85/2009/NĐ-CP </NĐ> .
2 . Chuẩn_bị hồ_sơ dự_thầu 

Nhà_thầu chuẩn_bị hồ_sơ dự_thầu theo quy_định tại Khoản 2 Điều 17 , Khoản 2 Điều 28 <NĐ rel="DaC"> Nghị_định số 85/2009/NĐ-CP </NĐ> .
3 . Tiếp_nhận và quản_lý hồ_sơ dự_thầu 

Việc tiếp_nhận và quản_lý hồ_sơ dự_thầu được thực_hiện theo quy_định tại Khoản 8 Điều 2 <L rel="DaC"> Luật sửa_đổi , bổ_sung một_số điều của các luật liên_quan đến đầu_tư xây_dựng cơ_bản </L> , Khoản 3 Điều 17 <NĐ rel="DaC"> Nghị_định số 85/2009/NĐ-CP </NĐ> .
4 . Sửa_đổi hoặc rút hồ_sơ dự_thầu 

Trường_hợp muốn sửa_đổi hoặc rút hồ_sơ dự_thầu đã nộp , nhà_thầu thực_hiện theo quy_định tại Khoản 4 Điều 17 <NĐ rel="DaC"> Nghị_định số 85/2009/NĐ-CP </NĐ> .
5 . Mở_thầu 

Việc mở_thầu được thực_hiện theo quy_định tại Khoản 3 Điều 33 <L rel="DaC"> Luật_Đấu_thầu </L> , Khoản 3 Điều 28 <NĐ rel="DaC"> Nghị_định số 85/2009/NĐ-CP </NĐ> .
Điều 18 .  Đánh_giá hồ_sơ dự_thầu 

Việc đánh_giá hồ_sơ dự_thầu tiến_hành theo tiêu_chuẩn đánh_giá hồ_sơ dự_thầu và các yêu_cầu khác nêu trong hồ_sơ mời_thầu , theo nguyên_tắc đánh_giá quy_định tại Điều 28 <L rel="DaC"> Luật_Đấu_thầu </L> , phương_pháp đánh_giá quy_định tại Điều 29 <L rel="DaC"> Luật_Đấu_thầu </L> , Khoản 5 Điều 2 <L rel="DaC"> Luật sửa_đổi , bổ_sung một_số điều của các luật liên_quan đến đầu_tư xây_dựng cơ_bản </L> và trình_tự đánh_giá ( bao_gồm cả việc_làm rõ hồ_sơ dự_thầu ) quy_định tại Điều 35 , Điều 36 <L rel="DaC"> Luật_Đấu_thầu </L> , Khoản 9 Điều 2 <L rel="DaC"> Luật sửa_đổi , bổ_sung một_số điều của các luật liên_quan đến đầu_tư xây_dựng cơ_bản và Điều 29 </L> , Điều 30 <NĐ rel="DaC"> Nghị_định số 85/2009/NĐ-CP </NĐ> .
Điều 19 .  Trình_duyệt , thẩm_định , phê_duyệt , thông_báo kết_quả đấu_thầu 

Việc trình_duyệt , thẩm_định , phê_duyệt và thông_báo kết_quả đấu_thầu được thực_hiện theo quy_định tại Điều 38 , Điều 40 , Điều 41 <L rel="DaC"> Luật_Đấu_thầu </L> , Khoản 10 , Khoản 11 , Khoản 12 , Khoản 13 Điều 2 <L rel="DaC"> Luật sửa_đổi , bổ_sung một_số điều của các luật liên_quan đến đầu_tư xây_dựng cơ_bản </L> và Khoản 3 Điều 20 , Điều 71 , Điều 72 <NĐ rel="DaC"> Nghị_định số 85/2009/NĐ-CP </NĐ> .
Điều 20 .  Thương_thảo , hoàn_thiện hợp_đồng và ký_kết_hợp_đồng 

Việc thương_thảo , hoàn_thiện hợp_đồng và ký_kết_hợp_đồng được thực_hiện theo quy_định tại Điều 42 và Chương III <L rel="DaC"> Luật_Đấu_thầu </L> , Khoản 14 , Khoản 16 , Khoản 17 Điều 2 <L rel="DaC"> Luật sửa_đổi , bổ_sung một_số điều của các luật liên_quan đến đầu_tư xây_dựng cơ_bản </L> và Khoản 2 Điều 31 <NĐ rel="DaC"> Nghị_định số 85/2009/NĐ-CP </NĐ> .
Điều 21 .  Điều_kiện đặt_hàng sản_xuất và cung_ứng sản_phẩm , dịch_vụ công_ích 

1 . Các nhà sản_xuất và cung_ứng sản_phẩm , dịch_vụ công_ích nhận đặt_hàng sản_xuất và cung_ứng sản_phẩm , dịch_vụ công_ích phải đăng_ký ngành_nghề kinh_doanh , đăng_ký hoạt_động phù_hợp , có đủ năng_lực về tài_chính , trình_độ kỹ_thuật , công_nghệ sản_xuất , trình_độ quản_lý và tay_nghề của người lao_động đáp_ứng được các yêu_cầu của hợp_đồng đặt_hàng . 

2 . Việc đặt_hàng sản_xuất và cung_ứng sản_phẩm , dịch_vụ công_ích phải theo quy_định tại Điều 5 Nghị_định này . 

Điều 22 .  Đặt_hàng sản_xuất và cung_ứng sản_phẩm , dịch_vụ công_ích 

1 . Căn_cứ đặt_hàng : 

a ) Đơn_giá hoặc giá của sản_phẩm , dịch_vụ công_ích sản_xuất và cung_ứng theo phương_thức đặt_hàng được xác_định trên cơ_sở áp_dụng các định_mức kinh_tế kỹ_thuật , định mức chi_phí hiện_hành của Nhà_nước và do cơ_quan , tổ_chức có thẩm_quyền quyết_định theo quy_định tại <L rel="DaC"> Luật Giá </L> và các văn_bản pháp_luật liên_quan ;
b ) Giá tiêu_thụ sản_phẩm , dịch_vụ công_ích theo quy_định của Nhà_nước ; 

c ) Trong trường_hợp giá tiêu_thụ sản_phẩm , dịch_vụ công_ích theo quy_định của Nhà_nước thấp hơn chi_phí hợp_lý được xác_định tại đơn_giá hoặc giá nêu tại Điểm a Khoản này thì nhà sản_xuất và cung_ứng sản_phẩm , dịch_vụ công_ích theo phương_thức đặt_hàng được trợ_giá theo số_lượng hoặc khối_lượng sản_phẩm , dịch_vụ đã được đặt_hàng . 

d ) Trên_cơ_sở dự_toán được giao và đơn_giá hoặc giá sản_phẩm , dịch_vụ công_ích được các cơ_quan , tổ_chức có thẩm_quyền quyết_định , cơ_quan đặt_hàng xác_định số_lượng , khối_lượng sản_phẩm , dịch_vụ công_ích để ký hợp_đồng đặt_hàng . 

2 . Hợp_đồng đặt_hàng sản_xuất và cung_ứng sản_phẩm , dịch_vụ công_ích : 

a ) Tên sản_phẩm , dịch_vụ công_ích ; 

b ) Số_lượng , khối_lượng ; 

c ) Chất_lượng và quy_cách ; 

d ) Giá , đơn_giá ; 

đ ) Mức trợ_giá ( nếu có ) ; 

e ) Số_lượng , khối_lượng sản_phẩm , dịch_vụ công_ích được trợ_giá ; 

g ) Giá_trị hợp_đồng ; 

h ) Thời_gian hoàn_thành ; 

i ) Giao hàng : thời_gian , địa_điểm , phương_thức ; 

k ) Phương_thức nghiệm_thu , thanh_toán ; 

l ) Trách_nhiệm và nghĩa_vụ giữa cơ_quan đặt_hàng và nhà sản_xuất và cung_ứng sản_phẩm , dịch_vụ công_ích nhận đặt_hàng ; 

m ) Trách_nhiệm của các bên do vi_phạm hợp_đồng và thủ_tục giải_quyết . 

Các bên có_thể thỏa_thuận bổ_sung một_số nội_dung khác trong hợp_đồng nhưng không trái với quy_định của pháp_luật và không làm thay_đổi giá , đơn_giá của sản_phẩm , dịch_vụ công_ích . 

Điều 23 .  Điều_chỉnh hợp_đồng đặt_hàng 

1 . Nhà_nước điều_chỉnh định_mức kinh_tế kỹ_thuật ;  giá , đơn_giá hoặc mức trợ_giá sản_phẩm , dịch_vụ công_ích . 

2 . Nhà_nước thay_đổi về cơ_chế , chính_sách tiền_lương , giá nguyên nhiên vật_liệu . 

3 . Nguyên_nhân bất_khả_kháng theo quy_định của pháp_luật ảnh_hưởng đến sản_xuất và cung_ứng sản_phẩm , dịch_vụ công_ích . 

Điều 24 .  Thanh_toán sản_phẩm , dịch_vụ công_ích thực_hiện theo phương_thức đặt_hàng 

1 . Căn_cứ thanh_toán : 

a ) Hợp_đồng đặt_hàng đã được ký_kết giữa cơ_quan đặt_hàng với nhà sản_xuất và cung_ứng sản_phẩm , dịch_vụ công_ích ; 

b ) Biên_bản nghiệm_thu số_lượng , khối_lượng , chất_lượng sản_phẩm , dịch_vụ công_ích hoàn_thành giữa cơ_quan đặt_hàng với nhà sản_xuất và cung_ứng sản_phẩm , dịch_vụ công_ích ; 

c ) Giá , đơn_giá , mức trợ_giá do các cơ_quan , tổ_chức có thẩm_quyền quyết_định ; 

d ) Các tài_liệu khác có liên_quan . 

2 . Cơ_quan đặt_hàng , ký hợp_đồng đặt_hàng thực_hiện thanh_toán , quyết_toán sản_phẩm , dịch_vụ công_ích theo trình_tự , thủ_tục quy_định tại <L rel="DaC"> Luật Ngân_sách nhà_nước </L> và các văn_bản hướng_dẫn .
Điều 25 .  Căn_cứ và thời_gian giao kế_hoạch 

1 . Căn_cứ giao kế_hoạch : 

a ) Các chỉ_tiêu kế_hoạch về sản_xuất và cung_ứng các sản_phẩm , dịch_vụ công_ích của công_ty trách_nhiệm hữu_hạn một thành_viên do Nhà_nước làm chủ sở_hữu thực_hiện nhiệm_vụ công_ích xây_dựng trong kế_hoạch hàng năm đã báo_cáo cơ_quan , tổ_chức có thẩm_quyền ;  năng_lực về tài_chính , trình_độ kỹ_thuật , công_nghệ sản_xuất , trình_độ quản_lý và tay_nghề của người lao_động của từng công_ty trách_nhiệm hữu_hạn một thành_viên do Nhà_nước làm chủ sở_hữu thực_hiện nhiệm_vụ công_ích ; 

b ) Dự_toán thu , chi ngân_sách do Nhà_nước giao cho các cơ_quan , tổ_chức có thẩm_quyền về sản_xuất và cung_ứng sản_phẩm , dịch_vụ công_ích ; 

c ) Kế_hoạch thu phí và lệ_phí ( hoặc số tiền phí được để lại ) trong trường_hợp công_ty trách_nhiệm hữu_hạn một thành_viên do Nhà_nước làm chủ sở_hữu thực_hiện nhiệm_vụ công_ích từ nguồn thu phí và lệ_phí quy_định tại <PL rel="DaC"> Pháp_lệnh Phí và lệ_phí </PL> ;
d ) Dự_toán về chi_phí hợp_lý sản_xuất và cung_ứng sản_phẩm , dịch_vụ công_ích theo phương_thức giao kế_hoạch được xác_định trên cơ_sở áp_dụng các định_mức kinh_tế kỹ_thuật , định mức chi_phí hiện_hành của Nhà_nước và các văn_bản pháp_luật liên_quan . 

2 . Thời_gian giao kế_hoạch : cơ_quan giao kế_hoạch phải hoàn_thành việc giao kế_hoạch cho công_ty trách_nhiệm hữu_hạn một thành_viên do Nhà_nước làm chủ sở_hữu thực_hiện nhiệm_vụ công_ích trước ngày 31 tháng 12 của năm trước . 

Điều 26 .  Nội_dung giao kế_hoạch 

1 . Kế_hoạch sản_xuất , cung_ứng sản_phẩm , dịch_vụ công_ích : 

d ) Thời_gian hoàn_thành ; 

đ ) Số_lượng , khối_lượng sản_phẩm , dịch_vụ được trợ_cấp . 

2 . Kế_hoạch tài_chính : 

a ) Doanh_thu , chi_phí , lợi_nhuận từ hoạt_động_sản_xuất và cung_ứng sản_phẩm , dịch_vụ công_ích ; 

b ) Số phí thu được ( hoặc số phí được để lại ) , chênh_lệch giữa số phí thu được ( hoặc số phí được để lại ) với chi_phí đối_với công_ty trách_nhiệm hữu_hạn một thành_viên do Nhà_nước làm chủ sở_hữu thực_hiện nhiệm_vụ công_ích từ nguồn thu phí ; 

c ) Các khoản nộp ngân_sách nhà_nước theo quy_định hiện_hành ; 

d ) Chi_phí hợp_lý sản_xuất và cung_ứng sản_phẩm , dịch_vụ công_ích ; 

đ ) Mức trợ_cấp đối_với sản_phẩm , dịch_vụ công_ích có_giá tiêu_thụ thấp hơn chi_phí hợp_lý .  Trường_hợp_doanh_nghiệp không đủ lợi_nhuận để trích quỹ khen_thưởng và phúc_lợi theo quy_định thì mức trợ_cấp đối_với sản_phẩm , dịch_vụ công_ích bao_gồm số tiền Nhà_nước trợ_cấp để trích 2 quỹ này . 

3 . Một_số chỉ_tiêu khác tùy theo đặc_điểm của sản_phẩm , dịch_vụ công_ích hoặc theo yêu_cầu quản_lý của Nhà_nước . 

Điều 27 .  Thanh_toán sản_phẩm , dịch_vụ công_ích thực_hiện theo phương_thức giao kế_hoạch 

a ) Quyết_định giao kế_hoạch của cơ_quan giao kế_hoạch cho công_ty trách_nhiệm hữu_hạn một thành_viên do Nhà_nước làm chủ sở_hữu thực_hiện nhiệm_vụ công_ích ; 

b ) Quyết_định giao kế_hoạch của tập_đoàn , tổng công_ty nhà_nước có chức_năng , nhiệm_vụ được giao về sản_xuất và cung_ứng sản_phẩm , dịch_vụ công_ích cho doanh_nghiệp thành_viên thực_hiện sản_xuất và cung_ứng sản_phẩm , dịch_vụ công_ích ; 

c ) Biên_bản nghiệm_thu số_lượng , khối_lượng , chất_lượng sản_phẩm , dịch_vụ công_ích hoàn_thành giữa cơ_quan giao kế_hoạch và công_ty trách_nhiệm hữu_hạn một thành_viên do Nhà_nước làm chủ sở_hữu thực_hiện nhiệm_vụ công_ích ; 

d ) Chi_phí hợp_lý , mức trợ_cấp do các cơ_quan , tổ_chức có thẩm_quyền quyết_định ; 

đ ) Các tài_liệu khác có liên_quan . 

2 . Cơ_quan thực_hiện thanh_toán , quyết_toán sản_phẩm , dịch_vụ công_ích do Nhà_nước giao kế_hoạch bằng nguồn vốn ngân_sách : 

a ) Ủy_ban nhân_dân cấp tỉnh thực_hiện thanh_toán , quyết_toán đối_với sản_phẩm , dịch_vụ công_ích giao kế_hoạch cho công_ty trách_nhiệm hữu_hạn một thành_viên do Nhà_nước làm chủ sở_hữu thực_hiện nhiệm_vụ công_ích trực thuộc Ủy_ban nhân_dân cấp tỉnh ; 

b ) Bộ quản_lý ngành chủ_trì , phối_hợp với Bộ Tài_chính thực_hiện thanh_toán , quyết_toán đối_với sản_phẩm , dịch_vụ công_ích giao kế_hoạch cho công_ty trách_nhiệm hữu_hạn một thành_viên do Nhà_nước làm chủ sở_hữu thực_hiện nhiệm_vụ công_ích ; 

c ) Tập_đoàn , tổng công_ty nhà_nước được giao chức_năng nghiệm_thu và thanh_toán sản_phẩm , dịch_vụ công_ích thực_hiện các thủ_tục thanh_toán đối_với sản_phẩm , dịch_vụ công_ích do tập_đoàn , tổng công_ty nhận của Nhà_nước giao cho các doanh_nghiệp thành_viên .  Việc thanh_toán , quyết_toán đối_với sản_phẩm , dịch_vụ công_ích giao cho tập_đoàn , tổng công_ty thực_hiện theo quy_định tại Điểm a hoặc Điểm b Khoản này . 

3 . Công_ty trách_nhiệm hữu_hạn một thành_viên do Nhà_nước làm chủ sở_hữu thực_hiện nhiệm_vụ công_ích thực_hiện thanh_toán , quyết_toán sản_phẩm , dịch_vụ công_ích với cơ_quan giao kế_hoạch theo trình_tự , thủ_tục quy_định tại <L rel="DaC"> Luật Ngân_sách nhà_nước </L> và các văn_bản hướng_dẫn .
Điều 28 .  Điều_chỉnh kế_hoạch thực_hiện nhiệm_vụ công_ích 

1 . Kế_hoạch thực_hiện nhiệm_vụ công_ích được điều_chỉnh khi được cơ_quan , tổ_chức có thẩm_quyền cho phép trong các trường_hợp : 

a ) Nhà_nước điều_chỉnh định_mức kinh_tế kỹ_thuật ;  giá , đơn giá cấu_thành chi_phí hợp_lý hoặc mức trợ_cấp sản_phẩm , dịch_vụ công_ích ; 

b ) Nhà_nước thay_đổi về cơ_chế , chính_sách tiền_lương , giá nguyên nhiên vật_liệu ; 

c ) Nguyên_nhân bất_khả_kháng theo quy_định của pháp_luật ảnh_hưởng đến việc thực_hiện nhiệm_vụ công_ích . 

2 . Công_ty trách_nhiệm hữu_hạn một thành_viên do Nhà_nước làm chủ sở_hữu thực_hiện nhiệm_vụ công_ích có trách_nhiệm hoàn_thành các chỉ_tiêu kế_hoạch được giao .  Tổng_giám_đốc ( hoặc Giám_đốc ) công_ty trách_nhiệm hữu_hạn một thành_viên do Nhà_nước làm chủ sở_hữu thực_hiện nhiệm_vụ công_ích phải báo_cáo cơ_quan giao kế_hoạch tình_hình thực_hiện các chỉ_tiêu kế_hoạch , việc điều_chỉnh kế_hoạch và chịu trách_nhiệm về tính chính_xác , trung_thực của báo_cáo . 

Điều 29 .  Hiệu_lực thi_hành 

1 . Nghị_định này có hiệu_lực thi_hành kể từ ngày 29 tháng 11 năm 2013 . 

2 . Bãi_bỏ <NĐ rel="HHL"> Nghị_định số 31/2005/NĐ-CP ngày 11 tháng 3 năm 2005 </NĐ> của Chính_phủ về sản_xuất và cung_ứng sản_phẩm , dịch_vụ công_ích và <QĐ rel="HHL"> Quyết_định số 256/2006/QĐ-TTg ngày 09 tháng 11 năm 2006 </QĐ> của Thủ_tướng Chính_phủ ban_hành Quy_chế đấu_thầu , đặt_hàng , giao kế_hoạch thực_hiện sản_xuất và cung_ứng sản_phẩm , dịch_vụ công_ích kể từ ngày Nghị_định này có hiệu_lực thi_hành .
3 . Việc đặt_hàng , giao kế_hoạch cho doanh_nghiệp trực_tiếp phục_vụ quốc_phòng , an_ninh quy_định tại <NĐ rel="DaC"> Nghị_định số 104/2010/NĐ-CP ngày 11 tháng 10 năm 2010 </NĐ> của Chính_phủ về tổ_chức , quản_lý và hoạt_động của công_ty trách_nhiệm hữu_hạn một thành_viên do Nhà_nước làm chủ sở_hữu trực_tiếp phục_vụ quốc_phòng , an_ninh thực_hiện theo quy_định tại Chương III , Chương IV Nghị_định này .
4 . Ngoài các nội_dung quy_định tại Chương II Nghị_định này , các nội_dung khác có liên_quan trong quá_trình đấu_thầu thực_hiện sản_xuất và cung_ứng sản_phẩm , dịch_vụ công_ích được thực_hiện theo quy_định của pháp_luật về đấu_thầu . 

Điều 30 .  Trách_nhiệm thi_hành 

1 . Bộ Kế_hoạch và Đầu_tư , Bộ Tài_chính , Bộ quản_lý ngành , Ủy_ban nhân_dân cấp tỉnh có trách_nhiệm hướng_dẫn thực_hiện Nghị_định này . 

2 . Bộ quản_lý ngành , Ủy_ban nhân_dân cấp tỉnh , tập_đoàn , tổng công_ty nhà_nước có trách_nhiệm tổ_chức thực_hiện sản_xuất , cung_ứng sản_phẩm , dịch_vụ công_ích theo phân_công ;  tổ_chức thực_hiện giám_sát , kiểm_tra và thanh_tra theo quy_định .  Đối_với các sản_phẩm , dịch_vụ công_ích thuộc phạm_vi quản_lý của mình , Bộ quản_lý ngành , Ủy_ban nhân_dân cấp tỉnh chịu trách_nhiệm hướng_dẫn chi_tiết quy_trình , thủ_tục , hồ_sơ thực_hiện đấu_thầu , đặt_hàng , giao kế_hoạch đối_với từng loại_hình sản_phẩm , dịch_vụ công_ích . 

3 . Các Bộ_trưởng , Thủ_trưởng cơ_quan ngang Bộ , Thủ_trưởng cơ_quan thuộc Chính_phủ , Chủ_tịch Ủy_ban nhân_dân tỉnh , thành_phố trực_thuộc Trung_ương chịu trách_nhiệm thi_hành Nghị_định này ./. 