Thông tư Sửa đổi một số điều của Thông tư số 133/2014/TT-BTC ngày 11/9/2014 hướng dẫn chế độ thu, nộp, quản lý và sử dụng phí sử dụng đường bộ theo đầu phương tiện

Căn_cứ <L rel="CC"> Luật ban_hành_văn_bản quy_phạm pháp_luật số 17/2008/QH12 ngày 03/6/2008 </L> ;
Căn_cứ <PL rel="CC"> Pháp_lệnh phí và lệ_phí số 38/2001/PL-UBTVQH11 ngày 28/8/2001 </PL> ;
Căn_cứ <NĐ rel="CC"> Nghị_định số 57/2002/NĐ-CP ngày 03/6/2002 </NĐ> ; <NĐ rel="CC"> Nghị_định số 24/2006/NĐ-CP ngày 06/3/2006 </NĐ> của Chính_phủ quy_định chi_tiết thi_hành <PL rel="none"> Pháp_lệnh phí và lệ_phí </PL> ;
Căn_cứ <NĐ rel="CC"> Nghị_định số 18/2012/NĐ-CP ngày 13/3/2012 </NĐ> ; <NĐ rel="CC"> Nghị_định số 56/2014/NĐ-CP ngày 30/5/2014 </NĐ> ; <NĐ rel="CC"> Nghị_định số 28/2016/NĐ-CP ngày 20/4/2016 </NĐ> của Chính_phủ về Quỹ bảo_trì đường_bộ .
Căn_cứ <NĐ rel="CC"> Nghị_định số 215/2013/NĐ-CP ngày 23/12/2013 </NĐ> của Chính_phủ quy_định chức_năng , nhiệm_vụ , quyền_hạn và cơ_cấu tổ_chức của Bộ Tài_chính ;
Điều 1 . Sửa_đổi một_số điều của <TT rel="DSD"> Thông_tư số 133/2014/TT-BTC ngày 11/9/2014 </TT> hướng_dẫn chế_độ thu , nộp , quản_lý và sử_dụng phí sử_dụng đường_bộ theo đầu phương_tiện như sau :
1 . Khoản 3 Điều 12 được sửa_đổi như sau : “ 3 .  Hàng năm , trước ngày 01/3 , Quỹ bảo_trì đường_bộ trung_ương tổng_hợp_số thu phí sử_dụng đường_bộ thu được năm trước , gửi Bộ Tài_chính để Bộ Tài_chính tổng_hợp , báo_cáo cơ_quan có thẩm_quyền ” . 

2 . Bãi_bỏ điểm b khoản 1 Điều 2 ; khoản 6 và khoản 7 Điều 3 ; Điều 7 ; điểm a khoản 1 Điều 8 ; khoản 2 Điều 9 ; khoản 1 và khoản 3 Điều 12 <TT rel="HHL1"> Thông_tư số 133/2014/TT-BTC ngày 11/9/2014 </TT> .
3 . Bãi_bỏ nội_dung “ Đối_với xe mô_tô , kể từ ngày Thông_tư này có hiệu_lực thi_hành , trường_hợp Hội_đồng nhân_dân ( hoặc Ủy_ban nhân_dân ) cấp tỉnh chưa ban_hành quy_định mới thì tiếp_tục thực_hiện theo văn_bản đã ban_hành ” tại khoản 3 Điều 13 <TT rel="HHL1"> Thông_tư số 133/2014/TT-BTC ngày 11/9/2014 </TT> .
4 . Bãi_bỏ điểm 4 Phụ_lục số 1 ; Phụ_lục số 2 ; Phụ_lục số 4 ban_hành kèm theo <TT rel="HHL1"> Thông_tư số 133/2014/TT-BTC ngày 11/9/2014 </TT> .
Điều 2 .  Tổ_chức thực_hiện 

1 . Thông_tư này có hiệu_lực thi_hành kể từ ngày 05 tháng 6 năm 2016 . 

2 . Trong quá_trình thực_hiện nếu phát_sinh vướng_mắc , đề_nghị các cơ_quan , tổ_chức , cá_nhân phản_ánh kịp_thời về Bộ Tài_chính để nghiên_cứu , hướng_dẫn bổ_sung ./. 