Thông tư Hướng dẫn mức thu, chế độ thu, nộp, quản lý và sử dụng phí dịch vụ việc làm

Căn_cứ <NĐ rel="CC"> Nghị_định số 57/2002/NĐ-CP ngày 03 tháng 6 năm 2002 </NĐ> của Chính_phủ quy_định chi_tiết thi_hành <PL rel="none"> Pháp_lệnh Phí và Lệ_phí </PL> ;
Căn_cứ <NĐ rel="CC"> Nghị_định số 24/2006/NĐ-CP ngày 06 tháng 3 năm 2006 </NĐ> của Chính_phủ sửa_đổi , bổ_sung một_số điều <NĐ rel="none"> Nghị_định số 57/2002/NĐ-CP ngày 03 tháng 6 năm 2002 </NĐ> của Chính_phủ quy_định chi_tiết thi_hành <PL rel="none"> Pháp_lệnh phí và lệ_phí </PL> ;
Căn_cứ <NĐ rel="CC"> Nghị_định số 196/2013/NĐ-CP ngày 21 tháng 11 năm 2013 </NĐ> quy_định thành_lập và hoạt_động của Trung_tâm dịch_vụ việc_làm ;
Căn_cứ <NĐ rel="CC"> Nghị_định số 03/2014/NĐ-CP ngày 16 tháng 01 năm 2014 </NĐ> của Chính_phủ quy_định chi_tiết một_số điều của <BL rel="none"> Bộ_luật lao_động </BL> về việc_làm ;
Căn_cứ <NĐ rel="CC"> Nghị_định số 52/2014/NĐ-CP ngày 23 tháng 5 năm 2014 </NĐ> của Chính_phủ quy_định điều_kiện thủ_tục cấp giấy_phép hoạt_động dịch_vụ việc_làm của doanh_nghiệp hoạt_động dịch_vụ việc_làm ;
Căn_cứ <NĐ rel="CC"> Nghị_định số 215/2013/NĐ-CP ngày 23 tháng 12 năm 2013 </NĐ> của Chính_phủ quy_định chức_năng , nhiệm_vụ , quyền_hạn và cơ_cấu tổ_chức của Bộ Tài_chính ;
Điều 1 .  Phạm_vi áp_dụng 

1 . Phí dịch_vụ việc_làm hướng_dẫn tại Thông_tư này áp_dụng đối_với việc tư_vấn , giới_thiệu , cung_ứng lao_động theo quy_định tại <NĐ rel="DaC"> Nghị_định số 196/2013/NĐ-CP ngày 21/11/2013 </NĐ> quy_định thành_lập và hoạt_động của Trung_tâm dịch_vụ việc_làm , <NĐ rel="DaC"> Nghị_định số 52/2014/NĐ-CP </NĐ> của Chính_phủ quy_định điều_kiện thủ_tục cấp giấy_phép hoạt_động dịch_vụ việc_làm của doanh_nghiệp hoạt_động dịch_vụ việc_làm .
2 . Đối_tượng nộp phí là người lao_động hoặc người sử_dụng lao_động có nhu_cầu tư_vấn , giới_thiệu , cung_ứng lao_động thông_qua tổ_chức giới_thiệu việc_làm . 

3 . Tổ_chức giới_thiệu việc_làm được thu phí dịch_vụ việc_làm theo quy_định tại Thông_tư này bao_gồm : Trung_tâm dịch_vụ việc_làm và doanh_nghiệp hoạt_động dịch_vụ việc_làm . 

Điều 2 .  Mức thu phí 

1 . Mức thu phí dịch_vụ việc_làm được thực_hiện theo Biểu mức thu phí dịch_vụ_việc làm ban_hành kèm theo Thông_tư này . 

2 . Tiền_lương theo hợp_đồng để làm căn_cứ tính phí dịch_vụ việc_làm gồm tiền_lương cấp_bậc , chức_vụ và phụ_cấp khu_vực , phụ_cấp chức_vụ ( nếu có ) , không bao_gồm : tiền làm thêm giờ , tiền thưởng và các khoản trợ_cấp khác , nhưng không được thấp hơn mức lương tối_thiểu do Nhà_nước quy_định . 

3 . Căn_cứ vào tình_hình thực_tế và nhu_cầu của địa_phương , tổ_chức dịch_vụ việc_làm quy_định_mức thu cụ_thể đối_với từng đối_tượng nộp phí cho phù_hợp với trình_độ của người lao_động ( lao_động phổ_thông , lao_động có nghề , lao_động có trình_độ cao_đẳng , lao_động có trình_độ trung_cấp , lao_động có trình_độ đại_học ... ) , địa_bàn giới_thiệu việc_làm ( trong tỉnh , ngoài tỉnh ... ) , số_lượng lao_động được giới_thiệu ... , nhưng không được vượt quá mức thu quy_định tại khoản 1 Điều này . 

Điều 3 .  Chế_độ thu , nộp , quản_lý và sử_dụng phí 

1 . Việc thu , nộp phí dịch_vụ việc_làm 

a ) Khi đăng_ký tư_vấn về việc_làm , học nghề , chính_sách có liên_quan đến quan_hệ lao_động , người đăng_ký tư_vấn phải nộp phí dịch_vụ việc_làm đối_với hoạt_động tư_vấn theo quy_định . 

b ) Phí dịch_vụ việc_làm đối_với hoạt_động giới_thiệu việc_làm , cung_ứng lao_động chỉ được thanh_toán khi tổ_chức dịch_vụ việc_làm thực_hiện xong công_việc giới_thiệu việc_làm để người lao_động nhận được việc_làm . 

c ) Khi thu phí , tổ_chức dịch_vụ việc_làm phải lập và giao chứng_từ thu cho đối_tượng nộp phí , như sau : 

- Đối_với tổ_chức dịch_vụ việc_làm là Trung_tâm dịch_vụ việc_làm , thực_hiện lập và giao biên_lai thu cho đối_tượng nộp phí theo quy_định hiện_hành của Bộ Tài_chính về phát_hành , quản_lý , sử_dụng ấn chỉ thuế . 

- Đối_với tổ_chức dịch_vụ việc_làm là Doanh_nghiệp hoạt_động dịch_vụ việc_làm , thực_hiện lập và giao hóa_đơn cho đối_tượng nộp phí theo quy_định hiện_hành của Bộ Tài_chính về phát_hành , quản_lý , sử_dụng hóa_đơn bán hàng_hóa , cung_ứng dịch_vụ . 

2 . Việc quản_lý , sử_dụng phí dịch_vụ việc_làm 

a ) Đối_với tổ_chức dịch_vụ việc_làm là Trung_tâm dịch_vụ việc_làm : Phí dịch_vụ việc_làm thu được là khoản thu thuộc ngân_sách nhà_nước , Trung_tâm dịch_vụ việc_làm được sử_dụng toàn_bộ ( 100 % ) tiền phí thu được để trang_trải chi_phí cho việc giới_thiệu việc_làm và thu phí . 

b ) Đối_với tổ_chức dịch_vụ việc_làm là Doanh_nghiệp hoạt_động dịch_vụ việc_làm : phí dịch_vụ việc_làm là khoản thu không thuộc ngân_sách nhà_nước .  Tiền phí thu được là doanh_thu của doanh_nghiệp .  Doanh_nghiệp có quyền quản_lý , sử_dụng số tiền thu phí sau khi đã nộp thuế theo quy_định .  Hàng năm , doanh_nghiệp phải thực_hiện quyết_toán thuế đối_với số tiền phí thu được với cơ_quan thuế theo quy_định của pháp_luật về thuế hiện_hành . 

Điều 4 .  Tổ_chức thực_hiện 

1 . Thông_tư này có hiệu_lực thi_hành kể từ ngày 05 tháng 7 năm 2016 đến hết ngày 31 tháng 12 năm 2016 .  Từ ngày 01 tháng 01 năm 2017 , dịch_vụ việc_làm chuyển sang thực_hiện giá dịch_vụ . 

2 . Thông_tư này bãi_bỏ <TTLT rel="HHL"> Thông_tư liên_tịch số 95/2007/TTLT-BTC-BLĐTBXH ngày 07 tháng 8 năm 2007 </TTLT> của Bộ Tài_chính và Bộ Lao_động Thương_binh và Xã_hội hướng_dẫn về phí giới_thiệu việc_làm .
3 . Các nội_dung khác liên_quan đến việc thu , nộp , quản_lý , sử_dụng , công_khai chế_độ thu phí dịch_vụ việc_làm không đề_cập tại Thông_tư này được thực_hiện theo hướng_dẫn tại <TT rel="DaC"> Thông_tư số 63/2002/TT-BTC ngày 24 tháng 7 năm 2002 </TT> ; <TT rel="DaC"> Thông_tư số 45/2006/TT-BTC ngày 25 tháng 5 năm 2006 </TT> ; <TT rel="DaC"> Thông_tư số 156/2013/TT-BTC ngày 06 tháng 11 năm 2013 </TT> của Bộ Tài_chính hướng_dẫn thi_hành một_số điều của <L rel="none"> Luật quản_lý thuế </L> , <L rel="none"> Luật sửa_đổi , bổ_sung một_số điều của <L rel="none"> Luật quản_lý thuế </L> </L> và <NĐ rel="none"> Nghị_định số 83/2013/NĐ-CP ngày 22 tháng 7 năm 2013 </NĐ> của Chính_phủ ; <TT rel="DaC"> Thông_tư số 153/2012/TT-BTC ngày 17 tháng 9 năm 2012 </TT> của Bộ Tài_chính hướng_dẫn việc in , phát_hành , quản_lý và sử_dụng các loại chứng_từ thu tiền phí , lệ_phí thuộc ngân_sách nhà_nước ; <TT rel="DaC"> Thông_tư số 39/2014/TT-BTC ngày 31 tháng 3 năm 2014 </TT> hướng_dẫn thi_hành <NĐ rel="none"> Nghị_định số 51/2010/NĐ-CP ngày 14 tháng 5 năm 2010 </NĐ> và <NĐ rel="none"> Nghị_định số 04/2014/NĐ-CP ngày 17 tháng 01 năm 2014 </NĐ> của Chính_phủ quy_định về hóa_đơn bán hàng_hóa , cung_ứng dịch_vụ và các văn_bản sửa_đổi , bổ_sung ( nếu có ) .
4 . Trong quá_trình thực_hiện , nếu có vướng_mắc , đề_nghị các tổ_chức , cá_nhân phản_ánh kịp_thời về Bộ Tài_chính để nghiên_cứu , hướng_dẫn ./. 