Nghị định Về tổ chức và hoạt động thanh tra Công an nhân dân

Căn_cứ <L rel="CC"> Luật Tổ_chức Chính_phủ ngày 25 tháng 12 năm 2001 </L> ;
Căn_cứ <L rel="CC"> Luật Thanh_tra ngày 15 tháng 06 năm 2004 </L> ;
Căn_cứ <L rel="CC"> Luật An_ninh quốc_gia ngày 03 tháng 12 năm 2004 </L> ;
Căn_cứ <L rel="CC"> Luật Công_an nhân_dân ngày 29 tháng 11 năm 2005 </L> ;
Căn_cứ <PL rel="CC"> Pháp_lệnh Xử_lý vi_phạm hành_chính ngày 02 tháng 07 năm 2002 </PL> ;
Điều 1 .  Vị_trí , chức_năng của Thanh_tra Công_an nhân_dân 

Thanh_tra Công_an nhân_dân là Thanh_tra nhà_nước được tổ_chức thành hệ_thống trong Công_an nhân_dân , có chức_năng thanh_tra hành_chính và thanh_tra chuyên_ngành thuộc phạm_vi quản_lý nhà_nước của Bộ Công_an . 

Điều 2 .  Đối_tượng_thanh_tra của Thanh_tra Công_an nhân_dân 

1 . Cơ_quan , đơn_vị và cá_nhân thuộc Bộ Công_an quản_lý . 

2 . Cơ_quan , tổ_chức và cá_nhân Việt_Nam trong việc chấp_hành pháp_luật về bảo_vệ an_ninh quốc_gia và trật_tự , an_toàn xã_hội thuộc phạm_vi quản_lý nhà_nước của Bộ Công_an . 

3 . Cơ_quan , tổ_chức và cá_nhân nước_ngoài tại Việt_Nam có hoạt_động liên_quan đến pháp_luật về bảo_vệ an_ninh quốc_gia và trật_tự , an_toàn xã_hội thuộc phạm_vi quản_lý nhà_nước của Bộ Công_an .  Trong trường_hợp Điều_ước quốc_tế mà nước Cộng_hòa xã_hội chủ_nghĩa Việt_Nam là thành_viên có quy_định khác với Nghị_định này thì áp_dụng theo Điều_ước quốc_tế đó . 

Điều 3 .  Nguyên_tắc hoạt_động thanh_tra Công_an nhân_dân 

1 . Hoạt_động thanh_tra Công_an nhân_dân phải tuân theo pháp_luật và các quy_định của Bộ_trưởng Bộ Công_an ;  bảo_đảm chính_xác , khách_quan , trung_thực , công_khai , dân_chủ , kịp_thời ;  không làm cản_trở đến hoạt_động bình_thường của cơ_quan , tổ_chức , cá_nhân là đối_tượng_thanh_tra và của cơ_quan , tổ_chức , cá_nhân có liên_quan . 

2 . Khi tiến_hành thanh_tra , người ra quyết_định thanh_tra , Thủ_trưởng cơ_quan Thanh_tra , Trưởng_Đoàn thanh_tra , Thanh_tra viên , thành_viên Đoàn thanh_tra phải chịu trách_nhiệm trước pháp_luật về hành_vi và quyết_định của mình . 

Điều 4 .  Mối quan_hệ công_tác của Thanh_tra Công_an nhân_dân 

1 . Các cơ_quan Thanh_tra Công_an nhân_dân hoạt_động dưới sự quản_lý , chỉ_đạo trực_tiếp của Thủ_trưởng Công_an cùng cấp , đồng_thời chịu sự chỉ_đạo về công_tác , tổ_chức và nghiệp_vụ của Thanh_tra Công_an cấp trên . 

2 . Thanh_tra Bộ Công_an hướng_dẫn về công_tác , tổ_chức và nghiệp_vụ thanh_tra đối_với Thanh_tra Công_an các đơn_vị , địa_phương . 

3 . Thanh_tra Công_an nhân_dân phối_hợp với Thanh_tra các bộ , ngành và các cơ_quan liên_quan khác ở Trung_ương , địa_phương trong quá_trình thanh_tra các vấn_đề liên_quan đến các lĩnh_vực quản_lý nhà_nước của Bộ Công_an và trong việc phòng_ngừa , ngăn_chặn , đấu_tranh với các hành_vi vi_phạm pháp_luật . 

Điều 5 .  Hệ_thống tổ_chức Thanh_tra Công_an nhân_dân 

1 . Hệ_thống tổ_chức Thanh_tra Công_an nhân_dân gồm : 

a ) Thanh_tra Bộ Công_an ( sau đây gọi tắt là Thanh_tra Bộ ) ; 

b ) Thanh_tra Tổng_cục ; 

c ) Thanh_tra Bộ Tư_lệnh Cảnh_vệ ;  Thanh_tra Cục Quản_lý trại_giam , Cơ_sở giáo_dục và Trường_giáo_dưỡng ; 

d ) Thanh_tra Công_an tỉnh , thành_phố trực_thuộc Trung_ương ( sau đây gọi chung là Thanh_tra Công_an cấp tỉnh ) ; 

đ ) Thanh_tra Công_an quận , huyện , thị_xã , thành_phố thuộc tỉnh ( sau đây gọi chung là Thanh_tra Công_an cấp huyện ) . 

2 . Bố_trí cán_bộ thực_hiện nhiệm_vụ thanh_tra nơi không có tổ_chức Thanh_tra : 

Bộ_trưởng Bộ Công_an quy_định việc bố_trí Thanh_tra viên chuyên_ngành ở các đơn_vị không có tổ_chức Thanh_tra thuộc lực_lượng Cảnh_sát và An_ninh có nhiệm_vụ quản_lý nhà_nước về an_ninh , trật_tự ở Bộ Công_an , Công_an cấp tỉnh để thực_hiện nhiệm_vụ thanh_tra chuyên_ngành .  Trường_hợp các đơn_vị_từ cấp Trung_đoàn hoặc tương_đương trở lên ở Bộ Công_an và Công_an cấp tỉnh không có tổ_chức Thanh_tra thì Thủ_trưởng đơn_vị phụ_trách và bố_trí cán_bộ thuộc quyền quản_lý làm công_tác thanh_tra hành_chính tại đơn_vị theo chỉ_đạo , hướng_dẫn của Thanh_tra Công_an cấp trên . 

3 . Bộ_trưởng Bộ Công_an quy_định cụ_thể tổ_chức và hoạt_động thanh_tra của các cơ_quan Thanh_tra và đơn_vị quy_định tại các khoản 1 và 2 Điều này . 

4 . Các doanh_nghiệp nhà_nước trong Công_an nhân_dân tổ_chức Ban Thanh_tra nhân_dân do Ban_chấp_hành Công_đoàn cơ_sở chịu trách_nhiệm chỉ_đạo hoạt_động theo quy_định của pháp_luật về thanh_tra . 

Mục 1 

THANH_TRA BỘ 

Điều 6 .  Vị_trí , chức_năng , tổ_chức của Thanh_tra Bộ 

1 . Thanh_tra Bộ là cơ_quan của Bộ Công_an , chịu sự chỉ_đạo trực_tiếp của Bộ_trưởng Bộ Công_an , đồng_thời chịu sự chỉ_đạo , hướng_dẫn về công_tác , tổ_chức , nghiệp_vụ thanh_tra của Thanh_tra Chính_phủ ;  có trách_nhiệm giúp Bộ_trưởng Bộ Công_an thống_nhất quản_lý nhà_nước về công_tác thanh_tra , giải_quyết khiếu_nại , tố_cáo , phòng , chống tham_nhũng trong Công_an nhân_dân ;  thực_hiện nhiệm_vụ , quyền_hạn thanh_tra hành_chính và thanh_tra chuyên_ngành các lĩnh_vực thuộc phạm_vi quản_lý nhà_nước của Bộ Công_an . 

2 . Thanh_tra Bộ có Chánh_Thanh_tra , Phó_Chánh Thanh_tra và Thanh_tra viên .  Chánh Thanh_tra Bộ do Bộ_trưởng Bộ Công_an bổ_nhiệm , miễn_nhiệm , cách_chức sau khi thống_nhất với Tổng_Thanh_tra .  Việc bổ_nhiệm , miễn_nhiệm , cách_chức Phó_Chánh Thanh_tra và Thanh_tra viên thực_hiện theo quy_định của pháp_luật . 

3 . Cơ_cấu tổ_chức và biên_chế của Thanh_tra Bộ do Bộ_trưởng Bộ Công_an quy_định . 

Điều 7 .  Nhiệm_vụ , quyền_hạn của Thanh_tra Bộ 

1 . Chủ_trì hoặc tham_gia xây_dựng văn_bản quy_phạm pháp_luật liên_quan đến tổ_chức và hoạt_động thanh_tra Công_an nhân_dân trình cấp có thẩm_quyền ban_hành . 

2 . Thanh_tra việc thực_hiện chính_sách , pháp_luật , nhiệm_vụ công_tác của Công_an các đơn_vị , địa_phương và của cán_bộ , chiến_sĩ Công_an theo quy_định về phân_cấp quản_lý của Bộ_trưởng Bộ Công_an . 

3 . Tổ_chức thanh_tra , chỉ_đạo các đơn_vị chức_năng tiến_hành thanh_tra đối_với cơ_quan , tổ_chức và cá_nhân việc chấp_hành pháp_luật trong các lĩnh_vực thuộc phạm_vi quản_lý nhà_nước của Bộ Công_an về bảo_vệ an_ninh quốc_gia và trật_tự , an_toàn xã_hội . 

4 . Xử_phạt vi_phạm hành_chính theo quy_định của pháp_luật về xử_lý vi_phạm hành_chính . 

5 . Giúp Bộ_trưởng Bộ Công_an thống_nhất quản_lý nhà_nước về công_tác giải_quyết khiếu_nại và xử_lý tố_cáo thuộc trách_nhiệm của Bộ Công_an ;  xác_minh , kết_luận , kiến_nghị việc giải_quyết khiếu_nại và việc xử_lý tố_cáo thuộc thẩm_quyền của Bộ_trưởng Bộ Công_an và tổ_chức tiếp công_dân theo quy_định của pháp_luật về khiếu_nại , tố_cáo . 

6 . Thực_hiện nhiệm_vụ phòng , chống tham_nhũng trong Công_an nhân_dân theo quy_định của pháp_luật về phòng , chống tham_nhũng . 

7 . Theo_dõi , kiểm_tra , đôn_đốc việc thực_hiện các kết_luận , kiến_nghị , quyết_định xử_lý về thanh_tra của Bộ Công_an . 

8 . Quản_lý , kiểm_tra , hướng_dẫn về công_tác , tổ_chức Thanh_tra , Thanh_tra viên và bồi_dưỡng nghiệp_vụ thanh_tra trong Công_an nhân_dân . 

9 . Tổng_kết , nghiên_cứu khoa_học ;  trao_đổi thông_tin , kinh_nghiệm về công_tác thanh_tra theo quy_định của Bộ_trưởng Bộ Công_an và Tổng_Thanh_tra . 

10 .  Tổng_hợp , báo_cáo Bộ_trưởng Bộ Công_an và Tổng_Thanh_tra về kết_quả công_tác thanh_tra ;  giải_quyết khiếu_nại , tố_cáo ;  tiếp công_dân ;  phòng , chống tham_nhũng trong Công_an nhân_dân thuộc phạm_vi quản_lý nhà_nước của Bộ Công_an . 

11 .  Thực_hiện nhiệm_vụ khác do Bộ_trưởng Bộ Công_an giao . 

Điều 8 .  Nhiệm_vụ , quyền_hạn của Chánh_Thanh_tra Bộ 

1 . Lãnh_đạo , chỉ_đạo , hướng_dẫn , kiểm_tra công_tác thanh_tra trong phạm_vi quản_lý nhà_nước của Bộ Công_an . 

2 . Xây_dựng chương_trình , kế_hoạch công_tác thanh_tra Công_an nhân_dân trình Bộ_trưởng Bộ Công_an phê_duyệt và tổ_chức thực_hiện chương_trình , kế_hoạch đó . 

3 . Trình Bộ_trưởng quyết_định thanh_tra khi phát_hiện có dấu_hiệu vi_phạm pháp_luật hoặc do yêu_cầu của công_tác phòng , chống tham_nhũng ;  quyết_định việc thanh_tra theo thẩm_quyền , lập Đoàn thanh_tra , cử Thanh_tra viên , trưng tập Thanh_tra viên và Cộng_tác_viên Thanh_tra Công_an nhân_dân để tiến_hành thanh_tra theo quy_định của pháp_luật . 

4 . Kiến_nghị Bộ_trưởng xử_lý việc chồng_chéo , trùng_lắp về chương_trình , kế_hoạch , nội_dung thanh_tra , kiểm_tra trong Công_an nhân_dân ;  tham_mưu cho Bộ_trưởng Bộ Công_an trong việc đề_nghị Chủ_tịch Ủy_ban nhân_dân cấp tỉnh chỉ_đạo giải_quyết việc trùng_lắp về chương_trình , kế_hoạch , nội_dung thanh_tra , kiểm_tra thuộc lĩnh_vực quản_lý nhà_nước của Bộ Công_an trên địa_bàn cấp tỉnh . 

5 . Kiến_nghị Bộ_trưởng quyết_định tạm đình_chỉ thi_hành quyết_định của cơ_quan , tổ_chức , cá_nhân thuộc quyền quản_lý trực_tiếp của Bộ Công_an khi có căn_cứ cho rằng quyết_định đó trái pháp_luật hoặc gây ảnh_hưởng đến hoạt_động thanh_tra . 

6 . Xử_phạt vi_phạm hành_chính theo quy_định của pháp_luật về xử_lý vi_phạm hành_chính . 

7 . Kiến_nghị Bộ_trưởng xem_xét trách_nhiệm , xử_lý người thuộc quyền quản_lý của Bộ_trưởng có hành_vi vi_phạm_quy_định của pháp_luật hoặc quy_định của Bộ_trưởng Bộ Công_an ;  phối_hợp với người đứng đầu_cơ_quan , tổ_chức trong việc xem_xét trách_nhiệm , xử_lý người có hành_vi vi_phạm pháp_luật thuộc quyền quản_lý của cơ_quan , tổ_chức đó ;  kiến_nghị Thủ_trưởng Công_an các đơn_vị , địa_phương xem_xét lại nội_dung liên_quan đến thanh_tra , giải_quyết khiếu_nại , tố_cáo có vi_phạm pháp_luật ;  nếu yêu_cầu trên không được thực_hiện thì báo_cáo Bộ_trưởng Bộ Công_an quyết_định . 

8 . Xem_xét_lại hoặc yêu_cầu Tổng_cục_trưởng , Thủ_trưởng Công_an các đơn_vị trực_thuộc Bộ , Giám_đốc Công_an cấp tỉnh xem_xét lại những vấn_đề về công_tác thanh_tra mà Chánh Thanh_tra Tổng_cục , Chánh Thanh_tra các đơn_vị trực_thuộc Bộ , Chánh Thanh_tra Công_an cấp tỉnh không nhất_trí với Thủ_trưởng Công_an cùng cấp ;  nếu yêu_cầu trên không được thực_hiện thì báo_cáo Bộ_trưởng Bộ Công_an quyết_định . 

9 . Kiến_nghị Bộ_trưởng Bộ Công_an giải_quyết những vấn_đề về công_tác thanh_tra ;  trường_hợp kiến_nghị đó không được chấp_nhận thì báo_cáo Tổng_Thanh_tra . 

10 .  Theo_dõi , kiểm_tra , đôn_đốc việc thực_hiện các kết_luận , kiến_nghị , quyết_định xử_lý về thanh_tra của Bộ Công_an . 

11 .  Thực_hiện nhiệm_vụ phòng , chống tham_nhũng theo quy_định của pháp_luật về phòng , chống tham_nhũng . 

12 .  Báo_cáo Bộ_trưởng , Tổng_Thanh_tra về kết_quả công_tác thanh_tra ;  giải_quyết khiếu_nại , tố_cáo ;  tiếp công_dân ;  phòng , chống tham_nhũng trong Công_an nhân_dân thuộc phạm_vi trách_nhiệm của mình . 

13 .  Thanh_tra , kiểm_tra trách_nhiệm của Thủ_trưởng cơ_quan , đơn_vị thuộc quyền quản_lý của Bộ_trưởng Bộ Công_an trong việc thực_hiện pháp_luật về thanh_tra . 

14 .  Đề_xuất cấp có thẩm_quyền bổ_nhiệm , miễn_nhiệm , cách_chức Chánh_Thanh_tra Công_an các đơn_vị , địa_phương ;  đề_nghị bổ_nhiệm , miễn_nhiệm , cách_chức Thanh_tra viên Công_an nhân_dân theo quy_định của pháp_luật và theo quy_định phân_cấp quản_lý cán_bộ của Bộ_trưởng Bộ Công_an . 

15 .  Quản_lý , lãnh_đạo , chỉ_đạo cơ_quan Thanh_tra Bộ thực_hiện nhiệm_vụ , quyền_hạn theo quy_định tại Nghị_định này và các văn_bản pháp_luật khác có liên_quan . 

Mục 2 

THANH_TRA TỔNG_CỤC ;  THANH_TRA BỘ TƯ_LỆNH CẢNH_VỆ ; 

THANH_TRA CỤC QUẢN_LÝ TRẠI_GIAM , CƠ_SỞ GIÁO_DỤC 

VÀ TRƯỜNG GIÁO_DƯỠNG 

Điều 9 .  Vị_trí , chức_năng , tổ_chức của Thanh_tra Tổng_cục 

1 . Thanh_tra Tổng_cục là đơn_vị thuộc Tổng_cục của Bộ Công_an , chịu sự chỉ_đạo trực_tiếp của Tổng_cục_trưởng và sự chỉ_đạo , hướng_dẫn về công_tác , nghiệp_vụ thanh_tra của Thanh_tra Bộ ;  có trách_nhiệm giúp Tổng_cục_trưởng quản_lý công_tác thanh_tra , giải_quyết khiếu_nại , tố_cáo , phòng , chống tham_nhũng trong nội_bộ thuộc phạm_vi Tổng_cục ;  thực_hiện nhiệm_vụ , quyền_hạn thanh_tra hành_chính đối_với đơn_vị , cá_nhân thuộc quyền quản_lý của Tổng_cục_trưởng . 

2 . Thanh_tra Tổng_cục có Chánh_Thanh_tra , Phó_Chánh Thanh_tra và Thanh_tra viên . 

Việc bổ_nhiệm , miễn_nhiệm , cách_chức Chánh_Thanh_tra Tổng_cục theo quy_định phân_cấp quản_lý cán_bộ của Bộ_trưởng Bộ Công_an trên cơ_sở đề_nghị của Tổng_cục_trưởng sau khi thống_nhất với Chánh_Thanh_tra Bộ và các đơn_vị chức_năng ;  việc bổ_nhiệm , miễn_nhiệm , cách_chức Phó_Chánh Thanh_tra Tổng_cục và Thanh_tra viên thực_hiện theo quy_định của pháp_luật . 

3 . Cơ_cấu tổ_chức và biên_chế của Thanh_tra Tổng_cục do Bộ_trưởng Bộ Công_an quy_định . 

Điều 10 .  Nhiệm_vụ , quyền_hạn của Thanh_tra Tổng_cục 

1 . Thanh_tra việc thực_hiện chính_sách , pháp_luật , nhiệm_vụ công_tác của các đơn_vị và cán_bộ , chiến_sĩ Công_an nhân_dân thuộc Tổng_cục theo chương_trình , kế_hoạch đã được phê_duyệt của Tổng_cục_trưởng , trên cơ_sở chương_trình , kế_hoạch thanh_tra hàng năm của Bộ Công_an . 

2 . Giúp Tổng_cục_trưởng thống_nhất quản_lý công_tác giải_quyết khiếu_nại , tố_cáo thuộc trách_nhiệm của Tổng_cục ;  xác_minh , kết_luận , kiến_nghị việc giải_quyết khiếu_nại và việc xử_lý tố_cáo thuộc thẩm_quyền của Tổng_cục_trưởng và tổ_chức tiếp công_dân theo quy_định của pháp_luật về khiếu_nại , tố_cáo . 

3 . Thực_hiện nhiệm_vụ phòng , chống tham_nhũng theo quy_định của pháp_luật về phòng , chống tham_nhũng . 

4 . Theo_dõi , kiểm_tra , đôn_đốc việc thực_hiện các kết_luận , kiến_nghị , quyết_định xử_lý về thanh_tra của Tổng_cục . 

5 . Giúp Tổng_cục_trưởng quản_lý , kiểm_tra , hướng_dẫn và tổ_chức bồi_dưỡng nghiệp_vụ công_tác thanh_tra cho Thủ_trưởng và cán_bộ Thanh_tra chuyên_trách hoặc kiêm_nhiệm của các đơn_vị thuộc Tổng_cục . 

6 . Tổng_kết , nghiên_cứu khoa_học ;  trao_đổi thông_tin , kinh_nghiệm về công_tác thanh_tra theo quy_định của pháp_luật . 

7 . Tổng_hợp , báo_cáo Tổng_cục_trưởng và Chánh_Thanh_tra Bộ về kết_quả công_tác thanh_tra ;  giải_quyết khiếu_nại , tố_cáo ;  tiếp công_dân ;  phòng , chống tham_nhũng thuộc phạm_vi quản_lý của Tổng_cục . 

8 . Thực_hiện nhiệm_vụ khác do Tổng_cục_trưởng hoặc Chánh_Thanh_tra Bộ giao theo quy_định của pháp_luật . 

Điều 11 .  Nhiệm_vụ , quyền_hạn của Chánh_Thanh_tra Tổng_cục 

1 . Lãnh_đạo , chỉ_đạo , hướng_dẫn , kiểm_tra công_tác thanh_tra đối_với các đơn_vị thuộc Tổng_cục . 

2 . Xây_dựng chương_trình , kế_hoạch thanh_tra hàng năm của Tổng_cục trình Tổng_cục_trưởng phê_duyệt và tổ_chức thực_hiện chương_trình , kế_hoạch đó . 

3 . Trình Tổng_cục_trưởng quyết_định thanh_tra khi phát_hiện có dấu_hiệu vi_phạm pháp_luật hoặc do yêu_cầu của công_tác phòng , chống tham_nhũng ;  quyết_định thanh_tra theo thẩm_quyền , lập Đoàn thanh_tra , cử Thanh_tra viên , trưng tập Thanh_tra viên và Cộng_tác_viên Thanh_tra Công_an nhân_dân để tiến_hành thanh_tra theo quy_định của pháp_luật . 

4 . Kiến_nghị Tổng_cục_trưởng , báo_cáo Chánh_Thanh_tra Bộ xử_lý việc chồng_chéo , trùng_lắp về chương_trình , kế_hoạch , nội_dung thanh_tra trong phạm_vi quản_lý của Tổng_cục . 

5 . Kiến_nghị Tổng_cục_trưởng hoặc báo_cáo Chánh_Thanh_tra Bộ để kiến_nghị Bộ_trưởng Bộ Công_an quyết_định tạm đình_chỉ thi_hành quyết_định của cơ_quan , tổ_chức , cá_nhân thuộc quyền quản_lý trực_tiếp của Tổng_cục_trưởng khi có căn_cứ cho rằng quyết_định đó trái pháp_luật hoặc gây ảnh_hưởng đến hoạt_động thanh_tra . 

6 . Kiến_nghị Tổng_cục_trưởng xem_xét trách_nhiệm , xử_lý người thuộc quyền quản_lý của Tổng_cục_trưởng có hành_vi vi_phạm_quy_định của pháp_luật hoặc quy_định của Bộ_trưởng Bộ Công_an ;  phối_hợp với người đứng đầu_cơ_quan , tổ_chức trong việc xem_xét trách_nhiệm , xử_lý người có hành_vi vi_phạm thuộc quyền quản_lý của cơ_quan , tổ_chức đó . 

7 . Kiến_nghị Tổng_cục_trưởng giải_quyết những vấn_đề về công_tác thanh_tra , trường_hợp kiến_nghị đó không được chấp_nhận thì báo_cáo Chánh_Thanh_tra Bộ để chỉ_đạo , giải_quyết . 

8 . Theo_dõi , kiểm_tra , đôn_đốc việc thực_hiện các kết_luận , kiến_nghị , quyết_định xử_lý về thanh_tra trong phạm_vi Tổng_cục . 

9 . Thực_hiện nhiệm_vụ phòng , chống tham_nhũng theo quy_định của pháp_luật về phòng , chống tham_nhũng . 

10 .  Báo_cáo Tổng_cục_trưởng , Chánh Thanh_tra Bộ về kết_quả công_tác thanh_tra ;  giải_quyết khiếu_nại , tố_cáo ;  tiếp công_dân ;  phòng , chống tham_nhũng trong nội_bộ Tổng_cục thuộc phạm_vi trách_nhiệm của mình . 

11 .  Đề_xuất cấp có thẩm_quyền bổ_nhiệm , miễn_nhiệm , cách_chức Phó_Chánh Thanh_tra Tổng_cục và Thanh_tra viên ở các đơn_vị thuộc Tổng_cục . 

12 .  Quản_lý , lãnh_đạo , chỉ_đạo cơ_quan Thanh_tra Tổng_cục thực_hiện nhiệm_vụ , quyền_hạn theo quy_định tại Điều 10 Nghị_định này và thực_hiện nhiệm_vụ , quyền_hạn khác theo quy_định của pháp_luật . 

Điều 12 .  Thanh_tra Bộ Tư_lệnh Cảnh_vệ ;  Thanh_tra Cục Quản_lý trại_giam , Cơ_sở giáo_dục và Trường_giáo_dưỡng 

1 . Thanh_tra Bộ Tư_lệnh Cảnh_vệ ;  Thanh_tra Cục Quản_lý trại_giam , Cơ_sở giáo_dục và Trường_giáo_dưỡng chịu sự chỉ_đạo trực_tiếp của Thủ_trưởng đơn_vị , đồng_thời chịu sự chỉ_đạo , hướng_dẫn về công_tác , nghiệp_vụ của Thanh_tra Bộ Công_an ;  có trách_nhiệm giúp Tư_lệnh , Cục_trưởng quản_lý công_tác thanh_tra , giải_quyết khiếu_nại , tố_cáo và phòng , chống tham_nhũng trong nội_bộ ;  thực_hiện nhiệm_vụ , quyền_hạn thanh_tra hành_chính đối_với đơn_vị , cá_nhân thuộc quyền quản_lý của Tư_lệnh , Cục_trưởng . 

2 . Thanh_tra Bộ Tư_lệnh Cảnh_vệ ;  Thanh_tra Cục Quản_lý trại_giam , Cơ_sở giáo_dục và Trường_giáo_dưỡng có Chánh_Thanh_tra , Phó_Chánh Thanh_tra và Thanh_tra viên . 

Việc bổ_nhiệm , miễn_nhiệm , cách_chức Chánh_Thanh_tra Bộ Tư_lệnh Cảnh_vệ ;  Chánh Thanh_tra Cục Quản_lý trại_giam , Cơ_sở giáo_dục và Trường_giáo_dưỡng thực_hiện theo quy_định phân_cấp quản_lý cán_bộ của Bộ_trưởng Bộ Công_an , trên cơ_sở đề_nghị của Tư_lệnh , Cục_trưởng sau khi thống_nhất với Chánh_Thanh_tra Bộ và các đơn_vị chức_năng ;  việc bổ_nhiệm , miễn_nhiệm , cách_chức Phó_Chánh Thanh_tra và Thanh_tra viên thực_hiện theo quy_định của pháp_luật . 

3 . Cơ_cấu tổ_chức và biên_chế của Thanh_tra Bộ Tư_lệnh Cảnh_vệ ;  Thanh_tra Cục Quản_lý trại_giam , Cơ_sở giáo_dục và Trường_giáo_dưỡng do Bộ_trưởng Bộ Công_an quy_định . 

4 . Nhiệm_vụ , quyền_hạn của Thanh_tra Bộ Tư_lệnh Cảnh_vệ ;  Thanh_tra Cục Quản_lý trại_giam , Cơ_sở giáo_dục và Trường_giáo_dưỡng được áp_dụng theo các quy_định tại Điều 10 Nghị_định này . 

Nhiệm_vụ , quyền_hạn của Chánh_Thanh_tra Bộ Tư_lệnh Cảnh_vệ ;  Chánh Thanh_tra Cục Quản_lý trại_giam , Cơ_sở giáo_dục và Trường_giáo_dưỡng được áp_dụng theo các quy_định tại Điều 11 Nghị_định này . 

Mục 3 

THANH_TRA CÔNG_AN CẤP TỈNH 

VÀ THANH_TRA CÔNG_AN CẤP HUYỆN 

Điều 13 .  Vị_trí , chức_năng , tổ_chức của Thanh_tra Công_an cấp tỉnh 

1 . Thanh_tra Công_an cấp tỉnh là cơ_quan của Công_an cấp tỉnh , chịu sự chỉ_đạo trực_tiếp của Giám_đốc Công_an cấp tỉnh , đồng_thời chịu sự chỉ_đạo , hướng_dẫn về công_tác , tổ_chức và nghiệp_vụ thanh_tra của Thanh_tra Bộ Công_an ;  có trách_nhiệm giúp Giám_đốc Công_an cấp tỉnh quản_lý công_tác thanh_tra , giải_quyết khiếu_nại , tố_cáo , phòng , chống tham_nhũng trong Công_an nhân_dân ;  thực_hiện nhiệm_vụ , quyền_hạn thanh_tra hành_chính và thanh_tra chuyên_ngành trong các lĩnh_vực thuộc phạm_vi quản_lý nhà_nước của Bộ Công_an trên địa_bàn cấp tỉnh . 

2 . Thanh_tra Công_an cấp tỉnh có Chánh_Thanh_tra , Phó_Chánh Thanh_tra và Thanh_tra viên . 

Việc bổ_nhiệm , miễn_nhiệm , cách_chức Chánh_Thanh_tra do Giám_đốc Công_an cấp tỉnh đề_nghị , Chánh Thanh_tra Bộ thống_nhất với các đơn_vị chức_năng ở Bộ trình Bộ_trưởng quyết_định . 

Việc bổ_nhiệm , miễn_nhiệm , cách_chức Phó_Chánh Thanh_tra và Thanh_tra viên thực_hiện theo quy_định của pháp_luật . 

3 . Cơ_cấu tổ_chức của Thanh_tra Công_an cấp tỉnh do Bộ_trưởng Bộ Công_an quy_định . 

Điều 14 .  Nhiệm_vụ , quyền_hạn của Thanh_tra Công_an cấp tỉnh 

1 . Thanh_tra việc thực_hiện chính_sách , pháp_luật , nhiệm_vụ công_tác của Công_an các đơn_vị , địa_phương và cán_bộ , chiến_sĩ Công_an nhân_dân thuộc quyền quản_lý của Giám_đốc Công_an cấp tỉnh . 

2 . Tổ_chức thanh_tra đối_với cơ_quan , tổ_chức và cá_nhân việc chấp_hành pháp_luật trong các lĩnh_vực thuộc phạm_vi quản_lý nhà_nước của Bộ Công_an về bảo_vệ an_ninh quốc_gia và trật_tự , an_toàn xã_hội trên địa_bàn cấp tỉnh . 

3 . Xử_phạt vi_phạm hành_chính theo quy_định của pháp_luật về xử_lý vi_phạm hành_chính . 

4 . Giúp Giám_đốc Công_an cấp tỉnh thống_nhất quản_lý công_tác giải_quyết khiếu_nại và xử_lý tố_cáo thuộc trách_nhiệm của Công_an cấp tỉnh ;  xác_minh , kết_luận , kiến_nghị việc giải_quyết khiếu_nại và việc xử_lý tố_cáo thuộc thẩm_quyền của Giám_đốc Công_an cấp tỉnh và tổ_chức tiếp công_dân theo quy_định của pháp_luật về khiếu_nại , tố_cáo . 

5 . Thực_hiện nhiệm_vụ phòng , chống tham_nhũng theo quy_định của pháp_luật về phòng , chống tham_nhũng . 

6 . Theo_dõi , kiểm_tra , đôn_đốc việc thực_hiện các kết_luận , kiến_nghị , quyết_định xử_lý về thanh_tra của Công_an cấp tỉnh . 

7 . Giúp Giám_đốc Công_an cấp tỉnh quản_lý , kiểm_tra , hướng_dẫn công_tác thanh_tra , tổ_chức bồi_dưỡng nghiệp_vụ công_tác thanh_tra cho Thủ_trưởng và cán_bộ Thanh_tra chuyên_trách , kiêm_nhiệm trong các đơn_vị thuộc Công_an cấp tỉnh . 

8 . Tổng_kết , nghiên_cứu khoa_học ;  trao_đổi thông_tin , kinh_nghiệm về công_tác thanh_tra trong Công_an cấp tỉnh theo quy_định của pháp_luật . 

9 . Tổng_hợp , báo_cáo Giám_đốc Công_an cấp tỉnh và Chánh_Thanh_tra Bộ Công_an về kết_quả công_tác thanh_tra ;  giải_quyết khiếu_nại , tố_cáo ;  tiếp công_dân ;  phòng , chống tham_nhũng thuộc phạm_vi quản_lý của Công_an cấp tỉnh . 

10 .  Thực_hiện nhiệm_vụ khác do Giám_đốc Công_an cấp tỉnh hoặc Chánh_Thanh_tra Bộ giao theo quy_định của pháp_luật . 

Điều 15 .  Nhiệm_vụ , quyền_hạn của Chánh_Thanh_tra Công_an cấp tỉnh 

1 . Lãnh_đạo , chỉ_đạo , hướng_dẫn , kiểm_tra công_tác thanh_tra của Công_an các đơn_vị , địa_phương thuộc phạm_vi quản_lý của Giám_đốc Công_an cấp tỉnh . 

2 . Xây_dựng chương_trình , kế_hoạch thanh_tra của Công_an cấp tỉnh trình Giám_đốc Công_an cấp tỉnh phê_duyệt và tổ_chức thực_hiện chương_trình , kế_hoạch đó . 

3 . Trình_Giám_đốc Công_an cấp tỉnh quyết_định thanh_tra khi phát_hiện có dấu_hiệu vi_phạm pháp_luật hoặc do yêu_cầu của công_tác phòng , chống tham_nhũng ;  quyết_định thanh_tra theo thẩm_quyền , lập Đoàn thanh_tra , cử Thanh_tra viên , trưng tập Cộng_tác_viên Thanh_tra Công_an nhân_dân để tiến_hành thanh_tra theo quy_định của pháp_luật . 

4 . Kiến_nghị Giám_đốc Công_an cấp tỉnh xử_lý việc chồng_chéo , trùng_lắp về chương_trình , kế_hoạch , nội_dung thanh_tra trong phạm_vi quản_lý của Công_an cấp tỉnh . 

5 . Kiến_nghị Giám_đốc Công_an cấp tỉnh tạm đình_chỉ thi_hành quyết_định của cơ_quan , tổ_chức , cá_nhân thuộc quyền quản_lý trực_tiếp của Giám_đốc Công_an cấp tỉnh khi có căn_cứ cho rằng quyết_định đó trái pháp_luật hoặc gây ảnh_hưởng đến hoạt_động thanh_tra . 

7 . Kiến_nghị Giám_đốc Công_an cấp tỉnh xem_xét trách_nhiệm , xử_lý người thuộc quyền quản_lý của Giám_đốc Công_an cấp tỉnh có hành_vi vi_phạm_quy_định của pháp_luật hoặc quy_định của Bộ_trưởng Bộ Công_an . 

8 . Kiến_nghị Giám_đốc Công_an cấp tỉnh giải_quyết những vấn_đề về công_tác thanh_tra , trường_hợp kiến_nghị đó không được chấp_nhận thì báo_cáo Chánh_Thanh_tra Bộ Công_an để chỉ_đạo , giải_quyết . 

9 . Theo_dõi , kiểm_tra , đôn_đốc việc thực_hiện các kết_luận , kiến_nghị , quyết_định xử_lý về thanh_tra thuộc phạm_vi Công_an cấp tỉnh . 

10 .  Thực_hiện nhiệm_vụ phòng , chống tham_nhũng theo quy_định của pháp_luật về phòng , chống tham_nhũng . 

11 .  Báo_cáo Giám_đốc Công_an cấp tỉnh , Chánh Thanh_tra Bộ Công_an về công_tác thanh_tra , giải_quyết khiếu_nại , tố_cáo ;  tiếp công_dân ;  phòng , chống tham_nhũng trong Công_an nhân_dân thuộc phạm_vi trách_nhiệm của mình . 

12 .  Đề_xuất cấp có thẩm_quyền bổ_nhiệm , miễn_nhiệm , cách_chức Phó_Chánh Thanh_tra và các chức_danh thuộc Thanh_tra Công_an cấp tỉnh , cấp huyện theo quy_định của pháp_luật và theo phân_cấp quản_lý cán_bộ của Bộ_trưởng Bộ Công_an . 

13 .  Quản_lý , lãnh_đạo , chỉ_đạo cơ_quan Thanh_tra Công_an cấp tỉnh thực_hiện nhiệm_vụ , quyền_hạn theo quy_định tại Điều 14 Nghị_định này và thực_hiện nhiệm_vụ , quyền_hạn khác theo quy_định của pháp_luật . 

Điều 16 .  Vị_trí , chức_năng , tổ_chức , nhiệm_vụ , quyền_hạn của Thanh_tra Công_an cấp huyện 

1 . Thanh_tra Công_an cấp huyện được tổ_chức dưới hình_thức Đội Thanh_tra hoặc cán_bộ Thanh_tra chuyên_trách trực_thuộc Trưởng Công_an cấp huyện , chịu sự chỉ_đạo trực_tiếp của Trưởng Công_an cấp huyện , đồng_thời chịu sự chỉ_đạo , hướng_dẫn về công_tác , nghiệp_vụ thanh_tra của Thanh_tra Công_an cấp tỉnh . 

2 . Thanh_tra Công_an cấp huyện có trách_nhiệm giúp Trưởng Công_an cấp huyện quản_lý công_tác thanh_tra ;  giải_quyết khiếu_nại , tố_cáo và phòng , chống tham_nhũng trong nội_bộ ;  thực_hiện nhiệm_vụ thanh_tra hành_chính trong phạm_vi quản_lý của Công_an cấp huyện ;  xác_minh , kết_luận , kiến_nghị việc giải_quyết khiếu_nại và việc xử_lý tố_cáo thuộc thẩm_quyền của Trưởng Công_an cấp huyện khi được giao ;  thực_hiện nhiệm_vụ phòng , chống tham_nhũng trong nội_bộ . 

3 . Bộ_trưởng Bộ Công_an quy_định việc bố_trí tổ_chức Đội Thanh_tra hoặc cán_bộ Thanh_tra chuyên_trách và quy_định cụ_thể vị_trí , chức_năng , nhiệm_vụ , quyền_hạn , bổ_nhiệm , miễn_nhiệm , cách_chức các chức_danh của Thanh_tra Công_an cấp huyện . 

Điều 17 .  Thanh_tra viên Công_an nhân_dân 

1 . Sĩ_quan Công_an nhân_dân làm nhiệm_vụ thanh_tra chuyên_trách có đủ tiêu_chuẩn theo quy_định của pháp_luật được cấp có thẩm_quyền xét để bổ_nhiệm Thanh_tra viên Công_an nhân_dân ;  việc bổ_nhiệm , miễn_nhiệm , cách_chức ;  việc cấp , đổi , thu_hồi Thẻ thanh_tra viên Công_an nhân_dân thực_hiện theo quy_định của pháp_luật . 

2 . Khi thực_hiện công_tác thanh_tra , Thanh_tra viên Công_an nhân_dân có nhiệm_vụ , quyền_hạn : 

a ) Tiến_hành thanh_tra ;  xác_minh nội_dung khiếu_nại , tố_cáo ;  tiếp công_dân ;  phòng , chống tham_nhũng và các nhiệm_vụ khác thuộc thẩm_quyền của cơ_quan Thanh_tra theo sự phân_công của Thủ_trưởng cơ_quan Thanh_tra hoặc Thủ_trưởng cơ_quan Công_an có thẩm_quyền ; 

b ) Được sử_dụng các phương_tiện , kỹ_thuật nghiệp_vụ chuyên_dùng và được tạo điều_kiện cần_thiết khác phục_vụ công_tác thanh_tra ; 

c ) Tiến_hành thanh_tra khi có quyết_định của Thủ_trưởng cơ_quan Thanh_tra Công_an nhân_dân hoặc Thủ_trưởng cơ_quan Công_an có thẩm_quyền ;  trường_hợp khẩn_cấp cần ngăn_chặn , xử_lý ngay hành_vi vi_phạm , Thanh_tra viên Công_an nhân_dân được áp_dụng các biện_pháp theo quy_định của pháp_luật để ngăn_chặn , xử_lý hành_vi vi_phạm pháp_luật , đồng_thời báo_cáo ngay với Chánh_Thanh_tra Công_an cùng cấp và chịu trách_nhiệm trước pháp_luật về biện_pháp xử_lý của mình ; 

d ) Khi tiến_hành hoạt_động thanh_tra hành_chính , Thanh_tra viên Công_an nhân_dân phải thực_hiện quy_định tại Điều 40 của <L rel="DaC"> Luật Thanh_tra </L> và các quy_định khác của pháp_luật có liên_quan ;
đ ) Khi tiến_hành hoạt_động thanh_tra chuyên_ngành , Thanh_tra viên Công_an nhân_dân phải thực_hiện quy_định tại Điều 50 của <L rel="DaC"> Luật Thanh_tra </L> và các quy_định khác của pháp_luật có liên_quan .
Điều 18 .  Cộng_tác_viên Thanh_tra Công_an nhân_dân 

1 . Cộng_tác_viên Thanh_tra Công_an nhân_dân được trưng_tập theo quy_định của pháp_luật để tham_gia Đoàn thanh_tra , phải là người có chuyên_môn , nghiệp_vụ phù_hợp với nhiệm_vụ thanh_tra , có phẩm_chất chính_trị , đạo_đức tốt , có ý_thức trách_nhiệm , trung_thực , khách_quan , công_minh . 

2 . Cộng_tác_viên Thanh_tra Công_an nhân_dân thực_hiện nhiệm_vụ theo sự phân_công của Thủ_trưởng cơ_quan Thanh_tra , Trưởng_Đoàn thanh_tra hoặc Thanh_tra viên Công_an nhân_dân ;  được kiến_nghị những vấn_đề liên_quan đến nội_dung thanh_tra trong phạm_vi , nhiệm_vụ được giao ;  báo_cáo kết_quả thực_hiện nhiệm_vụ với Trưởng_Đoàn thanh_tra và Thủ_trưởng cơ_quan Thanh_tra Công_an nhân_dân ;  chịu trách_nhiệm trước pháp_luật , Trưởng_Đoàn thanh_tra và Thủ_trưởng cơ_quan Thanh_tra về tính chính_xác , trung_thực của nội_dung báo_cáo . 

Điều 19 .  Trách_nhiệm của Thanh_tra viên , Cộng_tác_viên Thanh_tra Công_an nhân_dân 

Khi tiến_hành thanh_tra , Thanh_tra viên , Cộng_tác_viên Thanh_tra Công_an nhân_dân phải thực_hiện trách_nhiệm theo quy_định tại Điều 33 <L rel="DaC"> Luật Thanh_tra </L> .
Điều 20 .  Chế_độ , chính_sách đối_với Thanh_tra viên và Cộng_tác_viên Thanh_tra Công_an nhân_dân 

1 . Thanh_tra viên Công_an nhân_dân được hưởng chế_độ , chính_sách chung của lực_lượng Công_an nhân_dân và được hưởng quyền_lợi chung như đối_với Thanh_tra viên nhà_nước . 

Bộ_trưởng Bộ Công_an quy_định cụ_thể về : việc áp_dụng cấp_bậc hàm sĩ_quan Công_an nhân_dân và hướng_dẫn chế_độ , chính_sách đối_với Thanh_tra viên trong lực_lượng Công_an nhân_dân ;  việc bố_trí , sử_dụng , đào_tạo , bồi_dưỡng , quản_lý Thanh_tra viên Công_an nhân_dân . 

2 . Tiêu_chuẩn , chế_độ đãi_ngộ đối_với Cộng_tác_viên Thanh_tra Công_an nhân_dân thực_hiện theo quy_định của Chính_phủ . 

Điều 21 .  Phê_duyệt chương_trình , kế_hoạch thanh_tra 

1 . Bộ_trưởng Bộ Công_an phê_duyệt chương_trình , kế_hoạch thanh_tra của năm sau do Chánh Thanh_tra Bộ Công_an trình chậm nhất vào ngày 31 tháng 12 của năm trước . 

2 . Căn_cứ chương_trình , kế_hoạch thanh_tra Công_an nhân_dân đã được Bộ_trưởng phê_duyệt , Thanh_tra Công_an các đơn_vị , địa_phương xây_dựng cụ_thể chương_trình , kế_hoạch thanh_tra của đơn_vị mình , trình Thủ_trưởng Công_an cùng cấp phê_duyệt và tổ_chức thực_hiện chương_trình , kế_hoạch đó . 

3 . Trong trường_hợp cần điều_chỉnh chương_trình , kế_hoạch thanh_tra , Chánh Thanh_tra Công_an các đơn_vị , địa_phương , Đội_trưởng Thanh_tra hoặc cán_bộ Thanh_tra chuyên_trách Công_an cấp huyện có văn_bản đề_nghị Thủ_trưởng Công_an cùng cấp phê_duyệt .  Trong thời_hạn mười lăm ngày , kể từ ngày nhận được văn_bản đề_nghị , Thủ_trưởng Công_an cùng cấp có trách_nhiệm xem_xét , quyết_định , thông_báo cho cơ_quan Thanh_tra và các cơ_quan liên_quan biết . 

Điều 22 .  Hình_thức thanh_tra và căn_cứ , thẩm_quyền , nội_dung quyết_định thanh_tra 

1 . Hình_thức thanh_tra hành_chính và thanh_tra chuyên_ngành Công_an nhân_dân gồm có thanh_tra theo chương_trình , kế_hoạch và thanh_tra đột_xuất . 

2 . Việc ra quyết_định thanh_tra hành_chính , thanh_tra chuyên_ngành phải có một trong các căn_cứ sau đây : 

a ) Chương_trình , kế_hoạch thanh_tra đã được cấp có thẩm_quyền phê_duyệt ; 

b ) Yêu_cầu của Thủ_trưởng Công_an các cấp ; 

c ) Khi phát_hiện có dấu_hiệu vi_phạm pháp_luật và các quy_định thuộc phạm_vi quản_lý nhà_nước của Bộ Công_an . 

3 . Thẩm_quyền ra quyết_định thanh_tra : 

a ) Căn_cứ chương_trình , kế_hoạch thanh_tra đã được phê_duyệt , Thủ_trưởng cơ_quan Thanh_tra Công_an nhân_dân ra quyết_định thanh_tra và thành_lập Đoàn thanh_tra ;  trường_hợp cần_thiết , Thủ_trưởng cơ_quan Công_an cùng cấp ra quyết_định thanh_tra , thành_lập Đoàn thanh_tra và tổ_chức thực_hiện quyết_định thanh_tra ; 

b ) Trường_hợp phát_hiện vụ , việc vi_phạm pháp_luật cần phải thanh_tra kịp_thời , Chánh Thanh_tra Bộ Công_an , Chánh Thanh_tra Công_an cấp tỉnh ra quyết_định thanh_tra đột_xuất , đồng_thời báo_cáo ngay với Bộ_trưởng Bộ Công_an , Giám_đốc Công_an cấp tỉnh ; 

c ) Trường_hợp Chánh_Thanh_tra phân_công nhiệm_vụ cho Thanh_tra viên chuyên_ngành tiến_hành thanh_tra độc_lập thì việc phân_công phải bằng văn_bản , nêu rõ phạm_vi , nhiệm_vụ , thời_gian tiến_hành thanh_tra . 

4 . Quyết_định thanh_tra phải có các nội_dung quy_định tại Điều 37 và Điều 47 của <L rel="DaC"> Luật Thanh_tra </L> .
Điều 23 .  Thời_hạn thanh_tra 

1 . Cuộc thanh_tra hành_chính do Thanh_tra Bộ Công_an , Thanh_tra Tổng_cục thuộc Bộ Công_an tiến_hành không quá bốn mươi lăm ngày ;  trường_hợp phức_tạp có_thể gia_hạn , nhưng tổng thời_gian không quá bảy mươi ngày . 

2 . Cuộc thanh_tra hành_chính do Thanh_tra các cấp khác trong Công_an nhân_dân tiến_hành không quá ba mươi ngày ;  trường_hợp cần_thiết có_thể gia_hạn , nhưng tổng thời_gian không quá bốn mươi lăm ngày . 

3 . Cuộc thanh_tra chuyên_ngành được tổ_chức theo Đoàn thanh_tra tiến_hành không quá ba mươi ngày ;  trong trường_hợp cần_thiết có_thể gia_hạn một lần nhưng tổng thời_gian thanh_tra không quá sáu mươi ngày . 

4 . Việc gia_hạn thời_hạn thanh_tra quy_định tại các khoản 1 , 2 và 3 của Điều này do người có thẩm_quyền ra quyết_định thanh_tra quyết_định . 

5 . Thời_hạn một cuộc thanh_tra được tính từ ngày_công_bố quyết_định thanh_tra đến khi kết_thúc việc thanh_tra tại nơi được thanh_tra , không kể ngày lễ , ngày nghỉ theo quy_định của pháp_luật . 

Điều 24 .  Nhiệm_vụ , quyền_hạn và trách_nhiệm của Trưởng_Đoàn thanh_tra , thành_viên Đoàn thanh_tra 

1 . Khi thực_hiện nhiệm_vụ thanh_tra hành_chính , Trưởng_Đoàn thanh_tra Công_an nhân_dân có nhiệm_vụ , quyền_hạn , trách_nhiệm quy_định tại Điều 39 của <L rel="DaC"> Luật Thanh_tra </L> , các khoản 1 và 2 Điều 26 , các Điều 27 , 28 , 29 , 30 , 31 , 32 , 33 và Điều 34 của <NĐ rel="DaC"> Nghị_định số 41/2005/NĐ-CP ngày 25 tháng 03 năm 2005 </NĐ> của Chính_phủ quy_định chi_tiết và hướng_dẫn thi_hành một_số điều của <L rel="none"> Luật Thanh_tra </L> ( sau đây gọi tắt là <NĐ rel="DaC"> Nghị_định số 41/2005/NĐ-CP </NĐ> ) , các quy_định khác của pháp_luật có liên_quan và chịu trách_nhiệm trước người ra quyết_định thanh_tra và trước pháp_luật về mọi hành_vi , quyết_định của mình .
Khi thực_hiện nhiệm_vụ thanh_tra chuyên_ngành , Trưởng_Đoàn thanh_tra chuyên_ngành Công_an nhân_dân có nhiệm_vụ , quyền_hạn , trách_nhiệm quy_định tại các Điều 49 , 50 của <L rel="DaC"> Luật Thanh_tra </L> , các khoản 1 và 2 Điều 26 , các Điều 27 , 28 , 29 , 30 , 31 , 32 , 33 , 34 và Điều 35 của <NĐ rel="DaC"> Nghị_định số 41/2005/NĐ-CP </NĐ> , các quy_định khác của pháp_luật có liên_quan và chịu trách_nhiệm trước người ra quyết_định thanh_tra và trước pháp_luật về mọi hành_vi , quyết_định của mình .
2 . Khi thực_hiện nhiệm_vụ thanh_tra hành_chính , Thanh_tra viên Công_an nhân_dân là thành_viên Đoàn thanh_tra Công_an nhân_dân có nhiệm_vụ , quyền_hạn , trách_nhiệm quy_định tại Điều 40 của <L rel="DaC"> Luật Thanh_tra </L> , khoản 1 Điều 26 , Điều 27 và Điều 28 của <NĐ rel="DaC"> Nghị_định số 41/2005/NĐ-CP </NĐ> , các quy_định khác của pháp_luật có liên_quan và chịu trách_nhiệm trước pháp_luật về mọi hành_vi , quyết_định của mình .
Khi thực_hiện nhiệm_vụ thanh_tra chuyên_ngành , Thanh_tra viên Công_an nhân_dân là thành_viên Đoàn thanh_tra chuyên_ngành Công_an nhân_dân có nhiệm_vụ , quyền_hạn và trách_nhiệm quy_định tại Điều 50 của <L rel="DaC"> Luật Thanh_tra </L> , khoản 1 Điều 26 , Điều 27 và Điều 28 của <NĐ rel="DaC"> Nghị_định số 41/2005/NĐ-CP </NĐ> , các quy_định khác của pháp_luật có liên_quan và chịu trách_nhiệm trước người ra quyết_định thanh_tra và trước pháp_luật về mọi hành_vi , quyết_định của mình .
3 . Trong quá_trình thanh_tra , các thành_viên khác của Đoàn thanh_tra thực_hiện nhiệm_vụ , quyền_hạn và trách_nhiệm quy_định tại các điểm a , c , d , và đ khoản 1 Điều 40 của <L rel="DaC"> Luật Thanh_tra </L> và khoản 1 Điều 26 của <NĐ rel="DaC"> Nghị_định số 41/2005/NĐ-CP </NĐ> .
Điều 25 .  Hồ_sơ thanh_tra , báo_cáo kết_quả thanh_tra , kết_luận thanh_tra 

1 . Việc lập hồ_sơ thanh_tra , xây_dựng báo_cáo kết_quả thanh_tra , ra kết_luận thanh_tra , công_bố hoặc gửi kết_luận thanh_tra cho đối_tượng_thanh_tra và cơ_quan , tổ_chức , cá_nhân có liên_quan thực_hiện theo quy_định tại các Điều 41 , 43 , 51 và Điều 56 của <L rel="DaC"> Luật Thanh_tra </L> , các Điều 34 và 35 của <NĐ rel="DaC"> Nghị_định số 41/2005/NĐ-CP </NĐ> .
2 . Việc quản_lý , sử_dụng hồ_sơ nghiệp_vụ thanh_tra Công_an nhân_dân được thực_hiện theo quy_định của pháp_luật và của Bộ_trưởng Bộ Công_an về lưu_trữ . 

Điều 26 .  Nhiệm_vụ , quyền_hạn , trách_nhiệm của người ra quyết_định thanh_tra và người được ủy_quyền kết_luận thanh_tra 

1 . Người ra quyết_định thanh_tra phải thực_hiện nhiệm_vụ , quyền_hạn , trách_nhiệm quy_định tại các Điều 42 , 43 và Điều 52 của <L rel="DaC"> Luật Thanh_tra </L> , khoản 3 Điều 26 , các Điều 27 , 28 , 30 , 31 , 32 , 33 , 35 và Điều 36 của <NĐ rel="DaC"> Nghị_định số 41/2005/NĐ-CP </NĐ> , các quy_định khác của pháp_luật có liên_quan và phải chịu trách_nhiệm trước pháp_luật về mọi hành_vi , quyết_định của mình .
2 . Cuộc thanh_tra thuộc thẩm_quyền quyết_định của Bộ_trưởng Bộ Công_an , Giám_đốc Công_an cấp tỉnh khi có yêu_cầu ủy_quyền thì Chánh_Thanh_tra Bộ , Chánh Thanh_tra Công_an cấp tỉnh nơi có Đoàn thanh_tra được quyền ra kết_luận thanh_tra ;  cuộc thanh_tra có nội_dung không phức_tạp , người ra quyết_định thanh_tra là Chánh_Thanh_tra , Trưởng_Đoàn thanh_tra là Phó_Chánh Thanh_tra khi có yêu_cầu ủy_quyền thì Trưởng_Đoàn thanh_tra được ra kết_luận thanh_tra .  Việc_ủy quyền ra kết_luận thanh_tra phải bằng văn_bản . 

Người được ủy_quyền ra kết_luận thanh_tra phải chịu trách_nhiệm trước người ủy_quyền và trước pháp_luật về nội_dung kết_luận thanh_tra . 

Điều 27 .  Trách_nhiệm và quyền của cơ_quan , tổ_chức , cá_nhân có liên_quan 

1 . Cơ_quan , tổ_chức , cá_nhân có các thông_tin , tài_liệu liên_quan đến nội_dung thanh_tra phải cung_cấp đầy_đủ , kịp_thời theo yêu_cầu của cơ_quan Thanh_tra Công_an nhân_dân và chịu trách_nhiệm về tính chính_xác , trung_thực của những thông_tin , tài_liệu đã cung_cấp .  Việc cung_cấp thông_tin , tài_liệu có nội_dung thuộc bí_mật nhà_nước thực_hiện theo quy_định của pháp_luật về bảo_vệ bí_mật nhà_nước . 

2 . Người ra quyết_định thanh_tra , Trưởng_Đoàn thanh_tra , các thành_viên Đoàn thanh_tra có trách_nhiệm bảo_quản , khai_thác , sử_dụng thông_tin và tài_liệu đúng quy_định của pháp_luật . 

3 . Trường_hợp cơ_quan , tổ_chức , cá_nhân không cung_cấp hoặc cố_tình trì_hoãn , cung_cấp không đầy_đủ , không chính_xác thông_tin , tài_liệu liên_quan đến nội_dung thanh_tra thì Thanh_tra viên , Trưởng_Đoàn thanh_tra , người ra quyết_định thanh_tra được áp_dụng biện_pháp xử_lý theo thẩm_quyền hoặc kiến_nghị Thủ_trưởng cơ_quan , tổ_chức có thẩm_quyền áp_dụng biện_pháp xử_lý đối_với cơ_quan , tổ_chức , cá_nhân đó . 

4 . Cơ_quan , tổ_chức , cá_nhân liên_quan có trách_nhiệm thực_hiện yêu_cầu , kiến_nghị của Thanh_tra Công_an nhân_dân và quyết_định xử_lý về thanh_tra của Thủ_trưởng cơ_quan quản_lý cùng cấp trong Công_an nhân_dân theo quy_định của pháp_luật . 

Trong thời_hạn mười ngày , kể từ ngày nhận được yêu_cầu của Thanh_tra Công_an nhân_dân , cơ_quan , tổ_chức , cá_nhân liên_quan có trách_nhiệm áp_dụng các biện_pháp theo quy_định của pháp_luật để thực_hiện trách_nhiệm của mình được xác_định trong kết_luận , quyết_định xử_lý về thanh_tra và báo_cáo kết_quả thực_hiện với cơ_quan Thanh_tra Công_an nhân_dân đã yêu_cầu . 

5 . Cơ_quan , tổ_chức , cá_nhân có quyền và lợi_ích hợp_pháp liên_quan được quyền khiếu_nại theo quy_định của pháp_luật về khiếu_nại , tố_cáo . 

Điều 28 .  Quyền , nghĩa_vụ và trách_nhiệm của đối_tượng_thanh_tra 

1 . Đối_tượng_thanh_tra có quyền , nghĩa_vụ và trách_nhiệm theo quy_định tại khoản 1 Điều 8 và các Điều 53 , 54 của <L rel="DaC"> Luật Thanh_tra </L> và các Điều 25 , 27 , 28 , 29 , 30 , 31 , 32 , 33 , 35 , 36 , 45 và khoản 2 Điều 51 của <NĐ rel="DaC"> Nghị_định số 41/2005/NĐ-CP </NĐ> .
2 . Ngoài các quy_định tại khoản 1 Điều này , đối_tượng_thanh_tra của Thanh_tra Công_an nhân_dân có quyền , nghĩa_vụ và trách_nhiệm sau : 

a ) Cung_cấp thông_tin , tài_liệu theo yêu_cầu của Đoàn thanh_tra .  Việc cung_cấp thông_tin , tài_liệu thuộc bí_mật nhà_nước có liên_quan đến nội_dung thanh_tra thực_hiện theo quy_định của pháp_luật về bảo_vệ bí_mật nhà_nước .  Người được cung_cấp thông_tin , tài_liệu thuộc bí_mật Nhà_nước có trách_nhiệm quản_lý , sử_dụng theo quy_định của pháp_luật về bảo_vệ bí_mật nhà_nước và quy_định của Bộ_trưởng Bộ Công_an ; 

b ) Khiếu_nại , tố_cáo và giải_quyết khiếu_nại , tố_cáo về các hành_vi vi_phạm pháp_luật trong hoạt_động thanh_tra Công_an nhân_dân được thực_hiện theo quy_định tại Điều 33 Nghị_định này và các quy_định của pháp_luật có liên_quan . 

Điều 29 .  Trách_nhiệm của Bộ_trưởng Bộ Công_an và Thủ_trưởng Công_an các đơn_vị , địa_phương trong tổ_chức , chỉ_đạo hoạt_động thanh_tra Công_an nhân_dân 

1 . Trực_tiếp lãnh_đạo , chỉ_đạo hoạt_động thanh_tra , chịu trách_nhiệm trước cấp trên về công_tác thanh_tra trong phạm_vi quản_lý của mình . 

2 . Kiện_toàn tổ_chức , bổ_nhiệm hoặc đề_nghị cấp có thẩm_quyền bổ_nhiệm các chức_danh thanh_tra theo quy_định ;  bố_trí cán_bộ có năng_lực , phẩm_chất làm công_tác thanh_tra . 

3 . Chỉ_đạo việc xây_dựng và phê_duyệt chương_trình , kế_hoạch thanh_tra của cơ_quan Thanh_tra thuộc quyền quản_lý trực_tiếp . 

4 . Định_kỳ xem_xét , xử_lý báo_cáo của cơ_quan Thanh_tra thuộc quyền quản_lý và báo_cáo định_kỳ với cơ_quan quản_lý nhà_nước cấp trên về công_tác thanh_tra ;  giải_quyết kịp_thời những khó_khăn , vướng_mắc về công_tác thanh_tra ;  xử_lý việc chồng_chéo , trùng_lắp trong hoạt_động thanh_tra , kiểm_tra thuộc phạm_vi quản_lý của mình . 

5 . Trong thời_hạn mười lăm ngày , kể từ ngày có kết_luận thanh_tra , Thủ_trưởng cơ_quan Công_an phải xem_xét , xử_lý kịp_thời các kết_luận , kiến_nghị thanh_tra và có trách_nhiệm thực_hiện các quy_định tại Điều 44 <NĐ rel="DaC"> Nghị_định số 41/2005/NĐ-CP </NĐ> .
6 . Sử_dụng kết_quả thanh_tra để nâng cao hiệu_lực , hiệu_quả quản_lý nhà_nước về bảo_vệ an_ninh quốc_gia và trật_tự , an_toàn xã_hội , xây_dựng lực_lượng và các mặt công_tác khác trong Công_an nhân_dân . 

7 . Giải_quyết khiếu_nại , tố_cáo đối_với các kết_luận , quyết_định xử_lý về thanh_tra theo quy_định của pháp_luật và của Bộ_trưởng Bộ Công_an . 

8 . Đảm_bảo kinh_phí , trang_bị cơ_sở vật_chất và điều_kiện làm_việc cho cơ_quan Thanh_tra Công_an nhân_dân hoàn_thành tốt nhiệm_vụ và thực_hiện chế_độ , chính_sách đối_với Thanh_tra viên , Cộng_tác_viên Thanh_tra Công_an nhân_dân theo quy_định của pháp_luật . 

Điều 30 .  Trách_nhiệm của Thủ_trưởng cơ_quan quản_lý nhà_nước các cấp , các ngành 

Thủ_trưởng cơ_quan quản_lý nhà_nước các cấp , các ngành có trách_nhiệm thực_hiện nhiệm_vụ , quyền_hạn theo quy_định của pháp_luật và phối_hợp , tạo điều_kiện để Thanh_tra Công_an nhân_dân thực_hiện nhiệm_vụ , quyền_hạn theo quy_định của pháp_luật . 

Điều 31 .  Lập , quản_lý , sử_dụng kinh_phí hoạt_động thanh_tra Công_an nhân_dân 

1 . Kinh_phí đảm_bảo cho hoạt_động thanh_tra Công_an nhân_dân thuộc dự_toán ngân_sách nhà_nước được Bộ Công_an thông_báo hàng năm và nguồn kinh_phí khác theo quy_định của pháp_luật . Việc lập , quản_lý , sử_dụng kinh_phí thực_hiện theo <L rel="DaC"> Luật Ngân_sách nhà_nước </L> , các quy_định khác của pháp_luật có liên_quan và quy_định của Bộ_trưởng Bộ Công_an .
2 . Qua thanh_tra , trường_hợp Thanh_tra Công_an nhân_dân thu_hồi tiền , tài_sản nộp ngân_sách nhà_nước từ nguồn xử_phạt vi_phạm hành_chính và các khoản tiền bị tham_ô , chiếm_đoạt trái pháp_luật thì được trích một phần số tiền đã thu_hồi để bổ_sung kinh_phí nghiệp_vụ thanh_tra , khen_thưởng các tập_thể , cá_nhân có thành_tích xuất_sắc trong công_tác thanh_tra và được trích thưởng theo quy_định của pháp_luật . 

Điều 32 .  Việc sử_dụng con_dấu , tài_khoản của Thanh_tra Công_an nhân_dân 

1 . Thanh_tra Bộ Công_an và Thanh_tra Công_an cấp tỉnh có con_dấu và tài_khoản riêng . 

2 . Các cơ_quan Thanh_tra khác trong Công_an nhân_dân được sử_dụng con_dấu và tài_khoản của cơ_quan quản_lý cùng cấp . 

Điều 33 .  Giải_quyết khiếu_nại , tố_cáo trong hoạt_động thanh_tra Công_an nhân_dân 

1 . Người ra quyết_định thanh_tra có trách_nhiệm xem_xét , giải_quyết khiếu_nại của đối_tượng_thanh_tra đối_với quyết_định xử_lý , hành_vi của Trưởng_Đoàn thanh_tra , Thanh_tra viên và các thành_viên khác của Đoàn Thanh_tra Công_an nhân_dân trong quá_trình thanh_tra . 

2 . Thủ_trưởng cơ_quan Thanh_tra Công_an nhân_dân , Thủ_trưởng Công_an đơn_vị , địa_phương đã có kết_luận hoặc quyết_định xử_lý có trách_nhiệm xem_xét , giải_quyết khiếu_nại của đối_tượng_thanh_tra đối_với kết_luận thanh_tra , quyết_định xử_lý về thanh_tra . 

3 . Khiếu_nại kết_luận thanh_tra do người được ủy_quyền ký_kết_luận thanh_tra , thì do người ủy_quyền giải_quyết . 

4 . Trường_hợp khiếu_nại đối_với Thủ_trưởng cơ_quan Thanh_tra Công_an nhân_dân , Thủ_trưởng Công_an đơn_vị , địa_phương đã giải_quyết nhưng người khiếu_nại còn khiếu_nại thì việc giải_quyết được thực_hiện theo quy_định của pháp_luật về khiếu_nại , tố_cáo . 

5 . Việc tố_cáo đối_với hành_vi vi_phạm pháp_luật của Trưởng_Đoàn thanh_tra , Thanh_tra viên và các thành_viên khác của Đoàn Thanh_tra Công_an nhân_dân do Thủ_trưởng Công_an đơn_vị , địa_phương quản_lý trực_tiếp người đó giải_quyết .  Thủ_trưởng cơ_quan quản_lý Đoàn Thanh_tra có trách_nhiệm phối_hợp giải_quyết . 

Thủ_trưởng Công_an cấp trên trực_tiếp của người ra quyết_định thanh_tra có trách_nhiệm giải_quyết tố_cáo đối_với hành_vi vi_phạm pháp_luật của người ra quyết_định thanh_tra . 

Cơ_quan tiến_hành tố_tụng xem_xét , xử_lý , giải_quyết việc tố_cáo hành_vi có dấu_hiệu tội_phạm theo quy_định của pháp_luật về tố_tụng_hình_sự . 

6 . Việc giải_quyết khiếu_nại , tố_cáo trong hoạt_động thanh_tra Công_an nhân_dân được thực_hiện theo quy_định của pháp_luật về khiếu_nại , tố_cáo . 

Điều 34 .  Khen_thưởng và xử_lý vi_phạm 

1 . Cơ_quan , tổ_chức và cá_nhân có thành_tích trong hoạt_động thanh_tra Công_an nhân_dân được khen_thưởng theo quy_định của pháp_luật và của Bộ_trưởng Bộ Công_an . 

2 . Việc xử_lý hành_vi vi_phạm pháp_luật trong hoạt_động thanh_tra Công_an nhân_dân thực_hiện theo quy_định tại Điều 51 của <NĐ rel="DaC"> Nghị_định số 41/2005/NĐ-CP </NĐ> .
3 . Cơ_quan , tổ_chức , cá_nhân trong Công_an nhân_dân có quyết_định , hành_vi vi_phạm trong hoạt_động thanh_tra ngoài việc bị xử_lý theo khoản 2 Điều này còn bị xử_lý theo quy_định của Bộ_trưởng Bộ Công_an . 

Điều 35 .  Hiệu_lực thi_hành 

Nghị_định này có hiệu_lực thi_hành sau 15 ngày , kể từ ngày đăng Công_báo .  Bãi_bỏ những quy_định trước_đây trái với Nghị_định này . 

Điều 36 .  Trách_nhiệm thi_hành 

1 . Bộ_trưởng Bộ Công_an có trách_nhiệm hướng_dẫn thi_hành Nghị_định này . 

2 . Các Bộ_trưởng , Thủ_trưởng cơ_quan ngang Bộ , Thủ_trưởng cơ_quan thuộc Chính_phủ , Chủ_tịch Ủy_ban nhân_dân các tỉnh , thành_phố trực_thuộc Trung_ương , Thủ_trưởng các cơ_quan , đơn_vị và cá_nhân có liên_quan chịu trách_nhiệm thi_hành Nghị_định này ./. 