Nghị định Về việc sửa đổi, bổ sung một số điều của Nghị định số 16/2001/NĐ-CP ngày 02/5/2001 của Chính phủ về tổ chức và hoạt động của Công ty cho thuê tài chính

Căn_cứ <L rel="CC"> Luật Tổ_chức Chính_phủ ngày 25 tháng 12 năm 2001 </L> ;
Căn_cứ <L rel="CC"> Luật Ngân_hàng Nhà_nước Việt_Nam số 01/1997/QH10 ngày 12 tháng 12 năm 1997 </L> và <L rel="CC"> Luật sửa_đổi , bổ_sung một_số điều của <L rel="none"> Luật Ngân_hàng Nhà_nước Việt_Nam </L> số 10/2003/QH11 ngày 17 tháng 6 năm 2003 </L> ;
Căn_cứ <L rel="CC"> Luật Các tổ_chức tín_dụng số 02/1997/QH10 ngày 12 tháng 12 năm 1997 </L> và <L rel="CC"> Luật sửa_đổi , bổ_sung một_số điều của <L rel="none"> Luật Các tổ_chức tín_dụng </L> số 20/2004/QH11 ngày 15 tháng 6 năm 2004 </L> ;
Điều 1 . Sửa_đổi , bổ_sung một_số điều tại <NĐ rel="DSD"> Nghị_định số 16/2001/NĐ-CP ngày 02 tháng 5 năm 2001 </NĐ> của Chính_phủ về tổ_chức và hoạt_động của Công_ty cho thuê tài_chính như sau :
1 . Sửa_đổi khoản 2 Điều 1 như sau : 

" Một giao_dịch cho thuê tài_chính phải thỏa_mãn một trong những điều_kiện sau đây : 

a ) Khi kết_thúc thời_hạn cho thuê theo hợp_đồng , bên thuê được chuyển quyền sở_hữu tài_sản thuê hoặc được tiếp_tục thuê theo sự thỏa_thuận của hai bên ; 

b ) Khi kết_thúc thời_hạn cho thuê theo hợp_đồng , bên thuê được quyền ưu_tiên mua tài_sản thuê theo giá danh_nghĩa thấp hơn giá_trị thực_tế của tài_sản thuê tại thời_điểm mua lại ; 

c ) Thời_hạn cho thuê một loại tài_sản ít_nhất phải bằng 60 % thời_gian cần_thiết để khấu_hao tài_sản thuê ; 

d ) Tổng_số tiền thuê một loại tài_sản quy_định tại hợp_đồng cho thuê tài_chính , ít_nhất phải tương_đương với giá_trị của tài_sản đó tại thời_điểm ký hợp_đồng " . 

2 . Bổ_sung khoản 4 , khoản 5 Điều 7 như sau : 

" 4 .  Tiền thuê là giá mua các tài_sản cho thuê , các chi_phí hợp_lý và lãi cho thuê mà bên thuê phải trả cho bên cho thuê theo hợp_đồng cho thuê . 

5 . Cho thuê vận_hành là hình_thức cho thuê tài_sản , theo đó bên thuê sử_dụng tài_sản cho thuê của bên cho thuê trong một thời_gian nhất_định và sẽ trả lại tài_sản đó cho bên cho thuê khi kết_thúc thời_hạn cho thuê tài_sản .  Bên cho thuê giữ quyền sở_hữu tài_sản cho thuê và nhận tiền cho thuê theo hợp_đồng cho thuê " . 

3 . Sửa_đổi Điều 10 như sau : 

" Công_ty cho thuê tài_chính được Ngân_hàng Nhà_nước cấp giấy_phép thành_lập và hoạt_động phải nộp lệ_phí theo quy_định của pháp_luật về phí và lệ_phí " . 

4 . Bổ_sung vào khoản 3 Điều 16 như sau : 

" Trong trường_hợp mua và cho thuê lại theo hình_thức cho thuê tài_chính , Bộ Tài_chính hướng_dẫn việc nộp thuế của công_ty cho thuê tài_chính theo các quy_định của pháp_luật thuế " . 

5 . Bổ_sung khoản 7 và khoản 8 Điều 16 như sau : 

" 7 .  Được thực_hiện nghiệp_vụ cho thuê vận_hành theo quy_định của Ngân_hàng Nhà_nước Việt_Nam . 

8 . Được bán các khoản phải thu từ hợp_đồng cho thuê tài_chính cho các tổ_chức và cá_nhân theo quy_định của Ngân_hàng Nhà_nước Việt_Nam " . 

6 . Sửa_đổi Điều 19 như sau : 

" Mọi giao_dịch cho thuê tài_chính phải được đăng_ký tại Trung_tâm đăng_ký giao_dịch đảm_bảo .  Bộ Tư_pháp hướng_dẫn chi_tiết việc đăng_ký và giá_trị pháp_lý của việc đăng_ký giao_dịch cho thuê tài_chính . 

Trường_hợp tài_sản cho thuê tài_chính đã được đăng_ký giao_dịch đảm_bảo bị cơ_quan nhà_nước có thẩm_quyền thu_giữ do bên thuê vi_phạm pháp_luật , công_ty cho thuê tài_chính được phép nhận lại tài_sản cho thuê để tiếp_tục cho thuê .  Bên thuê phải chịu mọi trách_nhiệm về việc vi_phạm pháp_luật trong quá_trình sử_dụng tài_sản thuê " . 

7 . Bổ_sung vào Điều 20 như sau : 

" Công_ty cho thuê tài_chính được đăng_ký sở_hữu tài_sản cho thuê tại cơ_quan có thẩm_quyền nơi công_ty cho thuê tài_chính đặt trụ_sở chính hoặc chi_nhánh hoặc nơi bên thuê cư_trú hoặc đặt trụ_sở hoạt_động .  Bộ Công_an , Bộ Tư_pháp và Bộ Giao_thông vận_tải có trách_nhiệm hướng_dẫn thực_hiện quy_định này " . 

8 . Sửa_đổi khoản 7 Điều 23 như sau : 

" 7 .  Việc giảm lãi cho thuê , gia_hạn , điều_chỉnh thời_hạn trả tiền thuê , chuyển nợ quá hạn tiền thuê theo quy_định của Ngân_hàng Nhà_nước Việt_Nam " . 

9 . Sửa_đổi khoản 1 Điều 28 như sau : 

" Trong trường_hợp hợp_đồng cho thuê tài_chính bị chấm_dứt trước thời_hạn theo một trong các trường_hợp quy_định tại khoản 1 Điều 27 <NĐ rel="DaC"> Nghị_định số 16/2001/NĐ-CP ngày 02 tháng 5 năm 2001 </NĐ> của Chính_phủ về tổ_chức và hoạt_động của Công_ty cho thuê tài_chính , bên thuê phải thanh_toán ngay toàn_bộ số tiền cho thuê còn lại . Nếu bên thuê không thanh_toán được tiền thuê thì công_ty cho thuê tài_chính xử_lý_tài_sản cho thuê như sau :
a ) Công_ty cho thuê tài_chính có quyền thu_hồi ngay lập_tức tài_sản cho thuê mà không chờ có phán_quyết của Tòa_án và yêu_cầu bên thuê phải thanh_toán ngay toàn_bộ số tiền thuê chưa trả theo hợp_đồng .  Nghiêm_cấm mọi hành_vi cản_trở , chiếm_giữ , sử_dụng tài_sản thuê và không hoàn_trả lại tài_sản cho thuê cho bên cho thuê ; 

b ) Sau khi thu_hồi tài_sản cho thuê , trong thời_gian tối_đa là 60 ( sáu mươi ) ngày , bên cho thuê phải xử_lý xong tài_sản cho thuê .  Số tiền thu được từ việc xử_lý_tài_sản cho thuê dùng để thanh_toán khoản tiền còn thiếu của bên thuê và các chi_phí phát_sinh trong quá_trình thu_hồi tài_sản cho thuê .  Nếu số tiền thu được không đủ thanh_toán , bên thuê có trách_nhiệm thanh_toán số tiền còn thiếu đó cho bên cho thuê ; 

c ) Trường_hợp bên thuê đã hoàn_trả một phần số tiền thuê phải trả và công_ty cho thuê tài_chính đã xử_lý xong tài_sản cho thuê , nếu số tiền thu được vượt quá số tiền thuê phải trả theo hợp_đồng và các chi_phí phát_sinh trong quá_trình thu_hồi tài_sản cho thuê thì công_ty cho thuê tài_chính phải hoàn_trả cho bên thuê số tiền vượt ; 

d ) Trong thời_gian bên cho thuê xử_lý_tài_sản thuê , nếu bên thuê hoàn_trả được toàn_bộ số tiền thuê phải trả theo hợp_đồng thì bên cho thuê chuyển quyền sở_hữu tài_sản thuê cho bên thuê như trường_hợp đã hoàn_thành hợp_đồng thuê ; 

đ ) Trong thời_hạn 30 ( ba mươi ) ngày kể từ ngày bên thuê nhận được yêu_cầu thu_hồi tài_sản cho thuê của bên cho thuê , bên thuê phải có trách_nhiệm hoàn_trả tài_sản cho bên cho thuê ; 

e ) Giao Ngân_hàng Nhà_nước Việt_Nam , Bộ Công_an , Bộ Tư_pháp , chính_quyền địa_phương có liên_quan hướng_dẫn công_ty cho thuê tài_chính thu_hồi và xử_lý_tài_sản thuê " . 

10 .  Sửa_đổi Điều 37 như sau : 

" Công_ty cho thuê tài_chính không được mua , đầu_tư vào tài_sản cố_định của mình quá 50 % vốn tự có .  Các tài_sản sử_dụng cho thuê tài_chính , cho thuê vận_hành không tính vào tài_sản cố_định áp_dụng theo quy_định trên " . 

11 .  Bổ_sung khoản 3 Điều 39 như sau : 

" 3 .  Tổ_chức tín_dụng nước_ngoài của công_ty cho thuê tài_chính 100 % vốn nước_ngoài được tiến_hành kiểm_tra nội_bộ hoạt_động của công_ty cho thuê tài_chính 100 % vốn nước_ngoài tại Việt_Nam . 

Trước khi kiểm_tra nội_bộ , tổ_chức tín_dụng nước_ngoài phải thông_báo bằng văn_bản cho Ngân_hàng Nhà_nước Việt_Nam về nội_dung , thời_gian bắt_đầu và kết_thúc kiểm_tra .  Trong thời_hạn 30 ( ba mươi ) ngày , kể từ ngày kết_thúc việc kiểm_tra nội_bộ công_ty cho thuê tài_chính 100 % vốn nước_ngoài tại Việt_Nam , tổ_chức tín_dụng nước_ngoài phải gửi báo_cáo cho Ngân_hàng Nhà_nước Việt_nam về kết_quả việc kiểm_tra " . 

Điều 2 .  Sửa_đổi cụm từ " Tổng_giá_trị tài_sản thuê " tại khoản 2 Điều 30 và " Tổng_mức cho thuê tài_chính " tại điểm a khoản 2 Điều 31 thành " Tổng_dư_nợ cho thuê tài_chính " . 

Điều 3 .  Điều_khoản thi_hành 

1 . Nghị_định này có hiệu_lực thi_hành sau 15 ngày , kể từ ngày đăng Công_báo . 

2 . Ngân_hàng Nhà_nước Việt_Nam và các Bộ , ngành có liên_quan có trách_nhiệm hướng_dẫn thực_hiện Nghị_định này . 

3 . Các Bộ_trưởng , Thủ_trưởng cơ_quan ngang Bộ , Thủ_trưởng cơ_quan thuộc Chính_phủ , Chủ_tịch Ủy_ban nhân_dân các tỉnh , thành_phố trực_thuộc Trung_ương chịu trách_nhiệm thi_hành Nghị_định này ./. 