Nghị định Về tổ chức và hoạt động của Thanh tra ngân hàng

Căn_cứ <L rel="CC"> Luật Tổ_chức Chính_phủ ngày 30 tháng 9 năm 1992 </L> ;
Căn_cứ <L rel="CC"> Luật Ngân_hàng Nhà_nước Việt_Nam </L> , <L rel="CC"> Luật Các tổ_chức tín_dụng ngày 12 tháng 12 năm 1997 </L> ;
Căn_cứ <PL rel="CC"> Pháp_lệnh Thanh_tra ngày 01 tháng 4 năm 1990 </PL> ;
Điều 1 .  Thanh_tra ngân_hàng là Thanh_tra Nhà_nước chuyên_ngành về ngân_hàng , được tổ_chức thành hệ_thống thuộc bộ_máy của Ngân_hàng Nhà_nước Việt_Nam ( sau đây gọi là Ngân_hàng Nhà_nước ) và có con_dấu riêng . 

Điều 2 .  Đối_tượng của Thanh_tra ngân_hàng là : 

1 . Tổ_chức và hoạt_động của tổ_chức tín_dụng ; 

2 . Hoạt_động ngân_hàng của các tổ_chức không phải là tổ_chức tín_dụng được Ngân_hàng Nhà_nước cho phép ; 

3 . Việc thực_hiện các quy_định của pháp_luật về tiền_tệ và hoạt_động ngân_hàng của các cơ_quan , tổ_chức và cá_nhân . 

Điều 3 .  Mục_đích hoạt_động của Thanh_tra ngân_hàng là nhằm góp_phần bảo_đảm an_toàn hệ_thống các tổ_chức tín_dụng , bảo_vệ quyền và lợi_ích hợp_pháp của người gửi tiền , phục_vụ_việc thực_hiện chính_sách tiền_tệ quốc_gia . 

Điều 4 .  Nội_dung hoạt_động của Thanh_tra ngân_hàng gồm có : 

1 . Thanh_tra việc chấp_hành pháp_luật về tiền_tệ và hoạt_động ngân_hàng , việc thực_hiện các quy_định trong giấy_phép hoạt_động ngân_hàng ; 

2 . Phát_hiện , ngăn_chặn và xử_phạt vi_phạm hành_chính theo thẩm_quyền ;  kiến_nghị các cơ_quan có thẩm_quyền xử_lý vi_phạm pháp_luật về tiền_tệ và hoạt_động ngân_hàng ; 

3 . Kiến_nghị Thống_đốc Ngân_hàng Nhà_nước , Giám_đốc chi_nhánh Ngân_hàng Nhà_nước tỉnh , thành_phố và các cơ_quan , tổ_chức có thẩm_quyền khác thực_hiện các biện_pháp bảo_đảm thi_hành pháp_luật về tiền_tệ và hoạt_động ngân_hàng ; 

4 . Xác_minh , kết_luận , kiến_nghị việc giải_quyết khiếu_nại , tố_cáo theo quy_định của <L rel="DaC"> Luật Khiếu_nại , tố_cáo </L> liên_quan đến tổ_chức và hoạt_động ngân_hàng ; tham_mưu , giúp Thống_đốc Ngân_hàng Nhà_nước chỉ_đạo công_tác phòng_ngừa và đấu_tranh chống tham_nhũng trong ngành ngân_hàng .
Điều 5 .  Hoạt_động của Thanh_tra ngân_hàng chỉ tuân theo pháp_luật , bảo_đảm chính_xác , khách_quan , công_khai , dân_chủ , kịp_thời ;  không một cơ_quan , tổ_chức hoặc cá_nhân nào được can_thiệp trái pháp_luật vào hoạt_động của Thanh_tra ngân_hàng . 

Điều 6 .  Thanh_tra ngân_hàng có nhiệm_vụ và quyền_hạn sau đây : 

1 . Thực_hiện việc giám_sát thường_xuyên và tiến_hành các cuộc thanh_tra trực_tiếp về tổ_chức và hoạt_động của tổ_chức tín_dụng , về hoạt_động ngân_hàng của các tổ_chức khác , về hoạt_động ngoại_hối và kinh_doanh vàng thuộc chức_năng quản_lý nhà_nước của Ngân_hàng Nhà_nước , nhằm phát_hiện , ngăn_chặn các vi_phạm ;  kiến_nghị biện_pháp bảo_đảm thi_hành pháp_luật về tiền_tệ và hoạt_động ngân_hàng ; 

2 . Kiến_nghị Thống_đốc Ngân_hàng Nhà_nước áp_dụng các biện_pháp xử_lý sau đây : 

a ) Đặt tổ_chức tín_dụng vào tình_trạng kiểm_soát đặc_biệt ; 

b ) Đình_chỉ một_số hoạt_động ngân_hàng của tổ_chức tín_dụng và của tổ_chức khác có hoạt_động ngân_hàng ; 

c ) Thu_hồi giấy_phép thành_lập và hoạt_động ngân_hàng của tổ_chức tín_dụng ;  thu_hồi giấy_phép hoạt_động ngân_hàng của tổ_chức khác . 

3 . Xử_phạt vi_phạm hành_chính và kiến_nghị xử_phạt vi_phạm hành_chính trong lĩnh_vực tiền_tệ và hoạt_động ngân_hàng theo quy_định của pháp_luật ; 

4 . Kiến_nghị Thống_đốc Ngân_hàng Nhà_nước chấp_thuận hoặc không chấp_thuận tổ_chức kiểm_toán vào kiểm_toán tổ_chức tín_dụng ; 

5 . Được bảo_lưu_ý_kiến , nếu thủ_trưởng cơ_quan Ngân_hàng Nhà_nước cùng cấp không nhất_trí với kết_luận của Thanh_tra ngân_hàng và chịu trách_nhiệm về ý_kiến đó , đồng_thời phải báo_cáo cơ_quan Nhà_nước có thẩm_quyền theo quy_định của pháp_luật về thanh_tra ; 

6 . Thẩm_tra , xác_minh , kết_luận , kiến_nghị cấp có thẩm_quyền xử_lý các khiếu_nại , tố_cáo liên_quan đến ngành ngân_hàng ;  tham_mưu cho Thống_đốc Ngân_hàng Nhà_nước về chỉ_đạo , kiểm_tra việc phòng_ngừa và đấu_tranh chống tham_nhũng theo quy_định của pháp_luật trong ngành ngân_hàng ; 

7 . Bồi_dưỡng nghiệp_vụ thanh_tra cho cán_bộ , công_chức thuộc hệ_thống Thanh_trang ân hàng ; 

8 . Quản_lý , chỉ_đạo việc thực_hiện chương_trình , kế_hoạch và nghiệp_vụ công_tác thanh_tra trong ngành ngân_hàng ; 

9 . Thực_hiện các nhiệm_vụ và quyền_hạn theo quy_định tại Điều 8 , Điều 9 của <PL rel="DaC"> Pháp_lệnh Thanh_tra </PL> và các nhiệm_vụ khác do Thống_đốc Ngân_hàng Nhà_nước giao .
Điều 7 .  Khi tiến_hành thanh_tra , Thanh_tra ngân_hàng có những quyền_hạn sau đây : 

1 . Yêu_cầu đối_tượng bị thanh_tra và các bên có liên_quan cung_cấp tài_liệu , chứng_cứ và trả_lời những vấn_đề liên_quan đến nội_dung thanh_tra ; 

2 . Lập biên_bản thanh_tra và kiến_nghị biện_pháp giải_quyết ; 

3 . Áp_dụng biện_pháp ngăn_chặn và xử_lý vi_phạm hành_chính theo quy_định của pháp_luật ; 

4 . Thực_hiện các quyền khác theo quy_định của pháp_luật về thanh_tra . 

Điều 8 .  Khi tiến_hành thanh_tra , Thanh_tra ngân_hàng có trách_nhiệm như sau : 

1 . Xuất_trình quyết_định thanh_tra và thẻ Thanh_tra viên ; 

2 . Thực_hiện đúng trình_tự , thủ_tục thanh_tra , không gây phiền_hà , sách_nhiễu làm cản_trở hoạt_động ngân_hàng bình_thường và gây thiệt_hại đến lợi_ích hợp_pháp của tổ_chức tín_dụng và các tổ_chức khác có hoạt_động ngân_hàng ; 

3 . Báo_cáo Thống_đốc Ngân_hàng Nhà_nước về kết_quả thanh_tra và kiến_nghị biện_pháp giải_quyết ; 

4 . Tuân_thủ pháp_luật , chịu trách_nhiệm trước Thống_đốc Ngân_hàng Nhà_nước và trước pháp_luật về kết_luận thanh_tra và mọi hành_vi , quyết_định của mình . 

Điều 9 .  Hệ_thống tổ_chức Thanh_tra ngân_hàng bao_gồm : 

1 . Thanh_tra Ngân_hàng Nhà_nước ; 

2 . Thanh_tra chi_nhánh Ngân_hàng Nhà_nước tỉnh , thành_phố trực_thuộc Trung_ương ( sau đây gọi là Thanh_tra chi_nhánh Ngân_hàng Nhà_nước ) ; 

3 . Cơ_cấu tổ_chức của hệ_thống Thanh_tra ngân_hàng do Thống_đốc Ngân_hàng Nhà_nước quyết_định sau khi thống_nhất ý_kiến với Tổng_Thanh_tra Nhà_nước . 

Điều 10 .  Thanh_tra ngân_hàng chịu sự chỉ_đạo của Thống_đốc Ngân_hàng Nhà_nước trong việc thực_hiện nhiệm_vụ thanh_tra ngân_hàng trên phạm_vi cả nước . 

Điều 11 .  Các chức_vụ điều_hành hoạt_động Thanh_tra ngân_hàng gồm : 

1 . Thanh_tra Ngân_hàng Nhà_nước có Chánh_Thanh_tra , các Phó_Chánh Thanh_tra ; 

2 . Thanh_tra chi_nhánh Ngân_hàng Nhà_nước có Chánh_Thanh_tra chi_nhánh , các phó_chánh Thanh_tra chi_nhánh . 

Điều 12 .  chánh thanh_tra Ngân_hàng Nhà_nước do Thống_đốc Ngân_hàng Nhà_nước đề_nghị , tổng thanh_tra Nhà_nước trình Thủ_tướng Chính_phủ bổ_nhiệm , miễn_nhiệm . 

Việc bổ_nhiệm , miễn_nhiệm các chức_vụ khác và các ngạch Thanh_tra viên Ngân_hàng thực_hiện theo các quy_định của pháp_luật thanh_tra hiện_hành . 

Điều 13 .  chánh thanh_tra Ngân_hàng Nhà_nước có nhiệm_vụ , quyền_hạn sau đây : 

1 . Chỉ_đạo , tổ_chức thực_hiện và thực_hiện các nhiệm_vụ , quyền_hạn của Thanh_trang ân hàng quy_định tại Điều 6 của Nghị_định này ; 

2 . Quyết_định lập Đoàn Thanh_tra hoặc cử Thanh_tra viên đi thanh_tra , phúc_tra đối_với các tổ_chức tín_dụng và các tổ_chức khác có hoạt_động ngân_hàng ; 

3 . Tạm_định chỉ ( có thời_hạn ) việc thi_hành quyết_định của tổ_chức tín_dụng và của tổ_chức khác có hoạt_động ngân_hàng , nếu quyết_định đó trái <L rel="DaC"> Luật Ngân_hàng Nhàn ước Việt_Nam </L> , <L rel="DaC"> Luật Các tổ_chức tín_dụng </L> và pháp_luật về thanh_tra ; đồng_thời báo_cáo Thống_đốc Ngân_hàng Nhà_nước ;
4 . Tạm_định chỉ ( có thời_hạn ) việc thi_hành quyết_định kỷ_luật , thuyên_chuyển công_tác của Thủ_trưởng cơ_quan , đơn_vị thuộc quyền quản_lý nhà_nước trực_tiếp của thống_đốc Ngân_hàng Nhà_nước đối_với người đang cộng_tác với tổ_chức Thanh_trang ân hàng hoặc đang là đối_tượng bị thanh_tra , nếu xét thấy việc thi_hành quyết_định đó gây trở_ngại cho việc tiến_hành thanh_tra ;  nếu quyết_định nói trên là của thủ_trưởng cơ_quan , đơn_vị không do Thống_đốc Ngân_hàng Nhà_nước quản_lý trực_tiếp thì kiến_nghị cấp có thẩm_quyền quyết_định , đồng_thời báo_cáo Thống_đốc Ngân_hàng Nhà_nước ; 

5 . Cảnh_cáo , tạm đình_chỉ ( có thời_hạn ) công_tác người của cơ_quan , đơn_vị thuộc quyền quản_lý trực_tiếp của Thống_đốc Ngân_hàng Nhà_nước cố_ý cản_trở việc thanh_tra hoặc không thực_hiện yêu_cầu , kiến_nghị , quyết_định của Thanh_trang ân hàng ;  nếu người đó là thủ_trưởng cơ_quan , đơn_vị do Thống_đốc Ngân_hàng nhà_nước quản_lý trực_tiếp hoặc là người không thuộc quyền quản_lý của Thống_đốc Ngân_hàng Nhà_nước , thì kiến_nghị cấp có thẩm_quyền quyết_định , đồng_thời báo_cáo Thống_đốc Ngân_hàng Nhà_nước ; 

6 . Tạm đình_chỉ ( có thời_hạn ) công_tác người thuộc tổ_chức tín_dụng và tổ_chức khác có hoạt_động ngân_hàng , nếu có căn_cứ người đó đã vi_phạm pháp_luật về tiền_tệ và hoạt_động ngân_hàng ;  đồng_thời báo_cáo Thống_đốc Ngân_hàng Nhà_nước ; 

7 . Tạm đình_chỉ ( có thời_hạn ) những hoạt_động ngân_hàng sai_trái của tổ_chức tín_dụng và của tổ_chức khác có hoạt_động ngân_hàng , nếu có căn_cứ những hoạt_động đó đã vi_phạm pháp_luật về tiền_tệ và hoạt_động ngân_hàng ;  đồng_thời báo_cáo thống_đốc Ngân_hàng Nhà_nước . 

8 . Thực_hiện các quyền_hạn khác quy_định tại Điều 9 , Điều 14 của <PL rel="DaC"> Pháp_lệnh Thanh_tra </PL> .
Điều 14 .  chánh thanh_tra chi_nhánh Ngân_hàng Nhà_nước có nhiệm_vụ , quyền_hạn sau đây : 

1 . Tổ_chức thực_hiện chương_trình , kế_hoạch thanh_tra ngân_hàng của Thanh_tra Ngân_hàng Nhà_nước ; 

2 . Ra quyết_định hoặc đề_nghị Giám_đốc chi_nhánh Ngân_hàng Nhà_nước tỉnh , thành_phố ra quyết_định thanh_tra , kiểm_tra tổ_chức tín_dụng và tổ_chức khác có hoạt_động ngân_hàng trong phạm_vi trách_nhiệm quản_lý của chi_nhánh Ngân_hàng Nhà_nước ; 

3 . Tạm đình_chỉ ( có thời_hạn ) việc thi_hành quyết_định của tổ_chức tín_dụng và của tổ_chức khác có hoạt_động ngân_hàng , nếu quyết_định đó trái <L rel="DaC"> Luật Ngân_hàng Nhàn ước Việt_Nam </L> , <L rel="DaC"> Luật Các tổ_chức tín_dụng </L> và pháp_luật về thanh_tra ; đồng_thời báo_cáo Giám_đốc chi_nhánh Ngân_hàng Nhà_nước và Chánh_Thanh_tra Ngân_hàng Nhàn ước ;
4 . Kiến_nghị Giám_đốc chi_nhánh Ngân_hàng Nhà_nước thực_hiện các biện_pháp sau đây : 

a ) Đình_chỉ một_số hoạt_động ngân_hàng của tổ_chức tín_dụng và của tổ_chức khác có hoạt_động ngân_hàng thuộc thẩm_quyền của Giám_đốc chi_nhánh ngân_hàng Nhà_nước ; 

b ) Thu_hồi giấy_phép thành_lập và hoạt_động ngân_hàng của tổ_chức tín_dụng , thu_hồi giấy_phép hoạt_động ngân_hàng của tổ_chức khác thuộc thẩm_quyền của Giám_đốc chi_nhánh Ngân_hàng Nhà_nước . 

5 . Xử_phạt theo thẩm_quyền và kiến_nghị Giám_đốc chi_nhánh Ngân_hàng Nhà_nước xử_phạt vi_phạm hành_chính trong lĩnh_vực tiền_tệ và hoạt_động ngân_hàng theo quy_định của pháp_luật , đồng_thời báo_cáo Chánh_Thanh_tra ngân_hàng Nhà_nước ; 

6 . Tạm đình_chỉ ( có thời_hạn ) việc thi_hành quyết_định kỷ_luật , thuyên_chuyển công_tác của Thủ_trưởng cơ_quan , đơn_vị thuộc quyền quản_lý của Giám_đốc chi_nhánh ngân_hàng Nhà_nước đối_với người đang cộng_tác với tổ_chức Thanh_tra ngân_hàng hoặc đang là đối_tượng bị thanh_tra , nếu xét thấy việc thi_hành quyết_định đó gây trở_ngại cho việc tiến_hành thanh_tra ;  nếu quyết_định nói trên là của thủ_trưởng cơ_quan , đơn_vị không do Giám_đốc chi_nhánh Ngân_hàng Nhà_nước quản_lý trực_tiếp thì kiến_nghị cấp có thẩm_quyền quyết_định ;  đồng_thời báo_cáo Giám_đốc chi_nhánh Ngân_hàng Nhà_nước và Chánh_Thanh_tra Ngân_hàng Nhà_nước ; 

7 . Cảnh_cáo , tạm đình_chỉ ( có thời_hạn ) công_tác người cố_ý cản_trở việc thanh_tra hoặc không thực_hiện yêu_cầu , kiến_nghị , quyết_định của Thanh_tra ngân_hàng ;  nếu người đó là thủ_trưởng cơ_quan , đơn_vị do Giám_đốc chi_nhánh Ngân_hàng Nhàn ước quản_lý trực_tiếp hoặc là người của cơ_quan , đơn_vị không thuộc quyền quản_lý của Giám_đốc chi_nhánh Ngân_hàng Nhà_nước thì kiến_nghị cấp có thẩm_quyền quyết_định ;  đồng_thời báo_cáo Giám_đốc chi_nhánh Ngân_hàng Nhà_nước và chánh thanh_tra Ngân_hàng Nhà_nước ; 

8 . Trong quá_trình thanh_tra , được yêu_cầu tạm đình_chỉ ( có thời_hạn ) những hoạt_động ngân_hàng trái pháp_luật , đồng_thời báo_cáo Giám_đốc chi_nhánh Ngân_hàng nhà_nước và Chánh_Thanh_tra Ngân_hàng Nhà_nước ; 

9 . Thực_hiện các nhiệm_vụ , quyền_hạn quy_định tại các khoản 1 , 6 , 9 , Điều 6 Nghị_định này . 

Điều 15 .  Thanh_tra viên ngân_hàng phải đáp_ứng tiêu_chuẩn các ngạch công_chức ngành Thanh_tran hà nước theo quy_định của pháp_luật hiện_hành . 

Điều 16 .  Việc bổ_nhiệm Thanh_tra viên ngân_hàng ( cấp I ) phải từ những công_chức đã có ít_nhất ba năm làm nghiệp_vụ ngân_hàng , trong đó có một năm làm công_tác thanh_tra ngân_hàng . 

Điều 17 . Thanh_tra viên ngân_hàng khi thực_hiện nhiệm_vụ thanh_tra có nhiệm_vụ , quyền_hạn được quy_định tại <PL rel="DaC"> Pháp_lệnh Thanh_tra ngày 01 tháng 4 năm 1990 </PL> , <L rel="DaC"> Luật Ngân_hàng Nhà_nước việt Nam </L> , <L rel="DaC"> Luật Các tổ_chức tín_dụng ngày 12 tháng 12 năm 1997 </L> và Nghị_định này .
Điều 18 .  Thanh_tra viên trong hệ_thống Thanh_tra ngân_hàng được hưởng chế_độ , chính_sách đãi_ngộ và chế_độ trang_bị phương_tiện kỹ_thuật nghiệp_vụ theo quy_định của pháp_luật hiện_hành . 

Điều 19 .  Thanh_tra ngân_hàng chịu sự chỉ_đạo và hướng_dẫn về tổ_chức và nghiệp_vụ thanh_tra của Thanh_tra Nhà_nước và thực_hiện các mối quan_hệ khác với Thanh_tra Nhà_nước theo quy_định của pháp_luật về thanh_tra . 

Điều 20 .  Thanh_tra ngân_hàng trong quá_trình thanh_tra tổ_chức và hoạt_động của tổ_chức tín_dụng và hoạt_động ngân_hàng của tổ_chức khác , nếu phát_hiện có dấu_hiệu vi_phạm pháp_luật thuộc lĩnh_vực quản_lý Nhà_nước của Bộ , cơ_quan ngang Bộ , cơ_quan thuộc Chính_phủ hoặc cơ_quan , đơn_vị địa_phương nào thì Thanh_tra ngân_hàng cót rách nhiệm thông_báo cho Thanh_tra Bộ , cơ_quan ngang Bộ , cơ_quan thuộc Chính_phủ hoặc của cơ_quan , đơn_vị địa_phương đó . 

Tổ_chức Thanh_tra Bộ , cơ_quan ngang Bộ , cơ_quan thuộc Chính_phủ và các tổ_chức thanh_tra Nhà_nước ở địa_phương khi thực_hiện thanh_tra , kiểm_tra các hoạt_động thuộc lĩnh_vực quản_lý nhà_nước của mình , nếu phát_hiện có dấu_hiệu vi_phạm pháp_luật về tiền_tệ và hoạt_động ngân_hàng thì tổ_chức thanh_tra đó có trách_nhiệm thông_báo cho Thanh_tra ngân_hàng ;  nếu những vi_phạm đó có dấu_hiệu cấu_thành tội_phạm thì phải chuyển hồ_sơ cho cơ_quan điều_tra có thẩm_quyền , đồng_thời thông_báo cho Thanh_tra ngân_hàng . 

Điều 21 .  Thanh_tra ngân_hàng có trách_nhiệm phối_hợp với các cơ_quan điều_tra , Viện_Kiểm_sát nhân_dân và Tòa_án nhân_dân các cấp trong việc đấu_tranh phòng_chống tội_phạm trong lĩnh_vực tiền_tệ và hoạt_động ngân_hàng theo quy_định của pháp_luật . 

Trong quá_trình thanh_tra , nếu phát_hiện tổ_chức tín_dụng , tổ_chức khác hoạt_động ngân_hàng có dấu_hiệu cấu_thành tội_phạm , Thanh_tra ngân_hàng phải chuyển hồ_sơ cho cơ_quan điều_tra có thẩm_quyền ; 

Các cơ_quan điều_tra khi cần_thiết , phải phối_hợp với Thanh_tra ngân_hàng trong quát rình tiến_hành điều_tra các vấn_đề có liên_quan đến hoạt_động ngân_hàng của tổ_chức tín_dụng , của tổ_chức khác và của các cá_nhân . 

Điều 22 .  Thanh_tra ngân_hàng được sử_dụng cộng_tác_viên trong hoạt_động thanh_tra theo quy_định của pháp_luật về thanh_tra hiện_hành . 

Điều 23 .  Cán_bộ , công_chức , cộng_tác_viên và tổ_chức Thanh_tra ngân_hàng có thành_tích trong hoạt_động thanh_tra , được khen_thưởng theo quy_định của pháp_luật . 

Điều 24 .  Thanh_tra viên ngân_hàng có hành_vi vi_phạm các quy_định của pháp_luật , thiếu trách_nhiệm trong khi thi_hành nhiệm_vụ , bao_che cho tổ_chức , cá_nhân vi_phạm các quy_định của pháp_luật về tiền_tệ và hoạt_động ngân_hàng và các quy_định của Nghị_định này , tùy mức_độ vi_phạm , sẽ bị xử_lý kỷ_luật , hoặc bị truy_cứu trách_nhiệm hình_sự , nếu gây thiệt_hại phải bồi_thường theo quy_định của pháp_luật . 

Điều 25 .  Nghị_định này có hiệu_lực thi_hành sau 15 ngày kể từ ngày ký .  Những quy_định trước_đây trái với Nghị_định này đều bãi_bỏ . 

Điều 26 .  Thống_đốc Ngân_hàng Nhà_nước hướng_dẫn thi_hành Nghị_định này . 

Điều 27 .  các bộ_trưởng , Thủ_trưởng cơ_quan ngang Bộ , Thủ_trưởng cơ_quan thuộc Chính_phủ , Chủ_tịch Ủy_ban nhân_dân các tỉnh , thành_phố trực_thuộc Trung_ương chịu trách_nhiệm thi_hành Nghị_định này ./. 