Nghị định Về thực hiện phổ cập giáo dục trung học cơ sở

Căn_cứ <L rel="CC"> Luật Tổ_chức Chính_phủ ngày 30 tháng 9 năm 1992 </L> ;
Căn_cứ <L rel="CC"> Luật Giáo_dục ngày 02 tháng 12 năm 1998 </L> ;
Căn_cứ <NQ rel="CC"> Nghị_quyết số 41/2000/QH10 ngày 09 tháng 12 năm 2000 </NQ> của Quốc_hội khóa X , kỳ họp thứ 8 về thực_hiện phổ_cập giáo_dục trung_học cơ_sở ;
Điều 1 .  Phạm_vi điều_chỉnh 

Nghị_định này quy_định và hướng_dẫn chi_tiết thi_hành <L rel="DHD"> Luật Giáo_dục </L> và Nghị_quyết của Quốc_hội về thực_hiện phổ_cập giáo_dục trung_học cơ_sở trong giai_đoạn từ năm 2001 đến năm 2010 xác_định trách_nhiệm của cơ_quan quản_lý nhà_nước , nhà_trường và cơ_sở giáo_dục khác , gia_đình , tổ_chức và cá_nhân trong việc thực_hiện phổ_cập giáo_dục trung_học cơ_sở .
Điều 2 .  Đối_tượng phổ_cập giáo_dục trung_học cơ_sở 

Đối_tượng phổ_cập giáo_dục trung_học cơ_sở là thanh_niên , thiếu_niên Việt_Nam trong độ tuổi từ 11 đến hết 18 , đã tốt_nghiệp tiểu_học , chưa tốt_nghiệp trung_học cơ_sở . 

Điều 3 .  Giải_thích từ_ngữ 

1 . Độ tuổi phổ_cập giáo_dục trung_học cơ_sở là từ 11 tuổi đến hết 18 tuổi . 

2 . Người đạt trình_độ trung_học cơ_sở là người được cấp bằng tốt_nghiệp trung_học cơ_sở theo quy_định tại Điều 27 của <L rel="DaC"> Luật Giáo_dục </L> .
3 . Nơi cư_trú là nơi học_sinh có đăng_ký hộ_khẩu thường_trú hoặc là nơi học_sinh đã đăng_ký tạm_trú và sống thường_xuyên tại đó từ 6 tháng trở lên . 

4 . Trường trung_học cơ_sở công_lập tại nơi cư_trú của học_sinh là trường trung_học cơ_sở công_lập ở trên địa_bàn xã , phường , thị_trấn nơi học_sinh cư_trú . 

5 . Địa_bàn phụ_trách của một trường trung_học cơ_sở công_lập là khu_vực dân_cư nơi nhà_trường chịu trách_nhiệm tuyển_sinh theo quy_định của cơ_quan quản_lý giáo_dục trực_tiếp . 

6 . Xã có điều_kiện kinh_tế-xã_hội khó_khăn và đặc_biệt khó_khăn là những xã thuộc Chương_trình phát_triển kinh_tế-xã_hội các xã đặc_biệt khó_khăn miền núi và vùng_sâu , vùng_xa được Thủ_tướng Chính_phủ quy_định . 

Điều 4 .  Mục_tiêu phổ_cập giáo_dục trung_học cơ_sở 

Mục_tiêu phổ_cập giáo_dục trung_học cơ_sở là bảo_đảm cho hầu_hết thanh_niên , thiếu_niên sau khi tốt_nghiệp tiểu_học tiếp_tục học_tập để đạt trình_độ trung_học cơ_sở trước khi hết tuổi 18 , đáp_ứng yêu_cầu nâng cao dân_trí , đào_tạo nhân_lực , bồi_dưỡng nhân_tài phục_vụ sự_nghiệp công_nghiệp_hóa , hiện_đại_hóa đất_nước . 

Điều 5 .  Chương_trình giáo_dục , phương_thức giáo_dục 

1 . Chương_trình giáo_dục được áp_dụng để thực_hiện phổ_cập giáo_dục trung_học cơ_sở là chương_trình trung_học cơ_sở hoặc chương_trình bổ_túc trung_học cơ_sở do Bộ Giáo_dục và Đào_tạo ban_hành . 

2 . Phương_thức giáo_dục được áp_dụng để thực_hiện phổ_cập giáo_dục trung_học cơ_sở là phương_thức giáo_dục chính_quy hoặc phương_thức giáo_dục không chính_quy . 

3 . Việc áp_dụng chương_trình trung_học cơ_sở theo phương_thức giáo_dục chính_quy và chương_trình bổ_túc trung_học cơ_sở theo phương_thức giáo_dục không chính_quy tại các cơ_sở giáo_dục được quy_định tại Điều 10 của Nghị_định này . 

Điều 6 .  Đầu_tư cho phổ_cập giáo_dục trung_học cơ_sở 

1 . Phổ_cập giáo_dục trung_học cơ_sở là một mục_tiêu thuộc Chương_trình mục_tiêu quốc_gia về giáo_dục và đào_tạo , được đầu_tư từ ngân_sách nhà_nước . 

2 . Nhà_nước có chính_sách khuyến_khích , hỗ_trợ , tạo điều_kiện cho các cơ_sở giáo_dục ngoài công_lập thực_hiện nhiệm_vụ phổ_cập giáo_dục trung_học cơ_sở ;  khuyến_khích và tạo điều_kiện cho các tổ_chức quốc_tế , Chính_phủ các nước , người nước_ngoài , người Việt_Nam định_cư ở nước_ngoài tham_gia vào việc thực_hiện phổ_cập giáo_dục trung_học cơ_sở ở Việt_Nam theo quy_định của pháp_luật . 

Chương_II 

QUYỀN VÀ NGHĨA_VỤ CỦA ĐỐI_TƯỢNG PHỔ_CẬP GIÁO_DỤC TRUNG_HỌC CƠ_SỞ 

Điều 7 .  Quyền và nghĩa_vụ học_tập của đối_tượng phổ_cập giáo_dục trung_học cơ_sở 

1 . Học_tập để đạt trình_độ trung_học cơ_sở là quyền và nghĩa_vụ của tất_cả các đối_tượng phổ_cập giáo_dục trung_học cơ_sở . 

2 . Đối_tượng phổ_cập giáo_dục trung_học cơ_sở được học tại các trường trung_học cơ_sở tại nơi cư_trú theo hướng_dẫn của Bộ Giáo_dục và Đào_tạo . 

3 . Đối_tượng phổ_cập giáo_dục trung_học cơ_sở nếu vì hoàn_cảnh đặc_biệt khó_khăn không_thể học chương_trình trung_học cơ_sở theo phương_thức giáo_dục chính_quy thì có_thể học chương_trình bổ_túc trung_học cơ_sở theo phương_thức giáo_dục không chính_quy do trường trung_học cơ_sở , trung_tâm giáo_dục thường_xuyên , trung_tâm kỹ_thuật tổng_hợp-hướng_nghiệp , cơ_sở giáo_dục khác tổ_chức . 

Điều 8 .  Thu và miễn , giảm học_phí , cấp sách giáo_khoa và học_phẩm đối_với đối_tượng phổ_cập giáo_dục trung_học cơ_sở 

1 . Thu học_phí đối_với đối_tượng phổ_cập giáo_dục trung_học cơ_sở , trừ các đối_tượng thuộc diện được miễn theo quy_định tại khoản 2 Điều này . 

2 . Miễn , giảm học_phí và các khoản đóng_góp khác cho đối_tượng phổ_cập giáo_dục trung_học cơ_sở_thuộc diện sau : 

a ) Được hưởng chính_sách ưu_đãi theo quy_định tại <NĐ rel="DaC"> Nghị_định số 28/CP ngày 29 tháng 4 năm 1995 </NĐ> của Chính_phủ ;
b ) Được hưởng chính_sách ưu_đãi theo quy_định tại khoản 1 và khoản 2 Điều 32 , khoản 1 Điều 36 và khoản 1 Điều 38 của <NĐ rel="DaC"> Nghị_định số 43/2000/NĐ-CP ngày 30 tháng 8 năm 2000 </NĐ> của Chính_phủ ;
c ) Học theo phương_thức không chính_quy vì hoàn_cảnh kinh_tế đặc_biệt khó_khăn theo quy_định của Bộ Giáo_dục và Đào_tạo . 

3 . Cấp sách giáo_khoa và học_phẩm cho đối_tượng phổ_cập giáo_dục trung_học cơ_sở_thuộc diện sau : 

a ) Học_sinh ở các cơ_sở giáo_dục thuộc xã có điều_kiện kinh_tế-xã_hội khó_khăn và đặc_biệt khó_khăn ; 

b ) Học_sinh_học chương_trình bổ_túc trung_học cơ_sở , theo phương_thức không chính_quy vì hoàn_cảnh kinh_tế đặc_biệt khó_khăn theo quy_định của Bộ Giáo_dục và Đào_tạo . 

Điều 9 .  Phổ_cập giáo_dục trung_học cơ_sở đối_với thanh_niên , thiếu_niên Việt_Nam ở nước_ngoài và thanh_niên , thiếu_niên người nước_ngoài đang sinh_sống ở Việt_Nam 

1 . Thanh_niên , thiếu_niên Việt_Nam thuộc đối_tượng phổ_cập giáo_dục trung_học cơ_sở sống ở nước_ngoài được cha , mẹ hoặc người giám_hộ tạo điều_kiện cần_thiết và được Nhà_nước giúp_đỡ để thực_hiện phổ_cập giáo_dục trung_học cơ_sở . 

2 . Thanh_niên , thiếu_niên là người nước_ngoài đang sinh_sống ở Việt_Nam , đã tốt_nghiệp tiểu_học , có nguyện_vọng học trung_học cơ_sở ở nhà_trường Việt_Nam được phép vào học tại trường trung_học cơ_sở nơi cư_trú và được hưởng mọi quyền_lợi như học_sinh Việt_Nam . 

I 

NHÀ_TRƯỜNG , GIA_ĐÌNH VÀ XÃ_HỘI 

TRONG VIỆC THỰC_HIỆN PHỔ_CẬP GIÁO_DỤC TRUNG_HỌC CƠ_SỞ 

Điều 10 .  Trách_nhiệm của trường trung_học cơ_sở , trung_tâm giáo_dục thường_xuyên , trung_tâm kỹ_thuật tổng_hợp-hướng_nghiệp và các cơ_sở giáo_dục khác của hệ_thống giáo_dục quốc_dân 

1 . Trường trung_học cơ_sở , trung_tâm giáo_dục thường_xuyên , trung_tâm kỹ_thuật tổng_hợp-hướng_nghiệp và các cơ_sở giáo_dục khác thuộc các loại_hình công_lập , bán_công , dân_lập , tư_thục có trách_nhiệm thực_hiện phổ_cập giáo_dục trung_học cơ_sở ;  phối_hợp với chính_quyền , gia_đình , tổ_chức và cá_nhân vận_động học_sinh thuộc đối_tượng phổ_cập giáo_dục trung_học cơ_sở đến trường ;  phối_hợp chặt_chẽ giữa giáo_dục nhà_trường với giáo_dục gia_đình và giáo_dục xã_hội , xây_dựng môi_trường giáo_dục lành_mạnh . 

2 . Trường trung_học cơ_sở có trách_nhiệm : 

a ) Thực_hiện chương_trình trung_học cơ_sở theo phương_thức giáo_dục chính_quy , bảo_đảm chất_lượng và hiệu_quả giáo_dục ; 

b ) Tổ_chức thực_hiện chương_trình bổ_túc trung_học cơ_sở theo phương_thức giáo_dục không chính_quy cho đối_tượng phổ_cập giáo_dục trung_học cơ_sở không có điều_kiện học_tập theo phương_thức chính_quy , khi được cơ_quan quản_lý trực_tiếp về giáo_dục giao nhiệm_vụ ; 

c ) Tiếp_nhận , tổ_chức học_tập cho các đối_tượng phổ_cập giáo_dục trung_học cơ_sở cư_trú thường_xuyên trên địa_bàn thuộc phạm_vi trường phụ_trách ;  có_thể tiếp_nhận thêm học_sinh ngoài địa_bàn phụ_trách nhưng không vượt định_mức về số học_sinh/lớp theo quy_định của Bộ Giáo_dục và Đào_tạo . 

3 . Trung_tâm giáo_dục thường_xuyên có trách_nhiệm thực_hiện chương_trình bổ_túc trung_học cơ_sở theo phương_thức giáo_dục không chính_quy cho đối_tượng phổ_cập giáo_dục trung_học cơ_sở không có điều_kiện học tại các trường trung_học cơ_sở . 

4 . Trung_tâm kỹ_thuật tổng_hợp-hướng_nghiệp , trong phạm_vi chức_năng nhiệm_vụ được giao , có trách_nhiệm phối_hợp với trường trung_học cơ_sở , trung_tâm giáo_dục thường_xuyên thực_hiện các nhiệm_vụ quy_định ở các khoản 2 và 3 của Điều này . 

5 . Các cơ_sở giáo_dục khác có trách_nhiệm tham_gia vào việc thực_hiện phổ_cập giáo_dục trung_học cơ_sở trên địa_bàn theo yêu_cầu của chính_quyền địa_phương và cơ_quan quản_lý trực_tiếp . 

Điều 11 .  Trách_nhiệm và quyền của cha , mẹ hoặc người giám_hộ đối_với đối_tượng phổ_cập giáo_dục trung_học cơ_sở 

1 . Bảo_đảm cho con hoặc trẻ_em được giám_hộ ( sau đây gọi chung là con_em ) thuộc đối_tượng phổ_cập giáo_dục trung_học cơ_sở học_tập để đạt trình_độ trung_học cơ_sở . 

2 . Tạo mọi điều_kiện cho con_em được học_tập , rèn_luyện , tham_gia các hoạt_động của nhà_trường để phát_triển toàn_diện về đạo_đức , trí_tuệ , thể_lực , thẩm_mỹ nhằm đạt được mục_tiêu giáo_dục trung_học cơ_sở . 

3 . Đóng học_phí cho con_em theo quy_định hiện_hành , nếu thuộc diện phải đóng học_phí . 

4 . Kết_hợp với nhà_trường và đoàn_thể trong việc giáo_dục con_em , thực_hiện sự phối_hợp giáo_dục phù_hợp luật_pháp ;  làm_gương tốt cho con_em trong đời_sống gia_đình và xã_hội . 

5 . Góp_ý_kiến với nhà_trường hoặc cơ_quan quản_lý giáo_dục về việc thực_hiện chủ_trương_phổ_cập giáo_dục trung_học cơ_sở . 

6 . Tham_gia các hoạt_động của cha , mẹ do nhà_trường hoặc cơ_quan quản_lý về giáo_dục tổ_chức nhằm thực_hiện chủ_trương_phổ_cập giáo_dục trung_học cơ_sở . 

Điều 12 .  Trách_nhiệm và quyền_hạn của các tổ_chức và công_dân đối_với việc phổ_cập giáo_dục trung_học cơ_sở 

1 . Vận_động cha , mẹ bảo_đảm cho con_em trong độ tuổi phổ_cập giáo_dục trung_học cơ_sở học_tập đạt trình_độ trung_học cơ_sở . 

2 . Phối_hợp với nhà_trường , cơ_quan quản_lý giáo_dục giúp_đỡ đối_tượng phổ_cập giáo_dục trung_học cơ_sở thực_hiện phổ_cập giáo_dục trung_học cơ_sở . 

3 . Thực_hiện và vận_động các tổ_chức , cá_nhân trong nước và nước_ngoài đóng_góp tiền_của , công_sức cho nhà_trường hoặc cơ_quan quản_lý giáo_dục theo quy_định của pháp_luật để phổ_cập giáo_dục trung_học cơ_sở . 

4 . Kiểm_tra , giám_sát cơ_quan nhà_nước , nhà_trường , gia_đình , tổ_chức và cá_nhân trong việc thực_hiện chủ_trương_phổ_cập giáo_dục trung_học cơ_sở ;  khiếu_nại , tố_cáo theo quy_định của pháp_luật đối_với hành_vi ngăn_cản_phổ_cập giáo_dục trung_học cơ_sở . 

5 . Tuyên_truyền vận_động phổ_cập giáo_dục trung_học cơ_sở . 

Chương_IV 

ĐIỀU_KIỆN BẢO_ĐẢM PHỔ_CẬP GIÁO_DỤC TRUNG_HỌC CƠ_SỞ 

Điều 13 .  Tài_chính 

1 . Các nguồn tài_chính dùng để thực_hiện phổ_cập giáo_dục trung_học cơ_sở bao_gồm : ngân_sách nhà_nước ;  học_phí , tiền đóng_góp xây_dựng trường , lớp ;  các khoản tài_trợ của các tổ_chức , cá_nhân trong nước , ngoài nước và các nguồn thu hợp_pháp khác ( nếu có ) theo quy_định của pháp_luật , trong đó ngân_sách nhà_nước giữ vai_trò chủ_yếu . 

2 . Hội_đồng nhân_dân tỉnh , thành_phố trực_thuộc Trung_ương ( sau đây gọi chung là cấp tỉnh ) , căn_cứ vào khung học_phí do Thủ_tướng Chính_phủ quy_định để quy_định_mức thu học_phí và việc sử_dụng học_phí trên cơ_sở đề_nghị của Ủy_ban nhân_dân cùng cấp . 

3 . Hội_đồng nhân_dân các cấp căn_cứ vào nhu_cầu phát_triển giáo_dục , tình_hình kinh_tế và khả_năng đóng_góp của nhân_dân ở địa_phương quy_định_mức đóng_góp xây_dựng trường , lớp trên cơ_sở lấy ý_kiến nhân_dân và đề_nghị của Ủy_ban nhân_dân cùng cấp . 

Điều 14 .  Giáo_viên 

1 . Giáo_viên các trường trung_học cơ_sở , trung_tâm giáo_dục thường_xuyên , trung_tâm kỹ_thuật tổng_hợp-hướng_nghiệp và các cơ_sở giáo_dục khác tham_gia giảng_dạy tại các lớp phổ_cập trung_học cơ_sở nếu chưa đạt trình_độ chuẩn được đào_tạo theo quy_định tại điểm b khoản 1 Điều 67 của <L rel="DaC"> Luật Giáo_dục </L> thì có trách_nhiệm học_tập và được cơ_quan quản_lý giáo_dục trực_tiếp tạo điều_kiện học_tập .
2 . Giáo_viên khi tham_gia giảng_dạy tại các lớp bổ_túc giáo_dục trung_học cơ_sở dành cho đối_tượng phổ_cập giáo_dục trung_học cơ_sở không có điều_kiện học_tập theo phương_thức chính_quy được hưởng thù_lao theo quy_định của Bộ Tài_chính . 

Điều 15 .  Cơ_sở vật_chất kỹ_thuật 

1 . Bộ Giáo_dục và Đào_tạo có trách_nhiệm ban_hành tiêu_chuẩn về cơ_sở vật_chất kỹ_thuật của trường trung_học cơ_sở , trung_tâm giáo_dục thường_xuyên , trung_tâm kỹ_thuật tổng_hợp-hướng_nghiệp và chỉ_đạo , hướng_dẫn các địa_phương thực_hiện . 

2 . Các địa_phương phải bảo_đảm để các trường trung_học cơ_sở có đủ các điều_kiện về phòng học , phòng_thí_nghiệm , phòng hoặc bãi_tập_luyện thể_dục-thể_thao , thư_viện , sân_chơi theo tiêu_chuẩn do Bộ Giáo_dục và Đào_tạo ban_hành ;  tạo điều_kiện để các trung_tâm giáo_dục thường_xuyên , trung_tâm kỹ_thuật tổng_hợp-hướng_nghiệp có đủ cơ_sở vật_chất và trang_thiết_bị cần_thiết nhằm tổ_chức các hoạt_động giáo_dục không chính_quy , giáo_dục kỹ_thuật tổng_hợp và hướng_nghiệp . 

Điều 16 .  Chính_sách khuyến_khích các cơ_sở giáo_dục ngoài công_lập 

1 . Các cơ_sở giáo_dục ngoài công_lập , khi tiến_hành các hoạt_động thực_hiện phổ_cập giáo_dục trung_học cơ_sở , được ưu_tiên hưởng các chính_sách khuyến_khích về cơ_sở vật_chất , đất_đai , về thuế , phí , lệ_phí và về tín_dụng quy_định trong <NĐ rel="DaC"> Nghị_định số 73/1999/NĐ-CP ngày 19 tháng 8 năm 1999 </NĐ> của Chính_phủ về chính_sách khuyến_khích xã_hội_hóa đối_với các hoạt_động trong lĩnh_vực giáo_dục , y_tế , văn_hóa , thể_thao .
2 . Các cơ_sở giáo_dục ngoài công_lập khi thực_hiện chính_sách miễn , giảm học_phí , cấp sách giáo_khoa và học_phẩm theo quy_định tại Điều 8 của Nghị_định này được nhà_nước hỗ_trợ ngân_sách theo quy_định của Bộ Tài_chính . 

Chương_V 

TRÁCH_NHIỆM CỦA CÁC CƠ_QUAN QUẢN_LÝ NHÀ_NƯỚC TRONG VIỆC BẢO_ĐẢM THỰC_HIỆN PHỔ_CẬP GIÁO_DỤC TRUNG_HỌC CƠ_SỞ 

Điều 17 .  Trách_nhiệm của Bộ Giáo_dục và Đào_tạo 

1 . Chỉ_đạo thực_hiện phổ_cập giáo_dục trung_học cơ_sở .  Ban_hành và tổ_chức thực_hiện các văn_bản quy_phạm pháp_luật thuộc thẩm_quyền nhằm bảo_đảm điều_kiện , chất_lượng và tiến_độ thực_hiện phổ_cập giáo_dục trung_học cơ_sở . 

2 . Quy_định mục_tiêu , chương_trình giáo_dục , bảo_đảm tính thống_nhất về chuẩn trình_độ giáo_dục ;  đồng_thời có giải_pháp và phương_án vận_dụng chương_trình giáo_dục để phù_hợp điều_kiện và hoàn_cảnh học_tập của học_sinh ;  phối_hợp với các cơ_quan có liên_quan quy_định việc tổ_chức biên_soạn , duyệt , in , phát_hành và sử_dụng sách giáo_khoa trung_học cơ_sở đáp_ứng yêu_cầu phổ_cập giáo_dục trung_học cơ_sở . 

3 . Chỉ_đạo , hướng_dẫn các địa_phương thực_hiện các quy_định về chuyên_môn , nghiệp_vụ ;  về đào_tạo , bồi_dưỡng giáo_viên , cán_bộ quản_lý ;  về xây_dựng cơ_sở vật_chất kỹ_thuật nhằm bảo_đảm chất_lượng , hiệu_quả , tiến_độ phổ_cập giáo_dục trung_học cơ_sở . 

4 . Chủ_trì , phối_hợp với các ngành , các cấp , các tổ_chức chính_trị-xã_hội , tổ_chức xã_hội , tổ_chức xã_hội nghề_nghiệp , tổ_chức kinh_tế huy_động mọi nguồn_lực trong xã_hội để phục_vụ sự_nghiệp giáo_dục nói_chung và phổ_cập giáo_dục trung_học cơ_sở nói_riêng . 

5 . Chủ_trì , phối_hợp với các Bộ , ngành liên_quan và Ủy_ban nhân_dân cấp tỉnh tổ_chức kiểm_tra , thanh_tra các địa_phương và cơ_quan quản_lý giáo_dục cấp dưới trong việc thực_hiện chủ_trương_phổ_cập giáo_dục trung_học cơ_sở ;  kịp_thời phát_hiện và đề_xuất giải_pháp khắc_phục khó_khăn trong việc thực_hiện chủ_trương_phổ_cập giáo_dục trung_học cơ_sở ;  hằng năm báo_cáo tình_hình và kết_quả phổ_cập giáo_dục trung_học cơ_sở với Thủ_tướng Chính_phủ . 

6 . Đề_nghị Nhà_nước khen_thưởng các cá_nhân , tổ_chức , địa_phương có thành_tích trong sự_nghiệp phổ_cập giáo_dục trung_học cơ_sở . 

Điều 18 .  Trách_nhiệm của Bộ Kế_hoạch và Đầu_tư 

1 . Tổng_hợp kế_hoạch , cân_đối nguồn_lực , bảo_đảm tiến_độ thực_hiện phổ_cập giáo_dục trung_học cơ_sở . 

2 . Phối_hợp với Bộ Giáo_dục và Đào_tạo hướng_dẫn các địa_phương xây_dựng quy_hoạch mạng_lưới trường_học và thực_hiện kế_hoạch đầu_tư nâng_cấp trường_học phục_vụ nhu_cầu phổ_cập giáo_dục trung_học cơ_sở . 

3 . Ưu_tiên sử_dụng vốn ODA trong giai_đoạn 2001-2010 để thực_hiện mục_tiêu phổ_cập giáo_dục trung_học cơ_sở . 

Điều 19 .  Trách_nhiệm của Ban Tổ_chức-Cán_bộ Chính_phủ 

Chủ_trì , phối_hợp với Bộ Giáo_dục và Đào_tạo đổi_mới quy_định về tuyển_dụng giáo_viên vào biên_chế phù_hợp với tinh_thần cải_cách bộ_máy hành_chính và điều_kiện , hoàn_cảnh thực_tế ;  giao chỉ_tiêu biên_chế cho ngành giáo_dục bảo_đảm đủ về số_lượng , đồng_bộ về cơ_cấu , phù_hợp với việc triển_khai nhiệm_vụ từng năm_học ;  chỉ_đạo , hướng_dẫn củng_cố , tăng_cường bộ_máy quản_lý giáo_dục ở cấp tỉnh và cấp huyện . 

Điều 20 .  Trách_nhiệm của Bộ Tài_chính 

1 . Hoàn_thiện chính_sách tài_chính , kiểm_tra , thanh_tra và xử_lý vi_phạm pháp_luật về tài_chính của tổ_chức hoặc cá_nhân trong quản_lý và sử_dụng nguồn tài_chính được huy_động thực_hiện phổ_cập giáo_dục trung_học cơ_sở ;  ưu_tiên dành ngân_sách nhà_nước đầu_tư cho sự_nghiệp phổ_cập giáo_dục trung_học cơ_sở . 

2 . Ban_hành các định_mức chi ngân_sách nhà_nước cho giáo_dục_học_sinh trung_học cơ_sở theo phương_thức chính_quy , không chính_quy ;  bảo_đảm phân_bổ và cấp_phát ngân_sách kịp_thời để thực_hiện mục_tiêu phổ_cập trung_học cơ_sở . 

3 . Chủ_trì , phối_hợp với Bộ Giáo_dục và Đào_tạo , Bộ Lao_động-Thương_binh và Xã_hội , Ban Tổ_chức-Cán_bộ Chính_phủ xây_dựng chính_sách cho giáo_viên , học_sinh và cho cơ_sở giáo_dục ngoài công_lập trong sự_nghiệp phổ_cập giáo_dục trung_học cơ_sở đối_với các trường_hợp quy_định tại Điều 8 , Điều 14 và Điều 16 của Nghị_định này . 

Điều 21 .  Trách_nhiệm của Bộ Lao_động-Thương_binh và Xã_hội 

1 . Chủ_trì , phối_hợp với Bộ Giáo_dục và Đào_tạo , Bộ Tài_chính , Ủy_ban Bảo_vệ và Chăm_sóc trẻ_em Việt_Nam xây_dựng chính_sách hỗ_trợ , giúp_đỡ các trẻ_em là con liệt_sĩ , con thương_binh nặng , trẻ_em tàn_tật , trẻ_em mồ_côi không nơi nương_tựa , trẻ_em thuộc diện hộ đói_nghèo thực_hiện phổ_cập giáo_dục trung_học cơ_sở . 

2 . Củng_cố , tăng_cường , phát_triển các cơ_sở dạy nghề , phối_hợp giáo_dục nghề_nghiệp cho học_sinh trung_học cơ_sở , thu_hút một phần học_sinh tốt_nghiệp trung_học cơ_sở để đào_tạo thành những người lao_động có kỹ_năng nghề_nghiệp . 

Điều 22 .  Trách_nhiệm của Bộ Y_tế , Bộ Khoa_học , Công_nghệ và Môi_trường , Ủy_ban Thể_dục Thể_thao 

Bộ Y_tế , Bộ Khoa_học , Công_nghệ và Môi_trường , Ủy_ban Thể_dục Thể_thao có trách_nhiệm phối_hợp với Bộ Giáo_dục và Đào_tạo bảo_đảm các yêu_cầu về y_tế học_đường , giáo_dục môi_trường và giáo_dục thể_chất của các trường trung_học cơ_sở . 

Điều 23 .  Trách_nhiệm của các Bộ , ngành khác 

Các Bộ , ngành khác theo chức_năng , nhiệm_vụ của mình có trách_nhiệm tham_gia thực_hiện phổ_cập giáo_dục trung_học cơ_sở . 

Điều 24 .  Trách_nhiệm của Ủy_ban nhân_dân cấp tỉnh 

1 . Xây_dựng và cân_đối ngân_sách địa_phương , khai_thác và huy_động các nguồn_lực ngoài ngân_sách để thực_hiện kế_hoạch phổ_cập giáo_dục trung_học cơ_sở của địa_phương , thể_hiện bằng các chỉ_tiêu cụ_thể trong kế_hoạch phát_triển kinh_tế-xã_hội hằng năm , 5 năm và 10 năm của địa_phương . 

2 . Thực_hiện sự chỉ_đạo , hướng_dẫn về chuyên_môn , nghiệp_vụ của Bộ Giáo_dục và Đào_tạo ;  chỉ_đạo , hướng_dẫn , kiểm_tra ủy_ban nhân_dân huyện , quận , thành_phố , thị_xã thuộc tỉnh ( sau đây gọi chung là cấp huyện ) Ủy_ban nhân_dân xã , phường , trị trấn ( sau đây gọi chung là cấp xã ) trong việc thực_hiện các chính_sách về phổ_cập giáo_dục trung_học cơ_sở ;  bảo_đảm chất_lượng , hiệu_quả và tiến_độ phổ_cập giáo_dục trung_học cơ_sở ở địa_phương . 

3 . Đầu_tư và chỉ_đạo Ủy_ban nhân_dân cấp huyện , cấp xã tiến_hành xây_dựng , nâng_cấp trường , lớp ;  mua_sắm trang_thiết_bị cho các trường trung_học cơ_sở công_lập , bán_công ;  kiểm_tra các trường trung_học cơ_sở dân_lập , tư_thục thực_hiện đầu_tư xây_dựng cơ_sở vật_chất , kỹ_thuật nhà_trường . 

4 . Xây_dựng kế_hoạch biên_chế giáo_viên trên địa_bàn làm căn_cứ để Ban Tổ_chức-Cán_bộ Chính_phủ giao chỉ_tiêu ;  tổ_chức tuyển_dụng giáo_viên đảm_bảo đủ về số_lượng , đồng_bộ về cơ_cấu ;  tổ_chức đào_tạo , bồi_dưỡng giáo_viên . 

5 . Hàng năm , báo_cáo Bộ Giáo_dục và Đào_tạo về tình_hình thực_hiện phổ_cập giáo_dục trung_học cơ_sở trên địa_bàn tỉnh . 

Điều 25 .  Trách_nhiệm của Ủy_ban nhân_dân cấp huyện 

1 . Quản_lý các trường tiểu_học và trung_học cơ_sở_thuộc mọi loại_hình cơ_sở giáo_dục trên địa_bàn ;  bảo_đảm chất_lượng , hiệu_quả , tiến_độ phổ_cập giáo_dục trung_học cơ_sở trên địa_bàn . 

2 . Thực_hiện các quy_định về sử_dụng ngân_sách chi cho giáo_dục trong đó có phần dành cho việc thực_hiện phổ_cập giáo_dục trung_học cơ_sở ;  bảo_đảm các điều_kiện về tổ_chức , nhân_sự , tài_chính , cơ_sở vật_chất cho các trường tiểu_học và trung_học cơ_sở công_lập , bán_công theo quy_định của Nhà_nước . 

3 . Bảo_đảm việc thực_hiện các chính_sách , chế_độ đối_với giáo_viên , cán_bộ quản_lý giáo_dục và học_sinh theo quy_định của Nhà_nước , tạo điều_kiện thuận_lợi và có biện_pháp cải_thiện đời_sống của giáo_viên và cán_bộ quản_lý giáo_dục bằng các chính_sách đãi_ngộ của địa_phương . 

4 . Vận_động các tổ_chức , cá_nhân trong nước và nước_ngoài tham_gia đóng_góp cho sự_nghiệp phổ_cập giáo_dục trung_học cơ_sở . 

Điều 26 .  Trách_nhiệm của Ủy_ban nhân_dân cấp xã 

1 . Theo_dõi việc học_tập của đối_tượng phổ_cập giáo_dục tiểu_học và phổ_cập giáo_dục trung_học cơ_sở trên địa_bàn ;  phối_hợp với tổ_chức đoàn_thể xã_hội trên địa_bàn tuyên_truyền , vận_động , giúp_đỡ và tạo điều_kiện thuận_lợi để các gia_đình cho con_em trong độ tuổi phổ_cập giáo_dục trung_học cơ_sở được đi học để đạt trình_độ trung_học cơ_sở . 

2 . Phối_hợp với trường trung_học cơ_sở , trung_tâm giáo_dục thường_xuyên , trung_tâm kỹ_thuật tổng_hợp-hướng_nghiệp và các cơ_sở giáo_dục khác thuộc hệ_thống giáo_dục quốc dân trên địa_bàn tổ_chức các hình_thức học_tập thích_hợp giúp đối_tượng phổ_cập giáo_dục trung_học cơ_sở không có điều_kiện học_tập theo phương_thức chính_quy được học_tập theo phương_thức không chính_quy để đạt trình_độ trung_học cơ_sở . 

3 . Vận_động nhân_dân đóng_góp tiền_của , công_sức xây_dựng , tu_tạo , bảo_vệ các công_trình giáo_dục trên địa_bàn ;  phối_hợp với nhà_trường và các đoàn_thể xây_dựng môi_trường giáo_dục lành_mạnh ;  giúp_đỡ , tạo điều_kiện thuận_lợi để nhà_giáo và cán_bộ quản_lý giáo_dục hoàn_thành nhiệm_vụ . 

I 

CÔNG_NHẬN ĐẠT CHUẨN PHỔ_CẬP GIÁO_DỤC TRUNG_HỌC CƠ_SỞ 

Điều 27 .  Đơn_vị được công_nhận đạt chuẩn_phổ_cập giáo_dục trung_học cơ_sở 

1 . Đối_với cấp xã : 

a ) Duy_trì , củng_cố kết_quả phổ_cập giáo_dục tiểu_học : số trẻ_em 6 tuổi đi học lớp 1 đạt tỷ_lệ từ 90 % trở lên ;  có ít_nhất 80 % số trẻ_em ở độ tuổi 11 đến 14 tốt_nghiệp tiểu_học , số trẻ_em còn lại trong độ tuổi này đang học tiểu_học ; 

Đối_với vùng có điều_kiện kinh_tế xã_hội khó_khăn và đặc_biệt khó_khăn huy_động số trẻ_em 6 tuổi đi học lớp 1 đạt tỷ_lệ từ 80 % trở lên và có ít_nhất 70 % số trẻ_em ở độ tuổi 11 đến 14 tốt_nghiệp tiểu_học , số trẻ_em còn lại trong độ tuổi này đang học tiểu_học ; 

b ) Hằng năm , huy_động số học_sinh tốt_nghiệp tiểu_học vào trung_học cơ_sở đạt tỷ_lệ từ 95 % trở lên ;  ở những xã có điều_kiện kinh_tế-xã_hội khó_khăn và đặc_biệt khó_khăn từ 80 % trở lên ; 

c ) Bảo_đảm tỷ_lệ thanh , thiếu_niên trong độ tuổi từ 15 đến 18 tốt_nghiệp trung_học cơ_sở từ 80 % trở lên ;  ở những xã có điều_kiện kinh_tế-xã_hội khó_khăn và đặc_biệt khó_khăn từ 70 % trở lên ; 

d ) Hằng năm , bảo_đảm tỷ_lệ học_sinh tốt_nghiệp trung_học cơ_sở từ 90 % trở lên ;  ở những xã có điều_kiện kinh_tế-xã_hội khó_khăn và đặc_biệt khó_khăn từ 75 % trở lên . 

2 . Đối_với cấp huyện : ít_nhất có 90 % xã , phường , thị_trấn đạt chuẩn_phổ_cập giáo_dục trung_học cơ_sở . 

3 . Đối_với cấp tỉnh : có tất_cả các quận , huyện , thị_xã , thành_phố thuộc tỉnh đạt chuẩn_phổ_cập giáo_dục trung_học cơ_sở . 

Điều 28 .  Thẩm_quyền công_nhận đạt chuẩn_phổ_cập giáo_dục trung_học cơ_sở và trách_nhiệm của đơn_vị đạt chuẩn 

1 . Bộ Giáo_dục và Đào_tạo chủ_trì kiểm_tra và ra quyết_định công_nhận đạt chuẩn_phổ_cập giáo_dục trung_học cơ_sở đối_với cấp tỉnh . 

Ủy_ban nhân_dân cấp tỉnh kiểm_tra và ra quyết_định công_nhận đạt chuẩn_phổ_cập giáo_dục trung_học cơ_sở đối_với cấp huyện . 

Ủy_ban nhân_dân cấp huyện kiểm_tra và ra quyết_định công_nhận đạt chuẩn_phổ_cập giáo_dục trung_học cơ_sở đối_với cấp xã . 

2 . Thành_phần tham_gia kiểm_tra ở từng cấp bao_gồm đơn_vị chủ_trì được quy_định tại khoản 1 Điều này và đại_diện của các cơ_quan nhà_nước , tổ_chức chính_trị , tổ_chức chính_trị xã_hội cùng cấp . 

3 . Đối_với những đơn_vị đã được công_nhận đạt chuẩn_phổ_cập giáo_dục trung_học cơ_sở , Ủy_ban nhân_dân các cấp có trách_nhiệm củng_cố , duy_trì , hoàn_thiện kết_quả thực_hiện phổ_cập giáo_dục trung_học cơ_sở ;  thực_hiện chủ_trương phân_luồng học_sinh sau trung_học cơ_sở .  Hằng năm , Ủy_ban nhân_dân cấp tỉnh có trách_nhiệm kiểm_tra việc duy_trì kết_quả phổ_cập giáo_dục trung_học cơ_sở trên địa_bàn , báo_cáo Bộ Giáo_dục và Đào_tạo để tổng_hợp báo_cáo Thủ_tướng Chính_phủ . 

I 

KHEN_THƯỞNG VÀ XỬ_LÝ VI_PHẠM 

Điều 29 .  Khen_thưởng đối_với tổ_chức , cá_nhân có thành_tích về phổ_cập giáo_dục trung_học cơ_sở 

Tổ_chức , cá_nhân có thành_tích đóng_góp vào sự_nghiệp phổ_cập giáo_dục trung_học cơ_sở được khen_thưởng theo quy_định của pháp_luật về khen_thưởng . 

Điều 30 .  Xử_lý vi_phạm 

Người nào có hành_vi gây khó_khăn , cản_trở việc phổ_cập giáo_dục trung_học cơ_sở thì tùy theo tính_chất , mức_độ vi_phạm mà bị xử_lý kỷ_luật , xử_phạt vi_phạm hành_chính hoặc bị truy_cứu trách_nhiệm hình_sự ;  nếu gây thiệt_hại thì phải bồi_thường theo quy_định của pháp_luật . 

I 

ĐIỀU_KHOẢN THI_HÀNH 

Điều 31 .  Điều_khoản thi_hành 

1 . Nghị_định này có hiệu_lực thi_hành sau 15 ngày , kể từ ngày ký .  Các quy_định trước_đây trái với Nghị_định này đều bãi_bỏ . 

2 . Các Bộ_trưởng , Thủ_trưởng cơ_quan ngang Bộ , Thủ_trưởng cơ_quan thuộc Chính_phủ , Chủ_tịch Ủy_ban nhân_dân các tỉnh , thành_phố trực_thuộc Trung_ương chịu trách_nhiệm thi_hành Nghị_định này ./. 