Nghị định Quy định chi tiết thi hành một số điều của Luật khoa học và Công nghệ

Căn_cứ <L rel="CC"> Luật Tổ_chức Chính_phủ ngày 25 tháng 12 năm 2001 </L> ;
Căn_cứ <L rel="CC"> Luật_Khoa_học và Công_nghệ ngày 09 tháng 06 năm 2000 </L> ;
Điều 1 .  Phạm_vi điều_chỉnh 

Nghị_định này quy_định chi_tiết thi_hành một_số điều của <L rel="DHD"> Luật_Khoa_học và Công_nghệ </L> về tổ_chức khoa_học và công_nghệ ; cá_nhân hoạt_động khoa_học và công_nghệ ; tổ_chức thực_hiện nhiệm_vụ khoa_học và công_nghệ ; ứng_dụng kết_quả nghiên_cứu khoa_học và phát_triển công_nghệ ; một_số biện_pháp bảo_đảm phát_triển khoa_học và công_nghệ ; hợp_tác quốc_tế về khoa_học và công_nghệ ; quản_lý nhà_nước về khoa_học và công_nghệ .
Điều 2 .  Đối_tượng áp_dụng 

1 . Nghị_định này áp_dụng đối_với tổ_chức , cá_nhân Việt_Nam hoạt_động khoa_học và công_nghệ trong các lĩnh_vực khoa_học tự_nhiên , khoa_học xã_hội và nhân_văn , khoa_học kỹ_thuật và công_nghệ . 

2 . Nghị_định này áp_dụng đối_với tổ_chức , cá_nhân nước_ngoài , người Việt_Nam định_cư ở nước_ngoài hoạt_động khoa_học và công_nghệ trên lãnh_thổ Cộng_hòa xã_hội chủ_nghĩa Việt_Nam .  Trong trường_hợp điều_ước quốc_tế mà Cộng_hòa xã_hội chủ_nghĩa Việt_Nam ký_kết hoặc tham_gia có quy_định khác với quy_định của Nghị_định này thì áp_dụng quy_định của điều_ước quốc_tế đó . 

Điều 3 .  Quy_hoạch hệ_thống tổ_chức khoa_học và công_nghệ 

1 . Bộ Khoa_học và Công_nghệ căn_cứ vào nhiệm_vụ phát_triển kinh_tế-xã_hội , bảo_đảm an_ninh , quốc_phòng và kế_hoạch phát_triển khoa_học và công_nghệ của từng thời_kỳ , xây_dựng quy_hoạch hệ_thống tổ_chức nghiên_cứu và phát_triển trong cả nước trình Chính_phủ quyết_định . 

2 . Tổ_chức nghiên_cứu và phát_triển được thành_lập theo quy_định tại Điều 10 và Điều 11 của <L rel="DaC"> Luật_Khoa_học và Công_nghệ </L> , được chọn tên gọi , nhưng phải bảo_đảm tên gọi phù_hợp với hình_thức tổ_chức , chức_năng , lĩnh_vực hoạt_động chủ_yếu của tổ_chức đó . Bộ Khoa_học và Công_nghệ quy_định cụ_thể về tên gọi của từng loại tổ_chức nghiên_cứu và phát_triển .
3 . Tổ_chức , cá_nhân thành_lập tổ_chức dịch_vụ khoa_học và công_nghệ theo quy_định tại Điều 13 của <L rel="DaC"> Luật_Khoa_học và Công_nghệ </L> dưới hình_thức tổ_chức dịch_vụ công hoặc doanh_nghiệp dịch_vụ khoa_học và công_nghệ theo <L rel="DaC"> Luật_Doanh_nghiệp </L> .
Điều 4 .  Điều_kiện thành_lập tổ_chức nghiên_cứu và phát_triển , tổ_chức dịch_vụ khoa_học và công_nghệ 

1 . Có mục_tiêu , phương_hướng hoạt_động phù_hợp với quy_định của pháp_luật ; 

2 . Có Điều_lệ tổ_chức và hoạt_động ; 

3 . Có đủ số_lượng , cơ_cấu trình_độ cần_thiết về nhân_lực khoa_học và công_nghệ , kể_cả nhân_lực kiêm_nhiệm ;  có trụ_sở , cơ_sở vật_chất-kỹ_thuật đủ khả_năng triển_khai hoạt_động khoa_học và công_nghệ phù_hợp với Điều_lệ của tổ_chức đó . 

Bộ Khoa_học và Công_nghệ quy_định cụ_thể những điều_kiện thành_lập cho từng loại_hình tổ_chức nghiên_cứu và phát_triển , tổ_chức dịch_vụ khoa_học và công_nghệ . 

Điều 5 .  Thẩm_quyền thành_lập , sáp_nhập , chia tách , giải_thể tổ_chức nghiên_cứu và phát_triển 

1 . Chính_phủ thành_lập tổ_chức nghiên_cứu và phát_triển cấp quốc_gia . 

2 . Thủ_tướng Chính_phủ quyết_định hoặc ủy_quyền cho Bộ_trưởng , Chủ_tịch Ủy_ban nhân_dân tỉnh , thành_phố trực_thuộc Trung_ương quyết_định thành_lập tổ_chức nghiên_cứu và phát_triển cấp_bộ , cấp tỉnh . 

3 . Việc thành_lập tổ_chức nghiên_cứu và phát_triển trong hệ_thống của Quốc_hội , Tòa_án nhân_dân tối_cao , Viện_Kiểm_sát nhân_dân tối_cao thực_hiện theo <L rel="DaC"> Luật Tổ_chức Quốc_hội </L> , <L rel="DaC"> Luật Tổ_chức Tòa_án nhân_dân </L> , <L rel="DaC"> Luật Tổ_chức Viện_Kiểm_sát nhân_dân </L> .
4 . Tổ_chức chính_trị , tổ_chức chính_trị-xã_hội ở Trung_ương quyết_định thành_lập tổ_chức nghiên_cứu và phát_triển phù_hợp với Điều_lệ của tổ_chức mình . 

5 . Bộ_trưởng , Thủ_trưởng cơ_quan ngang bộ , cơ_quan thuộc Chính_phủ , Chủ_tịch Ủy_ban nhân_dân tỉnh , thành_phố trực_thuộc Trung_ương quyết_định thành_lập tổ_chức nghiên_cứu và phát_triển cấp cơ_sở . 

6 . Người đứng đầu tổ_chức nghiên_cứu và phát_triển cấp_bộ , cấp tỉnh , tổ_chức nghiên_cứu và phát_triển của tổ_chức chính_trị , tổ_chức chính_trị-xã_hội ở Trung_ương ;  doanh_nghiệp , trường đại_học , bệnh_viện của Nhà_nước được quyết_định thành_lập tổ_chức nghiên_cứu và phát_triển cấp cơ_sở sau khi có sự chấp_thuận của cấp trên quản_lý trực_tiếp . 

7 . Tổ_chức chính_trị , tổ_chức chính_trị-xã_hội không thuộc quy_định tại khoản 4 của Điều này , tổ_chức xã_hội , tổ_chức xã_hội-nghề_nghiệp , tổ_chức , cá_nhân được thành_lập tổ_chức nghiên_cứu và phát_triển cấp cơ_sở theo quy_định của Nghị_định này . 

8 . Người có thẩm_quyền thành_lập tổ_chức nghiên_cứu và phát_triển có quyền quyết_định sáp_nhập , chia tách , giải_thể tổ_chức nghiên_cứu và phát_triển đó . 

Điều 6 .  Đăng_ký hoạt_động của tổ_chức nghiên_cứu và phát_triển , tổ_chức dịch_vụ khoa_học và công_nghệ 

1 . Tổ_chức nghiên_cứu và phát_triển , tổ_chức dịch_vụ khoa_học và công_nghệ phải đăng_ký hoạt_động và chỉ được tiến_hành các hoạt_động khoa_học và công_nghệ sau khi đã được đăng_ký .  Sau 12 tháng kể từ ngày được đăng_ký , nếu tổ_chức không hoạt_động thì đăng_ký hết hiệu_lực .  Trong quá_trình hoạt_động , nếu có sự thay_đổi về lĩnh_vực hoạt_động thì phải làm thủ_tục đăng_ký bổ_sung . 

2 . Việc đăng_ký hoạt_động của các tổ_chức nghiên_cứu và phát_triển , tổ_chức dịch_vụ khoa_học và công_nghệ được quy_định như sau : 

a ) Các tổ_chức nghiên_cứu và phát_triển quy_định tại khoản 1 , 2 , 3 và 4 Điều 5 của Nghị_định này và tổ_chức nghiên_cứu và phát_triển có vốn của nước_ngoài đăng_ký hoạt_động tại Bộ Khoa_học và Công_nghệ ; 

b ) Tổ_chức nghiên_cứu và phát_triển không quy_định tại điểm a của khoản này đăng_ký hoạt_động tại Sở Khoa_học và Công_nghệ nơi đặt trụ_sở chính của tổ_chức đó ; 

c ) Tổ_chức dịch_vụ khoa_học và công_nghệ có vốn của nước_ngoài đăng_ký hoạt_động tại Bộ Khoa_học và Công_nghệ ;  tổ_chức dịch_vụ khoa_học và công_nghệ công đăng_ký tại Sở Khoa_học và Công_nghệ nơi đặt trụ_sở chính của tổ_chức đó . 

Điều 7 .  Hồ_sơ đăng_ký hoạt_động của tổ_chức nghiên_cứu và phát_triển , tổ_chức dịch_vụ khoa_học và công_nghệ 

1 . Đơn đăng_ký hoạt_động khoa_học và công_nghệ ; 

2 . Quyết_định thành_lập , trừ trường_hợp cá_nhân tự thành_lập tổ_chức khoa_học và công_nghệ ; 

3 . Điều_lệ tổ_chức và hoạt_động ; 

4 . Lý_lịch khoa_học của giám_đốc ;  điều_kiện về nhân_lực khoa_học và công_nghệ , cơ_sở vật_chất-kỹ_thuật ;  trụ_sở của tổ_chức . 

Điều 8 .  Cấp đăng_ký hoạt_động cho tổ_chức nghiên_cứu và phát_triển , tổ_chức dịch_vụ khoa_học và công_nghệ 

Trong thời_hạn 15 ngày làm_việc kể từ ngày nhận đủ hồ_sơ hợp_lệ , cơ_quan có thẩm_quyền có trách_nhiệm thẩm_định hồ_sơ , cấp đăng_ký hoạt_động cho tổ_chức nghiên_cứu và phát_triển , tổ_chức dịch_vụ khoa_học và công_nghệ .  Trong trường_hợp không đồng_ý cấp đăng_ký , phải trả_lời bằng văn_bản nói rõ lý_do .  Tổ_chức , cá_nhân xin đăng_ký hoạt_động cho tổ_chức nghiên_cứu và phát_triển , tổ_chức dịch_vụ khoa_học và công_nghệ chịu trách_nhiệm trước pháp_luật về các nội_dung kê_khai trong hồ_sơ theo quy_định tại Điều 4 và Điều 7 của Nghị_định này . 

Điều 9 .  Quyền tự_chủ của tổ_chức nghiên_cứu và phát_triển 

Các tổ_chức nghiên_cứu và phát_triển của Nhà_nước có quyền tự_chủ và tự chịu trách_nhiệm về các hoạt_động của tổ_chức mình theo quy_định tại <NĐ rel="DaC"> Nghị_định số 10/2002/NĐ-CP ngày 16 tháng 01 năm 2002 </NĐ> về chế_độ tài_chính áp_dụng cho đơn_vị sự_nghiệp có thu và các quy_định khác của pháp_luật hiện_hành .
Điều 10 .  Liên_kết , liên_doanh , nhận tài_trợ 

1 . Tổ_chức khoa_học và công_nghệ được : 

a ) Hợp_tác với tổ_chức , cá_nhân trong nước và ngoài nước để tiến_hành hoạt_động khoa_học và công_nghệ theo quy_định của pháp_luật ; 

b ) Liên_kết , liên_doanh , ký_kết các hợp_đồng hợp_tác kinh_doanh ;  góp vốn với tổ_chức , cá_nhân trong nước và ngoài nước để tiến_hành sản_xuất-kinh_doanh theo quy_định của pháp_luật ; 

c ) Tổ_chức sản_xuất-kinh_doanh các sản_phẩm là kết_quả nghiên_cứu và phát_triển hoặc các dịch_vụ khoa_học và công_nghệ_gắn với chức_năng , nhiệm_vụ và chuyên_môn của mình .  Trường_hợp_thành_lập doanh_nghiệp phải tuân theo các quy_định của pháp_luật . 

2 . Tổ_chức khoa_học và công_nghệ được nhận tài_trợ của tổ_chức , cá_nhân trong nước , tổ_chức , cá_nhân nước_ngoài , tổ_chức quốc_tế để tiến_hành hoạt_động khoa_học và công_nghệ thuộc các lĩnh_vực khoa_học và công_nghệ nhưng không được gây phương_hại đến an_ninh , quốc_phòng , vi_phạm các quy_định tại Điều 8 của <L rel="DaC"> Luật_Khoa_học và Công_nghệ </L> và các quy_định khác của pháp_luật .
Mục 2 .  CÁ_NHÂN HOẠT_ĐỘNG KHOA_HỌC VÀ CÔNG_NGHỆ 

Điều 11 .  Cá_nhân thành_lập tổ_chức khoa_học và công_nghệ 

1 . Cá_nhân được thành_lập tổ_chức khoa_học và công_nghệ theo quy_định tại Điều 4 của Nghị_định này và hoạt_động không được vi_phạm các quy_định tại Điều 8 của <L rel="DaC"> Luật_Khoa_học và Công_nghệ </L> .
2 . Bộ Khoa_học và Công_nghệ chủ_trì , phối_hợp với các cơ_quan có liên_quan xác_định những lĩnh_vực cụ_thể mà các cá_nhân được thành_lập tổ_chức khoa_học và công_nghệ , trình Thủ_tướng Chính_phủ quyết_định . 

Điều 12 .  Cá_nhân nhận tài_trợ để hoạt_động khoa_học và công_nghệ 

1 . Cá_nhân được nhận tài_trợ của tổ_chức , cá_nhân trong nước , tổ_chức , cá_nhân nước_ngoài , tổ_chức quốc_tế để tiến_hành hoạt_động khoa_học và công_nghệ nhưng không được vi_phạm các quy_định về an_ninh , quốc_phòng và quy_định tại Điều 8 của <L rel="DaC"> Luật_Khoa_học và Công_nghệ </L> .
2 . Cá_nhân đang hoạt_động trong tổ_chức khoa_học và công_nghệ nhận tài_trợ thông_qua tổ_chức khoa_học và công_nghệ đó . 

Cá_nhân đang hoạt_động trong một tổ_chức khoa_học và công_nghệ có đề_tài riêng hoặc được phía nước_ngoài thuê thực_hiện nhiệm_vụ khoa_học và công_nghệ không thuộc phạm_vi quản_lý của tổ_chức khoa_học và công_nghệ mình , thì đăng_ký nhận tài_trợ tại Sở Khoa_học và Công_nghệ hoặc thông_qua một tổ_chức khoa_học và công_nghệ thích_hợp . 

Cá_nhân không thuộc tổ_chức khoa_học và công_nghệ nào , khi được tổ_chức , cá_nhân nước_ngoài chấp_nhận tài_trợ để hoạt_động khoa_học và công_nghệ , phải đăng_ký việc nhận tài_trợ với Sở Khoa_học và Công_nghệ hoặc thông_qua một tổ_chức khoa_học và công_nghệ để nhận tài_trợ .  Việc sử_dụng tài_trợ được thực_hiện theo thỏa_thuận bằng văn_bản giữa bên nhận tài_trợ và bên tài_trợ . 

Điều 13 .  Đề_xuất ý_kiến của cá_nhân hoạt_động khoa_học và công_nghệ 

Ý_kiến đề_xuất của cá_nhân hoạt_động khoa_học và công_nghệ quy_định tại khoản 5 Điều 17 của <L rel="DaC"> Luật_Khoa_học và Công_nghệ </L> được các cơ_quan có thẩm_quyền tiếp_nhận , nghiên_cứu và trả_lời .
Điều 14 .  Nhiệm_vụ khoa_học và công_nghệ 

1 . Nhiệm_vụ khoa_học và công_nghệ là những vấn_đề khoa_học và công_nghệ cần được giải_quyết , được tổ_chức thực_hiện dưới hình_thức đề_tài , dự_án , chương_trình khoa_học và công_nghệ . 

2 . Đề_tài khoa_học và công_nghệ có nội_dung chủ_yếu nghiên_cứu về một chủ_đề khoa_học và công_nghệ .  Đề_tài có_thể độc_lập hoặc thuộc dự_án , chương_trình khoa_học và công_nghệ . 

3 . Dự_án khoa_học và công_nghệ có nội_dung chủ_yếu tiến_hành các hoạt_động nghiên_cứu khoa_học , phát_triển công_nghệ , ứng_dụng công_nghệ ;  áp_dụng , thử_nghiệm các giải_pháp , phương_pháp , mô_hình quản_lý kinh_tế-xã_hội .  Dự_án có_thể độc_lập hoặc thuộc chương_trình khoa_học và công_nghệ . 

4 . Chương_trình khoa_học và công_nghệ bao_gồm một nhóm các đề_tài , dự_án khoa_học và công_nghệ , được tập_hợp theo một mục_đích xác_định nhằm thực_hiện mục_tiêu phát_triển khoa_học và công_nghệ cụ_thể hoặc ứng_dụng trong thực_tiễn . 

5 . Bộ Khoa_học và Công_nghệ quy_định cụ_thể việc tổ_chức quản_lý hoạt_động của chương_trình , đề_tài , dự_án khoa_học và công_nghệ . 

Điều 15 .  Xác_định nhiệm_vụ khoa_học và công_nghệ 

1 . Bộ Khoa_học và Công_nghệ tổ_chức xác_định và trình Chính_phủ quyết_định chiến_lược , kế_hoạch phát_triển khoa_học công_nghệ ;  các hướng khoa_học và công_nghệ ưu_tiên ;  các nhiệm_vụ khoa_học và công_nghệ chủ_yếu của Nhà_nước cùng phương_án phân_bổ nguồn_lực và tổ_chức thực_hiện các nhiệm_vụ khoa_học và công_nghệ đó . 

2 . Thủ_tướng Chính_phủ quyết_định triển_khai thực_hiện các nhiệm_vụ khoa_học và công_nghệ phục_vụ trực_tiếp cho sự chỉ_đạo , điều_hành và theo các yêu_cầu cấp_thiết khác . 

3 . Các Bộ , cơ_quan ngang Bộ , cơ_quan thuộc Chính_phủ , Ủy_ban nhân_dân tỉnh , thành_phố trực_thuộc Trung_ương và các cơ_quan khác của Nhà_nước căn_cứ vào các hướng khoa_học và công_nghệ ưu_tiên , các nhiệm_vụ khoa_học và công_nghệ chủ_yếu của Nhà_nước và căn_cứ vào nhu_cầu phát_triển kinh_tế-xã_hội của bộ , ngành , địa_phương , của cơ_sở , doanh_nghiệp để xác_định các nhiệm_vụ khoa_học và công_nghệ của bộ , ngành , địa_phương mình . 

4 . Các tổ_chức khoa_học và công_nghệ căn_cứ vào phương_hướng ưu_tiên phát_triển khoa_học và công_nghệ của nhà_nước , nhu_cầu xã_hội , chức_năng được giao và lĩnh_vực hoạt_động khoa_học và công_nghệ của mình để xác_định các nhiệm_vụ khoa_học và công_nghệ . 

5 . Các doanh_nghiệp căn_cứ vào các hướng ưu_tiên phát_triển kinh_tế-xã_hội của đất_nước , kế_hoạch sản_xuất , kinh_doanh của doanh_nghiệp để xác_định các nhiệm_vụ khoa_học và công_nghệ . 

6 . Thủ_trưởng , người đứng đầu các cơ_quan , tổ_chức quy_định tại các khoản 1 và 3 của Điều này : 

a ) Thành_lập Hội_đồng khoa_học và công_nghệ theo quy_định tại Điều 22 của Nghị_định này để tư_vấn trong việc xác_định nhiệm_vụ khoa_học và công_nghệ và quyết_định về mục_tiêu , nội_dung các chương_trình , đề_tài , dự_án khoa_học và công_nghệ ; 

b ) Quyết_định việc tổ_chức thực_hiện nhiệm_vụ khoa_học và công_nghệ theo phương_thức tuyển_chọn hoặc giao trực_tiếp theo quy_định tại các Điều 16 và Điều 17 của Nghị_định này . 

Điều 16 .  Nhiệm_vụ khoa_học và công_nghệ được giao theo phương_thức tuyển_chọn 

1 . Nhiệm_vụ khoa_học và công_nghệ có nhiều tổ_chức , tập_thể , cá_nhân có khả_năng tham_gia thực_hiện phải được giao theo phương_thức tuyển_chọn nhằm đạt được hiệu_quả cao nhất . 

2 . Cơ_quan quản_lý nhà_nước về khoa_học và công_nghệ có thẩm_quyền các cấp phải công_bố trên phương_tiện thông_tin đại_chúng về các nhiệm_vụ khoa_học và công_nghệ dự_kiến thực_hiện trong năm tài_chính tiếp_theo , điều_kiện , thủ_tục để mọi tổ_chức , cá_nhân đăng_ký tham_gia tuyển_chọn trong khoảng thời_gian 60 ngày kể từ ngày_công_bố . 

3 . Người đứng đầu_cơ_quan quản_lý nhà_nước về khoa_học và công_nghệ các cấp quyết_định kết_quả tuyển_chọn tổ_chức , cá_nhân thực_hiện nhiệm_vụ khoa_học và công_nghệ trên cơ_sở ý_kiến tư_vấn của Hội_đồng tuyển_chọn thành_lập theo quy_định tại Điều 23 của Nghị_định này . 

4 . Việc tuyển_chọn tổ_chức , cá_nhân thực_hiện nhiệm_vụ khoa_học và công_nghệ phải công_khai , công_bằng , dân_chủ và khách_quan .  Kết_quả tuyển_chọn phải được thông_báo trên phương_tiện thông_tin đại_chúng . 

Điều 17 .  Nhiệm_vụ khoa_học và công_nghệ giao trực_tiếp 

1 . Nhiệm_vụ khoa_học và công_nghệ được giao trực_tiếp là các nhiệm_vụ khoa_học và công_nghệ thuộc bí_mật quốc_gia , đặc_thù của an_ninh , quốc_phòng , một_số nhiệm_vụ khoa_học và công_nghệ cấp_bách và các nhiệm_vụ khoa_học và công_nghệ mà nội_dung chỉ có một tổ_chức khoa_học và công_nghệ hoặc cá_nhân có đủ điều_kiện về chuyên_môn , trang_thiết_bị để thực_hiện nhiệm_vụ khoa_học và công_nghệ đó . 

2 . Cơ_quan quản_lý nhà_nước về khoa_học và công_nghệ các cấp lựa_chọn tổ_chức , cá_nhân có đủ điều_kiện để giao thực_hiện nhiệm_vụ khoa_học và công_nghệ .  Tổ_chức , cá_nhân được giao nhiệm_vụ khoa_học và công_nghệ phải lập đề_cương và bảo_vệ trước Hội_đồng khoa_học và công_nghệ do cơ_quan quản_lý thành_lập . 

3 . Tổ_chức khoa_học và công_nghệ được giao trực_tiếp nhiệm_vụ khoa_học và công_nghệ có_thể tổ_chức thực_hiện các nhiệm_vụ này theo phương_thức tuyển_chọn hoặc giao trực_tiếp cho tập_thể , cá_nhân trong tổ_chức mình .  Nếu tổ_chức thực_hiện theo phương_thức tuyển_chọn thì phải thành_lập Hội_đồng tuyển_chọn theo quy_định tại Điều 23 của Nghị_định này .  Trường_hợp thực_hiện theo phương_thức giao trực_tiếp thì phải thành_lập Hội_đồng khoa_học và công_nghệ xét_duyệt đề_cương thực_hiện nhiệm_vụ khoa_học và công_nghệ . 

Điều 18 .  Nhiệm_vụ khoa_học và công_nghệ do Quỹ phát_triển khoa_học và công_nghệ bảo_đảm tài_chính 

Mọi tổ_chức , cá_nhân hoạt_động khoa_học và công_nghệ đều có quyền đề_xuất nhiệm_vụ khoa_học và công_nghệ với Quỹ phát_triển khoa_học và công_nghệ của Nhà_nước để nhận tài_trợ hoặc vay theo quy_định của Chính_phủ về Quỹ phát_triển khoa_học và công_nghệ quốc_gia . 

Điều 19 .  Thực_hiện nhiệm_vụ khoa_học và công_nghệ không sử_dụng ngân_sách nhà_nước 

Nhà_nước khuyến_khích mọi tổ_chức , cá_nhân tự mình tổ_chức hoặc tham_gia thực_hiện nhiệm_vụ khoa_học và công_nghệ_dưới mọi hình_thức hợp_pháp . 

Điều 20 .  Kiểm_tra , đánh_giá trong quá_trình thực_hiện nhiệm_vụ khoa_học và công_nghệ 

Cơ_quan quản_lý nhà_nước về khoa_học và công_nghệ các cấp theo thẩm_quyền phải tiến_hành kiểm_tra định_kỳ và đánh_giá việc thực_hiện nhiệm_vụ khoa_học và công_nghệ có sử_dụng ngân_sách nhà_nước về nội_dung khoa_học , tiến_độ thực_hiện và việc sử_dụng kinh_phí .  Trong trường_hợp cần_thiết có_thể điều_chỉnh nội_dung nghiên_cứu cho phù_hợp với yêu_cầu thực_tiễn , hoặc chấm_dứt việc thực_hiện nhiệm_vụ đó . 

Điều 21 .  Đánh_giá nghiệm_thu kết_quả thực_hiện nhiệm_vụ khoa_học và công_nghệ 

1 . Nhiệm_vụ khoa_học và công_nghệ thực_hiện bằng ngân_sách nhà_nước , khi kết_thúc phải được Hội_đồng khoa_học và công_nghệ chuyên_ngành , thành_lập theo quy_định tại Điều 24 của Nghị_định này , đánh_giá nghiệm_thu khách_quan , chính_xác .  Cơ_quan quản_lý nhà_nước về khoa_học và công_nghệ các cấp , theo thẩm_quyền quyết_định công_nhận và công_bố kết_quả thực_hiện nhiệm_vụ khoa_học và công_nghệ . 

2 . Nhiệm_vụ khoa_học và công_nghệ không thực_hiện bằng ngân_sách nhà_nước nhưng kết_quả có phạm_vi ứng_dụng rộng_rãi trong cả nước , một ngành , địa_phương hoặc có ảnh_hưởng đến lợi_ích quốc_gia , quốc_phòng , an_ninh , môi_trường , sức_khỏe và đời_sống của nhân_dân thì phải được cơ_quan quản_lý nhà_nước về khoa_học và công_nghệ các cấp có thẩm_quyền tổ_chức thẩm_định trước khi ứng_dụng . 

Điều 22 .  Hội_đồng xác_định nhiệm_vụ khoa_học và công_nghệ 

1 . Hội_đồng xác_định nhiệm_vụ khoa_học và công_nghệ do người đứng đầu_cơ_quan , tổ_chức thành_lập theo thẩm_quyền để tư_vấn trong việc xác_định nhiệm_vụ khoa_học và công_nghệ .  Nhiệm_vụ của Hội_đồng là phân_tích , đánh_giá , kiến_nghị về mục_tiêu , yêu_cầu và kết_quả dự_kiến của chương_trình , đề_tài , dự_án .  ý_kiến của các thành_viên Hội_đồng và kiến_nghị của Hội_đồng phải được lập thành_văn_bản . 

2 . Hội_đồng gồm có chủ_tịch , hai thành_viên là ủy_viên phản_biện và các thành_viên khác .  Các thành_viên gồm : 

a ) 1/2 là đại_diện cho các cơ_quan quản_lý nhà_nước , tổ_chức sản_xuất-kinh_doanh , các tổ_chức khác có liên_quan ; 

b ) 1/2 là nhà khoa_học và công_nghệ hoạt_động trong lĩnh_vực khoa_học và công_nghệ có liên_quan . 

Thành_viên của Hội_đồng phải là các chuyên_gia có uy_tín , khách_quan , có trình_độ chuyên_môn phù_hợp và am_hiểu sâu trong lĩnh_vực khoa_học và công_nghệ được giao tư_vấn xác_định nhiệm_vụ . 

Điều 23 .  Hội_đồng tuyển_chọn tổ_chức , cá_nhân thực_hiện nhiệm_vụ khoa_học và công_nghệ 

1 . Hội_đồng tuyển_chọn tổ_chức , cá_nhân thực_hiện nhiệm_vụ khoa_học và công_nghệ do người đứng đầu_cơ_quan , tổ_chức thành_lập theo thẩm_quyền để tư_vấn về việc tuyển_chọn tổ_chức , cá_nhân chủ_trì thực_hiện nhiệm_vụ khoa_học và công_nghệ . 

2 . Hội_đồng gồm có Chủ_tịch , hai thành_viên là ủy_viên phản_biện và các thành_viên khác .  Các thành_viên gồm : 

a ) 1/3 là đại_diện cho cơ_quan quản_lý nhà_nước có liên_quan , tổ_chức sản_xuất-kinh_doanh sử_dụng kết_quả khoa_học và công_nghệ , các tổ_chức khác có liên_quan ; 

b ) 2/3 là nhà khoa_học và công_nghệ hoạt_động trong lĩnh_vực khoa_học và công_nghệ có liên_quan . 

Thành_viên Hội_đồng là các chuyên_gia có uy_tín , khách_quan , có trình_độ chuyên_môn phù_hợp và am_hiểu sâu về lĩnh_vực khoa_học và công_nghệ mà Hội_đồng được giao tư_vấn tuyển_chọn . 

3 . Trong trường_hợp cần_thiết cơ_quan quản_lý nhà_nước về khoa_học và công_nghệ theo thẩm_quyền chỉ_định 2 chuyên_gia làm phản_biện không nêu danh . 

Điều 24 .  Hội_đồng đánh_giá nghiệm_thu kết_quả thực_hiện nhiệm_vụ khoa_học và công_nghệ 

1 . Người đứng đầu_cơ_quan , tổ_chức theo thẩm_quyền thành_lập Hội_đồng để đánh_giá nghiệm_thu kết_quả thực_hiện nhiệm_vụ khoa_học và công_nghệ có sử_dụng ngân_sách nhà_nước khi kết_thúc nhiệm_vụ . 

2 . Hội_đồng đánh_giá nghiệm_thu kết_quả thực_hiện nhiệm_vụ khoa_học và công_nghệ tiến_hành đánh_giá nghiệm_thu theo mục_đích , yêu_cầu , nội_dung , kết_quả , tiến_độ ghi trong hợp_đồng đã được ký_kết và chịu trách_nhiệm trước cơ_quan quản_lý nhà_nước về khoa_học và công_nghệ có thẩm_quyền trong việc đánh_giá nghiệm_thu kết_quả thực_hiện nhiệm_vụ khoa_học và công_nghệ . 

3 . Hội_đồng gồm có Chủ_tịch , hai thành_viên là ủy_viên phản_biện và các thành_viên khác .  Các thành_viên gồm : 

a ) 1/3 đại_diện cho các cơ_quan quản_lý nhà_nước và đại_diện tổ_chức sản_xuất-kinh_doanh , các tổ_chức khác có liên_quan ; 

b ) 2/3 là nhà khoa_học và công_nghệ hoạt_động trong lĩnh_vực khoa_học và công_nghệ được giao đánh_giá . 

Thành_viên Hội_đồng là các chuyên_gia có uy_tín , khách_quan , có trình_độ chuyên_môn phù_hợp và am_hiểu sâu trong lĩnh_vực khoa_học và công_nghệ mà Hội_đồng đánh_giá nghiệm_thu . 

4 . Trong trường_hợp cần_thiết cơ_quan quản_lý nhà_nước về khoa_học và công_nghệ các cấp theo thẩm_quyền chỉ_định 2 chuyên_gia làm phản_biện không nêu danh . 

Điều 25 .  Nguyên_tắc hoạt_động của các Hội_đồng khoa_học và công_nghệ 

1 . Các Hội_đồng khoa_học và công_nghệ quy_định tại các Điều 22 , 23 và 24 của Nghị_định này làm_việc theo nguyên_tắc dân_chủ .  Các thành_viên Hội_đồng thảo_luận công_khai về nhiệm_vụ được giao tư_vấn .  Các thành_viên Hội_đồng có ý_kiến nhận_xét bằng văn_bản và phải chịu trách_nhiệm về ý_kiến tư_vấn của mình . 

2 . Hội_đồng cho điểm theo tiêu_chí và thang điểm hoặc xếp loại theo quy_định của Bộ_trưởng Bộ Khoa_học và Công_nghệ . 

3 . Kinh_phí cho hoạt_động của Hội_đồng khoa_học và công_nghệ quy_định tại các Điều 23 và 24 của Nghị_định này được dự_toán thành một khoản riêng trong tổng kinh_phí của chương_trình , đề_tài , dự_án .  Khoản kinh_phí này giao cho cơ_quan quản_lý chương_trình , đề_tài , dự_án quản_lý .  Kinh_phí cho Hội_đồng xác_định nhiệm_vụ khoa_học và công_nghệ quy_định tại Điều 22 của Nghị_định này lấy từ kinh_phí sự_nghiệp khoa_học .  Thành_viên Hội_đồng khoa_học và công_nghệ quy_định tại các Điều 22 , 23 và 24 của Nghị_định này được trả_thù_lao cho việc thực_hiện nhiệm_vụ của Hội_đồng từ kinh_phí quy_định tại khoản này . 

4 . Trong trường_hợp cần_thiết , cơ_quan quản_lý nhà_nước về khoa_học và công_nghệ các cấp có_thể thành_lập Hội_đồng khoa_học và công_nghệ khác để tư_vấn cho mình về từng vấn_đề cụ_thể . 

Điều 26 .  Nguyên_tắc , hình_thức hợp_đồng khoa_học và công_nghệ 

1 . Hợp_đồng khoa_học và công_nghệ gồm có : hợp_đồng nghiên_cứu khoa_học và phát_triển công_nghệ ;  hợp_đồng chuyển_giao công_nghệ ;  hợp_đồng dịch_vụ khoa_học và công_nghệ . 

2 . Hợp_đồng khoa_học và công_nghệ được thực_hiện trên cơ_sở tự_nguyện , thỏa_thuận , bình_đẳng , đúng pháp_luật . 

3 . Hợp_đồng khoa_học và công_nghệ phải lập thành_văn_bản . 

Điều 27 .  Nội_dung chủ_yếu của hợp_đồng khoa_học và công_nghệ 

1 . Hợp_đồng nghiên_cứu khoa_học và phát_triển công_nghệ phải có các nội_dung chủ_yếu sau đây : 

a ) Tên , địa_chỉ , tài_khoản của các bên tham_gia hợp_đồng ; 

b ) Tên nhiệm_vụ khoa_học và công_nghệ , phương_pháp nghiên_cứu , nội_dung chủ_yếu và kết_quả phải đạt ; 

c ) Địa_điểm , thời_hạn , phương_thức thực_hiện hợp_đồng ; 

d ) Quy_định việc sử_dụng kết_quả nghiên_cứu và chia_sẻ lợi_ích khi sử_dụng kết_quả ; 

đ ) Phương_pháp đánh_giá kết_quả , nghiệm_thu ; 

e ) Quyền_sở_hữu_trí_tuệ ; 

g ) Chi_phí thực_hiện , phương_thức thanh_toán ; 

h ) Trách_nhiệm do vi_phạm hợp_đồng và giải_quyết tranh_chấp ; 

i ) Các thỏa_thuận khác . 

2 . Nội_dung hợp_đồng chuyển_giao công_nghệ , hợp_đồng dịch_vụ khoa_học và công_nghệ được thực_hiện theo quy_định của pháp_luật dân_sự . 

Điều 28 .  Quyền , nghĩa_vụ của bên đặt_hàng 

1 . Bên đặt_hàng hợp_đồng khoa_học và công_nghệ có quyền : 

a ) Sở_hữu kết_quả khoa_học và công_nghệ , nếu không có thỏa_thuận khác trong hợp_đồng ; 

b ) Chuyển_giao kết_quả khoa_học và công_nghệ cho người khác . 

2 . Bên đặt_hàng hợp_đồng khoa_học và công_nghệ có nghĩa_vụ : 

a ) Cung_cấp các thông_tin cần_thiết cho việc thực_hiện hợp_đồng ; 

b ) Thanh_toán đầy_đủ chi_phí vật_chất cho bên nhận đặt_hàng theo thỏa_thuận trong hợp_đồng . 

Điều 29 .  Quyền , nghĩa_vụ của bên nhận đặt_hàng thực_hiện hợp_đồng 

1 . Bên nhận đặt_hàng thực_hiện hợp_đồng khoa_học và công_nghệ có quyền : 

a ) Hưởng quyền tác_giả đối_với kết_quả nghiên_cứu khoa_học và công_nghệ theo thỏa_thuận trong hợp_đồng ; 

b ) Yêu_cầu bên đặt_hàng cung_cấp thông_tin và những điều_kiện khác theo thỏa_thuận trong hợp_đồng để thực_hiện hợp_đồng ; 

c ) Nhận kinh_phí của bên đặt_hàng để thực_hiện hợp_đồng . 

2 . Bên nhận đặt_hàng thực_hiện hợp_đồng khoa_học và công_nghệ có nghĩa_vụ : 

a ) Giao_nộp sản_phẩm theo đúng quy_định trong hợp_đồng ; 

b ) Không được chuyển_giao kết_quả khoa_học và công_nghệ nếu không có sự thỏa_thuận của bên đặt_hàng . 

Điều 30 .  Giải_quyết tranh_chấp hợp_đồng 

1 . Bên vi_phạm hợp_đồng khoa_học và công_nghệ phải bồi_thường thiệt_hại do lỗi của mình gây ra và bị phạt vi_phạm theo quy_định của hợp_đồng hoặc theo quy_định của pháp_luật . 

2 . Tranh_chấp hợp_đồng khoa_học và công_nghệ được giải_quyết trước_hết theo nguyên_tắc hòa_giải , thỏa_thuận giữa các bên ;  các bên không tự giải_quyết được thì giải_quyết tại Tòa_án , nếu không có thỏa_thuận về trọng_tài . 

Điều 31 .  Sử_dụng , chuyển_giao kết_quả nghiên_cứu khoa_học và công_nghệ 

Trên_cơ_sở kết_quả đánh_giá nghiệm_thu của Hội_đồng khoa_học , Thủ_trưởng cơ_quan quản_lý nhà_nước các cấp về khoa_học và công_nghệ quyết_định nghiệm_thu kết_quả và việc công_bố , sử_dụng , chuyển_giao kết_quả đó .  Những kết_quả nghiên_cứu khoa_học và công_nghệ do Nhà_nước đầu_tư phục_vụ công_ích phải được công_bố công_khai rộng_rãi để tổ_chức , cá_nhân ứng_dụng vào sản_xuất và đời_sống .  Chủ_nhiệm đề_tài , dự_án và cơ_quan thực_hiện đề_tài , dự_án có trách_nhiệm thực_hiện chuyển_giao kết_quả nghiên_cứu vào sản_xuất và đời_sống theo quy_định của pháp_luật . 

Điều 32 .  Khuyến_khích sáng_kiến , cải_tiến kỹ_thuật , hợp_lý_hóa sản_xuất 

1 . Cơ_quan quản_lý nhà_nước về khoa_học và công_nghệ các cấp phải có biện_pháp thúc_đẩy phong_trào sáng_kiến , cải_tiến kỹ_thuật , hợp_lý_hóa sản_xuất ;  phát_triển dịch_vụ khoa_học và công_nghệ ;  tăng_cường công_tác phổ_biến kiến_thức khoa_học và công_nghệ để nâng cao dân_trí về khoa_học và công_nghệ . 

2 . Hàng năm Bộ Khoa_học và Công_nghệ phối_hợp với Trung_ương Đoàn_Thanh_niên Cộng_sản Hồ_Chí_Minh , Tổng_Liên_đoàn Lao_động Việt_Nam , Liên_hiệp các hội khoa_học-kỹ_thuật Việt_Nam và các tổ_chức xã_hội nghề_nghiệp , doanh_nghiệp tổ_chức hội thi sáng_tạo , sáng_kiến , cải_tiến kỹ_thuật , hợp_lý_hóa sản_xuất và dành ngân_sách sự_nghiệp khoa_học để hỗ_trợ cho việc phổ_biến , ứng_dụng rộng_rãi kết_quả của các cuộc thi này vào sản_xuất và đời_sống . 

3 . Doanh_nghiệp tổ_chức thi sáng_kiến , cải_tiến kỹ_thuật , hợp_lý_hóa sản_xuất thì kinh_phí cho hoạt_động này được tính là đầu_tư cho hoạt_động khoa_học và công_nghệ quy_định tại Điều 40 của <L rel="DaC"> Luật_Khoa_học và Công_nghệ </L> .
4 . Nhà_nước khuyến_khích mọi tổ_chức , cá_nhân tự tổ_chức hoặc tài_trợ cho việc tổ_chức hội thi sáng_tạo , sáng_kiến , cải_tiến kỹ_thuật , hợp_lý_hóa sản_xuất . 

Điều 33 .  Khuyến_khích ứng_dụng kết_quả nghiên_cứu khoa_học và phát_triển công_nghệ 

1 . Tổ_chức , cá_nhân ứng_dụng kết_quả nghiên_cứu khoa_học và phát_triển công_nghệ để đổi_mới quản_lý , đổi_mới công_nghệ , nâng cao sức cạnh_tranh của sản_phẩm được hưởng ưu_đãi về thuế , tín_dụng theo quy_định tại các Điều 42 và 43 của Nghị_định này . 

2 . Tổ_chức , cá_nhân hoạt_động khoa_học và công_nghệ khi chuyển_nhượng , chuyển_giao kết_quả nghiên_cứu và phát_triển của mình vào sản_xuất và đời_sống , được tạo điều_kiện để quảng_cáo , giới_thiệu , trình_diễn kết_quả nghiên_cứu và phát_triển ;  tham_gia triển_lãm , hội_chợ . 

3 . Lợi_nhuận thu được khi chuyển_nhượng , chuyển_giao kết_quả nghiên_cứu và phát_triển được phân_chia cho nhà khoa_học tạo ra kết_quả , cho chủ sở_hữu kết_quả , cho tổ_chức khoa_học và công_nghệ của nhà khoa_học và cho người môi_giới .  Tỷ_lệ phân_chia được thỏa_thuận trong hợp_đồng khoa_học và công_nghệ giữa các bên .  Trong trường_hợp công_nghệ được tạo ra do sử_dụng ngân_sách nhà_nước thì tác_giả được nhận tối_đa 30 % giá thanh_toán chuyển_giao công_nghệ ;  tác_giả và tập_thể tổ_chức áp_dụng thành_công kết_quả khoa_học và công_nghệ được bên sử_dụng kết_quả khoa_học và công_nghệ_thưởng trị_giá tối_đa 30 % thu_nhập tăng thêm sau thuế trong thời_hạn 03 năm . 

4 . Người môi_giới cho việc ứng_dụng kết_quả khoa_học và công_nghệ được tạo ra bằng ngân_sách nhà_nước được hưởng tối_đa 10 % giá thanh_toán chuyển_giao công_nghệ , mức cụ_thể và trách_nhiệm thanh_toán khoản kinh_phí này do các bên thỏa_thuận . 

Điều 34 .  Ứng_dụng kết_quả nghiên_cứu khoa_học và phát_triển công_nghệ để đổi_mới chính_sách và cơ_chế quản_lý kinh_tế-xã_hội 

1 . Đánh_giá , công_nhận ý_nghĩa khoa_học và thực_tiễn của các công_trình khoa_học và công_nghệ của lĩnh_vực này ; 

2 . Hỗ_trợ kinh_phí , tổ_chức triển_khai các mô_hình thí_điểm , phổ_biến , nhân rộng ứng_dụng kết_quả nghiên_cứu và phát_triển ; 

3 . Thưởng thích_đáng cho tổ_chức , cá_nhân thực_hiện những công_trình nghiên_cứu và phát_triển được ứng_dụng vào đời_sống . 

Điều 35 .  Ứng_dụng kết_quả nghiên_cứu khoa_học và phát_triển công_nghệ trong doanh_nghiệp 

1 . Doanh_nghiệp ứng_dụng công_nghệ được tạo ra trong nước , được cơ_quan quản_lý nhà_nước về khoa_học và công_nghệ xác_nhận về mặt công_nghệ để được hưởng ưu_đãi khi vay tín_dụng tại ngân_hàng . 

2 . Doanh_nghiệp ứng_dụng công_nghệ được tạo ra trong nước mà Nhà_nước là chủ sở_hữu thì được miễn khoản thanh_toán chuyển_giao công_nghệ cho Nhà_nước , nhưng phải thanh_toán cho tác_giả theo quy_định tại khoản 3 Điều 33 của Nghị_định này . 

Điều 36 .  Ứng_dụng kết_quả nghiên_cứu khoa_học và phát_triển công_nghệ trong nông_nghiệp và phát_triển nông_thôn 

1 . Chính_phủ thành_lập và khuyến_khích tổ_chức , cá_nhân thành_lập các cơ_sở chuyển_giao , ứng_dụng công_nghệ ;  mở_rộng mạng_lưới các tổ_chức khuyến_nông , khuyến_lâm , khuyến_ngư , dịch_vụ khoa_học và công_nghệ ở địa_phương để cung_cấp dịch_vụ phù_hợp với yêu_cầu của nông_dân ;  tăng_cường đầu_tư thực_hiện dự_án khoa_học và công_nghệ , xây_dựng một_số mô_hình thí_điểm ứng_dụng khoa_học và công_nghệ trên địa_bàn nông_thôn , vùng có điều_kiện kinh_tế-xã_hội khó_khăn và vùng có điều_kiện kinh_tế-xã_hội đặc_biệt khó_khăn . 

2 . Ủy_ban nhân_dân các cấp có trách_nhiệm tạo điều_kiện để các tổ_chức , cá_nhân , chuyên_gia khoa_học và công_nghệ trong nước và nước_ngoài tổ_chức ứng_dụng rộng_rãi thành_tựu khoa_học và công_nghệ tại địa_phương ;  tạo điều_kiện về nhà ở và đất ở , phương_tiện đi_lại , thiết_bị , cơ_sở làm_việc , cho cán_bộ khoa_học và công_nghệ công_tác tại địa_phương . 

Ủy_ban nhân_dân tỉnh , thành_phố trực_thuộc Trung_ương hỗ_trợ kinh_phí hoặc trợ_giá một phần cho nông_dân ứng_dụng công_nghệ mới vào sản_xuất và đời_sống . 

3 . Bộ Nội_vụ chủ_trì , phối_hợp với Bộ Lao_động-Thương_binh và Xã_hội , Bộ Khoa_học và Công_nghệ hướng_dẫn cụ_thể_chế_độ phụ_cấp và các chế_độ khác đối_với cán_bộ khoa_học và công_nghệ công_tác tại các địa_bàn có điều_kiện kinh_tế-xã_hội khó_khăn và địa_bàn có điều_kiện kinh_tế-xã_hội đặc_biệt khó_khăn . 

Điều 37 .  Dự_án đầu_tư , chương_trình phát_triển kinh_tế-xã_hội 

1 . Các dự_án đầu_tư loại A , B , chương_trình phát_triển kinh_tế-xã_hội được lập hạng_mục chi cho nghiên_cứu và phát_triển phục_vụ cho xây_dựng căn_cứ khoa_học cho dự_án , chương_trình , các giai_đoạn chuẩn_bị đầu_tư và thực_hiện đầu_tư và giải_quyết các vấn_đề khoa_học và công_nghệ phát_sinh trong quá_trình thực_hiện chương_trình , dự_án . 

2 . Các dự_án đầu_tư , các chương_trình phát_triển kinh_tế-xã_hội phải được cơ_quan quản_lý nhà_nước về khoa_học và công_nghệ thẩm_định cơ_sở khoa_học và thẩm_định công_nghệ trong giai_đoạn xây_dựng dự_án , chương_trình .  Cấp nào quản_lý chương_trình , dự_án thì cấp đó chịu trách_nhiệm tổ_chức Hội_đồng khoa_học và công_nghệ để thẩm_định . 

3 . Công_nghệ đưa vào ứng_dụng trong giai_đoạn thực_hiện đầu_tư dự_án , chương_trình phải được thẩm_định .  Căn_cứ vào quy_mô , tính_chất của dự_án , chương_trình , việc phân_cấp thẩm_định công_nghệ phù_hợp với phân_cấp thẩm_định như đối_với các dự_án đầu_tư xây_dựng . 

4 . Bộ Khoa_học và Công_nghệ hướng_dẫn cụ_thể trình_tự , thủ_tục thẩm_định cơ_sở khoa_học và thẩm_định công_nghệ các dự_án đầu_tư , các chương_trình phát_triển kinh_tế-xã_hội . 

Điều 38 .  Đào_tạo nhân_lực , bồi_dưỡng nhân_tài về khoa_học và công_nghệ 

1 . Bộ Giáo_dục và Đào_tạo chủ_trì , phối_hợp với Bộ Khoa_học và Công_nghệ và Bộ Kế_hoạch và Đầu_tư xây_dựng kế_hoạch chung về đào_tạo nhân_lực khoa_học và công_nghệ trình Chính_phủ quyết_định . 

2 . Các chương_trình khoa_học và công_nghệ của Nhà_nước thuộc hướng ưu_tiên , trọng_điểm phải có hạng_mục đào_tạo nhân_lực , bồi_dưỡng nhân_tài về khoa_học và công_nghệ .  Kết_quả việc đào_tạo là một trong các tiêu_chuẩn để đánh_giá khi kết_thúc nhiệm_vụ khoa_học và công_nghệ đó . 

3 . Các tổ_chức , cá_nhân có đủ năng_lực , điều_kiện theo quy_định của Nhà_nước được bình_đẳng tham_gia vào việc đào_tạo nhân_lực , bồi_dưỡng nhân_tài dưới nhiều hình_thức kể_cả việc cấp học_bổng cho công_dân Việt_Nam đi học_tập , nâng cao_trình_độ chuyên_môn ở trong nước và ở nước_ngoài .  Chi_phí cho hoạt_động đào_tạo nhân_lực khoa_học và công_nghệ của doanh_nghiệp được tính vào chi_phí hợp_lý khi xác_định thu_nhập chịu thuế . 

Điều 39 .  Sử_dụng nhân_lực khoa_học và công_nghệ 

1 . Các tổ_chức khoa_học và công_nghệ của Nhà_nước có trách_nhiệm trong việc xây_dựng các tập_thể khoa_học mạnh ;  hỗ_trợ về mặt tổ_chức , cơ_sở vật_chất để các tập_thể khoa_học lâm_thời gồm các cá_nhân hoạt_động khoa_học và công_nghệ tập_hợp từ nhiều tổ_chức khoa_học và công_nghệ khác nhau có điều_kiện được tham_gia và thực_hiện các nhiệm_vụ khoa_học và công_nghệ của Nhà_nước . 

2 . Hàng năm cơ_quan quản_lý Nhà_nước về khoa_học và công_nghệ , tổ_chức khoa_học và công_nghệ_xét , tặng_thưởng cho công_trình khoa_học và công_nghệ xuất_sắc ;  thưởng và có chế_độ ưu_đãi đặc_biệt về điều_kiện làm_việc và sinh_hoạt cho các nhà khoa_học và công_nghệ có nhiều tài_năng và cống_hiến trong hoạt_động khoa_học và công_nghệ . 

3 . Tổ_chức nghiên_cứu và phát_triển của Nhà_nước phải thông_báo công_khai tiêu_chí và tổ_chức tuyển_chọn nhân_lực khoa_học và công_nghệ nhằm đảm_bảo chọn được những người thực_sự có năng_lực nghiên_cứu .  Khi xem_xét để bổ_nhiệm , sử_dụng , khen_thưởng phải căn_cứ vào kết_quả hoạt_động khoa_học và công_nghệ của cá_nhân . 

4 . Cá_nhân thuộc tổ_chức khoa_học và công_nghệ được làm_việc theo chế_độ kiêm_nhiệm tại tổ_chức khoa_học và công_nghệ khác theo hợp_đồng lao_động .  Bộ Khoa_học và Công_nghệ quy_định cụ_thể về chế_độ làm_việc kiêm_nhiệm trong các tổ_chức khoa_học và công_nghệ . 

Điều 40 .  Chức_vụ khoa_học 

1 . Chức_vụ khoa_học gồm có : trợ_lý nghiên_cứu , nghiên_cứu_viên , nghiên_cứu_viên chính , nghiên_cứu_viên cấp cao . 

2 . Căn_cứ để xét bổ_nhiệm chức_vụ khoa_học gồm có : 

a ) Tài_năng , quá_trình đào_tạo , sự cống_hiến và thời_gian hoạt_động khoa_học và công_nghệ ; 

b ) Người có công_trình nghiên_cứu khoa_học và công_nghệ xuất_sắc hoặc được giải_thưởng cao về khoa_học và công_nghệ được ưu_tiên xét bổ_nhiệm vào chức_vụ khoa_học cao hơn , không phụ_thuộc vào chức_vụ đang giữ và thời_gian hoạt_động khoa_học và công_nghệ . 

3 . Bộ Nội_vụ chủ_trì , phối_hợp với Bộ Khoa_học và Công_nghệ quy_định về tiêu_chuẩn đối_với từng chức_vụ khoa_học , thủ_tục xét , bổ_nhiệm chức_vụ khoa_học . 

Điều 41 .  Doanh_nghiệp đầu_tư phát_triển khoa_học và công_nghệ 

1 . Doanh_nghiệp được tính các khoản chi_phí phát_triển khoa_học và công_nghệ vào chi_phí hợp_lý khi xác_định thu_nhập chịu thuế , bao_gồm các khoản chi cho nghiên_cứu khoa_học và phát_triển công_nghệ , mua thông_tin , tư_liệu công_nghệ , sở_hữu công_nghiệp và chi_phí cho các hoạt_động sáng_kiến , cải_tiến kỹ_thuật , hợp_lý_hóa sản_xuất .  Các khoản đầu_tư về công_nghệ tạo thành tài_sản cố_định được phân_bổ trừ dần vào chi_phí sản_xuất . 

2 . Doanh_nghiệp được lập Quỹ phát_triển khoa_học và công_nghệ để chủ_động đầu_tư cho khoa_học và công_nghệ theo yêu_cầu phát_triển của doanh_nghiệp .  Nguồn vốn của Quỹ này được hình_thành từ lợi_nhuận trước thuế của doanh_nghiệp và các nguồn khác nếu có . 

3 . Doanh_nghiệp đầu_tư nghiên_cứu những vấn_đề khoa_học và công_nghệ thuộc lĩnh_vực ưu_tiên , trọng_điểm của Nhà_nước được cơ_quan quản_lý nhà_nước về khoa_học và công_nghệ các cấp có thẩm_quyền xét tài_trợ từ ngân_sách sự_nghiệp khoa_học và công_nghệ hoặc được quỹ phát_triển khoa_học và công_nghệ xem_xét tài_trợ theo quy_định hoạt_động của Quỹ .  Bộ Khoa_học và Công_nghệ quy_định cụ_thể điều_kiện và thủ_tục xét tài_trợ cho đối_tượng này . 

4 . Ngoài các ưu_đãi quy_định tại khoản 1 , khoản 2 và khoản 3 của Điều này , doanh_nghiệp đầu_tư phát_triển khoa_học và công_nghệ còn được hưởng các ưu_đãi theo quy_định pháp_luật hiện_hành . 

Điều 42 .  Chính_sách thuế đối_với hoạt_động khoa_học và công_nghệ 

1 . Thu_nhập từ việc thực_hiện hợp_đồng nghiên_cứu khoa_học và phát_triển công_nghệ không phải chịu thuế_thu_nhập doanh_nghiệp .  Việc xác_định thu_nhập không phải chịu thuế thực_hiện theo quy_định về thuế_thu_nhập doanh_nghiệp . 

2 . Kinh_phí tổ_chức khoa_học và công_nghệ nhận được từ việc ký_kết_hợp_đồng thực_hiện các chương_trình , đề_tài , dự_án sử_dụng ngân_sách nhà_nước và các đề_tài , dự_án do các quỹ phát_triển khoa_học và công_nghệ tài_trợ không phải chịu thuế giá_trị gia_tăng . 

3 . Máy_móc , thiết_bị , phụ_tùng , vật_tư , phương_tiện vận_tải trong nước chưa sản_xuất được hoặc đã sản_xuất được nhưng chưa đáp_ứng được yêu_cầu ;  công_nghệ ưu_tiên ;  tài_liệu , sách_báo , các thông_tin điện_tử về khoa_học và công_nghệ , thiết_bị công_nghệ_cao nhập_khẩu để sử_dụng trực_tiếp vào hoạt_động nghiên_cứu và phát_triển không phải chịu thuế_nhập_khẩu và thuế giá_trị gia_tăng . 

4 . Sản_phẩm đang trong thời_kỳ sản_xuất thử_nghiệm không phải nộp thuế_thu_nhập doanh_nghiệp và thuế giá_trị gia_tăng . 

5 . Doanh_nghiệp thực_hiện việc đầu_tư đổi_mới công_nghệ , nâng cao_trình_độ công_nghệ , sản_xuất ra sản_phẩm từ công_nghệ mới lần đầu_tiên áp_dụng tại Việt_Nam được miễn , giảm thuế_thu_nhập doanh_nghiệp cho số thu_nhập tăng thêm do các hoạt_động này mang lại .  Các trường_hợp cụ_thể được quy_định như sau : 

a ) Doanh_nghiệp trong nước thực_hiện theo quy_định của <L rel="DaC"> Luật Khuyến_khích đầu_tư trong nước </L> ;
b ) Doanh_nghiệp có vốn đầu_tư nước_ngoài và bên nước_ngoài trong các hợp_đồng hợp_tác kinh_doanh thực_hiện theo quy_định của <L rel="DaC"> Luật_Đầu_tư nước_ngoài tại Việt_Nam </L> .
6 . Thuế đối_với các hoạt_động tư_vấn khoa_học và công_nghệ , chuyển_giao công_nghệ và xuất_khẩu công_nghệ được quy_định như sau : 

a ) Không thu thuế giá_trị gia_tăng đối_với hoạt_động chuyển_giao công_nghệ .  Hoạt_động tư_vấn khoa_học và công_nghệ được áp_dụng thuế_suất thuế giá_trị gia_tăng ở mức thấp nhất trong khung chịu thuế ; 

b ) Các hoạt_động tư_vấn khoa_học và công_nghệ , chuyển_giao công_nghệ , xuất_khẩu công_nghệ được hưởng các ưu_đãi về thuế_thu_nhập doanh_nghiệp . 

7 . Các hoạt_động dịch_vụ thông_tin khoa_học và công_nghệ được hưởng ưu_đãi cao nhất về thuế_thu_nhập doanh_nghiệp và mức thuế_suất thấp nhất của thuế giá_trị gia_tăng . 

8 . Bộ Khoa_học và Công_nghệ chủ_trì , phối_hợp với Bộ Tài_chính và các cơ_quan hữu_quan quy_định cụ_thể các ưu_đãi về thuế đối_với hoạt_động khoa_học và công_nghệ được quy_định tại Điều này ;  Bộ Kế_hoạch và Đầu_tư chủ_trì , phối_hợp với Bộ Khoa_học và Công_nghệ xác_định máy_móc , thiết_bị trong nước chưa sản_xuất được hoặc đã sản_xuất được nhưng chưa đạt yêu_cầu , công_nghệ ưu_tiên trong nước chưa tạo ra được để làm căn_cứ xác_định ưu_đãi thuế quy_định tại Điều này . 

Điều 43 .  Chính_sách tín_dụng đối_với hoạt_động khoa_học và công_nghệ 

1 . Tổ_chức , cá_nhân hoạt_động khoa_học và công_nghệ vay vốn trung và dài_hạn để tiến_hành hoạt_động khoa_học và công_nghệ , được hưởng lãi_suất ưu_đãi khi vay vốn tại Quỹ phát_triển khoa_học và công_nghệ quốc_gia , các quỹ khác . 

2 . Ưu_đãi về tín_dụng đối_với các tổ_chức , cá_nhân vay để đầu_tư vào hoạt_động khoa_học và công_nghệ được thực_hiện theo Điều_lệ của các Quỹ nơi vay vốn . 

3 . Trường_hợp vay vốn tại các ngân_hàng thương_mại để đầu_tư vào hoạt_động khoa_học và công_nghệ , các tổ_chức , cá_nhân được Quỹ hỗ_trợ phát_triển xem_xét hỗ_trợ lãi_suất sau đầu_tư hoặc bảo_lãnh tín_dụng đầu_tư theo Điều_lệ của Quỹ . 

4 . Những chương_trình , đề_tài , dự_án khoa_học và công_nghệ phục_vụ trực_tiếp các chương_trình kinh_tế-xã_hội trọng_điểm của Nhà_nước và phát_triển tiềm_lực khoa_học và công_nghệ quốc_gia có yêu_cầu sử_dụng vốn lớn , được ưu_tiên xét cho sử_dụng vốn hỗ_trợ phát_triển chính_thức ( ODA ) theo phương_thức : 

a ) Tài_trợ không hoàn lại hoặc cho vay ưu_đãi đối_với các hoạt_động nghiên_cứu và phát_triển ; 

b ) Cho vay đối_với dự_án đầu_tư xây_dựng tiềm_lực khoa_học và công_nghệ hoặc cho vay có thu_hồi đối_với các dự_án ứng_dụng kết_quả khoa_học và công_nghệ . 

5 . Bộ Khoa_học và Công_nghệ chủ_trì , phối_hợp với Bộ Kế_hoạch và Đầu_tư , Bộ Tài_chính , Ngân_hàng Nhà_nước Việt_Nam , các bộ , cơ_quan ngang bộ có liên_quan quy_định cụ_thể các ưu_đãi tín_dụng đối_với hoạt_động khoa_học và công_nghệ quy_định tại Điều này . 

Điều 44 .  Ưu_đãi đối_với việc xây_dựng cơ_sở vật_chất-kỹ_thuật 

1 . Tổ_chức , cá_nhân đầu_tư xây_dựng cơ_sở vật_chất-kỹ_thuật để hoạt_động khoa_học và công_nghệ thì chi_phí này được coi là chi_phí hợp_lý và được trừ khi xác_định thuế_thu_nhập doanh_nghiệp . 

2 . Tổ_chức khoa_học và công_nghệ thuê đất để xây_dựng cơ_sở vật_chất-kỹ_thuật cho hoạt_động khoa_học và công_nghệ được hưởng các ưu_đãi ở mức cao nhất về tiền thuê đất và mức thấp nhất về thuế sử_dụng đất theo pháp_luật về thuế quy_định . 

3 . Bộ Khoa_học và Công_nghệ chủ_trì , phối_hợp với Bộ Kế_hoạch và Đầu_tư , Bộ Tài_chính và các bộ có liên_quan ban_hành Quy_chế quản_lý và hoạt_động của Phòng_thí_nghiệm trọng_điểm quốc_gia , nhằm đảm_bảo hiệu_quả hoạt_động của các cơ_sở này . 

Điều 45 .  Đánh_giá hoạt_động khoa_học và công_nghệ 

1 . Bộ Khoa_học và Công_nghệ quy_định cụ_thể các tiêu_chí , phương_pháp , trình_tự và việc tổ_chức đánh_giá hoạt_động khoa_học và công_nghệ . 

2 . Cơ_quan quản_lý nhà_nước về khoa_học và công_nghệ các cấp theo thẩm_quyền phải tiến_hành kiểm_tra , đánh_giá hoạt_động khoa_học và công_nghệ thuộc lĩnh_vực quản_lý . 

Điều 46 .  Chính_sách thu_hút trí_thức là người Việt_Nam định_cư ở nước_ngoài , các chuyên_gia giỏi của thế_giới 

1 . Trí_thức là người Việt_Nam định_cư ở nước_ngoài , các chuyên_gia giỏi của thế_giới được khuyến_khích tham_gia hoạt_động khoa_học và công_nghệ tại Việt_Nam dưới các hình_thức khác nhau . 

2 . Trí_thức là người Việt_Nam định_cư ở nước_ngoài , các chuyên_gia giỏi là người nước_ngoài trong thời_gian làm_việc tại Việt_Nam có quyền , nghĩa_vụ và được hưởng các ưu_đãi như sau : 

a ) Được hưởng các quyền và thực_hiện nghĩa_vụ như đối_với cá_nhân hoạt_động khoa_học và công_nghệ Việt_Nam quy_định tại các Điều 17 và Điều 18 của <L rel="DaC"> Luật_Khoa_học và Công_nghệ </L> ;
b ) Có các quyền , nghĩa_vụ theo hợp_đồng khoa_học và công_nghệ hoặc thỏa_thuận đã ký_kết với tổ_chức , cá_nhân Việt_Nam ; 

c ) Được bổ_nhiệm giữ các chức_vụ khoa_học và công_nghệ quy_định tại Điều 36 của <L rel="DaC"> Luật_Khoa_học và Công_nghệ </L> ;
d ) Được hưởng các ưu_đãi khác theo quy_định của pháp_luật . 

3 . Trí_thức là người Việt_Nam định_cư ở nước_ngoài và những chuyên_gia giỏi là người nước_ngoài có những cống_hiến lớn đối_với sự_nghiệp phát_triển khoa_học và công_nghệ của Việt_Nam , được Nhà_nước Việt_Nam khen_thưởng , xét tặng các giải_thưởng về khoa_học và công_nghệ của Việt_Nam . 

Điều 47 .  Quyền , nghĩa_vụ của tổ_chức , cá_nhân Việt_Nam trong hợp_tác quốc_tế về khoa_học và công_nghệ 

1 . Tổ_chức , cá_nhân Việt_Nam được nhận tài_trợ của tổ_chức , cá_nhân nước_ngoài , tổ_chức quốc_tế để hoạt_động khoa_học và công_nghệ trong các lĩnh_vực khoa_học và công_nghệ phải bảo_đảm các hoạt_động này không gây phương_hại đến quốc_phòng , an_ninh , môi_trường , đạo_đức , thuần_phong mỹ_tục của dân_tộc Việt_Nam và không vi_phạm các quy_định tại Điều 8 của <L rel="DaC"> Luật_Khoa_học và Công_nghệ </L> .
2 . Tổ_chức , cá_nhân Việt_Nam hoạt_động khoa_học và công_nghệ được tham_gia tổ_chức khoa_học và công_nghệ , hội khoa_học và công_nghệ ; tham_gia hoạt_động nghiên_cứu , đào_tạo , tư_vấn , hội_nghị khoa_học và công_nghệ của tổ_chức quốc_tế , tổ_chức , cá_nhân nước_ngoài ; tham_gia các hoạt_động hợp_tác thực_hiện nhiệm_vụ khoa_học và công_nghệ của Việt_Nam . Việc tham_gia của tổ_chức , cá_nhân không được vi_phạm các quy_định tại Điều 8 <L rel="DaC"> Luật_Khoa_học và Công_nghệ </L> .
3 . Tổ_chức , cá_nhân Việt_Nam hoạt_động khoa_học và công_nghệ được thực_hiện nhiệm_vụ khoa_học và công_nghệ của Việt_Nam ở nước_ngoài ;  được mang ra nước_ngoài tài_liệu , vật mẫu thí_nghiệm có liên_quan để phục_vụ cho hoạt_động nghiên_cứu theo quy_định của pháp_luật . 

4 . Tổ_chức khoa_học và công_nghệ Việt_Nam được thành_lập văn_phòng đại_diện , chi_nhánh tại nước_ngoài để tiến_hành hợp_tác về khoa_học và công_nghệ . 

Điều 48 .  Tổ_chức khoa_học và công_nghệ có vốn của nước_ngoài 

1 . Người Việt_Nam định_cư ở nước_ngoài , tổ_chức quốc_tế , tổ_chức , cá_nhân nước_ngoài được thành_lập tổ_chức khoa_học và công_nghệ tại Việt_Nam dưới các hình_thức hợp_tác , liên_kết giữa tổ_chức , cá_nhân nước_ngoài với tổ_chức , cá_nhân Việt_Nam , 100 % vốn nước_ngoài ( gọi tắt là tổ_chức khoa_học và công_nghệ có vốn của nước_ngoài ) . 

2 . Hoạt_động khoa_học và công_nghệ của tổ_chức khoa_học và công_nghệ có vốn của nước_ngoài không được gây phương_hại đến an_ninh , quốc_phòng , môi_trường , đạo_đức , thuần_phong , mỹ_tục của dân_tộc Việt_Nam và không được vi_phạm các quy_định tại Điều 8 <L rel="DaC"> Luật_Khoa_học và Công_nghệ </L> .
3 . Tổ_chức khoa_học và công_nghệ có vốn của nước_ngoài được thành_lập theo <L rel="DaC"> Luật_Doanh_nghiệp </L> , <L rel="DaC"> Luật_Đầu_tư nước_ngoài tại Việt_Nam </L> , <L rel="DaC"> Luật Khuyến_khích đầu_tư </L> trong nước và phải tuân_thủ các quy_định về điều_kiện thành_lập , quyền và nghĩa_vụ , thủ_tục , hồ_sơ xin cấp phép , các chế_độ khuyến_khích , ưu_đãi được quy_định tại các văn_bản quy_phạm pháp_luật tương_ứng và <L rel="DaC"> Luật_Khoa_học và Công_nghệ </L> .
4 . Tổ_chức nghiên_cứu và phát_triển có vốn của nước_ngoài được thành_lập vì mục_đích phi lợi_nhuận phải tuân_thủ các quy_định về điều_kiện thành_lập , quyền và nghĩa_vụ , thủ_tục , hồ_sơ xin đăng_ký hoạt_động , điều_lệ tổ_chức và hoạt_động , được hưởng các chế_độ khuyến_khích và ưu_đãi quy_định như đối_với tổ_chức khoa_học và công_nghệ của tổ_chức , cá_nhân Việt_Nam . 

Điều 49 .  Nhiệm_vụ và quyền_hạn của Bộ Khoa_học và Công_nghệ 

Bộ Khoa_học và Công_nghệ chịu trách_nhiệm trước Chính_phủ thực_hiện quản_lý nhà_nước về khoa_học và công_nghệ trong phạm_vi cả nước , có nhiệm_vụ và quyền_hạn theo quy_định của Chính_phủ . 

Điều 50 .  Nhiệm_vụ và quyền_hạn của các Bộ , cơ_quan ngang Bộ trong quản_lý khoa_học và công_nghệ 

Các Bộ , cơ_quan ngang Bộ thực_hiện quản_lý nhà_nước về khoa_học và công_nghệ và chịu trách_nhiệm về hoạt_động khoa_học và công_nghệ trong ngành , lĩnh_vực được phân_công phụ_trách ;  có trách_nhiệm xác_định , tổ_chức thực_hiện nhiệm_vụ khoa_học và công_nghệ thuộc các lĩnh_vực được phân_công phụ_trách ;  bảo_đảm quản_lý và sử_dụng có hiệu_quả các nguồn_lực khoa_học và công_nghệ của ngành ;  có tổ_chức chuyên_trách quản_lý khoa_học và công_nghệ để giúp Bộ_trưởng , Thủ_trưởng cơ_quan ngang Bộ thực_hiện quản_lý nhà_nước về khoa_học và công_nghệ theo quy_định của Chính_phủ . 

Điều 51 .  Nhiệm_vụ và quyền_hạn của Ủy_ban nhân_dân các cấp trong quản_lý khoa_học và công_nghệ 

1 . Ủy_ban nhân_dân tỉnh , thành_phố trực_thuộc Trung_ương thực_hiện quản_lý nhà_nước về khoa_học và công_nghệ tại địa_phương , chịu trách_nhiệm về hoạt_động khoa_học và công_nghệ của địa_phương ;  có trách_nhiệm xác_định , tổ_chức thực_hiện các nhiệm_vụ khoa_học và công_nghệ của tỉnh ;  tổ_chức áp_dụng kết_quả khoa_học và công_nghệ vào sản_xuất và đời_sống tại địa_phương ;  bảo_đảm quản_lý và sử_dụng có hiệu_quả các nguồn_lực khoa_học và công_nghệ của địa_phương mình . 

Sở Khoa_học và Công_nghệ chịu trách_nhiệm trước Ủy_ban nhân_dân tỉnh , thành_phố trực_thuộc Trung_ương thực_hiện quản_lý nhà_nước về khoa_học và công_nghệ tại địa_phương . 

2 . Ủy_ban nhân_dân huyện , quận , thị_xã , thành_phố thuộc tỉnh thực_hiện quản_lý nhà_nước về khoa_học và công_nghệ tại địa_phương theo phân_cấp của Ủy_ban nhân_dân tỉnh , thành_phố trực_thuộc Trung_ương .  Căn_cứ vào điều_kiện cụ_thể của từng địa_phương , Chủ_tịch Ủy_ban nhân_dân quyết_định hình_thức và phương_thức thích_hợp về quản_lý khoa_học và công_nghệ trong khuôn_khổ phân_cấp của Chính_phủ về bộ_máy tổ_chức của huyện , quận , thị_xã , thành_phố thuộc tỉnh . 

Điều 52 .  Hiệu_lực thi_hành 

Nghị_định này có hiệu_lực sau 15 ngày , kể từ ngày ký . 

Những quy_định trước_đây trái với Nghị_định này đều bãi_bỏ . 

Điều 53 .  Hướng_dẫn và trách_nhiệm thi_hành 

1 . Bộ_trưởng các Bộ : Khoa_học và Công_nghệ , Kế_hoạch và Đầu_tư , Tài_chính , Giáo_dục và Đào_tạo , Lao_động-Thương_binh và Xã_hội , Nội_vụ theo chức_năng , nhiệm_vụ , quyền_hạn của mình có trách_nhiệm hướng_dẫn thi_hành Nghị_định này . 

2 . Các Bộ_trưởng , Thủ_trưởng cơ_quan ngang Bộ , Thủ_trưởng cơ_quan thuộc Chính_phủ , Chủ_tịch Ủy_ban nhân_dân tỉnh , thành_phố trực_thuộc Trung_ương có trách_nhiệm thi_hành Nghị_định này ./. 