Thông tư Ban hành Danh mục máy móc, thiết bị, phụ tùng thay thế, phương tiện vận tải chuyên dùng, nguyên liệu, vật tư, linh kiện, bán thành phẩm trong nước đã sản xuất được

Căn_cứ <NĐ rel="CC"> Nghị_định số 116/2008/NĐ-CP ngày 14/11/2008 </NĐ> của Chính_phủ quy_định chức_năng , nhiệm_vụ , quyền_hạn và cơ_cấu tổ_chức của Bộ Kế_hoạch và Đầu_tư ;
Căn_cứ <NĐ rel="CC"> Nghị_định số 87/2010/NĐ-CP ngày 13/8/2010 </NĐ> của Chính_phủ quy_định chi_tiết thi_hành một_số điều của <L rel="none"> Luật Thuế_xuất_khẩu </L> , <L rel="none"> Luật Thuế_nhập_khẩu số 45/2005/QH11 </L> ;
Căn_cứ <NĐ rel="CC"> Nghị_định số 209/2013/NĐ-CP ngày 18/12/2013 </NĐ> của Chính_phủ quy_định chi_tiết và hướng_dẫn thi_hành một_số điều <L rel="none"> Luật Thuế giá_trị gia_tăng số 13/2008/QH12 </L> ;
Căn_cứ <QĐ rel="CC"> Quyết_định số 13/2015/QĐ-TTg ngày 05/5/2015 </QĐ> của Thủ_tướng Chính_phủ về cơ_chế , chính_sách khuyến_khích phát_triển vận_tải hành_khách công_cộng bằng xe_buýt ;
Điều 1 .  Ban_hành kèm theo Thông_tư các Danh_mục sau : 

1 . Danh_mục phương_tiện vận_tải chuyên_dùng trong nước đã sản_xuất được ( Phụ_lục I ) ; 

2 . Danh_mục máy_móc , thiết_bị trong nước đã sản_xuất được ( Phụ_lục II ) ; 

3 . Danh_mục vật_tư xây_dựng trong nước đã sản_xuất được ( Phụ_lục III ) ; 

4 . Danh_mục nguyên_liệu , vật_tư , linh_kiện , phụ_tùng thay_thế trong nước đã sản_xuất được ( Phụ_lục IV ) ; 

5 . Danh_mục linh_kiện , phụ_tùng xe_buýt trong nước đã sản_xuất được ( Phụ_lục V ) ; 

6 . Danh_mục vật_tư cần_thiết cho hoạt_động dầu_khí trong nước đã sản_xuất được ( Phụ_lục VI ) ; 

7 . Danh_mục nguyên_liệu , vật_tư , bán thành_phẩm phục_vụ cho việc đóng tàu trong nước đã sản_xuất được ( Phụ_lục VII ) ; 

8 . Danh_mục nguyên_liệu , vật_tư phục_vụ trực_tiếp cho sản_xuất sản_phẩm phần_mềm trong nước đã sản_xuất được ( Phụ_lục VIII ) . 

Điều 2 . Các Danh_mục được ban_hành tại Điều 1 của Thông_tư này là căn_cứ xác_định đối_tượng không chịu thuế giá_trị gia_tăng theo quy_định tại <NĐ rel="DaC"> Nghị_định số 209/2013/NĐ-CP ngày 18/12/2013 </NĐ> của Chính_phủ quy_định chi_tiết và hướng_dẫn thi_hành một_số điều <L rel="none"> Luật Thuế giá_trị gia_tăng </L> ; xác_định đối_tượng miễn thuế_nhập_khẩu theo quy_định tại <NĐ rel="DaC"> Nghị_định số 87/2010/NĐ-CP ngày 13/8/2010 </NĐ> của Chính_phủ quy_định chi_tiết thi_hành một_số điều của <L rel="none"> Luật Thuế_xuất_khẩu </L> , <L rel="DaC"> Luật Thuế_nhập_khẩu </L> ; xác_định đối_tượng miễn thuế_nhập_khẩu theo <QĐ rel="DaC"> Quyết_định số 13/2015/QĐ-TTg ngày 05/5/2015 </QĐ> của Thủ_tướng Chính_phủ về cơ_chế , chính_sách khuyến_khích phát_triển vận_tải hành_khách công_cộng bằng xe_buýt .
Điều 3 .  Các hàng_hóa trong nước đã sản_xuất được nêu tại các Danh_mục ban_hành kèm theo Thông_tư này được áp_dụng chung và không phụ_thuộc mục_đích sử_dụng , trừ hàng_hóa chuyên_dùng . 

Hàng_hóa chuyên_dùng quy_định tại Điều này là hàng_hóa đòi_hỏi phải đáp_ứng tiêu_chuẩn kỹ_thuật đặc_thù khi sử_dụng được nêu trong các chứng_chỉ chuyên_ngành . 

Điều 4 . Thông_tư này có hiệu_lực kể từ ngày 01 tháng 01 năm 2016 và thay_thế <TT rel="BTT"> Thông_tư số 04/2012/TT-BKHĐT ngày 13/8/2012 </TT> của Bộ Kế_hoạch và Đầu_tư .
Trong quá_trình triển_khai thực_hiện , nếu có vướng_mắc , đề_nghị phản_ánh kịp_thời về Bộ Kế_hoạch và Đầu_tư để nghiên_cứu sửa_đổi , bổ_sung . 