Nghị định Quy định xử lý trách nhiệm của người đứng đầu cơ quan, tổ chức, đơn vị khi để xảy ra tham nhũng trong cơ quan, tổ chức, đơn vị do mình quản lý, phụ trách

Căn_cứ <L rel="CC"> Luật Tổ_chức Chính_phủ ngày 25 tháng 12 năm 2001 </L> ;
Căn_cứ <L rel="CC"> Luật_Phòng , chống tham_nhũng ngày 29 tháng 11 năm 2005 </L> ;
Căn_cứ <BL rel="CC"> Bộ luật Hình_sự ngày 21 tháng 12 năm 1999 </BL> ;
Căn_cứ <PL rel="CC"> Pháp_lệnh Cán_bộ , công_chức ngày 26 tháng 02 năm 1998 </PL> ; <PL rel="CC"> Pháp_lệnh sửa_đổi , bổ_sung một_số điều của <PL rel="none"> Pháp_lệnh Cán_bộ , công_chức </PL> ngày 28 tháng 04 năm 2000 </PL> ; <PL rel="none"> Pháp_lệnh sửa_đổi , bổ_sung một_số điều của <PL rel="none"> Pháp_lệnh Cán_bộ , công_chức </PL> ngày 29 tháng 04 năm 2003 </PL> ;
Điều 1 .  Phạm_vi điều_chỉnh 

Nghị_định này quy_định xử_lý trách_nhiệm của người đứng đầu_cơ_quan , tổ_chức , đơn_vị khi để xảy ra tham_nhũng trong cơ_quan , tổ_chức , đơn_vị do mình quản_lý , phụ_trách . 

Điều 2 .  Đối_tượng áp_dụng 

1 . Nghị_định này áp_dụng đối_với người đứng đầu_cơ_quan , tổ_chức , đơn_vị trong các cơ_quan nhà_nước , tổ_chức chính_trị , tổ_chức chính_trị-xã_hội , đơn_vị vũ_trang nhân_dân , đơn_vị sự_nghiệp , doanh_nghiệp của nhà_nước và cơ_quan , tổ_chức , đơn_vị khác có sử_dụng ngân_sách , tài_sản của Nhà_nước . 

2 . Cấp_phó của người đứng đầu_cơ_quan , tổ_chức , đơn_vị quy_định tại khoản 1 Điều này cũng phải bị xử_lý trách_nhiệm khi để xảy ra tham_nhũng trong lĩnh_vực công_tác và trong đơn_vị do mình trực_tiếp phụ_trách . 

Điều 3 .  Mức_độ của vụ , việc tham_nhũng 

1 . Mức_độ của vụ , việc tham_nhũng là căn_cứ để xác_định trách_nhiệm của người đứng đầu , cấp phó của người đứng đầu_cơ_quan , tổ_chức , đơn_vị . 

2 . Vụ , việc tham_nhũng được chia theo các mức_độ sau đây : 

a ) Tham_nhũng ít nghiêm_trọng là vụ , việc mà trong đó người có hành_vi tham_nhũng chưa đến mức bị truy_cứu trách_nhiệm hình_sự hoặc bị truy_cứu trách_nhiệm hình_sự và bị xử_phạt bằng hình_thức cải_tạo không giam_giữ đến 3 năm hoặc bị phạt tù đến 3 năm ; 

b ) Tham_nhũng nghiêm_trọng là vụ , việc mà trong đó người có hành_vi tham_nhũng bị phạt tù từ 3 năm đến 7 năm ; 

c ) Tham_nhũng rất nghiêm_trọng là vụ , việc mà trong đó người có hành_vi tham_nhũng bị phạt tù từ 7 năm đến 15 năm ; 

d ) Tham_nhũng đặc_biệt nghiêm_trọng là vụ , việc mà trong đó người có hành_vi tham_nhũng bị phạt tù từ 15 năm trở lên , tù chung_thân hoặc tử_hình . 

Điều 4 .  Nguyên_tắc xử_lý trách_nhiệm người đứng đầu , cấp phó của người đứng đầu_cơ_quan , tổ_chức , đơn_vị 

1 . Người đứng đầu , cấp phó của người đứng đầu_cơ_quan , tổ_chức , đơn_vị nếu phải chịu trách_nhiệm trực_tiếp về việc để xảy ra hành_vi tham_nhũng trong cơ_quan , tổ_chức , đơn_vị do mình quản_lý , phụ_trách thì bị xử_lý kỷ_luật theo quy_định tại Nghị_định này hoặc nếu có đủ dấu_hiệu cấu_thành tội_phạm thì bị truy_cứu trách_nhiệm hình_sự theo quy_định của pháp_luật . 

2 . Người đứng đầu_cơ_quan , tổ_chức , đơn_vị nếu phải chịu trách_nhiệm liên_đới về việc để xảy ra hành_vi tham_nhũng trong cơ_quan , tổ_chức , đơn_vị do mình quản_lý , phụ_trách thì bị xử_lý kỷ_luật theo quy_định tại Nghị_định này . 

3 . Trường_hợp vụ , việc tham_nhũng xảy ra liên_quan đến nhiều cơ_quan , tổ_chức , đơn_vị thì ngoài cơ_quan , tổ_chức , đơn_vị xảy ra vụ , việc tham_nhũng , người đứng đầu hoặc cấp phó của người đứng đầu_cơ_quan , tổ_chức , đơn_vị liên_quan có người vi_phạm cũng phải chịu trách_nhiệm liên_đới theo quy_định tại Nghị_định này . 

Điều 5 .  Giải_thích từ_ngữ 

1 . " Cấp_phó của người đứng đầu " cơ_quan , tổ_chức , đơn_vị quy_định tại Nghị_định này là người được phân_công giúp người đứng đầu_cơ_quan , tổ_chức , đơn_vị quản_lý , phụ_trách một lĩnh_vực công_tác nhất_định trong cơ_quan , tổ_chức , đơn_vị hoặc một_số đơn_vị trực_thuộc của cơ_quan , tổ_chức . 

2 . " Trách_nhiệm trực_tiếp " là trách_nhiệm của người đứng đầu hoặc cấp phó của người đứng đầu_cơ_quan , tổ_chức , đơn_vị đối_với hành_vi tham_nhũng của người do mình trực_tiếp_quản_lý , giao nhiệm_vụ hoặc xảy ra trong lĩnh_vực công_tác , trong cơ_quan , tổ_chức , đơn_vị do mình trực_tiếp_quản_lý , phụ_trách . 

3 . " Trách_nhiệm liên_đới " là trách_nhiệm của người đứng đầu_cơ_quan , tổ_chức , đơn_vị đối_với hành_vi tham_nhũng xảy ra trong lĩnh_vực công_tác , trong đơn_vị do cấp phó của mình trực_tiếp phụ_trách ;  của người đứng đầu hoặc cấp phó của người đứng đầu_cơ_quan , tổ_chức , đơn_vị liên_quan có người vi_phạm trong trường_hợp vụ , việc tham_nhũng xảy ra liên_quan đến nhiều cơ_quan , tổ_chức , đơn_vị . 

Điều 6 .  Nguyên_tắc xem_xét xử_lý kỷ_luật 

1 . Căn_cứ vào sự phân_công , phân_cấp quản_lý trong cơ_quan , tổ_chức , đơn_vị để xác_định mức_độ chịu trách_nhiệm trực_tiếp hoặc trách_nhiệm liên_đới . 

2 . Căn_cứ vào mối quan_hệ công_tác giữa trách_nhiệm quản_lý của người đứng đầu , cấp phó của người đứng đầu với hành_vi tham_nhũng của người dưới quyền . 

Điều 7 .  Hình_thức xử_lý kỷ_luật 

1 . Người đứng đầu , cấp phó của người đứng đầu_cơ_quan , tổ_chức , đơn_vị là cán_bộ , công_chức quy_định tại các điểm b , c , d , đ , e và h khoản 1 Điều 1 <PL rel="DaC"> Pháp_lệnh Cán_bộ , công_chức </PL> ( đã được Ủy_ban Thường_vụ Quốc_hội sửa_đổi , bổ_sung ngày 29 tháng 04 năm 2003 , sau đây gọi chung là <PL rel="DaC"> Pháp_lệnh Cán_bộ , công_chức </PL> ) và viên_chức quản_lý doanh_nghiệp nhà_nước thì bị xử_lý kỷ_luật bằng một trong những hình_thức sau :
a ) Khiển_trách ; 

b ) Cảnh_cáo ; 

c ) Cách_chức . 

2 . Người đứng đầu , cấp phó của người đứng đầu_cơ_quan , tổ_chức , đơn_vị là cán_bộ , công_chức quy_định tại điểm a và g khoản 1 Điều 1 <PL rel="DaC"> Pháp_lệnh Cán_bộ , công_chức </PL> thì bị xử_lý kỷ_luật theo quy_định của pháp_luật và điều_lệ của tổ_chức chính_trị , tổ_chức chính_trị-xã_hội .
3 . Người đứng đầu , cấp phó của người đứng đầu_cơ_quan , tổ_chức , đơn_vị thuộc tổ_chức chính_trị-xã_hội-nghề_nghiệp , tổ_chức xã_hội-nghề_nghiệp , tổ_chức xã_hội thì bị xử_lý kỷ_luật theo quy_định tại điều_lệ của tổ_chức đó . 

4 . Người đứng đầu , cấp phó của người đứng đầu_cơ_quan , đơn_vị là sĩ_quan , hạ_sĩ_quan , quân_nhân chuyên_nghiệp trong quân_đội nhân_dân và công_an nhân_dân thì bị xử_lý kỷ_luật theo quy_định của pháp_luật đối_với sĩ_quan , hạ_sĩ_quan , quân_nhân chuyên_nghiệp trong quân_đội nhân_dân và công_an nhân_dân . 

Điều 8 .  Áp_dụng hình_thức khiển_trách 

Hình_thức khiển_trách được áp_dụng trong trường_hợp người đứng đầu , cấp phó của người đứng đầu_cơ_quan , tổ_chức , đơn_vị để xảy ra vụ , việc tham_nhũng nghiêm_trọng hoặc nhiều vụ , việc tham_nhũng ít nghiêm_trọng trong cơ_quan , tổ_chức , đơn_vị do mình quản_lý , phụ_trách . 

Điều 9 .  Áp_dụng hình_thức cảnh_cáo 

Hình_thức cảnh_cáo được áp_dụng trong trường_hợp người đứng đầu , cấp phó của người đứng đầu_cơ_quan , tổ_chức , đơn_vị để xảy ra vụ , việc tham_nhũng rất nghiêm_trọng hoặc nhiều vụ , việc tham_nhũng nghiêm_trọng trong cơ_quan , tổ_chức , đơn_vị do mình quản_lý , phụ_trách . 

Điều 10 .  Áp_dụng hình_thức cách_chức 

Hình_thức cách_chức được áp_dụng trong trường_hợp người đứng đầu , cấp phó của người đứng đầu_cơ_quan , tổ_chức , đơn_vị để xảy ra vụ , việc tham_nhũng đặc_biệt nghiêm_trọng hoặc nhiều vụ , việc tham_nhũng rất nghiêm_trọng trong cơ_quan , tổ_chức , đơn_vị do mình quản_lý , phụ_trách . 

Điều 11 .  Trường_hợp loại_trừ trách_nhiệm , miễn , giảm nhẹ hoặc tăng nặng hình_thức kỷ_luật 

1 . Người đứng đầu , cấp phó của người đứng đầu_cơ_quan , tổ_chức , đơn_vị được loại_trừ trách_nhiệm trong trường_hợp họ không_thể biết hoặc đã áp_dụng các biện_pháp cần_thiết để phòng_ngừa , ngăn_chặn hành_vi tham_nhũng . 

2 . Người đứng đầu , cấp phó của người đứng đầu_cơ_quan , tổ_chức , đơn_vị để xảy ra tham_nhũng trong cơ_quan , tổ_chức , đơn_vị do mình quản_lý , phụ_trách và bị xử_lý kỷ_luật bằng hình_thức khiển_trách , nếu trước đó đã tự_nguyện xin từ_chức và đã được cấp có thẩm_quyền chấp_thuận thì được miễn xử_lý kỷ_luật . 

3 . Người đứng đầu , cấp phó của người đứng đầu_cơ_quan , tổ_chức , đơn_vị để xảy ra tham_nhũng trong cơ_quan , tổ_chức , đơn_vị do mình quản_lý , phụ_trách được giảm nhẹ một mức kỷ_luật nếu thuộc một trong các trường_hợp sau : 

a ) Đã có đơn xin từ_chức và đã được cấp có thẩm_quyền chấp_thuận ; 

b ) Đã thực_hiện các biện_pháp cần_thiết nhằm ngăn_chặn , khắc_phục hậu_quả của hành_vi tham_nhũng ;  đã xử_lý nghiêm_minh , báo_cáo kịp_thời với cơ_quan , tổ_chức có thẩm_quyền về hành_vi tham_nhũng . 

4 . Người đứng đầu , cấp phó của người đứng đầu_cơ_quan , tổ_chức , đơn_vị để xảy ra tham_nhũng trong cơ_quan , tổ_chức , đơn_vị do mình quản_lý , phụ_trách , nếu không thực_hiện các biện_pháp cần_thiết nhằm ngăn_chặn , khắc_phục hậu_quả của hành_vi tham_nhũng hoặc nếu phát_hiện_hành_vi tham_nhũng mà không xử_lý nghiêm_minh , không báo_cáo kịp_thời với cơ_quan , tổ_chức có thẩm_quyền thì phải tăng nặng một mức kỷ_luật . 

Điều 12 .  Xử_lý kỷ_luật đối_với người đứng đầu Bộ , cơ_quan ngang Bộ , cơ_quan thuộc Chính_phủ và tương_đương , Chủ_tịch Hội_đồng nhân_dân , Chủ_tịch Ủy_ban nhân_dân tỉnh , thành_phố trực_thuộc Trung_ương 

Bộ_trưởng , Thủ_trưởng cơ_quan ngang Bộ , Thủ_trưởng cơ_quan thuộc Chính_phủ và tương_đương ;  Chủ_tịch Hội_đồng nhân_dân , Chủ_tịch Ủy_ban nhân_dân tỉnh , thành_phố trực_thuộc trung_ương nếu để xảy ra vụ , việc tham_nhũng đặc_biệt nghiêm_trọng , gây ảnh_hưởng xấu về chính_trị , kinh_tế , xã_hội thuộc phạm_vi quản_lý của bộ , ngành , địa_phương mình thì phải chịu trách_nhiệm và bị xử_lý các hình_thức kỷ_luật theo quy_định tại khoản 1 hoặc khoản 2 Điều 7 Nghị_định này . 

Điều 13 .  Trách_nhiệm xem_xét xử_lý kỷ_luật 

Trong thời_hạn 30 ngày , kể từ ngày có kết_luận chính_thức của cơ_quan có thẩm_quyền về vụ , việc tham_nhũng hoặc từ ngày bản_án về vụ tham_nhũng có hiệu_lực pháp_luật , người đứng đầu_cơ_quan , tổ_chức , đơn_vị cấp trên trực_tiếp có trách_nhiệm xem_xét xử_lý kỷ_luật hoặc báo_cáo để cấp có thẩm_quyền xem_xét xử_lý kỷ_luật đối_với người đứng đầu , cấp phó của người đứng đầu_cơ_quan , tổ_chức , đơn_vị có trách_nhiệm trực_tiếp hoặc trách_nhiệm liên_đới để xảy ra tham_nhũng . 

Điều 14 .  Thẩm_quyền quyết_định kỷ_luật 

Thẩm_quyền quyết_định kỷ_luật đối_với người đứng đầu_cơ_quan , tổ_chức , đơn_vị để xảy ra tham_nhũng thực_hiện theo phân_cấp quản_lý cán_bộ , công_chức hiện_hành . 

Điều 15 .  Hội_đồng kỷ_luật 

1 . Người đứng đầu_cơ_quan , tổ_chức , đơn_vị cấp trên trực_tiếp của cơ_quan , tổ_chức , đơn_vị để xảy ra tham_nhũng phải thành_lập Hội_đồng kỷ_luật để xem_xét xử_lý kỷ_luật đối_với người đứng đầu , cấp phó của người đứng đầu_cơ_quan , tổ_chức , đơn_vị để xảy ra tham_nhũng . 

2 . Thành_phần Hội_đồng kỷ_luật gồm : 

a ) Chủ_tịch Hội_đồng là người đứng đầu hoặc cấp phó của người đứng đầu_cơ_quan , tổ_chức , đơn_vị cấp trên trực_tiếp của cơ_quan , tổ_chức , đơn_vị để xảy ra tham_nhũng ; 

b ) Một_ủy_viên là đại_diện đảng_ủy cấp trên trực_tiếp của đảng_ủy cơ_quan , tổ_chức , đơn_vị để xảy ra tham_nhũng ; 

c ) Một_ủy_viên là đại_diện Ban_Chấp_hành Công_đoàn của cơ_quan , tổ_chức , đơn_vị để xảy ra tham_nhũng . 

3 . Hội_đồng kỷ_luật làm_việc theo chế_độ tập_thể , biểu_quyết theo đa_số bằng phiếu kín .  Hội_đồng kỷ_luật chỉ họp khi có đầy_đủ các thành_viên Hội_đồng . 

4 . Việc thành_lập Hội_đồng kỷ_luật đối_với Bộ_trưởng , Thủ_trưởng cơ_quan ngang Bộ , Thủ_trưởng cơ_quan thuộc Chính_phủ ;  Chủ_tịch Hội_đồng nhân_dân , Chủ_tịch Ủy_ban nhân_dân tỉnh , thành_phố trực_thuộc Trung_ương và tương_đương do cơ_quan , tổ_chức có thẩm_quyền xem_xét quyết_định theo quy_định của pháp_luật . 

Điều 16 .  Quy_trình xem_xét xử_lý kỷ_luật 

1 . Người đứng đầu , cấp phó của người đứng đầu_cơ_quan , tổ_chức , đơn_vị để xảy ra tham_nhũng phải làm bản tự kiểm_điểm và tự nhận hình_thức kỷ_luật . 

2 . Lãnh_đạo cấp trên trực_tiếp tổ_chức và chủ_trì cuộc họp kiểm_điểm đối_với người đứng đầu , cấp phó của người đứng đầu quy_định tại khoản 1 Điều này .  Thành_phần mời tham_dự cuộc họp kiểm_điểm là cán_bộ , công_chức giữ các vị_trí lãnh_đạo trong cơ_quan , tổ_chức , đơn_vị .  Việc xác_định thành_phần mời dự họp do lãnh_đạo cấp trên trực_tiếp quyết_định .  Biên_bản cuộc họp kiểm_điểm có kiến_nghị hình_thức kỷ_luật của cơ_quan , tổ_chức , đơn_vị . 

3 . Hội_đồng kỷ_luật của cơ_quan , tổ_chức , đơn_vị cấp trên trực_tiếp xem_xét , biểu_quyết hình_thức kỷ_luật bằng phiếu kín , kiến_nghị người đứng đầu_cơ_quan , tổ_chức , đơn_vị quyết_định kỷ_luật hoặc đề_nghị cấp có thẩm_quyền quyết_định kỷ_luật . 

Điều 17 .  Các quy_định khác liên_quan đến quy_trình xem_xét xử_lý kỷ_luật 

Các quy_định khác liên_quan đến quy_trình xem_xét xử_lý kỷ_luật người đứng đầu , cấp phó của người đứng đầu_cơ_quan , tổ_chức , đơn_vị như thời_hiệu xử_lý kỷ_luật ; tạm đình_chỉ công_tác ; quản_lý hồ_sơ kỷ_luật ; chấm_dứt hiệu_lực của quyết_định kỷ_luật ; khiếu_nại , giải_quyết khiếu_nại đối_với quyết_định kỷ_luật và các quy_định liên_quan đến cán_bộ , công_chức bị kỷ_luật được thực_hiện theo <NĐ rel="DaC"> Nghị_định số 35/2005/NĐ-CP ngày 17 tháng 03 năm 2005 </NĐ> của Chính_phủ về việc xử_lý kỷ_luật cán_bộ , công_chức .
Điều 18 .  Hiệu_lực thi_hành 

Nghị_định này có hiệu_lực thi_hành sau 15 ngày , kể từ ngày đăng Công_báo . 

Điều 19 .  Hướng_dẫn thi_hành 

1 . Bộ_trưởng Bộ Nội_vụ có trách_nhiệm hướng_dẫn thi_hành Nghị_định này trong đơn_vị sự_nghiệp , doanh_nghiệp của nhà_nước , các tổ_chức xã_hội , xã_hội-nghề_nghiệp có sử_dụng ngân_sách , tài_sản của Nhà_nước . 

2 . Cơ_quan có thẩm_quyền căn_cứ các quy_định tại Nghị_định này hướng_dẫn áp_dụng đối_với các cơ_quan , tổ_chức , đơn_vị thuộc tổ_chức chính_trị , tổ_chức chính_trị-xã_hội , tổ_chức chính_trị-xã_hội-nghề_nghiệp . 

Điều 20 .  Trách_nhiệm thi_hành 

Các Bộ_trưởng , Thủ_trưởng cơ_quan ngang Bộ , Thủ_trưởng cơ_quan thuộc Chính_phủ , Chủ_tịch Ủy_ban nhân_dân các tỉnh , thành_phố trực_thuộc Trung_ương và các cơ_quan , tổ_chức , cá_nhân có liên_quan chịu trách_nhiệm thi_hành Nghị_định này ./. 