Nghị định Quy định việc cấp phép thăm dò, khai thác, sử dụng tài nguyên nước,xả nước thải vào nguồn nước

Căn_cứ <L rel="CC"> Luật Tổ_chức Chính_phủ ngày 25 tháng 12 năm 2001 </L> ;
Căn_cứ <NQ rel="CC"> Nghị_quyết số 02/2002/QH11 ngày 05 tháng 8 năm 2002 </NQ> của Quốc_hội nước Cộng_hòa xã_hội chủ_nghĩa Việt_Nam_Khóa XI , kỳ họp thứ nhất quy_định danh_sách các Bộ và cơ_quan ngang Bộ của Chính_phủ ;
Căn_cứ <L rel="CC"> Luật Tài_nguyên nước ngày 20 tháng 5 năm 1998 </L> ;
Căn_cứ <NĐ rel="CC"> Nghị_định số 91/2002/NĐ-CP ngày 11 tháng 11 năm 2002 </NĐ> của Chính_phủ quy_định chức_năng , nhiệm_vụ , quyền_hạn và cơ_cấu tổ_chức của Bộ Tài_nguyên và Môi_trường ;
Điều 1 .  Phạm_vi điều_chỉnh 

Nghị_định này quy_định việc cấp , gia_hạn , thay_đổi , đình_chỉ , thu_hồi giấy_phép thăm_dò , khai_thác , sử_dụng tài_nguyên nước , xả nước_thải vào nguồn nước . 

Điều 2 .  Đối_tượng áp_dụng 

Nghị_định này áp_dụng đối_với mọi tổ_chức , cá_nhân trong nước và tổ_chức , cá_nhân nước_ngoài ( sau đây gọi chung là tổ_chức , cá_nhân ) có các hoạt_động liên_quan đến việc thăm_dò , khai_thác , sử_dụng tài_nguyên nước , xả nước_thải vào nguồn nước . 

Trường_hợp Điều_ước quốc_tế mà Cộng_hào xã_hội chủ_nghĩa Việt_Nam ký_kết hoặc gia_nhập có quy_định khác với quy_định của Nghị_định này thì áp_dụng theo quy_định của Điều_ước quốc_tế đó . 

Điều 3 .  Giấy_phép thăm_dò , khai_thác , sử_dụng tài_nguyên nước , xả nước_thải vào nguồn nước . 

Giấy_phép thăm_dò , khai_thác , sử_dụng tài_nguyên nước , xả nước_thải vào nguồn nước bao_gồm : giấy_phép thăm_dò nước dưới đất ;  giấy_phép khai_thác , sử_dụng nước dưới đất ;  giấy_phép khai_thác , sử_dụng nước mặt ;  giấy_phép xả nước_thải vào nguồn nước . 

Điều 4 .  Nguyên_tắc cấp phép 

Việc cấp phép thăm_dò , khai_thác , sử_dụng tài_nguyên nước , xả nước_thải vào nguồn nước phải bảo_đảm các nguyên_tắc sau đây : 

1 . Cấp phép phải đúng thẩm_quyền , đúng đối_tượng và trình_tự , thủ_tục theo quy_định của pháp_luật ; 

2 . Phải bảo_đảm lợi_ích của Nhà_nước ;  quyền , lợi tích_hợp_pháp của tổ_chức , cá_nhân có liên_quan và bảo_vệ môi_trường theo quy_định của pháp_luật ; 

3 . Ưu_tiên cấp phép thăm_dò , khai_thác , sử_dụng tài_nguyên nước để cung_cấp_nước sinh_hoạt ; 

4 . Không gây cạn_kiệt , ô_nhiễm nguồn nước khi thực_hiện việc thăm_dò , khai_thác , sử_dụng tài_nguyên nước , xả nước_thải vào nguồn nước ; 

5 . Khai_thác nước dưới đất trong một vùng không được vượt quá trữ_lượng nước khai_thác của vùng đó ;  khi nước dưới đất tại vùng khai_thác đã đạt tới trữ_lượng có_thể khai_thác thì không được mở_rộng quy_mô khai_thác , nếu chưa có biện_pháp xử_lý , bổ_sung nhân_tạo . 

Điều 5 .  Căn_cứ cấp phép 

1 . Việc cấp phép thăm_dò , khai_thác , sử_dụng tài_nguyên nước , xả nước_thải vào nguồn nước phải trên cơ_sở các căn_cứ sau đây : 

a ) <L rel="CC"> Luật Tài_nguyên nước </L> và văn_bản pháp_luật có liên_quan ;
b ) Chiến_lược phát_triển kinh_tế-xã_hội của quốc_gia , ngành , vùng và địa_phương ; 

c ) Quy_hoạch lưu_vực sông được cơ_quan nhà_nước có thẩm_quyền phê_duyệt theo quy_định của pháp_luật ;  trường_hợp chưa có quy_hoạch lưu_vực sông thì căn_cứ vào khả_năng nguồn nước và phải bảo_đảm không gây cạn_kiệt , ô_nhiễm nguồn nước ; 

d ) Báo_cáo thẩm_định của cơ_quan nhà_nước có thẩm_quyền về hồ_sơ xin phép thăm_dò , khai_thác , sử_dụng tài_nguyên nước , xả nước_thải vào nguồn nước . 

2 . Ngoài các căn_cứ quy_định tại khoản 1 Điều này , việc cấp phép xả nước_thải vào nguồn nước còn phải căn_cứ vào các quy_định sau đây : 

a ) Tiêu_chuẩn nước_thải ;  trường_hợp chưa có tiêu_chuẩn thì thực_hiện theo hướng_dẫn của Bộ Tài_nguyên và Môi_trường ; 

b ) Khả_năng tiếp_nhận nước_thải của nguồn nước ; 

c ) Vùng bảo hộ_vệ_sinh khu_vực lấy nước do cơ_quan nhà_nước có thẩm_quyền quy_định . 

Điều 6 .  Các trường_hợp không phải xin cấp giấy_phép 

1 . Khai_thác , sử_dụng tài_nguyên nước không phải xin phép trong các trường_hợp sau đây : 

a ) Khai_thác , sử_dụng nước mặt , nước dưới đất với quy_mô nhỏ phục_vụ sinh_hoạt trong phạm_vi gia_đình . 

b ) Khai_thác , sử_dụng nước mặt , nước dưới đất với quy_mô nhỏ để sản_xuất nông_nghiệp , lâm_nghiệp , nuôi_trồng thủy_sản , sản_xuất tiểu thủ_công_nghiệp , thủy_điện và cho các mục_đích khác trong phạm_vi gia_đình ; 

c ) Khai_thác , sử_dụng nguồn nước biển với quy_mô nhỏ để sản_xuất muối và nuôi_trồng hải_sản trong phạm_vi gia_đình ; 

d ) Khai_thác , sử_dụng nước mưa , nước mặt , nước biển trong phạm_vi diện_tích đất đã được giao , được thuê theo quy_định của <L rel="DaC"> Luật Đất_đai </L> , <L rel="DaC"> Luật Tài_nguyên nước </L> và các quy_định khác của pháp_luật ;
đ ) Khai_thác , sử_dụng tài_nguyên nước không nhằm mục_đích kinh_doanh phục_vụ các hoạt_động lâm_nghiệp , giao_thông thủy , nuôi_trồng thủy_sản , hải_sản , sản_xuất muối , thể_thao , giải_trí , du_lịch , y_tế , an_dưỡng , nghiên_cứu khoa_học ; 

e ) Khai_thác nước dưới đất từ các công_trình thay_thế có quy_mô không lớn hơn và mực nước hạ thấp nhỏ hơn giới_hạn cho phép đã được xác_định trong giấy_phép , nằm trong khu_vực đã được cấp phép . 

2 . Xả nước_thải vào nguồn nước với quy_mô nhỏ trong phạm_vi gia_đình . 

3 . Khai_thác , sử_dụng nước dưới đất với quy_mô nhỏ trong phạm_vi gia_đình không phải xin phép nhưng phải đăng_ký trong các trường_hợp sau đây : 

a ) Khai_thác , sử_dụng nước dưới đất để sản_xuất nông_nghiệp , lâm_nghiệp , nuôi_trồng thủy_sản , sản_xuất tiểu thủ_công_nghiệp trong vùng mà tổng_lượng nước khai_thác vượt quá tổng_lượng dòng ngầm trung_bình mùa kiệt ; 

b ) Chiều sâu giếng khai_thác vượt quá mức quy_định . 

4 . Ủy_ban nhân_dân tỉnh , thành_phố trực_thuộc Trung_ương ( sau đây gọi chung là Ủy_bản nhân_dân cấp tỉnh ) quy_định cụ_thể quy_mô khai_thác , sử_dụng tài_nguyên nước , xả nước_thải vào nguồn nước trong phạm_vi gia_đình không phải xin phép ;  vùng khai_thác nước dưới đất phải đăng_ký , chiều sâu giếng phải đăng_ký quy_định tại khoản 3 Điều này . 

Điều 7 .  Thời_hạn , gia_hạn giấy_phép 

1 . Thời_hạn của giấy_phép khai_thác , sử_dụng nước mặt không quá hai mươi ( 20 ) năm và được xem_xét gia_hạn nhưng thời_gian gia_hạn không quá ( 10 ) năm . 

2 . Thời_hạn của giấy_phép thăm_dò nước dưới đất không quá ba ( 3 ) năm và được xem_xét gia_hạn nhưng thời_gian gia_hạn không quá hai ( 2 ) năm . 

3 . Thời_hạn của giấy_phép khai_thác , sử_dụng nước dưới đất không quá mười_lăm ( 15 ) năm và được xem_xét gia_hạn nhưng thời_gian gia_hạn không quá mười ( 10 ) năm . 

4 . Thời_hạn của giấy_phép xả nước_thải vào nguồn nước không quá mười ( 10 ) năm và được xem_xét gia_hạn nhưng thời_gian gia_hạn không quá năm ( 5 ) năm . 

5 . Việc gia_hạn giấy_phép thăm_dò , khai_thác , sử_dụng tài_nguyên nước , xử nước_thải vào nguồn nước phải căn_cứ vào các quy_định tại Điều 5 của Nghị_định này và các điều_kiện sau đây : 

a ) Tại thời_điểm xin gia_hạn , chủ giấy_phép đã thực_hiện đầy_đủ nghĩa_vụ quy_định tại Điều 18 của Nghị_định này ; 

b ) Giấy_phép thăm_dò , khai_thác , sử_dụng tài_nguyên nước , xả nước_thải vào nguồn nước còn hiệu_lực không ít hơn ba ( 3 ) tháng tại thời_điểm xin gia_hạn . 

Điều 8 .  Thay_đổi thời_hạn , điều_chỉnh nội_dung giấy_phép 

1 . Đối_với giấy_phép thăm_dò nước dưới đất : 

a ) Điều_kiện mặt_bằng không cho phép thi_công một_số hạng_mục trong đề_án thăm_dò đã được phê_duyệt ; 

b ) Có sự khác_biệt giữa cấu_trúc địa_chất thủy_văn thực_tế và cấu_trúc địa_chất thủy_văn dự_kiến trong đề_án thăm_dò đã được phê_duyệt ; 

c ) Khối_lượng các hạng_mục thăm_dò thay_đổi vượt quá 10 % so với khối_lượng tương_ứng đã được phê_duyệt . 

2 . Đối_với giấy_phép khai_thác , sử_dụng tài_nguyên nước : 

a ) Nguồn nước không bảo_đảm việc cung_cấp_nước bình_thường ; 

b ) Nhu_cầu khai_thác , sử_dụng nước tăng mà chưa có biện_pháp xử_lý , bổ_sung nguồn nước ; 

c ) Xảy ra các tình_huống đặc_biệt cần phải hạn_chế việc khai_thác , sử_dụng nước ; 

d ) Khai_thác nước gây sụt lún mặt_đất , biến_dạng công_trình , xâm_nhập mặn , cạn_kiệt , ô_nhiễm nghiêm_trọng nguồn nước dưới đất . 

3 . Đối_với giấy_phép xả nước_thải vào nguồn nước : 

a ) Nguồn nước không còn khả_năng tiếp_nhận nước_thải ; 

b ) Nhu_cầu xả nước_thải tăng mà chưa có biện_pháp xử_lý , khắc_phục ; 

c ) Xảy ra các tình_huống đặc_biệt cần phải hạn_chế việc xả nước_thải vào nguồn nước . 

Điều 9 .  Đình_chỉ hiệu_lực của giấy_phép 

1 . Giấy_phép bị đình_chỉ hiệu_lực trong các trường_hợp sau đây : 

a ) Tổ_chức , cá_nhân được cấp giấy_phép ( gọi chung là Chủ giấy_phép ) vi_phạm nội_dung quy_định của giấy_phép ; 

b ) Chủ giấy_phép tự_ý chuyển_nhượng giấy_phép ; 

c ) Chủ giấy_phép lợi_dụng giấy_phép để tổ_chức hoạt_động không quy_định trong nội_dung giấy_phép . 

2 . Thời_gian đình_chỉ hiệu_lực của giấy_phép do cơ_quan cấp giấy_phép quy_định .  Trong thời_gian giấy_phép bị đình_chỉ hiệu_lực , thì Chủ giấy_phép không có các quyền liên_quan đến giấy_phép . 

Điều 10 .  Thu_hồi giấy_phép 

1 . Việc thu_hồi giấy_phép được thực_hiện trong các trường_hợp sau đây : 

a ) Tổ_chức là chủ giấy_phép bị giải_thể hoặc bị Tòa_án tuyên_bố phá_sản ;  cá_nhân là chủ giấy_phép bị chết hoặc bị Tòa_án tuyên_bố là đã chết hoặc bị mất năng_lực hành_vi dân_sự hoặc bị tuyên_bố mất_tích ; 

b ) Giấy_phép được cấp nhưng không sử_dụng trong thời_gian mười hai ( 12 ) tháng liên_tục mà không được cơ_quan quản_lý nhà_nước có thẩm_quyền về tài_nguyên nước cho phép ; 

c ) Chủ giấy_phép vi_phạm quyết_định đình_chỉ hiệu_lực của giấy_phép ; 

d ) Chủ giấy_phép vi_phạm nội_dung quy_định của giấy_phép , gây cạn_kiệt , ô_nhiễm nghiêm_trọng nguồn nước ; 

đ ) Giấy_phép được cấp không đúng thẩm_quyền ; 

e ) Khi cơ_quan nhà_nước có thẩm_quyền quyết_định thu_hồi giấy_phép vì lý_do quốc_phòng , an_ninh hoặc vì lợi_ích quốc_gia , lợi_ích công_cộng . 

2 . Trong trường_hợp giấy_phép bị thu_hồi do vi_phạm_quy_định tại các điểm b và c khoản 1 Điều này , Chủ giấy_phép chỉ được xem_xét cấp giấy_phép mới sau ba ( 3 ) năm , kể từ ngày thu_hồi , nếu đã thực_hiện đầy_đủ các nghĩa_vụ liên_quan đến lý_do thu_hồi giấy_phép cũ . 

3 . Trong trường_hợp giấy_phép bị thu_hồi theo quy_định tại các điểm đ và e khoản 1 Điều này , thì cơ_quan nhà_nước có thẩm_quyền về tài_nguyên nước xem_xét việc cấp giấy_phép mới . 

Điều 11 .  Trả lại giấy_phép 

1 . Trường_hợp không sử_dụng giấy_phép , chủ giấy_phép có quyền trả lại giấy_phép cho cơ_quan cấp phép , đồng_thời có văn_bản giải_trình lý_do cho cơ_quan cấp phép . 

2 . Tổ_chức , cá_nhân đã trả lại giấy_phép chỉ được xem_xét cấp giấy_phép mới sau hai ( 2 ) năm , kể từ ngày trả lại giấy_phép . 

Điều 12 .  Chấm_dứt hiệu_lực của giấy_phép 

1 . Giấy_phép bị chấm_dứt hiệu_lực trong các trường_hợp sau đây : 

a ) Giấy_phép bị thu_hồi ; 

b ) Giấy_phép đã hết hạn ; 

c ) Giấy_phép đã được trả lại . 

2 . Khi giấy_phép bị chấm_dứt hiệu_lực thì các quyền liên_quan đến giấy_phép cũng chấm_dứt . 

Điều 13 .  Thẩm_quyền cấp , gia_hạn , thay_đổi thời_hạn , điều_chỉnh nội_dung , đình_chỉ hiệu_lực và thu_hồi giấy_phép 

1 . Bộ Tài_nguyên và Môi_trường cấp , gia_hạn , thay_đổi thời_hạn , điều_chỉnh nội_dung , đình_chỉ hiệu_lực và thu_hồi giấy_phép trong các trường_hợp sau đây : 

a ) Khai_thác , sử_dụng tài_nguyên nước đối_với các công_trình quan_trọng quốc_gia đã được Thủ_tướng Chính_phủ phê_duyệt ; 

b ) Thăm_dò , khai_thác nước dưới đất đối_với công_trình có lưu_lượng từ 3000 m3/ngày_đêm trở lên ; 

c ) Khai_thác , sử_dụng nước mặt cho sản_xuất nông_nghiệp với lưu_lượng từ 2 m3/giây trở lên ; 

d ) Khai_thác , sử_dụng nước mặt để phát_điện với công_suất từ 2000 KW trở lên ; 

đ ) Khai_thác , sử_dụng nước mặt cho các mục_đích khác với lưu_lượng từ 50.000 m3/ngày_đêm trở lên ; 

e ) Xả nước_thải vào nguồn nước với lưu_lượng từ 5000 m3/ngày_đêm trở lên . 

2 . Ủy_ban nhân_dân cấp tỉnh cấp , gia_hạn , thay_đổi thời_hạn , điều_chỉnh nội_dung , đình_chỉ hiệu_lực và thu_hồi giấy_phép trong các trường_hợp không quy_định tại khoản 1 Điều này . 

Điều 14 .  Cơ_quan tiếp_nhận và quản_lý hồ_sơ , giấy_phép 

1 . Cục Quản_lý_tài_nguyên nước thuộc Bộ Tài_nguyên và Môi_trường chịu trách_nhiệm tiếp_nhận và quản_lý hồ_sơ , giấy_phép do Bộ Tài_nguyên và Môi_trường cấp . 

2 . Sở Tài_nguyên và Môi_trường chịu trách_nhiệm tiếp_nhận và quản_lý hồ_sơ , giấy_phép do Ủy_ban nhân_dân cấp tỉnh cấp . 

Điều 15 .  Trách_nhiệm và quyền_hạn của cơ_quan cấp phép 

1 . Cấp , gia_hạn , thay_đổi thời_hạn , điều_chỉnh nội_dung giấy_phép ;  đình_chỉ hiệu_lực , thu_hồi giấy pháp theo đúng thẩm_quyền quy_định tại Điều 13 của Nghị_định này . 

2 . Thông_báo bằng văn_bản cho tổ_chức , cá_nhân xin phép , nêu rõ lý_do trong trường_hợp từ_chối cấp , gia_hạn , thay_đổi thời_hạn , điều_chỉnh nội_dung giấy_phép . 

3 . Thanh_tra , kiểm_tra việc chủ giấy_phép thực_hiện nghĩa_vụ quy_định tại Điều 18 của Nghị_định này . 

Điều 16 .  Trách_nhiệm , quyền_hạn của cơ_quan tiếp_nhận và quản_lý hồ_sơ , giấy_phép 

1 . Tiếp_nhận hồ_sơ và hướng_dẫn thủ_tục xin cấp phép . 

2 . Yêu_cầu tổ_chức , cá_nhân xin cấp giấy_phép bổ_sung hồ_sơ theo quy_định . 

3 . Thẩm_định hồ_sơ xin cấp giấy_phép và chịu trách_nhiệm về kết_quả thẩm_định . 

4 . Làm thủ_tục trình cơ_quan nhà_nước có thẩm_quyền cấp giấy_phép . 

5 . Lưu_trữ hồ_sơ liên_quan đến việc cấp giấy_phép thăm_dò , khai_thác , sử_dụng tài_nguyên nước và xả nước_thải vào nguồn nước . 

Điều 17 .  Quyền của Chủ giấy_phép 

1 . Được thăm_dò , khai_thác , sử_dụng tài_nguyên nước , xả nước_thải vào nguồn nước theo quy_định của giấy_phép . 

2 . Được Nhà_nước bảo_hộ quyền , lợi_ích hợp_pháp quy_định trong giấy_phép . 

3 . Được Nhà_nước bồi_thường thiệt_hại trong trường_hợp giấy_phép bị thu_hồi trước thời_hạn vì lý_do quốc_phòng , an_ninh hoặc vì lợi tích quốc_gia , lợi_ích công_cộng theo quy_định của pháp_luật . 

4 . Được quyền yêu_cầu tổ_chức , cá_nhân bồi_thường thiệt_hại đối_với các quyền , lợi tích_hợp_pháp của mình về thăm_dò , khai_thác , sử_dụng tài_nguyên nước , xả nước_thải vào nguồn nước theo quy_định của pháp_luật . 

5 . Đề_nghị cơ_quan cấp giấy_phép gia_hạn , thay_đổi thời_hạn , điều_chỉnh nội_dung giấy_phép theo quy_định . 

6 . Trả lại giấy_phép theo quy_định . 

7 . Khiếu_nại , khởi_kiện các hành_vi vi_phạm quyền , lợi_ích hợp_pháp của mình trong việc thăm_dò , khai_thác , sử_dụng tài_nguyên nước , xả nước_thải vào nguồn nước theo quy_định của pháp_luật . 

8 . Sử_dụng dữ_liệu , thông_tin về tài_nguyên nước theo quy_định hiện_hành . 

9 . Chuyển_nhượng , cho thuê , để thừa_kế , thế_chấp , bảo_lãnh bằng tài_sản đầu_tư vào việc thăm_dò , khai_thác , sử_dụng tài_nguyên nước , xả nước_thải vào nguồn nước theo quy_định của pháp_luật . 

Điều 18 .  Nghĩa_vụ của chủ giấy_phép 

1 . Chấp_hành quy_định của pháp_luật về tài_nguyên nước và quy_định trong giấy_phép . 

2 . Nộp lệ_phí cấp phép thăm_dò nước dưới đất ;  lệ_phí cấp phép khai_thác , sử_dụng nước dưới đất ;  lệ_phí cấp phép khai_thác , sử_dụng nước mặt ;  lệ_phí cấp phép xả nước_thải vào nguồn nước ;  nộp thuế tài_nguyên , phí bảo_vệ môi_trường đối_với nước_thải ;  bồi_thường thiệt_hại do mình gây ra theo quy_định của pháp_luật . 

3 . Không cản_trở hoặc gây thiệt_hại đến việc thăm_dò , khai_thác , sử_dụng tài_nguyên nước , xả nước_thải vào nguồn nước hợp_pháp của tổ_chức , cá_nhân khác . 

4 . Bảo_vệ nguồn nước tại khu_vực thăm_dò , khai_thác , sử_dụng tài_nguyên nước , xả nước_thải vào nguồn nước . 

5 . Cung_cấp đầy_đủ và trung_thực dữ_liệu , thông_tin về tài_nguyên nước tại khu_vực mà mình thăm_dò , khai_thác , sử_dụng nước , xả nước_thải vào nguồn nước khi cơ_quan nhà_nước có thẩm_quyền yêu_cầu . 

6 . Thực_hiện các biện_pháp bảo_đảm an_toàn , phòng_ngừa , khắc_phục sự_cố trong quá_trình thăm_dò , khai_thác , sử_dụng tài_nguyên nước , xả nước_thải vào nguồn nước ;  báo_cáo kịp_thời với cơ_quan cấp giấy_phép để có biện_pháp xử_lý thích_hợp . 

7 . Có biện_pháp giám_sát quá_trình thăm_dò , khai_thác , sử_dụng tài_nguyên nước , xả nước_thải vào nguồn nước theo hướng_dẫn của cơ_quan nhà_nước có thẩm_quyền . 

8 . Không được tự_ý tháo_dỡ , phá_hủy các công_trình , thiết_bị thuộc sở_hữu toàn dân liên_quan đến thăm_dò , khai_thác , sử_dụng tài_nguyên nước , xả nước_thải vào nguồn nước khi giấy_phép chấm_dứt hiệu_lực ;  trong thời_hạn sáu_mươi ( 60 ) ngày , phải di_chuyển toàn_bộ tài_sản của mình , của các bên có liên_quan ra khỏi khu_vực thăm_dò , khai_thác , sử_dụng tài_nguyên nước , xả nước_thải vào nguồn nước ;  phục_hồi môi_trường và đất_đai theo quy_định của pháp_luật . 

9 . Tạo điều_kiện cho các tổ_chức , cá_nhân mà cơ_quan quản_lý nhà_nước cho phép thực_hiện hoạt_động nghiên_cứu khoa_học , điều_tra , đánh_giá nguồn nước tại khu_vực đã được cấp phép của mình . 

10 .  Thực_hiện chế_độ báo_cáo về kết_quả thăm_dò , khai_thác , sử_dụng tài_nguyên nước và xả nước_thải vào nguồn nước cho cơ_quan nhà_nước có thẩm_quyền theo quy_định của pháp_luật . 

Điều 19 .  Trình_tự , thủ_tục cấp giấy_phép thăm_dò nước dưới đất 

1 . Tổ_chức , cá_nhân xin cấp giấy_phép thăm_dò nước dưới đất nộp hai ( 2 ) bộ hồ_sơ tại cơ_quan tiếp_nhận hồ_sơ theo quy_định tại Điều 14 của Nghị_định này .  Hồ_sơ bao_gồm : 

a ) Đơn đề_nghị cấp giấy_phép ; 

b ) Đề_án thăm_dò nước dưới đất đối_với công_trình có lưu_lượng từ 200 m3/ngày_đêm trở lên ;  thiết_kế giếng thăm_dò đối_với công_trình có lưu_lượng nhỏ hơn 200 m3/ngày_đêm ; 

c ) Bản_sao có công_chứng giấy chứng_nhận , hoặc giấy_tờ hợp_lệ về quyền sử_dụng đất theo quy_định của <L rel="DaC"> Luật Đất_đai </L> tại nơi thăm_dò , hoặc văn_bản của Ủy_ban nhân_dân cấp có thẩm_quyền cho phép sử_dụng đất để thăm_dò .
2 . Trình_tự_cấp giấy_phép được quy_định như sau : 

a ) Trong thời_hạn năm ( 5 ) ngày làm_việc , kể từ ngày nhận hồ_sơ , cơ_quan tiếp_nhận hồ_sơ có trách_nhiệm xem_xét , kiểm_tra hồ_sơ ;  trường_hợp hồ_sơ không hợp_lệ , cơ_quan tiếp_nhận hồ_sơ thông_báo cho tổ_chức , cá_nhân xin phép để hoàn_thiện hồ_sơ theo quy_định ; 

b ) Kể từ ngày nhận đủ hồ_sơ hợp_lệ theo quy_định tại khoản 1 Điều này , trong thời_hạn mười_lăm ( 15 ) ngày làm_việc đối_với công_trình thăm_dò có quy_mô dưới 3000 m3/ngày_đêm , ba_mươi ( 30 ) ngày làm_việc đối_với công_trình thăm_dò có quy_mô từ 3000 m3/ngày_đêm trở lên , cơ_quan tiếp_nhận hồ_sơ có trách_nhiệm thẩm_định hồ_sơ , kiểm_tra thực_tế hiện_trường khi cần_thiết , nếu đủ căn_cứ cấp phép thì trình cơ_quan có thẩm_quyền cấp giấy_phép ;  trường_hợp không đủ điều_kiện để cấp phép , cơ_quan tiếp_nhận hồ_sơ trả lại hồ_sơ cho tổ_chức , cá_nhân xin phép và thông_báo lý_do không cấp phép . 

Điều 20 .  Trình_tự , thủ_tục cấp giấy_phép khai_thác , sử_dụng nước dưới đất 

1 . Tổ_chức , cá_nhân xin cấp giấy_phép khai_thác , sử_dụng nước dưới đất nộp hai ( 2 ) bộ hồ_sơ tại cơ_quan tiếp_nhận hồ_sơ theo quy_định tại Điều 14 của Nghị_định này .  Hồ_sơ bao_gồm : 

b ) Đề_án khai_thác nước dưới đất ; 

c ) Bản_đồ khu_vực và vị_trí công_trình khai_thác nước dưới đất tỷ_lệ 1/50 .  000 đến 1/25 .  000 ; 

d ) Báo_cáo kết_quả thăm_dò đánh_giá trữ_lượng nước dưới đất đối_với công_trình có lưu_lượng từ 200 m3/ngày_đêm trở lên ;  báo_cáo kết_quả thi_công giếng khai_thác đối_với công_trình có lưu_lượng nhỏ hơn 200 m3/ngày_đêm ;  báo_cáo hiện_trạng khai_thác đối_với công_trình khai_thác nước dưới đất đang hoạt_động ; 

đ ) Kết_quả phân_tích chất_lượng nguồn nước cho mục_đích sử_dụng theo quy_định của Nhà_nước tại thời_điểm xin cấp phép ; 

e ) Bản_sao có công_chứng giấy chứng_nhận , hoặc giấy_tờ hợp_lệ về quyền sử_dụng đất theo quy_định của <L rel="DaC"> Luật Đất_đai </L> tại nơi đặt giếng khai_thác . Trường_hợp đất nơi đặt giếng khai_thác không thuộc quyền sử_dụng đất của tổ_chức , cá_nhân xin phép thì phải có văn_bản thỏa_thuận cho sử_dụng đất giữa tổ_chức , cá_nhân khai_thác với tổ_chức , cá_nhân đang có quyền sử_dụng đất , được Ủy_ban nhân_dân cấp có thẩm_quyền xác_nhận .
2 . Trình_tự_cấp giấy_phép được quy_định như sau : 

a ) Trong thời_hạn năm ( 5 ) ngày làm_việc , kể từ ngày nhận hồ_sơ , cơ_quan tiếp_nhận hồ_sơ có trách_nhiệm xem_xét , kiểm_tra hồ_sơ ;  trường_hợp hồ_sơ không hợp_lệ , cơ_quan tiếp_nhận hồ_sơ thông_báo cho tổ_chức , cá_nhân xin phép để hoàn_thiện hồ_sơ theo quy_định ; 

b ) Đối_với trường_hợp đã có giếng khai_thác , trong thời_hạn mười_lăm ( 15 ) ngày làm_việc , kể từ ngày nhận đủ hồ_sơ hợp_lệ theo quy_định tại khoản 1 của Điều này , cơ_quan tiếp_nhận hồ_sơ có trách_nhiệm thẩm_định hồ_sơ , kiểm_tra thực_tế hiện_trường khi cần_thiết , nếu đủ căn_cứ cấp phép thì trình cơ_quan có thẩm_quyền cấp giấy_phép ;  trường_hợp không đủ điều_kiện để cấp phép , cơ_quan tiếp_nhận , thẩm_định hồ_sơ trả lại hồ_sơ cho tổ_chức , cá_nhân xin phép và thông_báo lý_do không cấp phép . 

c ) Đối_với trường_hợp chưa có giếng khai_thác , trong thời_hạn mười ( 10 ) ngày làm_việc , kể từ ngày nhận đủ hồ_sơ hợp_lệ theo quy_định tại khoản 1 của Điều này , cơ_quan tiếp_nhận hồ_sơ có trách_nhiệm thẩm_quyền cấp phép ra văn_bản cho thi_công giếng khai_thác .  Trong thời_hạn mười_lăm ( 15 ) ngày làm_việc , kể từ ngày nhận đủ tài_liệu thi_công giếng khai_thác , cơ_quan tiếp_nhận hồ_sơ có trách_nhiệm thẩm_định hồ_sơ , kiểm_tra thực_tế hiện_trường khi cần_thiết , nếu đủ căn_cứ cấp phép thì trình cơ_quan có thẩm_quyền cấp giấy_phép ;  trường_hợp không đủ điều_kiện để cấp phép , cơ_quan tiếp_nhận , thẩm_định hồ_sơ trả lại hồ_sơ cho tổ_chức , cá_nhân xin phép và thông_báo lý_do không cấp phép . 

Điều 21 .  Trình_tự , thủ_tục cấp giấy_phép khai_thác , sử_dụng nước mặt 

1 . Tổ_chức , cá_nhân xin cấp giấy_phép khai_thác , sử_dụng nước mặt nộp hai ( 2 ) bộ hồ_sơ tại cơ_quan tiếp_nhận hồ_sơ theo quy_định tại Điều 14 của Nghị_định này .  Hồ_sơ bao_gồm : 

b ) Đề_án khai_thác , sử_dụng nước kèm theo quy_trình vận_hành đối_với trường_hợp chưa có công_trình khai_thác ;  báo_cáo hiện_trạng khai_thác , sử_dụng nước đối_với trường_hợp đang có công_trình khai_thác ; 

c ) Kết_quả phân_tích chất_lượng nguồn nước cho mục_đích sử_dụng theo quy_định của Nhà_nước tại thời_điểm xin cấp phép ; 

d ) Bản_đồ khu_vực và vị_trí công_trình khai_thác nước tỷ_lệ từ 1/50 .  000 đến 1/25 .  000 ; 

đ ) Bản_sao có công_chứng giấy chứng_nhận , hoặc giấy_tờ hợp_lệ về quyền sử_dụng đất theo quy_định của <L rel="DaC"> Luật Đất_đai </L> tại nơi đặt công_trình khai_thác . Trường_hợp đất tại nơi đặt công_trình khai_thác không thuộc quyền sử_dụng đất của tổ_chức , cá_nhân xin phép thì phải có văn_bản thỏa_thuận cho sử_dụng đất giữa tổ_chức , cá_nhân khai_thác với tổ_chức , cá_nhân đang có quyền sử_dụng đất , được Ủy_ban nhân_dân cấp có thẩm_quyền xác_nhận .
a ) Trong thời_hạn năm ( 5 ) ngày làm_việc , kể từ ngày nhận hồ_sơ , cơ_quan tiếp_nhận hồ_sơ có trách_nhiệm xem_xét , kiểm_tra hồ_sơ ;  trường_hợp hồ_sơ không hợp_lệ , cơ_quan tiếp_nhận hồ_sơ thông_báo cho tổ_chức , cá_nhân xin phép để hoàn_thiện hồ_sơ theo quy_định ; 

b ) Trong thời_hạn ba_mươi ( 30 ) ngày làm_việc , kể từ ngày nhận đủ hồ_sơ hợp_lệ theo quy_định tại khoản 1 của Điều này , cơ_quan tiếp_nhận hồ_sơ có trách_nhiệm thẩm_định hồ_sơ , kiểm_tra thực_tế hiện_trường khi cần_thiết , nếu đủ căn_cứ cấp phép thì trình cấp có thẩm_quyền cấp giấy_phép ;  trường_hợp không đủ điều_kiện để cấp phép , cơ_quan tiếp_nhận hồ_sơ trả lại hồ_sơ cho tổ_chức , cá_nhân xin phép và thông_báo lý_do không cấp phép . 

Điều 22 .  Trình_tự , thủ_tục cấp giấy_phép xả nước_thải vào nguồn nước 

1 . Tổ_chức , cá_nhân xin cấp giấy_phép xả nước_thải vào nguồn nước nộp hai ( 2 ) bộ hồ_sơ tại cơ_quan tiếp_nhận hồ_sơ theo quy_định tại Điều 14 của Nghị_định này .  Hồ_sơ bao_gồm : 

a ) Đơn đề_nghị cấp giấy_phép ; 

b ) Kết_quả phân_tích chất_lượng nguồn nước nơi tiếp_nhận nước_thải theo quy_định của Nhà_nước tại thời_điểm xin cấp phép ; 

c ) Quy_định vùng bảo hộ_vệ_sinh ( nếu có ) do cơ_quan có thẩm_quyền quy_định tại nơi dự_kiến xả nước_thải ; 

d ) Đề_án xả nước_thải vào nguồn nước , kèm theo quy_trình vận_hành hệ_thống xử_lý nước_thải ;  trường_hợp đang xả nước_thải vào nguồn nước thì phải có báo_cáo hiện_trạng xả nước_thải , kèm theo kết_quả phân_tích thành_phần nước_thải và giấy xác_nhận đã nộp phí bảo_vệ môi_trường đối_với nước_thải ; 

đ ) Bản_đồ vị_trí khu_vực xả nước_thải vào nguồn nước tỷ_lệ 1/10 .  000 ; 

e ) Báo_cáo đánh_giá tác_động môi_trường đã được cơ_quan có thẩm_quyền phê_duyệt đối_với trường_hợp phải đánh_giá tác_động môi_trường theo quy_định của pháp_luật ; 

g ) Bản_sao có công_chứng giấy chứng_nhận , hoặc giấy_tờ hợp_lệ về quyền sử_dụng đất theo quy_định của <L rel="DaC"> Luật Đất_đai </L> tại nơi đặt công_trình xả nước_thải . Trường_hợp đất nơi đặt công_trình xả nước_thải không thuộc quyền sử_dụng đất của tổ_chức , cá_nhân xin phép thì phải có văn_bản thỏa_thuận cho sử_dụng đất giữa tổ_chức , cá_nhân xả nước_thải với tổ_chức , cá_nhân đang có quyền sử_dụng đất , được Ủy_ban nhân_dân cấp có thẩm_quyền xác_nhận .
b ) Trong thời_hạn ba_mươi ( 30 ) ngày làm_việc , kể từ ngày nhận đủ hồ_sơ hợp_lệ theo quy_định tại khoản 1 của Điều này , cơ_quan tiếp_nhận hồ_sơ có trách_nhiệm thẩm_định hồ_sơ , kiểm_tra thực_tế hiện_trường khi cần_thiết , nếu đủ căn_cứ cấp phép thì trình cấp có thẩm_quyền cấp giấy_phép ;  trường_hợp hồ_sơ không đủ điều_kiện để cấp phép thì cơ_quan tiếp_nhận , thẩm_định hồ_sơ trả lại hồ_sơ cho tổ_chức , cá_nhân xin phép và thông_báo lý_do không cấp phép . 

Điều 23 .  Trình_tự , thủ_tục gia_hạn , thay_đổi thời_hạn , điều_chỉnh nội_dung giấy_phép thăm_dò , khai_thác , sử_dụng tài_nguyên nước , xả nước_thải vào nguồn nước 

1 . Tổ_chức , cá_nhân xin gia_hạn , thay_đổi thời_hạn , điều_chỉnh nội_dung giấy_phép thăm_dò , khai_thác , sử_dụng tài_nguyên nước , xả nước_thải vào nguồn nước nộp hai ( 2 ) bộ hồ_sơ tại cơ_quan tiếp_nhận hồ_sơ theo quy_định tại Điều 14 của Nghị_định này .  Hồ_sơ gồm : 

a ) Đơn đề_nghị gia_hạn , hoặc thay_đổi thời_hạn , điều_chỉnh nội_dung giấy_phép ( nêu rõ lý_do ) ; 

b ) Giấy_phép đã được cấp ; 

c ) Kết_quả phân_tích chất_lượng nguồn nước theo quy_định của Nhà_nước tại thời_điểm xin gia_hạn , thay_đổi thời_hạn , điều_chỉnh nội_dung giấy_phép ; 

d ) Báo_cáo việc thực_hiện các quy_định trong giấy_phép ; 

đ ) Đề_án thăm_dò , khai_thác , sử_dụng tài_nguyên nước , xả nước_thải vào nguồn nước trong trường_hợp đề_nghị điều_chỉnh nội_dung giấy_phép . 

2 . Trong thời_hạn hai mươi ( 20 ) ngày làm_việc , kể từ ngày nhận đủ hồ_sơ hợp_lệ theo quy_định tại khoản 1 của Điều này , cơ_quan tiếp_nhận hồ_sơ có trách_nhiệm thẩm_định hồ_sơ , kiểm_tra thực_tế hiện_trường cần_thiết , nếu đủ điều_kiện gia_hạn , thay_đổi thời_hạn , điều_chỉnh nội_dung giấy_phép thì trình cấp có thẩm_quyền gia_hạn , thay_đổi thời_hạn , điều_chỉnh nội_dung giấy_phép ;  trường_hợp hồ_sơ không đủ điều_kiện để gia_hạn , thay_đổi thời_hạn , điều_chỉnh nội_dung giấy_phép thì cơ_quan tiếp_nhận hồ_sơ trả lại hồ_sơ cho tổ_chức , cá_nhân xin gia_hạn , thay_đổi thời_hạn , điều_chỉnh nội_dung giấy_phép và nêu rõ lý_do . 

Điều 24 .  Tổ_chức thực_hiện 

1 . Bộ Tài_chính chủ_trì , phối_hợp với Bộ Tài_nguyên và Môi_trường và các Bộ , ngành liên_quan xây_dựng và tình cấp có thẩm_quyền ban_hành hoặc ban_hành theo thẩm_quyền về chế_độ thu , nộp , quản_lý và sử_dụng lệ_phí cấp giấy_phép thăm_dò nước dưới đất ;  lệ_phí cấp giấy_phép khai_thác , sử_dụng nước dưới đất ;  lệ_phí cấp giấy_phép khai_thác , sử_dụng nước mặt ;  lệ_phí cấp giấy_phép xả nước_thải vào nguồn nước . 

2 . Bộ Khoa_học và Công_nghệ quy_định và hướng_dẫn áp_dụng các tiêu_chuẩn nước_thải xả vào nguồn nước , phối_hợp với Bộ Tài_nguyên và Môi_trường và các Bộ , ngành , địa_phương kiểm_tra việc thực_hiện các tiêu_chuẩn đó . 

3 . Bộ Tài_nguyên và Môi_trường quy_định mẫu giấy_phép thăm_dò , khai_thác , sử_dụng tài_nguyên nước , xả nước_thải vào nguồn nước và chịu trách_nhiệm chỉ_đạo , hướng_dẫn thi_hành Nghị_định này . 

Điều 25 .  Hiệu_lực thi_hành 

1 . Giấy_phép thăm_dò , khai_thác , sử_dụng tài_nguyên nước , xả nước_thải vào nguồn nước được cấp trước ngày Nghị_định này có hiệu_lực thi_hành và không trái với quy_định của Nghị_định này thì được tiếp_tục sử_dụng .  Trường_hợp giấy_phép được cấp trước ngày Nghị_định này có hiệu_lực thi_hành mà trái với quy_định của Nghị_định này thì trong thời_hạn một ( 1 ) năm kể từ ngày Nghị_định này có hiệu_lực thi_hành , Chủ giấy_phép phải làm thủ_tục xin cấp giấy_phép mới theo quy_định . 

2 . Nghị_định này có hiệu_lực thi_hành sau 15 ngày , kể từ ngày đăng Công_báo . Bãi_bỏ các Điều 5,9,10 và 12 của <NĐ rel="HHL1"> Nghị_định số 179/1999/NĐ-CP ngày 30 tháng 12 năm 1999 </NĐ> của Chính_phủ quy_định việc thi_hành <L rel="none"> Luật Tài_nguyên nước </L> .
Các Bộ_trưởng , Thủ_trưởng cơ_quan ngang Bộ , Thủ_trưởng cơ_quan thuộc Chính_phủ , Chủ_tịch Ủy_ban nhân_dân các tỉnh , thành_phố trực_thuộc Trung_ương chịu trách_nhiệm thi_hành Nghị_định này ./. 