Thông tư Sửa đổi, bổ sung một số điều của Thông tư số 127/20Ị2/TT-BTC ngày 08 tháng 08 năm 2012 của Bộ Tài chính hướng dẫn về tỉêu chuẩn, điều kiện và quy trình thủ tục công nhận tổ chức cung cấp dịch vụ xác định giá trị doanh nghiệp

Căn_cứ <NĐ rel="CC"> Nghị_định số 215/2013/NĐ-CP ngày 23 tháng 12 năm 2013 </NĐ> của Chính_phủ về quy_định chức_năng , nhiệm_vụ , quyền_hạn và cơ_cấu tổ_chức của Bộ Tài_chính ;
Căn_cứ <NĐ rel="CC"> Nghị_định số 59/2011/NĐ-CP ngày 18 tháng 7 năm 2011 </NĐ> của Chính_phủ về chuyển doanh_nghiệp 100 % vốn nhà_nước thành_công_ty cổ_phần ;
Căn_cứ <NĐ rel="CC"> Nghị_định số 189/2013/NĐ-CP ngày 20 tháng 11 năm 2013 </NĐ> sửa_đổi , bổ_sung một_số điều của <NĐ rel="none"> Nghị_định số 59/2011/NĐ-CP </NĐ> của Chính_phủ về chuyển doanh_nghiệp 100 % vốn nhà_nước thành_công_ty cổ_phần ;
Căn_cứ <NĐ rel="CC"> Nghị_định số 89/2013/NĐ-CP ngày 6 tháng 8 năm 2013 </NĐ> của Chính_phủ quy_định chi_tiết thi_hành một_số điều của <L rel="none"> Luật Giá </L> về thẩm_định_giá ;
Điều 1 . Sửa_đổi , bổ_sung một_số điều của <TT rel="DSD"> Thông_tư số 127/2012/TT-BTC ngày 08 tháng 08 năm 2012 </TT> của Bộ Tài_chính hướng_dẫn về tiêu_chuẩn , điều_kiện và quy_trình thủ_tục công_nhận tổ_chức cung_cấp dịch_vụ xác_định giá_trị doanh_nghiệp ( sau đây gọi là <TT rel="DSD"> Thông_tư số 127/2012/TT-BTC </TT> ) như sau :
1 . Sửa_đổi điểm b Khoản 1 Điều 3 như sau : 

“ b ) Có quy_trình nghiệp_vụ xác_định giá_trị doanh_nghiệp phù_hợp với <NĐ rel="DaC"> Nghị_định số 59/2011/NĐ-CP </NĐ> của Chính_phủ về chuyển doanh_nghiệp 100 % vốn nhà_nước thành_công_ty cổ_phần , <NĐ rel="DaC"> Nghị_định số 189/2013/NĐ-CP </NĐ> sửa_đổi , bổ_sung một_số điều của <NĐ rel="none"> Nghị_định số 59/2011/NĐ-CP </NĐ> của Chính_phủ về chuyển doanh_nghiệp 100 % vốn nhà_nước thành_công_ty cổ_phần , các văn_bản hướng_dẫn có liên_quan và các văn_bản sửa_đổi , bổ_sung ( nếu có ) ; ”
2 . Sửa_đổi điểm d Khoản 1 Điều 3 như sau : 

“ d ) Có ít_nhất ba ( 03 ) thẩm_định viên về giá đã được Bộ Tài_chính cấp thẻ thẩm_định viên về giá ; Các thẩm_định viên về giá phải là người có hợp_đồng lao_động không xác_định thời_hạn hoặc hợp_đồng lao_động xác_định thời_hạn theo quy_định tại điểm a , điểm b Khoản 1 Điều 22 <BL rel="DaC"> Bộ_Luật Lao_động số 10/2012/QH13 </BL> với tổ_chức tư_vấn định_giá ; ”
3 . Sửa_đổi Khoản 4 Điều 6 như sau : 

“ 4 .  Tổ_chức tư_vấn định_giá không đáp_ứng quy_định tại Khoản 1 Điều này được xử_lý như sau : 

a ) Bị loại ra khỏi danh_sách tổ_chức tư_vấn định_giá khi không đáp_ứng được quy_định tại điểm a Khoản 1 Điều này .  Trường_hợp các tổ_chức này đáp_ứng đầy_đủ tiêu_chuẩn , điều_kiện quy_định tại điểm a , điểm b , điểm d , điểm đ , điểm e Khoản 1 Điều 3 Thông_tư này thì được đăng_ký lại để trở_thành tổ_chức tư_vấn định_giá theo quy_định tại Thông_tư này ; 

b ) Bị loại ra khỏi danh_sách tổ_chức tư_vấn định_giá khi không đáp_ứng được quy_định tại điểm b Khoản 1 Điều này do không nộp đầy_đủ báo_cáo hoặc chậm nộp báo_cáo kết_quả hoạt_động .  Các tổ_chức này được phép đăng_ký lại để trở_thành tổ_chức tư_vấn định_giá trong năm liền kề tiếp_theo nếu đủ điều_kiện theo quy_định tại Thông_tư này ; 

c ) Bị loại ra khỏi danh_sách tổ_chức tư_vấn định_giá khi không đáp_ứng được quy_định tại điểm b Khoản 1 Điều này do không nộp báo_cáo kết_quả hoạt_động .  Các tổ_chức này được phép đăng_ký lại để trở_thành tổ_chức tư_vấn định_giá sau thời_hạn ba ( 03 ) năm nếu đủ điều_kiện theo quy_định tại Thông_tư này .  ” 

4 . Sửa_đổi Khoản 1 Điều 7 như sau : 

“ 1 .  Tổ_chức tư_vấn định_giá tự_động bị loại ra khỏi danh_sách tổ_chức tư_vấn định_giá được Bộ Tài_chính công_nhận trong các trường_hợp sau : 

a ) Bị thu_hồi Giấy_phép hoạt_động của doanh_nghiệp ; 

b ) Bị phá_sản , giải_thể ; 

c ) Thay_đổi ngành_nghề kinh_doanh và không còn chức_năng kinh_doanh theo quy_định tại điểm a Khoản 1 Điều 3 Thông_tư này ; 

d ) Thực_hiện việc chia , tách , sáp_nhập , hợp_nhất , chuyển_đổi mà sau khi chia , tách , sáp_nhập , hợp_nhất , chuyển_đổi không đáp_ứng đủ tiêu_chuẩn của tổ_chức tư_vấn định_giá quy_định tại điểm a , điểm b , điểm d , điểm đ Khoản 1 Điều 3 Thông_tư này ; 

đ ) Có hành_vi vi_phạm pháp_luật , có dấu_hiệu tội_phạm hình_sự theo kết_luận của cơ_quan nhà_nước có thẩm_quyền về kiểm_tra , thanh_tra ; 

e ) Trong giai_đoạn bị tạm ngừng kinh_doanh theo yêu_cầu của cơ_quan đăng_ký kinh_doanh , cơ_quan nhà_nước có thẩm_quyền khi doanh_nghiệp không còn đủ điều_kiện theo quy_định của pháp_luật .  ” 

5 . Sửa_đổi điểm b Khoản 1 Điều 9 như sau : 

“ b ) Nội_dung báo_cáo thực_hiện theo mẫu báo_cáo kết_quả hoạt_động của tổ_chức tư_vấn định_giá tại Phụ_lục 5 đính kèm Thông_tư này , bao_gồm các nội_dung chính sau : 

- Việc đáp_ứng các tiêu_chuẩn , điều_kiện của tổ_chức tư_vấn định_giá theo quy_định tại điểm a , điểm b , điểm d , điểm đ , điểm e Khoản 1 Điều 3 Thông_tư này ; 

- Tình_hình , kết_quả thực_hiện các hoạt_động về tư_vấn xác_định giá_trị doanh_nghiệp trong kỳ báo_cáo ; 

- Ý_kiến nhận_xét của cơ_quan có thẩm_quyền quyết_định phương_án cổ_phần_hóa hoặc Ban chỉ_đạo cổ_phần_hóa về chất_lượng dịch_vụ tư_vấn theo quy_định tại Điều 11 Thông_tư này .  ” 

6 . Sửa_đổi Khoản 4 Điều 11 như sau : 

“ 4 .  Có ý_kiến nhận_xét bằng văn_bản về chất_lượng dịch_vụ do tổ_chức tư_vấn định_giá thực_hiện đối_với từng hợp_đồng tư_vấn xác_định giá_trị doanh_nghiệp trong vòng hai mươi ( 20 ) ngày sau khi hợp_đồng kết_thúc theo mẫu tại Phụ_lục 4 đính kèm Thông_tư này .  ” 

7 . Sửa_đổi Phụ_lục 1 “ Mẫu_đơn đăng_ký trở_thành tổ_chức tư_vấn định_giá ” , Phụ_lục 2 “ Danh_sách hợp_đồng cung_cấp dịch_vụ trong phạm_vi giấy_phép hoạt_động ” , Phụ_lục 4 “ Tình_hình sử_dụng dịch_vụ tư_vấn xác_định giá_trị doanh_nghiệp của các doanh_nghiệp trực_thuộc tiến_hành cổ_phần_hóa ” ban_hành kèm theo <TT rel="DSD"> Thông_tư số 127/2012/TT-BTC </TT> thành các Phụ_lục tương_ứng ban_hành kèm theo Thông_tư này .
8 . Bổ_sung Phụ_lục 5 quy_định mẫu Báo_cáo kết_quả hoạt_động của tổ_chức tư_vấn định_giá . 

Điều 2 .  Hiệu_lực thi_hành 

1 . Thông_tư này có hiệu_lực kể từ ngày 09 tháng 02 năm 2015 . 

2 . Các doanh_nghiệp bị loại khỏi danh_sách tổ_chức tư_vấn định_giá do không đáp_ứng được quy_định tại điểm b Khoản 1 Điều 6 <TT rel="DaC"> Thông_tư 127/2012/TT-BTC </TT> trước khi Thông_tư này có hiệu_lực thi_hành được phép đăng_ký lại để trở_thành tổ_chức tư_vấn định_giá trước ngày 28 tháng 2 năm 2015 . Căn_cứ quy_định của <TT rel="CC"> Thông_tư số 127/2012/TT-BTC </TT> và Thông_tư này , Bộ Tài_chính sẽ công_bố bổ_sung Danh_sách tổ_chức tư_vấn định_giá được cung_cấp dịch_vụ xác_định giá_trị doanh_nghiệp cổ_phần_hóa cho năm 2015 trước ngày 31 tháng 3 năm 2015 .
3 . Trong quá_trình triển_khai thực_hiện , nếu có khó_khăn , vướng_mắc , các tổ_chức tư_vấn định_giá và các đơn_vị có liên_quan báo_cáo kịp_thời về Bộ Tài_chính để xem_xét có hướng_dẫn cụ_thể ./. 