Nghị định Về đăng ký kinh doanh hợp tác xã

Căn_cứ <L rel="CC"> Luật Tổ_chức Chính_phủ ngày 25 tháng 12 năm 2001 </L> ;
Căn_cứ <L rel="CC"> Luật Hợp_tác_xã ngày 26 tháng 11 năm 2003 </L> ;
Điều 1 .  Phạm_vi điều_chỉnh và đối_tượng áp_dụng 

1 . Nghị_định này quy_định về đăng_ký kinh_doanh hợp_tác_xã , liên_hiệp hợp_tác_xã ( sau đây gọi chung là hợp_tác_xã ) . 

2 . Nghị_định này áp_dụng đối_với : 

a ) Hợp_tác_xã tổ_chức và hoạt_động theo <L rel="DaC"> Luật Hợp_tác_xã năm 2003 </L> ;
b ) Hợp_tác_xã đã thành_lập , tổ_chức và hoạt_động theo <L rel="DaC"> Luật Hợp_tác_xã năm 1996 </L> , nay chuyển sang hoạt_động theo <L rel="DaC"> Luật Hợp_tác_xã năm 2003 </L> ;
c ) Cơ_quan đăng_ký kinh_doanh các cấp . 

3 . Đối_với hợp_tác_xã kinh_doanh ngành_nghề có điều_kiện theo quy_định của luật chuyên_ngành , trong trường_hợp những nội_dung trong Nghị_định này và Nghị_định chuyên_ngành có sự khác nhau thì hợp_tác_xã thực_hiện theo quy_định của Nghị_định chuyên_ngành .

Điều 2 .  Quyền đăng_ký kinh_doanh 

1 . Thành_lập và đăng_ký kinh_doanh hợp_tác_xã theo quy_định của pháp_luật là quyền của cá_nhân và tổ_chức được Nhà_nước bảo_hộ . 

2 . Các Bộ , cơ_quan ngang Bộ , ủy ban nhân_dân tỉnh , thành_phố trực_thuộc Trung_ương không được ban_hành các quy_định về đăng_ký kinh_doanh áp_dụng riêng cho ngành hoặc địa_phương mình . 

3 . Nghiêm_cấm cơ_quan đăng_ký kinh_doanh sách_nhiễu , gây phiền_hà đối_với tổ_chức , cá_nhân trong khi tiếp_nhận hồ_sơ và giải_quyết việc đăng_ký kinh_doanh , đăng_ký thay_đổi nội_dung đăng_ký kinh_doanh . 

Điều 3 .  Cơ_quan đăng_ký kinh_doanh 

1 . Cơ_quan đăng_ký kinh_doanh được tổ_chức ở tỉnh , thành_phố trực_thuộc Trung_ương và ở quận , huyện , thị_xã , thành_phố thuộc tỉnh . 

2 . Cơ_quan đăng_ký kinh_doanh cấp tỉnh là Phòng Đăng_ký kinh_doanh thuộc Sở Kế_hoạch và Đầu_tư theo quy_định tại điểm a khoản 1 Điều 3 <NĐ rel="DaC"> Nghị_định số 109/2004/NĐ-CP ngày 02 tháng 4 năm 2004 </NĐ> của Chính_phủ về đăng_ký kinh_doanh .
3 . Cơ_quan đăng_ký kinh_doanh cấp huyện là Phòng Tài_chính-Kế_hoạch thuộc ủy_ban nhân_dân cấp huyện theo quy_định tại khoản 2 Điều 7 <NĐ rel="DaC"> Nghị_định số 172/2004/NĐ-CP ngày 29 tháng 9 năm 2004 </NĐ> của Chính_phủ quy_định tổ_chức các cơ_quan chuyên_môn thuộc ủy_ban nhân_dân huyện , quận , thị_xã , thành_phố thuộc tỉnh .
Điều 4 .  Giấy chứng_nhận đăng_ký kinh_doanh 

1 . Nội_dung chủ_yếu của Giấy chứng_nhận đăng_ký kinh_doanh như sau : 

a ) Tên , địa_chỉ trụ_sở chính của hợp_tác_xã ; 

b ) Ngành , nghề kinh_doanh ; 

c ) Vốn điều_lệ hợp_tác_xã . 

2 . Giấy chứng_nhận đăng_ký kinh_doanh hợp_tác_xã lập theo mẫu thống_nhất trong phạm_vi cả nước do Bộ Kế_hoạch và Đầu_tư quy_định . 

3 . Giấy chứng_nhận đăng_ký kinh_doanh do cơ_quan đăng_ký kinh_doanh cấp tỉnh hoặc cấp huyện cấp cho hợp_tác_xã đều có giá_trị như nhau và có hiệu_lực trong phạm_vi toàn_quốc . 

Điều 5 .  Nhiệm_vụ , quyền_hạn , trách_nhiệm của cơ_quan đăng_ký kinh_doanh 

1 . Tiếp_nhận hồ_sơ đăng_ký kinh_doanh ;  xem_xét tính hợp_lệ của hồ_sơ đăng_ký kinh_doanh và cấp Giấy chứng_nhận đăng_ký kinh_doanh cho hợp_tác_xã . 

2 . Hướng_dẫn hợp_tác_xã đăng_ký kinh_doanh về ngành , nghề kinh_doanh phải có điều_kiện và điều_kiện kinh_doanh các ngành , nghề đó . 

3 . Xây_dựng , quản_lý hệ_thống thông_tin về hợp_tác_xã trong phạm_vi địa_phương ;  cung_cấp thông_tin về hợp_tác_xã trong phạm_vi địa_phương cho ủy_ban nhân_dân cấp tỉnh , ủy ban nhân_dân cấp huyện , các sở cấp tỉnh , các phòng cấp huyện có liên_quan và Bộ Kế_hoạch và Đầu_tư theo định_kỳ , cho các tổ_chức , cá_nhân có yêu_cầu . 

4 . Khi xem_xét hồ_sơ đăng_ký kinh_doanh , nếu phát_hiện nội_dung đăng_ký kê_khai không chính_xác , không đầy_đủ thì yêu_cầu người đăng_ký kinh_doanh hiệu_đính hoặc làm lại hồ_sơ đăng_ký kinh_doanh ;  nếu phát_hiện nội_dung đăng_ký kê_khai là giả_mạo thì từ_chối cấp Giấy chứng_nhận đăng_ký kinh_doanh . 

5 . Trực_tiếp kiểm_tra hoặc yêu_cầu cơ_quan nhà_nước có thẩm_quyền kiểm_tra hợp_tác_xã theo nội_dung đăng_ký kinh_doanh . 

6 . Thu_hồi Giấy chứng_nhận đăng_ký kinh_doanh đối_với hợp_tác_xã theo quy_định tại Điều 26 Nghị_định này . 

Điều 6 .  Nhiệm_vụ , quyền_hạn , trách_nhiệm của Bộ Kế_hoạch và Đầu_tư về đăng_ký kinh_doanh 

Nhiệm_vụ , quyền_hạn , trách_nhiệm của Bộ Kế_hoạch và Đầu_tư về đăng_ký kinh_doanh thực_hiện theo quy_định tại Điều 6 <NĐ rel="DaC"> Nghị_định số 109/2004/NĐ-CP ngày 02 tháng 4 năm 2004 </NĐ> của Chính_phủ về đăng_ký kinh_doanh .
Điều 7 .  Chế_độ thông_tin , báo_cáo đăng_ký kinh_doanh 

1 . Trong thời_hạn ba tháng , kể từ khi Nghị_định này có hiệu_lực , cơ_quan đăng_ký kinh_doanh cấp tỉnh tập_hợp danh_mục hợp_tác_xã trùng tên và hợp_tác_xã có tên gây nhầm_lẫn với tên của hợp_tác_xã khác trên phạm_vi địa_phương ;  Trung_tâm thông_tin doanh_nghiệp ( thuộc Cục Phát_triển doanh_nghiệp nhỏ và vừa , Bộ Kế_hoạch và Đầu_tư ) tập_hợp và đưa danh_mục hợp_tác_xã trùng tên và hợp_tác_xã có tên gây nhầm_lẫn với hợp_tác_xã khác trong cả nước lên trang thông_tin doanh_nghiệp trong nước của hệ_thống thông_tin doanh_nghiệp quốc_gia . 

2 . Cơ_quan đăng_ký kinh_doanh các cấp thực_hiện báo_cáo và thông_báo kết_quả đăng_ký kinh_doanh theo quy_định tại khoản 4 Điều 8 <NĐ rel="DaC"> Nghị_định số 177/2004/NĐ-CP ngày 12 tháng 10 năm 2004 </NĐ> của Chính_phủ quy_định chi_tiết thi_hành một_số điều của <L rel="none"> Luật Hợp_tác_xã năm 2003 </L> .
3 . Hàng quý , cơ_quan đăng_ký kinh_doanh cấp tỉnh tổng_hợp báo_cáo Bộ Kế_hoạch và Đầu_tư về tình_hình đăng_ký kinh_doanh của hợp_tác_xã thuộc địa_bàn tỉnh . 

Điều 8 .  Tên của hợp_tác_xã 

1 . Tên của hợp_tác_xã gồm hai thành_tố sau : 

a ) Hợp_tác_xã ; 

b ) Tên_riêng . 

Tên_riêng phải viết được bằng tiếng Việt , có_thể kèm theo một_số chữ_cái , chữ_số và ký_hiệu , phát_âm được . 

2 . Hợp_tác_xã có_thể sử_dụng ngành , nghề kinh_doanh hay ký_hiệu phụ_trợ khác để cấu_thành tên hợp_tác_xã . 

3 . Tên viết tắt , con_dấu , bảng_hiệu của hợp_tác_xã , các hình_thức quảng_cáo , giới_thiệu , giấy_tờ giao_dịch của hợp_tác_xã phải có ký_hiệu “ HTX ” , liên_hiệp hợp_tác_xã phải có ký_hiệu “ LHHTX ” và phải đăng_ký tại cơ_quan nhà_nước có thẩm_quyền , được bảo_hộ theo quy_định của pháp_luật . 

Điều 9 .  Những điều cấm trong đặt tên hợp_tác_xã 

1 . Đặt tên đầy_đủ , tên viết tắt_trùng hoặc tên gây nhầm_lẫn với tên của hợp_tác_xã khác trong phạm_vi toàn_quốc đã đăng_ký . 

2 . Sử_dụng tên cơ_quan nhà_nước , đơn_vị lực_lượng vũ_trang nhân_dân , tên của tổ_chức chính_trị , tổ_chức chính_trị-xã_hội để làm toàn_bộ hoặc một phần tên_riêng của hợp_tác_xã , trừ trường_hợp có sự chấp_thuận của cơ_quan , đơn_vị hoặc tổ_chức đó . 

3 . Sử_dụng từ_ngữ , ký_hiệu vi_phạm truyền_thống lịch_sử , văn_hóa , đạo_đức và thuần_phong mỹ_tục của dân_tộc để đặt tên_riêng cho hợp_tác_xã . 

Điều 10 .  Tên hợp_tác_xã viết bằng tiếng nước_ngoài 

Tên hợp_tác_xã viết bằng tiếng nước_ngoài là tên được dịch từ tiếng Việt sang tiếng nước_ngoài tương_ứng .  Khi dịch sang tiếng nước_ngoài , tên_riêng của hợp_tác_xã có_thể giữ nguyên tên tiếng Việt hoặc dịch tương_ứng toàn_bộ tên tiếng Việt sang tiếng nước_ngoài . 

Điều 11 .  Tên trùng và tên gây nhầm_lẫn 

1 . Tên trùng 1à trường_hợp tên của hợp_tác_xã yêu_cầu đăng_ký được viết và đọc bằng tiếng Việt hoàn_toàn giống với tên của hợp_tác_xã khác đã đăng_ký . 

2 . Các trường_hợp sau đây được coi là gây nhầm_lẫn với tên của các hợp_tác_xã khác : 

a ) Tên bằng tiếng Việt của hợp_tác_xã yêu_cầu đăng_ký được đọc giống như tên hợp_tác_xã khác đã đăng_ký ; 

b ) Tên bằng tiếng Việt của hợp_tác_xã yêu_cầu đăng_ký chỉ khác tên hợp_tác_xã đã đăng_ký bởi chữ “ và ” và ký_hiệu " & " ; 

c ) Tên viết tắt của hợp_tác_xã yêu_cầu đăng_ký trùng với tên viết tắt của hợp_tác_xã khác đã đăng_ký ; 

d ) Tên bằng tiếng nước_ngoài của hợp_tác_xã yêu_cầu đăng_ký trùng với tên bằng tiếng nước_ngoài của hợp_tác_xã khác đã đăng_ký ; 

đ ) Tên của hợp_tác_xã yêu_cầu đăng_ký khác với tên của hợp_tác_xã khác đã đăng_ký bởi số tự_nhiên , số thứ_tự , một hoặc một_số chữ_cái tiếng Việt ( A , B , C , ... ) ngay sau tên_riêng của hợp_tác_xã đó , trừ trường_hợp hợp_tác_xã yêu_cầu đăng_ký là thành_viên của liên_hiệp hợp_tác_xã đã đăng_ký ; 

e ) Tên của hợp_tác_xã yêu_cầu đăng_ký khác với tên của hợp_tác_xã khác đã đăng_ký bởi từ " tân " ngay trước hoặc “ mới " ngay sau tên của hợp_tác_xã khác đã đăng_ký ; 

g ) Tên của hợp_tác_xã yêu_cầu đăng_ký chỉ khác tên của hợp_tác_xã khác đã đăng_ký bởi các từ " Bắc " , " miền Bắc " , " Nam " , " miền Nam " , " Trung " , " miền Trung " , ' Tây " , " miền Tây " , " Đông " , " miền Đông " , trừ trường_hợp hợp_tác_xã yêu_cầu đăng_ký là thành_viên của liên_hiệp hợp_tác_xã đã đăng_ký ; 

h ) Các trường_hợp tên gây nhầm_lẫn khác theo quyết_định của Bộ Kế_hoạch và Đầu_tư . 

Điều 12 .  Biểu_tượng của hợp_tác_xã 

1 . Biểu_tượng của hợp_tác_xã là ký_hiệu riêng của mỗi hợp_tác_xã phản_ánh đặc_trưng và phân_biệt với biểu_tượng của các hợp_tác_xã khác đã đăng_ký . 

2 . Hợp_tác_xã tự chọn biểu_tượng của mình phù_hợp với đạo_đức , truyền_thống văn_hóa dân_tộc và phù_hợp với quy_định của pháp_luật . 

3 . Biểu_tượng của hợp_tác_xã được đăng_ký tại cơ_quan nhà_nước có thẩm_quyền . 

Điều 13 .  Các vấn_đề khác liên_quan đến đặt tên hợp_tác_xã 

1 . Cơ_quan đăng_ký kinh_doanh có trách_nhiệm công_khai tên hợp_tác_xã đã đăng_ký kinh_doanh để các hợp_tác_xã khác biết tránh gây trùng , nhầm_lẫn tên hợp_tác_xã . 

2 . Các hợp_tác_xã đăng_ký trước khi Nghị_định này có hiệu_lực có tên gây nhầm_lẫn với tên hợp_tác_xã khác không bị buộc phải đăng_ký đổi tên . 

3 . Bộ Kế_hoạch và Đầu_tư hướng_dẫn chi_tiết việc đặt tên hợp_tác_xã quy_định tại Chương này . 

Điều 14 .  Hồ_sơ đăng_ký kinh_doanh 

1 . Đơn đăng_ký kinh_doanh lập theo mẫu do Bộ Kế_hoạch và Đầu_tư quy_định . 

2 . Điều_lệ hợp_tác_xã . 

3 . Số_lượng xã_viên , danh_sách Ban_Quản_trị , Ban Kiểm_soát hợp_tác_xã hoặc danh_sách hợp_tác_xã thành_viên , Hội_đồng quản_trị đối_với liên_hiệp hợp_tác_xã . 

4 . Biên_bản đã thông_qua tại hội_nghị thành_lập hợp_tác_xã . 

Điều 15 .  Trình_tự và thủ_tục đăng_ký kinh_doanh 

1 . Hợp_tác_xã nộp hồ_sơ đăng_ký kinh_doanh tại cơ_quan đăng_ký kinh_doanh đã chọn theo quy_định tại khoản 1 Điều 14 <L rel="DaC"> Luật Hợp_tác_xã năm 2003 </L> ; liên_hiệp hợp_tác_xã nộp hồ_sơ đăng_ký kinh_doanh tại cơ_quan đăng_ký kinh_doanh cấp tỉnh theo quy_định tại khoản 1 Điều 44 <L rel="DaC"> Luật Hợp_tác_xã năm 2003 </L> .
Hợp_tác_xã có_thể gửi hồ_sơ đăng_ký kinh_doanh qua địa_chỉ thư điện_tử ( Email ) của cơ_quan đăng_ký kinh_doanh nhưng phải nộp bản chính_thức khi đến nhận Giấy chứng_nhận đăng_ký kinh_doanh để cơ_quan đăng_ký kinh_doanh đối_chiếu và lưu hồ_sơ . 

Cơ_quan đăng_ký kinh_doanh không được yêu_cầu hợp_tác_xã nộp thêm bất_kỳ giấy_tờ nào khác ngoài hồ_sơ quy_định tại Điều 14 Nghị_định này . 

2 . Cơ_quan đăng_ký kinh_doanh phải trao giấy biên_nhận , chịu trách_nhiệm về tính hợp_lệ của hồ_sơ khi tiếp_nhận , không chịu trách_nhiệm về những hành_vi vi_phạm pháp_luật của hợp_tác_xã xảy ra sau đăng_ký kinh_doanh . 

3 . Cơ_quan đăng_ký kinh_doanh cấp Giấy chứng_nhận đăng_ký kinh_doanh cho hợp_tác_xã trong thời_hạn 15 ngày ( ngày làm_việc ) kể từ ngày nhận hồ_sơ , nếu có đủ các điều_kiện sau đây : 

a ) Hồ_sơ đăng_ký kinh_doanh hợp_lệ theo quy_định tại Điều 14 Nghị_định này ; 

b ) Ngành , nghề sản_xuất , kinh_doanh mà pháp_luật không cấm ; 

c ) Tên của hợp_tác_xã được đặt theo quy_định tại Điều 8 , 9 , 10 và 11 Nghị_định này . 

d ) Có vốn điều_lệ ; 

Đối_với hợp_tác_xã đăng_ký kinh_doanh ngành , nghề mà quy_định phải có vốn pháp_định thì vốn điều_lệ hợp_tác_xã không được thấp hơn vốn pháp_định . 

đ ) Nộp đủ lệ_phí đăng_ký kinh_doanh theo quy_định . 

4 . Hợp_tác_xã có tư_cách pháp_nhân và có quyền hoạt_động theo nội_dung đăng_ký kinh_doanh , kể từ ngày được cấp Giấy chứng_nhận đăng_ký kinh_doanh ;  sau khi được cấp Giấy chứng_nhận đăng_ký kinh_doanh , hợp_tác_xã được khắc dấu và có quyền sử_dụng con_dấu của mình . 

5 . Trường_hợp hợp_tác_xã kinh_doanh ngành , nghề có điều_kiện : 

a ) Đối_với ngành , nghề phải có giấy_phép kinh_doanh thì hợp_tác_xã được kinh_doanh những ngành , nghề đó kể từ khi được cơ_quan nhà_nước có thẩm_quyền cấp Giấy_phép kinh_doanh .  Việc cấp Giấy_phép kinh_doanh các ngành , nghề có điều_kiện theo quy_định của pháp_luật được tiến_hành độc_lập với việc cấp Giấy chứng_nhận đăng_ký kinh_doanh cho hợp_tác_xã ; 

b ) Đối_với ngành , nghề kinh_doanh có điều_kiện nhưng không cần giấy_phép thì hợp_tác_xã được kinh_doanh những ngành , nghề đó kể từ khi có đủ điều_kiện kinh_doanh theo quy_định của pháp_luật ; 

c ) Đối_với ngành , nghề phải có vốn pháp_định thì hợp_tác_xã được kinh_doanh những ngành , nghề đó khi hợp_tác_xã có đủ vốn pháp_định theo quy_định của pháp_luật ; 

d ) Đối_với ngành , nghề phải có chứng_chỉ hành_nghề thì hợp_tác_xã phải thực_hiện theo quy_định tại khoản 4 Điều 3 <NĐ rel="DaC"> Nghị_định số 177/2004/NĐ-CP ngày 12 tháng 10 năm 2004 </NĐ> của Chính_phủ quy_định chi_tiết thi_hành một_số điều của <L rel="none"> Luật Hợp_tác_xã năm 2003 </L> ;
đ ) Trong thời_hạn 07 ngày ( ngày làm_việc ) , kể từ ngày hợp_tác_xã kinh_doanh ngành , nghề có điều_kiện đòi_hỏi phải có giấy_phép kinh_doanh , chứng_chỉ hành_nghề hoặc chứng_chỉ hợp_pháp xác_nhận vốn pháp_định thì hợp_tác_xã phải gửi bản_sao hợp_lệ giấy_phép kinh_doanh , chứng_chỉ hành_nghề hoặc chứng_chỉ hợp_pháp xác_nhận vốn pháp_định do cơ_quan nhà_nước có thẩm_quyền đã cấp cho hợp_tác_xã đối_với các ngành , nghề đó đến cơ_quan đã cấp Giấy chứng_nhận đăng_ký kinh_doanh cho hợp_tác_xã . 

6 . Trường_hợp hồ_sơ không hợp_lệ hoặc tên hợp_tác_xã được đặt không đúng theo quy_định thì cơ_quan đăng_ký kinh_doanh phải thông_báo bằng văn_bản cho hợp_tác_xã biết trong thời_hạn 15 ngày ( ngày làm_việc ) , kể từ ngày nhận hồ_sơ .  Thông_báo phải nêu rõ nội_dung cần sửa_đổi và cách_thức sửa_đổi .  Quá thời_hạn trên mà không có thông_báo thì hồ_sơ đăng_ký kinh_doanh được coi là hợp_lệ ;  trường_hợp từ_chối cấp Giấy chứng_nhận đăng_ký kinh_doanh thì phải trả_lời bằng văn_bản . 

Điều 16 .  Đăng_ký lập chi_nhánh , văn_phòng đại_diện trực_thuộc hợp_tác_xã 

1 . Hợp_tác_xã thành_lập chi_nhánh hạch_toán phụ_thuộc không có vốn điều_lệ hoặc văn_phòng đại_diện phải tiến_hành đăng_ký tại cơ_quan đăng_ký kinh_doanh . 

2 . Khi lập chi_nhánh , văn_phòng đại_diện , hợp_tác_xã phải gửi thông_báo tới cơ_quan đăng_ký kinh_doanh cấp tỉnh hoặc cấp huyện nơi đặt chi_nhánh , văn_phòng đại_diện .  Nội_dung thông_báo gồm có : 

a ) Tên và địa_chỉ trụ_sở chính của hợp_tác_xã ; 

b ) Ngành , nghề kinh_doanh của hợp_tác_xã ; 

c ) Tên chi_nhánh , văn_phòng đại_diện dự_định thành_lập ;  tên phải kèm theo chữ “ Chi_nhánh ” đối_với đăng_ký thành_lập chi_nhánh và chữ “ Văn_phòng đại_diện ” đối_với trường_hợp đăng_ký thành_lập văn_phòng đại_diện ; 

d ) Họ tên , số chứng_minh nhân_dân , chữ_ký và nơi cư_trú của người đại_diện theo pháp_luật của hợp_tác_xã ; 

đ ) Tên và địa_chỉ trụ_sở chi_nhánh , văn_phòng đại_diện ; 

e ) Nội_dung , phạm_vi hoạt_động của chi_nhánh , văn_phòng đại_diện ; 

g ) Họ tên , nơi cư_trú , số chứng_minh nhân_dân của người đứng đầu chi_nhánh , văn_phòng đại_diện . 

3 . Kèm theo thông_báo quy_định tại khoản 2 Điều này , hợp_tác_xã phải có : 

a ) Bản_sao hợp_lệ Giấy chứng_nhận đăng_ký kinh_doanh ; 

b ) Quyết_định bằng văn_bản của Ban_Quản_trị về việc mở chi_nhánh , văn_phòng đại_diện , cử người đứng đầu chi_nhánh , văn_phòng đại_diện và biên_bản hoặc nghị_quyết của Đại_hội xã_viên về việc mở chi_nhánh , văn_phòng đại_diện của hợp_tác_xã . 

4 . Nếu ngành , nghề kinh_doanh của chi_nhánh phù_hợp với ngành , nghề kinh_doanh của hợp_tác_xã ;  nội_dung hoạt_động của văn_phòng đại_diện phù_hợp với nội_dung hoạt_động của hợp_tác_xã thì trong thời_hạn 15 ngày ( ngày làm_việc ) , kể từ ngày nhận được thông_báo , cơ_quan đăng_ký kinh_doanh cấp Giấy chứng_nhận đăng_ký hoạt_động của chi_nhánh , văn_phòng đại_diện . 

Sau khi được cấp Giấy chứng_nhận đăng_ký hoạt_động , chi_nhánh , văn_phòng đại_diện được khắc dấu và có quyền sử_dụng con_dấu của mình . 

5 . Trường_hợp hợp_tác_xã lập chi_nhánh , văn_phòng đại_diện tại huyện hoặc tỉnh , thành_phố khác với nơi hợp_tác_xã đặt trụ_sở chính thì trong thời_hạn 07 ngày ( ngày làm_việc ) , kể từ ngày được cấp Giấy chứng_nhận đăng_ký hoạt_động chi_nhánh , văn_phòng đại_diện , hợp_tác_xã phải thông_báo bằng văn_bản tới cơ_quan đã cấp Giấy chứng_nhận đăng_ký kinh_doanh nơi hợp_tác_xã đặt trụ_sở chính để bổ_sung vào hồ_sơ đăng_ký kinh_doanh . 

6 . Trường_hợp lập chi_nhánh , văn_phòng đại_diện ở nước_ngoài thì hợp_tác_xã phải thực_hiện theo quy_định pháp_luật Việt_Nam và quy_định pháp_luật của nước đó . 

Trong thời_hạn 15 ngày ( ngày làm_việc ) , kể từ ngày chính_thức mở chi_nhánh , văn_phòng đại_diện ở nước_ngoài , hợp_tác_xã phải thông_báo bằng văn_bản cho cơ_quan đã cấp Giấy chứng_nhận đăng_ký kinh_doanh nơi hợp_tác_xã đặt trụ_sở chính để bổ_sung vào hồ_sơ đăng_ký kinh_doanh . 

Điều 17 .  Đăng_ký thay_đổi , bổ_sung ngành , nghề kinh_doanh của hợp_tác_xã 

1 . Khi thay_đổi , bổ_sung ngành , nghề kinh_doanh , hợp_tác_xã phải gửi thông_báo đến cơ_quan đã cấp Giấy chứng_nhận đăng_ký kinh_doanh cho hợp_tác_xã .  Nội_dung thông_báo gồm có : 

a ) Tên hợp_tác_xã , số đăng_ký kinh_doanh , ngày cấp Giấy chứng_nhận đăng_ký kinh_doanh ; 

b ) Địa_chỉ trụ_sở chính của hợp_tác_xã ; 

c ) Ngành , nghề kinh_doanh đã đăng_ký ; 

d ) Ngành , nghề đăng_ký bổ_sung hoặc thay_đổi ; 

đ ) Họ tên , số chứng_minh nhân_dân , chữ_ký và nơi cư_trú của người đại_diện theo pháp_luật của hợp_tác_xã . 

2 . Kèm theo thông_báo quy_định tại khoản 1 Điều này phải có biên_bản hoặc nghị_quyết của Đại_hội xã_viên về việc thay_đổi , bổ_sung ngành , nghề kinh_doanh . 

3 . Đối_với thay_đổi , bổ_sung ngành , nghề phải có vốn pháp_định thì phải có thêm xác_nhận của cơ_quan có thẩm_quyền hoặc chứng_chỉ hợp_pháp chứng_minh số vốn pháp_định của hợp_tác_xã . 

4 . Đối_với thay_đổi , bổ_sung ngành , nghề phải có chứng_chỉ hành_nghề thì phải có thêm bản_sao hợp_lệ chứng_chỉ hành_nghề theo quy_định của pháp_luật . 

5 . Kể từ ngày nhận được thông_báo , cơ_quan đăng_ký kinh_doanh phải trao giấy biên_nhận và thực_hiện đăng_ký thay_đổi , bổ_sung ngành , nghề kinh_doanh cho hợp_tác_xã trong thời_hạn 07 ngày ( ngày làm_việc ) . 

Điều 18 .  Đăng_ký thay_đổi nơi đăng_ký kinh_doanh của hợp_tác_xã 

1 . Khi thay_đổi nơi đăng_ký kinh_doanh , hợp_tác_xã phải gửi thông_báo tới cơ_quan đã cấp Giấy chứng_nhận đăng_ký kinh_doanh để rút hồ_sơ .  Nội_dung thông_báo gồm có : 

c ) Nơi đã đăng_ký kinh_doanh ;  nơi đăng_ký kinh_doanh mới dự_định chuyển đến ; 

d ) Lý_do chuyển nơi đăng_ký kinh_doanh ; 

Kèm theo thông_báo phải có quyết_định bằng văn_bản của Ban_Quản_trị và biên_bản hoặc nghị_quyết của Đại_hội xã_viên về việc thay_đổi nơi đăng_ký kinh_doanh của hợp_tác_xã . 

2 . Kể từ ngày nhận được thông_báo , cơ_quan đăng_ký kinh_doanh cũ phải trao giấy biên_nhận và trao lại đầy_đủ hồ_sơ đăng_ký kinh_doanh cho hợp_tác_xã trong thời_hạn 07 ngày ( ngày làm_việc ) . 

3 . Hợp_tác_xã nộp hồ_sơ đăng_ký kinh_doanh tại cơ_quan đăng_ký kinh_doanh mới và thực_hiện đăng_ký kinh_doanh theo quy_định tại Điều 15 Nghị_định này . 

Điều 19 .  Đăng_ký thay_đổi địa_chỉ trụ_sở chính của hợp_tác_xã 

1 . Khi chuyển địa_chỉ trụ_sở chính đến_nơi khác trong phạm_vi tỉnh , hợp_tác_xã gửi thông_báo đến cơ_quan đã cấp Giấy chứng_nhận đăng_ký kinh_doanh cho hợp_tác_xã .  Nội_dung thông_báo gồm có : 

c ) Địa_chỉ trụ_sở chính dự_định chuyển đến ; 

d ) Họ tên , số chứng_minh nhân_dân , chữ_ký và nơi cư_trú của người đại_diện theo pháp_luật của hợp_tác_xã . 

Kèm theo thông_báo phải có quyết_định bằng văn_bản của Ban_Quản_trị , biên_bản hoặc nghị_quyết của Đại_hội xã_viên về việc đăng_ký thay_đổi địa_chỉ trụ_sở chính của hợp_tác_xã . 

Kể từ ngày nhận được thông_báo , cơ_quan đăng_ký kinh_doanh mới phải trao giấy biên_nhận và thực_hiện đăng_ký thay_đổi địa_chỉ trụ_sở chính cho hợp_tác_xã trong thời_hạn 07 ngày ( ngày làm_việc ) . 

Sau thời_hạn 07 ngày mà hợp_tác_xã không được đăng_ký thay_đổi trụ_sở chính thì hợp_tác_xã vẫn có quyền chuyển sang trụ_sở mới , nhưng phải gửi thông_báo địa_chỉ trụ_sở mới cho tất_cả các chủ_nợ , cơ_quan đăng_ký kinh_doanh nơi hợp_tác_xã đặt trụ_sở mới và cơ_quan đã cấp Giấy chứng_nhận đăng_ký kinh_doanh cho hợp_tác_xã trước khi chuyển địa_chỉ . 

2 . Khi chuyển địa_chỉ trụ_sở chính của hợp_tác_xã sang tỉnh khác , hợp_tác_xã gửi thông_báo đến cơ_quan đăng_ký kinh_doanh nơi hợp_tác_xã dự_định đặt trụ_sở mới theo nội_dung quy_định tại điểm a , b , c , d khoản 1 Điều này . 

Kèm theo thông_báo phải có quyết_định bằng văn_bản của Ban_Quản_trị , biên_bản hoặc nghị_quyết của Đại_hội xã_viên về việc thay_đổi địa_chỉ trụ_sở chính của hợp_tác_xã . 

Kể từ ngày nhận được thông_báo , cơ_quan đăng_ký kinh_doanh nơi hợp_tác_xã dự_định đặt trụ_sở mới đăng_ký việc chuyển_đổi địa_chỉ trụ_sở chính cho hợp_tác_xã , trong thời_hạn 15 ngày ( ngày làm_việc ) . 

Sau thời_hạn 15 ngày ( ngày làm_việc ) mà hợp_tác_xã không được đăng_ký thay_đổi trụ_sở chính thì hợp_tác_xã vẫn có quyền chuyển sang trụ_sở mới , nhưng phải gửi thông_báo về địa_chỉ trụ_sở mới cho tất_cả các chủ_nợ , cơ_quan đã cấp Giấy chứng_nhận đăng_ký kinh_doanh cho hợp_tác_xã và cơ_quan đăng_ký kinh_doanh nơi đặt trụ_sở mới trước khi chuyển địa_chỉ . 

3 . Việc thay_đổi địa_chỉ trụ_sở chính của hợp_tác_xã không làm thay_đổi quyền và nghĩa_vụ của hợp_tác_xã . 

Điều 20 .  Đăng_ký đổi tên hợp_tác_xã 

1 . Khi đổi tên , hợp_tác_xã gửi thông_báo đến cơ_quan đã cấp Giấy chứng_nhận đăng_ký kinh_doanh cho hợp_tác_xã .  Nội_dung thông_báo gồm có : 

a ) Tên hiện_tại của hợp_tác_xã , số đăng_ký kinh_doanh , ngày cấp Giấy chứng_nhận đăng_ký kinh_doanh ; 

c ) Tên dự_kiến thay_đổi ; 

Kèm theo thông_báo phải có quyết_định bằng văn_bản của Ban_Quản_trị , biên_bản hoặc nghị_quyết của Đại_hội xã_viên về việc đổi tên hợp_tác_xã . 

2 . Kể từ ngày nhận được thông_báo , cơ_quan đăng_ký kinh_doanh phải trao giấy biên_nhận và thực_hiện đăng_ký đổi tên cho hợp_tác_xã trong thời_hạn 07 ngày ( ngày làm_việc ) , nếu tên dự_kiến thay_đổi của hợp_tác_xã không trái với quy_định về đặt tên hợp_tác_xã . 

3 . Trường_hợp tên của hợp_tác_xã trùng hoặc gây nhầm_lẫn với tên của hợp_tác_xã đã đăng_ký thì trong thời_hạn 07 ngày ( ngày làm_việc ) , kể từ ngày nhận được thông_báo , cơ_quan đăng_ký kinh_doanh phải thông_báo bằng văn_bản cho hợp_tác_xã biết , đồng_thời hướng_dẫn hợp_tác_xã chọn tên khác .  Sau khi hợp_tác_xã thực_hiện đúng các yêu_cầu trên , cơ_quan đăng_ký kinh_doanh thực_hiện đăng_ký thay_đổi tên cho hợp_tác_xã . 

4 . Việc thay_đổi tên của hợp_tác_xã không làm thay_đổi quyền và nghĩa_vụ của hợp_tác_xã . 

Điều 21 .  Đăng_ký thay_đổi số_lượng xã_viên , người đại_diện theo pháp_luật , danh_sách Ban_Quản_trị , Ban Kiểm_soát hợp_tác_xã 

1 . Trường_hợp hợp_tác_xã khai_trừ xã_viên , có xã_viên ra khỏi hợp_tác_xã hoặc kết_nạp xã_viên mới làm thay_đổi số_lượng xã_viên thì hợp_tác_xã gửi thông_báo đến cơ_quan đã cấp Giấy chứng_nhận đăng_ký kinh_doanh cho hợp_tác_xã .  Nội_dung thông_báo gồm có : 

c ) Tổng_số xã_viên trước khi thay_đổi ;  tổng_số xã_viên mới . 

Kèm theo thông_báo phải có quyết_định bằng văn_bản của Ban_Quản_trị , biên_bản hoặc nghị_quyết của Đại_hội xã_viên về việc khai_trừ xã_viên , kết_nạp xã_viên mới , xã_viên ra khỏi hợp_tác_xã làm thay_đổi số_lượng xã_viên hợp_tác_xã . 

2 . Trường_hợp thay_đổi người đại_diện theo pháp_luật của hợp_tác_xã , danh_sách Ban_Quản_trị , Ban Kiểm_soát hợp_tác_xã thì hợp_tác_xã gửi thông_báo đến cơ_quan đã cấp Giấy chứng_nhận đăng_ký kinh_doanh cho hợp_tác_xã .  Nội_dung thông_báo gồm có : 

c ) Họ tên , số chứng_minh nhân_dân , chức_danh , chữ_ký và nơi cư_trú của người thay_thế làm đại_diện theo pháp_luật của hợp_tác_xã ;  danh_sách Ban_quản_trị , Ban kiểm_soát đã thay_đổi của hợp_tác_xã . 

Kèm theo thông_báo phải có quyết_định bằng văn_bản của Ban_Quản_trị , biên_bản hoặc nghị_quyết của Đại_hội xã_viên về việc thay_đổi người đại_diện theo pháp_luật của hợp_tác_xã , danh_sách Ban_Quản_trị , Ban Kiểm_soát hợp_tác_xã . 

Trường_hợp người đại_diện theo pháp_luật của hợp_tác_xã , thành_viên Ban_Quản_trị hợp_tác_xã được thay_đổi là người duy_nhất có chứng_chỉ hành_nghề đối_với hợp_tác_xã kinh_doanh ngành , nghề phải có chứng_chỉ hành_nghề thì kèm theo thông_báo phải có bản_sao hợp_lệ chứng_chỉ hành_nghề của người đã thay_thế . 

3 . Kể từ ngày nhận thông_báo , cơ_quan đăng_ký kinh_doanh phải trao giấy biên_nhận và thực_hiện đăng_ký thay_đổi số_lượng xã_viên , người đại_diện theo pháp_luật của hợp_tác_xã , danh_sách Ban_Quản_trị , Ban Kiểm_soát hợp_tác_xã trong thời_hạn 07 ngày ( ngày làm_việc ) . 

Điều 22 .  Đăng_ký thay_đổi vốn điều_lệ hợp_tác_xã 

1 . Khi hợp_tác_xã có vốn điều_lệ thay_đổi thì hợp_tác_xã phải gửi thông_báo đến cơ_quan đã cấp Giấy chứng_nhận đăng_ký kinh_doanh cho hợp_tác_xã .  Nội_dung thông_báo gồm có : 

c ) Ngành , nghề kinh_doanh ; 

d ) Mức vốn điều_lệ đã đăng_ký , mức vốn điều_lệ dự_kiến đăng_ký thay_đổi , phương_thức và thời_điểm thay_đổi vốn ; 

Kèm theo thông_báo phải có quyết_định bằng văn_bản của Ban_Quản_trị , biên_bản hoặc nghị_quyết của Đại_hội xã_viên về việc thay_đổi vốn điều_lệ của hợp_tác_xã . 

2 . Kể từ ngày nhận được thông_báo , cơ_quan đăng_ký kinh_doanh phải trao giấy biên_nhận và thực_hiện đăng_ký thay_đổi vốn điều_lệ cho hợp_tác_xã trong thời_hạn 07 ngày ( ngày làm_việc ) . 

3 . Trường_hợp giảm vốn điều_lệ đối_với hợp_tác_xã kinh_doanh ngành , nghề phải có vốn pháp_định thì cơ_quan đăng_ký kinh_doanh chỉ đăng_ký giảm vốn điều_lệ , nếu mức vốn điều_lệ đăng_ký sau khi giảm không thấp hơn mức vốn pháp_định áp_dụng đối_với ngành , nghề đó ;  hợp_tác_xã phải đồng_thời gửi thông_báo tới cơ_quan quản_lý nhà_nước về vốn pháp_định . 

Điều 23 .  Đăng_ký Điều_lệ hợp_tác_xã sửa_đổi 

1 . Khi sửa_đổi Điều_lệ hợp_tác_xã phải gửi thông_báo sửa_đổi Điều_lệ hợp_tác_xã đến cơ_quan đã cấp Giấy chứng_nhận đăng_ký kinh_doanh cho hợp_tác_xã .  Nội_dung thông_báo gồm có : 

d ) Điều_lệ sửa_đổi ; 

Kèm theo thông_báo phải có quyết_định bằng văn_bản của Ban_Quản_trị , biên_bản hoặc nghị_quyết của Đại_hội xã_viên về việc sửa_đổi Điều_lệ hợp_tác_xã và Điều_lệ đã được sửa_đổi , bổ_sung . 

2 . Kể từ ngày nhận được thông_báo , cơ_quan đăng_ký kinh_doanh phải trao giấy biên_nhận và thực_hiện đăng_ký Điều_lệ sửa_đổi cho hợp_tác_xã trong thời_hạn 07 ngày ( ngày làm_việc ) . 

Điều 24 .  Đăng_ký kinh_doanh hợp_tác_xã chia , tách , hợp_nhất và sáp_nhập . 

1 . Đăng_ký kinh_doanh khi hợp_tác_xã chia 

Hợp_tác_xã được chia và hợp_tác_xã bị chia thực_hiện đăng_ký kinh_doanh theo quy_định tại điểm đ khoản 1 , khoản 2 và khoản 3 Điều 40 <L rel="DaC"> Luật Hợp_tác_xã năm 2003 </L> và các quy_định của Nghị_định này .
2 . Đăng_ký kinh_doanh khi hợp_tác_xã tách : 

a ) Hợp_tác_xã được tách thực_hiện đăng_ký kinh_doanh theo quy_định tại điểm đ khoản 1 , khoản 2 và khoản 3 Điều 40 <L rel="DaC"> Luật Hợp_tác_xã năm 2003 </L> và các quy_định của Nghị_định này ;
b ) Hợp_tác_xã bị tách thực_hiện đăng_ký thay_đổi hồ_sơ đăng_ký kinh_doanh theo quy_định tại các Điều 17 , 18 , 19 , 20 , 21 , 22 và Điều 23 Nghị_định này . 

3 . Đăng_ký kinh_doanh hợp_tác_xã hợp_nhất : 

a ) Hợp_tác_xã hợp_nhất thực_hiện đăng_ký kinh_doanh theo quy_định tại điểm c , d và đ khoản 2 Điều 41 <L rel="DaC"> Luật Hợp_tác_xã năm 2003 </L> và các quy_định của Nghị_định này ;
b ) Cơ_quan đăng_ký kinh_doanh đã cấp Giấy chứng_nhận đăng_ký kinh_doanh cho các hợp_tác_xã bị hợp_nhất phải thu_hồi Giấy chứng_nhận đăng_ký kinh_doanh của các hợp_tác_xã đó ;  hợp_tác_xã bị hợp_nhất phải nộp con_dấu cho cơ_quan nhà_nước có thẩm_quyền . 

4 . Đăng_ký kinh_doanh hợp_tác_xã sáp_nhập : 

a ) Hợp_tác_xã sáp_nhập thực_hiện đăng_ký kinh_doanh theo quy_định tại điểm d khoản 3 Điều 41 <L rel="DaC"> Luật Hợp_tác_xã năm 2003 </L> và các quy_định của Nghị_định này ;
b ) Cơ_quan đăng_ký kinh_doanh đã cấp Giấy chứng_nhận đăng_ký kinh_doanh cho hợp_tác_xã bị sáp_nhập phải thu_hồi Giấy chứng_nhận đăng_ký kinh_doanh của các hợp_tác_xã đó ;  hợp_tác_xã bị sáp_nhập phải nộp con_dấu cho cơ_quan nhà_nước có thẩm_quyền . 

Điều 25 .  Thông_báo tạm ngừng hoạt_động 

1 . Hợp_tác_xã tạm ngừng hoạt_động phải thông_báo bằng văn_bản cho cơ_quan đã cấp Giấy chứng_nhận đăng_ký kinh_doanh cho hợp_tác_xã , cơ_quan đã cấp Giấy chứng_nhận đăng_ký hoạt_động chi_nhánh , văn_phòng đại_diện , doanh_nghiệp trực_thuộc hợp_tác_xã ( nếu có ) và cho cơ_quan thuế , cơ_quan thống_kê ít_nhất 15 ngày ( ngày làm_việc ) trước khi tạm ngừng hoạt_động .  Nội_dung thông_báo gồm có : 

d ) Thời_hạn tạm ngừng hoạt_động , ngày bắt_đầu và ngày kết_thúc thời_hạn tạm ngừng hoạt_động .  Thời_hạn tạm ngừng hoạt_động tối_đa là 12 tháng ; 

đ ) Lý_do tạm ngừng hoạt_động ; 

e ) Họ tên , số chứng_minh nhân_dân , chữ_ký của người đại_diện theo pháp_luật của hợp_tác_xã . 

2 . Kèm theo thông_báo theo quy_định tại khoản 1 Điều này phải có biên_bản hoặc nghị_quyết của Đại_hội xã_viên , quyết_định bằng văn_bản của Ban_Quản_trị về việc tạm ngừng hoạt_động của hợp_tác_xã . 

3 . Cơ_quan đăng_ký kinh_doanh nhận thông_báo và ghi vào_sổ theo_dõi . 

Điều 26 .  Thu_hồi Giấy chứng_nhận đăng_ký kinh_doanh 

1 . Đối_với trường_hợp hợp_tác_xã giải_thể bắt_buộc thì cơ_quan đăng_ký kinh_doanh ra thông_báo bằng văn_bản về hành_vi vi_phạm của hợp_tác_xã , đồng_thời trình hồ_sơ đề_nghị ủy_ban nhân_dân cùng cấp ra quyết_định giải_thể bắt_buộc khi hợp_tác_xã vi_phạm một trong các trường_hợp sau : 

a ) Hợp_tác_xã vi_phạm một trong các trường_hợp quy_định tại điểm a , b và c khoản 2 Điều 42 <L rel="DaC"> Luật Hợp_tác_xã năm 2003 </L> ;
b ) Nội_dung kê_khai trong hồ_sơ đăng_ký kinh_doanh của hợp_tác_xã là giả_mạo , không chính_xác hoặc lợi_dụng danh_nghĩa hợp_tác_xã để hoạt_động trái pháp_luật , cơ_quan đăng_ký kinh_doanh đã có văn_bản thông_báo cho người đại_diện theo pháp_luật của hợp_tác_xã , nhưng sau thời_hạn ba tháng , kể từ ngày nhận được thông_báo , hợp_tác_xã không tổ_chức Đại_hội xã_viên để xử_lý vi_phạm ;  người đại_diện theo pháp_luật của hợp_tác_xã không gửi biên_bản hoặc nghị_quyết của Đại_hội xã_viên , quyết_định của Ban_Quản_trị đến cơ_quan đăng_ký kinh_doanh ; 

c ) Hợp_tác_xã kinh_doanh ngành , nghề bị cấm , cơ_quan đăng_ký kinh_doanh đã có văn_bản yêu_cầu hợp_tác_xã chấm_dứt ngay việc kinh_doanh ngành , nghề đó , nhưng sau khi nhận được thông_báo , hợp_tác_xã vẫn tiếp_tục kinh_doanh ngành , nghề bị cấm ; 

d ) Hợp_tác_xã kinh_doanh ngành , nghề kinh_doanh có điều_kiện mà không đủ điều_kiện theo quy_định của pháp_luật .  Cơ_quan đăng_ký kinh_doanh đã có văn_bản yêu_cầu hợp_tác_xã ngừng ngay việc kinh_doanh ngành , nghề đó nhưng sau khi nhận được thông_báo , hợp_tác_xã vẫn tiếp_tục kinh_doanh ngành , nghề đó ; 

đ ) Hợp_tác_xã không đăng_ký mã_số thuế trong thời_hạn 01 năm , kể từ khi được cấp Giấy chứng_nhận đăng_ký kinh_doanh ; 

e ) Hợp_tác_xã chuyển trụ_sở chính sang địa_phương khác với nơi đăng_ký trong thời_hạn một năm mà không thông_báo cho cơ_quan đăng_ký kinh_doanh . 

Sau khi ủy_ban nhân_dân có quyết_định giải_thể bắt_buộc đối_với hợp_tác_xã , cơ_quan đăng_ký kinh_doanh thực_hiện thu_hồi Giấy chứng_nhận đăng_ký kinh_doanh và xóa tên hợp_tác_xã trong sổ đăng_ký kinh_doanh ;  hợp_tác_xã phải nộp ngay con_dấu cho cơ_quan nhà_nước có thẩm_quyền . 

2 . Đối_với trường_hợp hợp_tác_xã giải_thể tự_nguyện thì việc thu_hồi Giấy chứng_nhận đăng_ký kinh_doanh được tiến_hành như sau : 

a ) Hợp_tác_xã gửi đơn xin giải_thể và nghị_quyết Đại_hội xã_viên về việc giải_thể hợp_tác_xã đến cơ_quan đăng_ký kinh_doanh đã cấp Giấy chứng_nhận đăng_ký kinh_doanh cho hợp_tác_xã ; 

b ) Trong thời_hạn 30 ngày , kể từ ngày hết hạn thanh_toán nợ và thanh_lý hợp_đồng mà hợp_tác_xã đã công_bố , cơ_quan đăng_ký kinh_doanh nhận đơn phải ra thông_báo chấp_thuận hoặc không chấp_thuận việc xin giải_thể của hợp_tác_xã . 

Sau khi thông_báo chấp_thuận việc xin giải_thể của hợp_tác_xã , cơ_quan đăng_ký kinh_doanh thực_hiện thu_hồi Giấy chứng_nhận đăng_ký kinh_doanh và xóa tên hợp_tác_xã trong sổ đăng_ký kinh_doanh ;  hợp_tác_xã phải nộp ngay con_dấu cho cơ_quan nhà_nước có thẩm_quyền . 

3 . Khi hợp_tác_xã có quyết_định giải_thể bắt_buộc hoặc được chấp_thuận giải_thể tự_nguyện , Giấy chứng_nhận đăng_ký kinh_doanh đã bị thu_hồi thì việc thu_hồi Giấy chứng_nhận đăng_ký kinh_doanh của hợp_tác_xã mặc_nhiên có hiệu_lực đối_với chi_nhánh , văn_phòng đại_diện và doanh_nghiệp trực_thuộc hợp_tác_xã ( nếu có ) ;  người đại_diện theo pháp_luật của hợp_tác_xã , tất_cả xã_viên hợp_tác_xã liên_đới chịu trách_nhiệm về các khoản nợ chưa thanh_toán ( nếu có ) , gồm cả nợ thuế và nghĩa_vụ tài_chính chưa thực_hiện của hợp_tác_xã đã được giải_thể . 

Điều 27 .  Quyền khiếu_nại của hợp_tác_xã 

1 . Sau thời_hạn quy_định , kể từ ngày nộp hồ_sơ đăng_ký kinh_doanh , đăng_ký hoạt_động của chi_nhánh , văn_phòng đại_diện theo quy_định tại Điều 15 , 16 Nghị_định này mà hợp_tác_xã không nhận được Giấy chứng_nhận đăng_ký kinh_doanh , Giấy chứng_nhận đăng_ký hoạt_động của chi_nhánh , văn_phòng đại_diện hợp_tác_xã hoặc hợp_tác_xã không đồng_ý với quyết_định của cơ_quan đăng_ký kinh_doanh về việc từ_chối cấp Giấy chứng_nhận đăng_ký kinh_doanh , Giấy chứng_nhận hoạt_động của chi_nhánh , văn_phòng đại_diện hợp_tác_xã . 

2 . Sau thời_hạn quy_định , kể từ ngày gửi thông_báo đăng_ký thay_đổi , bổ_sung theo quy_định tại các Điều 17 , 18 , 19 , 20 , 21 , 22 và 23 Nghị_định này đến cơ_quan đăng_ký kinh_doanh mà hợp_tác_xã không nhận được đăng_ký thay_đổi , bổ_sung kinh_doanh theo quy_định . 

3 . Cơ_quan đăng_ký kinh_doanh không chấp_thuận việc giải_thể tự_nguyện của hợp_tác_xã . 

Điều 28 .  Xử_lý vi_phạm 

Cá_nhân , tổ_chức nào vi_phạm các quy_định của Nghị_định này và các quy_định khác của pháp_luật có liên_quan thì bị xử_lý theo quy_định tại Điều 50 <L rel="DaC"> Luật Hợp_tác_xã năm 2003 </L> .
Điều 29 .  Hiệu_lực thi_hành 

1 . Nghị_định này có hiệu_lực thi_hành sau 15 ngày , kể từ ngày đăng Công_báo . 

2 . Nghị_định này thay_thế <NĐ rel="BTT"> Nghị_định số 16/CP ngày 21 tháng 02 năm 1997 </NĐ> của Chính_phủ về chuyển_đổi , đăng_ký hợp_tác_xã và tổ_chức hoạt_động của liên_hiệp hợp_tác_xã .
Điều 30 .  Trách_nhiệm thi_hành 

1 . Bộ_trưởng Bộ Kế_hoạch và Đầu_tư có trách_nhiệm hướng_dẫn thi_hành Nghị_định này . 

2 . Các Bộ_trưởng , Thủ_trưởng cơ_quan ngang Bộ , Thủ_trưởng cơ_quan thuộc Chính_phủ , Chủ_tịch ủy_ban nhân_dân các tỉnh , thành_phố trực_thuộc Trung_ương chịu trách_nhiệm thi_hành Nghị_định này ./. 